End Time,Meter,Start Time,avgAmp,avgPf,avgTHD,avgVolt,l1Amp,l1Kva,l1Kvar,l1Kw,l1Pf,l1THD,l1Volt,l2Amp,l2Kva,l2Kvar,l2Kw,l2Pf,l2THD,l2Volt,l3Amp,l3Kva,l3Kvar,l3Kw,l3Pf,l3THD,l3Volt,totalKva,totalKvar,totalKw
2026-01-11 00:00:59,XPQ-01 Main,2026-01-11 00:00:00,100.85,83.1,4.518995,489.34,91.69,25.78,-16.21,17.87,74.06,5.503372,490.58,116.65,33.24,-17.8,26.06,82.57,4.30081266666667,488.56,94.22,26.52,-9.32,22.97,92.67,4.49273533333333,488.9,85.54,-43.33,66.9
2026-01-11 00:01:59,XPQ-01 Main,2026-01-11 00:01:00,82.83,87.32,4.93232833333333,489.03,80.68,22.68,-13.73,15.3,74.43,5.303372,490.31,98.77,28.12,-9.06,22.33,92.66,4.834146,488.13,69.05,19.42,-4.85,14.54,94.86,3.959402,488.67,70.22,-27.64,52.17
2026-01-11 00:02:59,XPQ-01 Main,2026-01-11 00:02:00,91.0,87.41,4.45232833333333,489.19,86.2,24.25,-14.01,17.23,77.58,5.47003866666667,490.4,106.39,30.29,-12.45,24.78,89.36,4.20081266666667,488.09,80.4,22.62,-6.14,19.29,95.29,4.49273533333333,489.09,77.16,-32.6,61.3
2026-01-11 00:03:59,XPQ-01 Main,2026-01-11 00:03:00,97.99,84.29,4.26566166666667,489.67,90.53,25.49,-15.84,17.16,73.47,5.203372,490.98,117.11,33.38,-14.77,25.16,86.24,4.134146,488.54,86.34,24.31,-7.77,19.92,93.16,3.959402,489.48,83.18,-38.38,62.25
2026-01-11 00:04:59,XPQ-01 Main,2026-01-11 00:04:00,102.31,84.66,4.598995,490.2,94.86,26.71,-16.45,18.64,74.97,4.97003866666667,491.19,117.83,33.63,-16.58,27.17,85.36,4.36747933333333,489.58,94.24,26.58,-8.47,22.61,93.64,3.6927353333333297,489.84,86.92,-41.51,68.42
2026-01-11 00:05:59,XPQ-01 Main,2026-01-11 00:05:00,84.71,84.46,4.72232833333333,490.15,81.94,23.08,-14.69,15.42,72.4,5.23670533333333,491.46,98.03,27.98,-12.13,22.67,88.17,4.50081266666667,489.27,74.16,20.9,-6.64,16.56,92.81,4.19273533333333,489.73,71.97,-33.47,54.65
2026-01-11 00:06:59,XPQ-01 Main,2026-01-11 00:06:00,98.62,88.17,4.37566166666667,490.04,89.02,25.06,-13.31,18.63,81.37,5.303372,491.13,110.95,31.66,-14.28,25.88,87.55,4.034146,489.39,95.9,27.04,-6.97,22.68,95.58,4.359402,489.6,83.76,-34.57,67.2
2026-01-11 00:07:59,XPQ-01 Main,2026-01-11 00:07:00,103.32,88.68,4.35232833333333,489.97,96.43,27.14,-14.44,20.99,82.39,5.003372,490.96,115.74,33.02,-14.42,27.75,88.73,4.234146,489.39,97.81,27.58,-7.93,23.92,94.92,4.09273533333333,489.58,87.73,-36.79,72.66
2026-01-11 00:08:59,XPQ-01 Main,2026-01-11 00:08:00,106.61,83.14,4.63232833333333,490.84,99.7,28.12,-17.51,19.5,74.4,5.03670533333333,492.1,122.88,35.13,-17.88,27.25,83.6,4.70081266666667,490.03,97.25,27.45,-10.34,23.33,91.42,3.79273533333333,490.38,90.7,-45.73,70.07
2026-01-11 00:09:59,XPQ-01 Main,2026-01-11 00:09:00,73.2,84.37,4.578995,490.63,70.88,19.99,-12.16,13.41,74.07,5.17003866666667,491.56,83.07,23.71,-10.42,18.73,87.39,4.30081266666667,489.69,65.63,18.53,-6.24,14.31,91.66,4.02606866666667,490.65,62.24,-28.83,46.46
2026-01-11 00:10:59,XPQ-01 Main,2026-01-11 00:10:00,72.85,86.79,4.418995,490.11,67.27,18.95,-11.19,13.16,76.19,5.303372,491.23,84.66,24.15,-8.92,18.58,90.15,4.20081266666667,489.14,66.62,18.78,-4.95,13.68,94.03,4.12606866666667,489.97,61.89,-25.07,45.42
2026-01-11 00:11:59,XPQ-01 Main,2026-01-11 00:11:00,83.28,83.39,4.45566166666667,490.44,83.22,23.46,-15.69,15.16,69.49,5.203372,491.56,98.06,27.99,-12.6,23.29,87.95,4.36747933333333,489.5,68.56,19.34,-6.58,16.29,92.72,3.859402,490.28,70.8,-34.87,54.74
2026-01-11 00:12:59,XPQ-01 Main,2026-01-11 00:12:00,89.82,83.06,4.24232833333333,490.24,79.72,22.46,-13.93,15.32,73.98,4.97003866666667,491.16,105.32,30.04,-14.55,21.87,83.26,4.16747933333333,489.34,84.43,23.82,-8.05,18.82,91.94,4.02606866666667,490.22,76.32,-36.53,56.01
2026-01-11 00:13:59,XPQ-01 Main,2026-01-11 00:13:00,83.93,87.12,4.65566166666667,489.61,77.89,21.92,-12.08,15.29,78.47,4.87003866666667,490.71,97.09,27.67,-11.37,21.39,88.3,4.50081266666667,488.68,76.82,21.64,-5.97,17.42,94.6,3.6927353333333297,489.45,71.22,-29.42,54.1
2026-01-11 00:14:59,XPQ-01 Main,2026-01-11 00:14:00,84.63,83.53,4.47566166666667,489.83,80.32,22.61,-14.79,14.76,70.63,5.203372,491.01,99.77,28.45,-12.7,22.46,87.04,4.40081266666667,488.94,73.78,20.79,-6.58,16.54,92.92,4.259402,489.54,71.85,-34.07,53.75
2026-01-11 00:15:59,XPQ-01 Main,2026-01-11 00:15:00,92.08,84.29,4.17566166666667,490.45,84.73,23.89,-13.82,15.91,75.51,5.03670533333333,491.59,106.77,30.48,-15.01,23.09,83.84,3.80081266666667,489.47,84.74,23.91,-7.66,20.23,93.52,3.9927353333333295,490.28,78.27,-36.49,59.23
2026-01-11 00:16:59,XPQ-01 Main,2026-01-11 00:16:00,93.58,84.19,4.698995,490.47,83.0,23.4,-13.63,15.77,75.67,4.93670533333333,491.32,109.51,31.25,-14.63,22.52,83.86,4.734146,489.58,88.22,24.9,-7.76,19.69,93.03,3.79273533333333,490.49,79.55,-36.02,57.99
2026-01-11 00:17:59,XPQ-01 Main,2026-01-11 00:17:00,94.23,82.01,4.45566166666667,490.25,81.76,23.03,-14.37,15.52,73.37,5.13670533333333,491.41,106.3,30.35,-15.87,22.17,81.31,4.50081266666667,489.49,94.64,26.69,-8.84,19.86,91.35,4.22606866666667,489.84,80.06,-39.08,57.54
2026-01-11 00:18:59,XPQ-01 Main,2026-01-11 00:18:00,92.56,80.91,4.098995,490.51,83.87,23.62,-14.83,15.13,71.41,4.87003866666667,491.46,108.49,30.99,-16.32,22.11,80.45,3.96747933333333,490.03,85.33,24.08,-9.01,19.62,90.88,3.9927353333333295,490.04,78.7,-40.16,56.85
2026-01-11 00:19:59,XPQ-01 Main,2026-01-11 00:19:00,90.62,81.53,3.97566166666667,490.1,81.3,22.89,-14.39,15.23,72.68,4.77003866666667,490.75,105.12,29.98,-15.76,21.77,81.0,3.60081266666667,489.51,85.44,24.11,-8.89,19.41,90.92,3.559402,490.04,76.98,-39.04,56.4
2026-01-11 00:20:59,XPQ-01 Main,2026-01-11 00:20:00,88.74,83.17,4.15566166666667,490.26,79.4,22.36,-13.28,15.52,75.99,4.803372,491.0,100.28,28.62,-15.05,21.4,81.8,4.00081266666667,489.76,86.54,24.43,-8.56,19.69,91.71,3.52606866666667,490.02,75.4,-36.89,56.62
2026-01-11 00:21:59,XPQ-01 Main,2026-01-11 00:21:00,81.94,84.53,4.16566166666667,490.24,75.62,21.3,-11.19,14.03,78.17,4.63670533333333,490.93,92.88,26.5,-12.94,19.12,82.81,4.00081266666667,489.58,77.31,21.82,-7.26,17.8,92.6,3.8260686666666706,490.21,69.61,-31.39,50.95
2026-01-11 00:22:59,XPQ-01 Main,2026-01-11 00:22:00,100.19,85.02,4.75566166666667,490.62,85.94,24.22,-13.06,18.03,81.0,4.703372,491.39,112.36,32.08,-17.61,24.11,80.75,4.50081266666667,489.94,102.26,28.88,-9.48,24.62,93.32,3.79273533333333,490.54,85.18,-40.15,66.76
2026-01-11 00:23:59,XPQ-01 Main,2026-01-11 00:23:00,89.73,88.33,4.34232833333333,490.38,80.51,22.69,-11.64,16.77,82.15,5.503372,491.34,101.08,28.85,-11.66,22.0,88.36,4.134146,489.49,87.6,24.72,-6.62,19.08,94.47,4.259402,490.31,76.26,-29.93,57.86
2026-01-11 00:24:59,XPQ-01 Main,2026-01-11 00:24:00,90.1,84.42,4.33232833333333,490.78,86.96,24.52,-15.99,16.66,72.14,5.07003866666667,491.72,105.74,30.21,-13.95,25.14,87.45,4.134146,490.15,77.6,21.92,-7.05,18.84,93.66,3.8260686666666706,490.48,76.65,-36.99,60.64
2026-01-11 00:25:59,XPQ-01 Main,2026-01-11 00:25:00,73.46,87.96,4.53232833333333,490.25,74.18,20.9,-13.6,14.05,71.85,4.803372,491.13,89.87,25.64,-8.38,23.03,93.97,4.434146,489.52,56.32,15.89,-2.75,13.76,98.06,4.059402,490.09,62.43,-24.73,50.84
2026-01-11 00:26:59,XPQ-01 Main,2026-01-11 00:26:00,92.48,83.82,4.36566166666667,490.51,81.28,22.9,-12.58,17.02,80.42,5.13670533333333,491.58,101.67,29.04,-16.68,21.84,79.47,4.234146,489.82,94.5,26.67,-9.92,22.61,91.57,4.02606866666667,490.13,78.61,-39.19,61.47
2026-01-11 00:27:59,XPQ-01 Main,2026-01-11 00:27:00,99.52,78.77,4.01232833333333,490.56,84.99,23.94,-15.06,16.29,73.43,4.93670533333333,491.59,112.37,32.1,-20.74,22.45,73.44,3.634146,490.0,101.21,28.57,-11.97,23.95,89.44,3.92606866666667,490.09,84.61,-47.78,62.69
2026-01-11 00:28:59,XPQ-01 Main,2026-01-11 00:28:00,104.47,83.19,4.44566166666667,490.57,94.41,26.6,-17.07,18.41,73.32,4.83670533333333,491.49,122.73,35.06,-17.92,27.16,83.46,4.30081266666667,490.04,96.29,27.19,-9.31,23.17,92.79,3.559402,490.2,88.84,-44.3,68.74
2026-01-11 00:29:59,XPQ-01 Main,2026-01-11 00:29:00,75.87,88.44,4.18566166666667,489.9,76.44,21.52,-13.59,14.88,73.84,5.13670533333333,490.74,92.39,26.34,-8.6,23.4,93.86,3.90081266666667,489.13,58.79,16.58,-3.23,14.57,97.62,3.89273533333333,489.82,64.43,-25.42,52.85
2026-01-11 00:30:59,XPQ-01 Main,2026-01-11 00:30:00,75.74,91.23,4.62232833333333,490.09,75.09,21.14,-11.76,15.48,79.62,4.87003866666667,490.91,90.26,25.74,-7.29,23.12,95.37,4.434146,489.39,61.88,17.46,-2.48,15.13,98.68,3.79273533333333,489.98,64.34,-21.53,53.72
2026-01-11 00:31:59,XPQ-01 Main,2026-01-11 00:31:00,79.93,86.35,4.598995,489.65,75.56,21.26,-13.0,15.12,75.81,5.17003866666667,490.47,92.26,26.29,-11.36,21.93,88.8,4.30081266666667,488.88,71.96,20.28,-5.86,16.82,94.44,4.259402,489.62,67.83,-30.22,53.86
2026-01-11 00:32:59,XPQ-01 Main,2026-01-11 00:32:00,81.7,87.69,4.04232833333333,489.62,82.43,23.2,-14.97,15.74,72.46,5.13670533333333,490.64,98.21,27.98,-9.47,24.92,93.48,3.90081266666667,488.63,64.45,18.16,-3.75,15.3,97.13,4.359402,489.59,69.34,-28.18,55.95
2026-01-11 00:33:59,XPQ-01 Main,2026-01-11 00:33:00,81.67,89.04,4.17566166666667,489.48,80.98,22.78,-14.21,15.95,74.67,4.73670533333333,490.48,99.68,28.4,-9.14,25.44,94.11,3.90081266666667,488.74,64.34,18.12,-2.94,16.02,98.36,3.49273533333333,489.22,69.3,-26.29,57.41
2026-01-11 00:34:59,XPQ-01 Main,2026-01-11 00:34:00,101.74,83.1,4.318995,489.76,93.68,26.35,-16.46,17.92,73.64,4.93670533333333,490.82,118.92,33.92,-17.46,26.14,83.16,4.10081266666667,489.13,92.61,26.09,-9.25,22.55,92.52,3.6927353333333297,489.33,86.37,-43.17,66.61
2026-01-11 00:35:59,XPQ-01 Main,2026-01-11 00:35:00,89.29,86.81,4.218995,489.7,81.6,22.96,-12.71,16.66,79.51,4.97003866666667,490.71,103.1,29.39,-13.54,23.22,86.38,4.16747933333333,488.98,83.17,23.43,-6.99,20.31,94.55,3.89273533333333,489.4,75.79,-33.24,60.19
2026-01-11 00:36:59,XPQ-01 Main,2026-01-11 00:36:00,92.56,83.22,4.14232833333333,489.71,82.37,23.16,-14.2,16.13,75.05,4.903372,490.43,106.85,30.46,-16.38,23.32,81.83,3.8674793333333297,489.25,88.48,24.94,-8.57,21.28,92.76,3.59273533333333,489.46,78.57,-39.14,60.72
2026-01-11 00:37:59,XPQ-01 Main,2026-01-11 00:37:00,87.33,88.56,4.108995,489.65,82.18,23.13,-13.43,16.11,76.81,4.83670533333333,490.42,104.0,29.62,-10.8,24.64,91.59,4.034146,488.8,75.8,21.37,-4.23,17.82,97.29,3.7260686666666705,489.74,74.12,-28.46,58.56
2026-01-11 00:38:59,XPQ-01 Main,2026-01-11 00:38:00,99.09,88.65,4.03232833333333,490.12,89.72,25.25,-13.59,19.24,81.68,4.73670533333333,490.83,113.27,32.32,-14.47,27.03,88.15,3.7674793333333296,489.68,94.3,26.61,-6.74,23.48,96.12,3.559402,489.85,84.18,-34.79,69.75
2026-01-11 00:39:59,XPQ-01 Main,2026-01-11 00:39:00,78.42,94.79,4.698995,489.57,71.99,20.25,-8.25,16.95,89.91,4.53670533333333,490.37,88.36,25.17,-6.97,22.28,95.43,4.36747933333333,488.83,74.91,21.11,-2.56,18.17,99.02,3.79273533333333,489.52,66.53,-17.79,57.4
2026-01-11 00:40:59,XPQ-01 Main,2026-01-11 00:40:00,86.21,84.01,4.53232833333333,489.48,75.6,21.26,-12.89,14.78,75.37,5.303372,490.32,99.78,28.43,-13.81,21.18,83.77,4.534146,488.87,83.26,23.46,-7.37,18.5,92.9,4.42606866666667,489.23,73.14,-34.07,54.47
2026-01-11 00:41:59,XPQ-01 Main,2026-01-11 00:41:00,87.42,76.3,4.45566166666667,490.03,80.39,22.64,-16.66,12.28,59.32,4.93670533333333,491.11,105.44,30.08,-16.05,21.38,79.99,4.16747933333333,489.23,76.43,21.55,-7.96,16.06,89.59,4.12606866666667,489.75,74.26,-40.67,49.73
2026-01-11 00:42:59,XPQ-01 Main,2026-01-11 00:42:00,71.58,87.76,4.35232833333333,489.78,73.63,20.73,-12.73,13.6,73.03,5.07003866666667,490.89,85.77,24.45,-8.16,21.23,93.35,4.36747933333333,488.86,55.35,15.59,-3.36,13.2,96.92,4.12606866666667,489.6,60.78,-24.24,48.03
2026-01-11 00:43:59,XPQ-01 Main,2026-01-11 00:43:00,111.76,78.17,4.01232833333333,490.21,101.55,28.59,-18.53,17.67,69.0,4.903372,490.99,125.96,35.94,-22.01,25.99,76.31,3.934146,489.68,107.78,30.42,-12.42,24.53,89.22,3.79273533333333,489.97,94.95,-52.96,68.18
2026-01-11 00:44:59,XPQ-01 Main,2026-01-11 00:44:00,70.49,87.85,4.388995,489.92,70.32,19.81,-11.41,12.4,73.6,4.57003866666667,491.01,84.65,24.13,-7.93,19.6,92.7,4.334146,488.88,56.51,15.93,-3.05,12.76,97.26,3.52606866666667,489.87,59.86,-22.39,44.76
2026-01-11 00:45:59,XPQ-01 Main,2026-01-11 00:45:00,81.44,85.57,4.34566166666667,489.95,79.23,22.31,-14.08,15.08,73.1,5.07003866666667,491.08,95.54,27.25,-11.61,22.74,89.06,4.334146,489.12,69.56,19.6,-5.67,16.49,94.57,3.759402,489.63,69.16,-31.36,54.32
2026-01-11 00:46:59,XPQ-01 Main,2026-01-11 00:46:00,79.71,85.81,4.55566166666667,489.86,77.59,21.84,-13.39,13.67,71.44,4.87003866666667,490.77,90.95,25.93,-9.86,21.28,90.74,4.36747933333333,489.11,70.59,19.9,-4.53,14.18,95.26,3.8260686666666706,489.7,67.67,-27.78,49.13
2026-01-11 00:47:59,XPQ-01 Main,2026-01-11 00:47:00,105.86,81.4,4.43232833333333,490.26,95.82,26.98,-17.3,17.55,71.21,5.17003866666667,491.15,121.94,34.81,-18.72,26.16,81.33,4.334146,489.72,99.83,28.17,-9.94,22.78,91.65,4.12606866666667,489.91,89.95,-45.96,66.49
2026-01-11 00:48:59,XPQ-01 Main,2026-01-11 00:48:00,74.48,89.58,4.27566166666667,489.93,73.44,20.68,-11.67,14.22,77.29,4.97003866666667,490.95,86.29,24.6,-6.92,20.49,94.74,4.20081266666667,488.95,63.7,17.96,-3.41,13.0,96.73,3.9927353333333295,489.9,63.24,-22.01,47.7
2026-01-11 00:49:59,XPQ-01 Main,2026-01-11 00:49:00,80.17,86.37,4.66566166666667,489.53,74.82,21.04,-11.77,13.49,75.35,4.97003866666667,490.24,93.38,26.6,-9.58,19.4,89.65,4.634146,488.81,72.31,20.38,-5.14,14.3,94.12,3.659402,489.55,68.02,-26.5,47.2
2026-01-11 00:50:59,XPQ-01 Main,2026-01-11 00:50:00,77.98,81.97,4.36566166666667,489.57,77.0,21.68,-13.25,11.51,65.57,5.203372,490.65,87.58,24.95,-9.28,18.2,89.08,4.06747933333333,488.46,69.34,19.53,-5.04,11.24,91.26,4.159402,489.61,66.15,-27.56,40.94
2026-01-11 00:51:59,XPQ-01 Main,2026-01-11 00:51:00,78.88,85.11,4.378995,489.39,74.92,21.08,-12.51,13.39,73.06,5.103372,490.3,89.24,25.41,-11.09,20.37,87.82,4.434146,488.41,72.48,20.41,-5.35,15.37,94.45,3.92606866666667,489.46,66.9,-28.95,49.13
2026-01-11 00:52:59,XPQ-01 Main,2026-01-11 00:52:00,96.14,83.21,4.63232833333333,489.68,91.08,25.64,-15.94,15.19,69.0,4.87003866666667,490.89,112.13,31.96,-13.01,23.68,87.65,4.40081266666667,488.72,85.22,24.0,-6.57,16.6,92.99,3.8260686666666706,489.42,81.6,-35.51,55.48
2026-01-11 00:53:59,XPQ-01 Main,2026-01-11 00:53:00,94.52,85.74,4.18566166666667,489.5,82.62,23.23,-11.96,16.87,81.57,5.303372,490.53,105.61,30.11,-16.25,22.88,81.52,3.96747933333333,488.92,95.35,26.85,-8.34,23.22,94.11,4.19273533333333,489.05,80.19,-36.56,62.96
2026-01-11 00:54:59,XPQ-01 Main,2026-01-11 00:54:00,70.98,92.08,4.398995,488.76,63.62,17.86,-7.87,13.02,85.59,4.93670533333333,489.6,78.65,22.38,-7.61,18.32,92.36,4.26747933333333,488.16,70.68,19.88,-2.82,15.13,98.3,3.659402,488.53,60.12,-18.3,46.47
2026-01-11 00:55:59,XPQ-01 Main,2026-01-11 00:55:00,85.83,85.8,4.398995,489.56,81.82,23.02,-11.58,12.74,73.99,5.07003866666667,490.52,89.69,25.55,-9.69,18.92,89.0,4.30081266666667,488.69,85.99,24.22,-4.86,13.94,94.42,3.859402,489.45,72.8,-26.13,45.59
2026-01-11 00:56:59,XPQ-01 Main,2026-01-11 00:56:00,74.76,85.38,4.208995,489.76,69.35,19.52,-10.86,12.34,75.08,5.103372,490.7,84.85,24.19,-10.55,18.3,86.63,4.16747933333333,488.93,70.09,19.75,-5.15,14.79,94.44,3.79273533333333,489.64,63.46,-26.56,45.43
2026-01-11 00:57:59,XPQ-01 Main,2026-01-11 00:57:00,68.35,83.36,4.55232833333333,489.64,69.33,19.5,-11.87,11.81,70.51,4.903372,490.55,76.19,21.71,-8.4,16.87,89.53,4.46747933333333,488.93,59.52,16.77,-5.39,11.15,90.03,3.559402,489.45,57.99,-25.66,39.83
2026-01-11 00:58:59,XPQ-01 Main,2026-01-11 00:58:00,94.56,80.76,5.02232833333333,489.77,84.99,23.92,-14.93,14.94,70.73,5.103372,490.68,109.5,31.22,-15.65,21.76,81.19,4.934146,489.05,89.18,25.14,-8.86,18.68,90.35,4.09273533333333,489.57,80.27,-39.44,55.38
2026-01-11 00:59:59,XPQ-01 Main,2026-01-11 00:59:00,94.98,87.44,5.05232833333333,489.32,85.71,24.1,-13.7,17.08,78.0,5.73670533333333,490.16,107.92,30.73,-11.89,23.98,89.59,4.934146,488.54,91.31,25.72,-6.32,18.69,94.74,4.39273533333333,489.27,80.55,-31.91,59.74
2026-01-11 01:00:59,XPQ-01 Main,2026-01-11 01:00:00,103.37,85.73,4.898995,489.29,91.23,25.64,-14.63,17.86,77.37,5.53670533333333,490.18,120.12,34.21,-14.94,25.17,86.0,4.834146,488.59,98.77,27.81,-7.92,21.44,93.81,4.69273533333333,489.09,87.66,-37.48,64.47
2026-01-11 01:01:59,XPQ-01 Main,2026-01-11 01:01:00,93.38,83.93,5.04232833333333,489.45,84.24,23.69,-15.03,15.64,72.1,5.503372,490.32,109.12,31.08,-13.92,23.68,86.2,4.934146,488.69,86.79,24.45,-7.0,18.42,93.47,4.359402,489.34,79.22,-35.96,57.74
2026-01-11 01:02:59,XPQ-01 Main,2026-01-11 01:02:00,98.2,85.74,5.588995,489.22,84.03,23.62,-13.71,15.81,75.55,5.63670533333333,490.09,113.22,32.24,-12.77,23.03,87.45,5.634146,488.52,97.34,27.41,-6.52,18.31,94.21,4.559402,489.06,83.26,-33.0,57.15
2026-01-11 01:03:59,XPQ-01 Main,2026-01-11 01:03:00,100.79,85.7,5.098995,489.32,94.16,26.47,-15.1,18.07,76.73,6.13670533333333,490.21,115.39,32.86,-14.61,25.48,86.75,5.06747933333333,488.59,92.81,26.14,-7.9,21.02,93.61,4.99273533333333,489.18,85.47,-37.61,64.57
2026-01-11 01:04:59,XPQ-01 Main,2026-01-11 01:04:00,101.3,86.32,5.03232833333333,489.56,93.02,26.17,-15.29,18.49,77.06,5.63670533333333,490.46,116.05,33.06,-15.13,26.81,87.1,5.06747933333333,488.78,94.84,26.72,-7.42,22.15,94.82,4.59273533333333,489.43,85.95,-37.84,67.45
2026-01-11 01:05:59,XPQ-01 Main,2026-01-11 01:05:00,78.34,88.88,5.05566166666667,489.48,75.37,21.2,-12.35,13.91,74.77,5.703372,490.29,92.54,26.36,-7.89,21.77,94.01,5.034146,488.74,67.12,18.91,-2.89,13.71,97.85,4.32606866666667,489.42,66.47,-23.14,49.39
2026-01-11 01:06:59,XPQ-01 Main,2026-01-11 01:06:00,85.12,86.3,5.34232833333333,489.36,80.73,22.7,-12.59,14.9,76.37,5.603372,490.26,98.24,27.98,-12.02,21.84,87.61,5.334146,488.66,76.39,21.51,-5.84,17.6,94.91,4.52606866666667,489.14,72.19,-30.45,54.33
2026-01-11 01:07:59,XPQ-01 Main,2026-01-11 01:07:00,87.28,89.16,4.45566166666667,489.58,80.89,22.76,-12.42,16.14,79.26,5.93670533333333,490.54,104.48,29.77,-10.23,23.29,91.56,4.36747933333333,488.77,76.47,21.54,-4.65,17.5,96.65,4.759402,489.43,74.07,-27.29,56.94
2026-01-11 01:08:59,XPQ-01 Main,2026-01-11 01:08:00,95.71,84.28,4.65232833333333,489.66,85.35,24.01,-13.72,16.64,77.16,5.07003866666667,490.52,109.26,31.14,-15.42,22.96,83.02,4.70081266666667,488.94,92.52,26.07,-8.51,20.95,92.65,3.92606866666667,489.51,81.22,-37.64,60.55
2026-01-11 01:09:59,XPQ-01 Main,2026-01-11 01:09:00,68.1,84.95,4.13232833333333,489.2,67.23,18.9,-11.99,12.32,71.67,4.97003866666667,490.24,79.61,22.66,-9.29,18.6,89.46,3.90081266666667,488.26,57.45,16.17,-4.8,12.92,93.73,4.29273533333333,489.11,57.74,-26.08,43.84
2026-01-11 01:10:59,XPQ-01 Main,2026-01-11 01:10:00,97.26,86.65,4.15232833333333,489.9,85.57,24.09,-12.46,18.52,82.97,4.703372,490.79,107.56,30.66,-16.24,24.18,83.01,4.134146,489.09,98.66,27.82,-8.82,24.25,93.98,3.79273533333333,489.81,82.57,-37.52,66.95
2026-01-11 01:11:59,XPQ-01 Main,2026-01-11 01:11:00,107.82,85.88,4.16566166666667,490.17,96.87,27.29,-16.33,19.89,77.29,4.67003866666667,491.25,125.58,35.83,-18.04,29.4,85.23,4.034146,489.35,101.01,28.48,-8.35,25.69,95.11,3.659402,489.92,91.6,-42.72,74.98
2026-01-11 01:12:59,XPQ-01 Main,2026-01-11 01:12:00,92.73,84.15,4.098995,489.76,83.78,23.57,-13.4,15.88,76.43,4.87003866666667,490.59,108.41,30.9,-14.27,21.89,83.77,3.934146,489.11,86.0,24.24,-8.09,19.35,92.26,3.59273533333333,489.58,78.72,-35.76,57.12
2026-01-11 01:13:59,XPQ-01 Main,2026-01-11 01:13:00,101.92,84.5,4.02232833333333,490.04,89.74,25.26,-13.95,18.88,80.43,4.73670533333333,490.83,113.53,32.38,-18.03,24.66,80.72,3.90081266666667,489.47,102.5,28.91,-10.38,24.97,92.35,3.6260686666666704,489.82,86.56,-42.36,68.52
2026-01-11 01:14:59,XPQ-01 Main,2026-01-11 01:14:00,68.46,85.7,4.098995,490.48,68.36,19.27,-11.79,12.23,71.97,4.603372,491.44,81.27,23.2,-8.42,18.41,90.94,4.06747933333333,489.71,55.74,15.73,-4.36,12.2,94.17,3.559402,490.28,58.2,-24.57,42.84
2026-01-11 01:15:59,XPQ-01 Main,2026-01-11 01:15:00,109.5,82.15,4.308995,490.49,94.71,26.68,-16.6,18.17,73.84,4.703372,491.33,127.54,36.42,-20.65,27.16,79.61,4.20081266666667,489.94,106.23,29.99,-10.19,25.8,93.01,3.52606866666667,490.22,93.09,-47.44,71.13
2026-01-11 01:16:59,XPQ-01 Main,2026-01-11 01:16:00,73.3,86.6,4.23232833333333,490.46,70.9,19.99,-11.0,13.31,77.1,4.903372,491.36,83.67,23.88,-9.99,18.87,88.39,4.134146,489.58,65.32,18.44,-5.28,14.98,94.3,3.8260686666666706,490.43,62.3,-26.27,47.16
2026-01-11 01:17:59,XPQ-01 Main,2026-01-11 01:17:00,74.38,83.86,4.25232833333333,490.47,72.55,20.44,-14.06,12.15,65.37,5.003372,491.25,92.0,26.26,-10.41,21.43,89.95,4.06747933333333,489.83,58.58,16.54,-3.76,13.38,96.28,3.559402,490.34,63.24,-28.23,46.95
2026-01-11 01:18:59,XPQ-01 Main,2026-01-11 01:18:00,95.71,83.96,4.05566166666667,490.63,84.46,23.81,-13.83,16.99,77.57,4.83670533333333,491.65,108.92,31.11,-16.51,23.44,81.76,4.00081266666667,489.89,93.73,26.46,-9.08,22.19,92.56,3.859402,490.34,81.38,-39.41,62.63
2026-01-11 01:19:59,XPQ-01 Main,2026-01-11 01:19:00,79.66,81.36,4.02232833333333,490.72,80.75,22.77,-15.55,12.89,63.81,4.67003866666667,491.57,94.99,27.12,-12.15,21.8,87.35,4.00081266666667,489.87,63.24,17.86,-5.64,14.17,92.91,3.49273533333333,490.73,67.76,-33.34,48.85
2026-01-11 01:20:59,XPQ-01 Main,2026-01-11 01:20:00,85.03,83.28,4.14232833333333,490.46,83.1,23.42,-15.3,15.39,75.63,4.53670533333333,491.48,100.63,28.72,-12.99,23.84,82.15,3.934146,489.61,71.37,20.14,-6.27,17.34,92.07,3.52606866666667,490.29,72.29,-34.56,56.58
2026-01-11 01:21:59,XPQ-01 Main,2026-01-11 01:21:00,109.88,81.43,4.218995,490.87,96.7,27.27,-16.45,19.19,75.92,4.903372,491.69,124.52,35.57,-21.13,26.03,77.64,4.234146,490.16,108.43,30.64,-12.17,26.27,90.73,3.59273533333333,490.75,93.48,-49.75,71.49
2026-01-11 01:22:59,XPQ-01 Main,2026-01-11 01:22:00,95.12,84.35,4.37566166666667,490.78,91.78,25.87,-16.51,17.65,73.04,4.87003866666667,491.77,110.64,31.61,-14.88,26.04,86.83,4.16747933333333,490.14,82.95,23.43,-7.86,20.17,93.17,3.559402,490.45,80.91,-39.25,63.86
2026-01-11 01:23:59,XPQ-01 Main,2026-01-11 01:23:00,90.55,82.82,4.088995,490.71,75.85,21.37,-11.02,15.95,82.27,4.83670533333333,491.4,99.52,28.43,-16.69,19.35,75.72,4.034146,490.26,96.27,27.2,-10.45,22.2,90.48,4.12606866666667,490.46,77.0,-38.16,57.5
2026-01-11 01:24:59,XPQ-01 Main,2026-01-11 01:24:00,107.77,79.22,4.088995,490.74,95.46,26.91,-16.82,18.3,73.64,4.53670533333333,491.63,119.98,34.27,-21.44,24.54,75.3,4.00081266666667,490.05,107.85,30.46,-13.06,25.14,88.74,3.6927353333333297,490.52,91.65,-51.32,67.98
2026-01-11 01:25:59,XPQ-01 Main,2026-01-11 01:25:00,137.17,96.94,3.988995,490.55,126.17,35.54,-8.35,30.14,96.37,4.603372,491.33,146.1,41.73,-12.0,36.63,95.03,3.90081266666667,490.13,139.25,39.32,-3.83,35.9,99.44,3.659402,490.18,116.59,-24.18,102.66
2026-01-11 01:26:59,XPQ-01 Main,2026-01-11 01:26:00,109.96,85.95,4.05566166666667,490.99,97.43,27.48,-14.89,21.4,82.1,4.57003866666667,491.92,121.69,34.79,-18.88,27.68,82.61,4.10081266666667,490.44,110.74,31.29,-10.79,27.65,93.16,3.49273533333333,490.62,93.56,-44.56,76.73
2026-01-11 01:27:59,XPQ-01 Main,2026-01-11 01:27:00,80.48,82.51,4.36566166666667,490.93,72.04,20.32,-12.51,13.07,72.24,4.63670533333333,492.01,93.74,26.79,-12.6,19.11,83.49,4.36747933333333,490.17,75.66,21.37,-6.88,15.93,91.81,3.42606866666667,490.63,68.48,-31.99,48.11
2026-01-11 01:28:59,XPQ-01 Main,2026-01-11 01:28:00,104.35,80.36,4.03232833333333,490.83,88.78,25.03,-15.65,17.32,74.21,4.903372,491.69,118.65,33.89,-20.99,24.48,75.92,3.96747933333333,490.15,105.63,29.84,-11.49,25.14,90.95,3.8260686666666706,490.65,88.77,-48.12,66.94
2026-01-11 01:29:59,XPQ-01 Main,2026-01-11 01:29:00,98.63,82.44,4.088995,490.85,82.73,23.33,-13.26,16.99,78.83,4.53670533333333,491.68,110.62,31.6,-19.25,22.89,76.52,3.96747933333333,490.2,102.55,28.97,-10.57,24.74,91.96,3.59273533333333,490.65,83.9,-43.08,64.61
2026-01-11 01:30:59,XPQ-01 Main,2026-01-11 01:30:00,84.15,84.38,4.388995,490.46,80.9,22.79,-14.82,14.3,69.44,4.603372,491.31,101.87,29.08,-12.26,23.29,88.49,4.20081266666667,489.8,69.68,19.67,-5.24,16.33,95.22,3.6927353333333297,490.27,71.54,-32.31,53.91
2026-01-11 01:31:59,XPQ-01 Main,2026-01-11 01:31:00,81.2,88.07,4.33232833333333,490.4,77.23,21.76,-13.22,15.37,75.8,5.103372,491.49,95.8,27.36,-10.37,23.55,91.52,4.26747933333333,489.69,70.56,19.91,-4.27,16.72,96.89,3.859402,490.03,69.02,-27.86,55.64
2026-01-11 01:32:59,XPQ-01 Main,2026-01-11 01:32:00,72.89,88.9,4.478995,490.71,69.12,19.49,-11.0,13.93,78.48,4.903372,491.72,85.17,24.32,-9.07,20.49,91.45,4.56747933333333,489.83,64.38,18.18,-3.98,15.26,96.76,3.8260686666666706,490.58,61.99,-24.04,49.68
2026-01-11 01:33:59,XPQ-01 Main,2026-01-11 01:33:00,81.46,84.6,4.14232833333333,490.74,75.53,21.29,-13.1,14.76,74.8,4.903372,491.6,93.21,26.62,-13.1,21.56,85.46,4.034146,490.03,75.63,21.36,-6.77,17.91,93.55,3.959402,490.59,69.28,-32.96,54.23
2026-01-11 01:34:59,XPQ-01 Main,2026-01-11 01:34:00,82.15,90.65,4.24232833333333,490.95,82.3,23.21,-13.83,16.95,77.48,4.803372,491.63,100.38,28.67,-8.14,26.29,95.52,4.334146,490.3,63.78,18.03,-2.4,16.36,98.94,3.59273533333333,490.92,69.91,-24.38,59.6
2026-01-11 01:35:59,XPQ-01 Main,2026-01-11 01:35:00,86.89,89.58,4.42232833333333,490.81,88.19,24.87,-15.28,18.07,76.36,4.903372,491.46,105.04,29.99,-9.41,27.43,94.59,4.534146,490.15,67.45,19.06,-3.7,17.33,97.79,3.49273533333333,490.82,73.92,-28.39,62.83
2026-01-11 01:36:59,XPQ-01 Main,2026-01-11 01:36:00,106.18,81.49,4.198995,490.92,95.03,26.79,-17.63,18.18,71.78,4.83670533333333,491.57,123.19,35.2,-19.99,27.23,80.6,4.134146,490.42,100.31,28.36,-10.36,24.43,92.07,3.89273533333333,490.78,90.34,-47.98,69.83
2026-01-11 01:37:59,XPQ-01 Main,2026-01-11 01:37:00,96.42,82.36,4.03232833333333,491.35,89.97,25.4,-17.66,16.52,68.33,4.77003866666667,492.29,115.94,33.15,-16.32,26.67,85.29,3.8674793333333297,490.51,83.34,23.57,-7.65,20.14,93.47,3.6927353333333297,491.24,82.12,-41.63,63.33
2026-01-11 01:38:59,XPQ-01 Main,2026-01-11 01:38:00,97.04,84.71,4.08566166666667,491.06,87.46,24.67,-14.87,17.55,76.3,4.63670533333333,492.02,111.7,31.93,-16.25,25.3,84.14,4.134146,490.37,91.95,25.98,-8.31,22.31,93.7,3.59273533333333,490.79,82.59,-39.44,65.16
2026-01-11 01:39:59,XPQ-01 Main,2026-01-11 01:39:00,81.75,87.74,4.23232833333333,490.61,82.64,23.29,-15.03,15.88,72.61,4.67003866666667,491.26,99.42,28.38,-10.04,25.58,93.08,4.134146,489.94,63.18,17.85,-3.65,16.13,97.53,3.459402,490.62,69.52,-28.73,57.58
2026-01-11 01:40:59,XPQ-01 Main,2026-01-11 01:40:00,99.9,81.81,4.16566166666667,491.05,87.14,24.58,-14.68,17.97,77.45,4.83670533333333,491.92,110.88,31.69,-18.84,23.33,77.8,4.26747933333333,490.36,101.69,28.74,-11.5,23.99,90.18,3.7260686666666705,490.88,85.01,-45.02,65.3
2026-01-11 01:41:59,XPQ-01 Main,2026-01-11 01:41:00,99.41,84.38,3.8556616666666703,490.96,84.81,23.92,-13.46,17.82,79.79,4.503372,491.92,112.32,32.1,-18.54,24.59,79.85,3.934146,490.23,101.1,28.56,-9.57,25.21,93.49,3.72606866666667,490.72,84.59,-41.56,67.61
2026-01-11 01:42:59,XPQ-01 Main,2026-01-11 01:42:00,75.23,88.44,4.178995,490.5,76.14,21.46,-13.07,15.7,76.87,4.33670533333333,491.13,88.36,25.21,-8.89,22.37,92.93,4.06747933333333,489.75,61.19,17.28,-4.68,15.14,95.54,3.29273533333333,490.62,63.95,-26.64,53.21
2026-01-11 01:43:59,XPQ-01 Main,2026-01-11 01:43:00,76.49,87.02,4.318995,490.68,70.07,19.75,-10.76,14.83,80.92,4.73670533333333,491.29,85.19,24.32,-11.67,19.82,86.16,4.16747933333333,490.05,74.2,20.97,-6.48,17.83,93.98,3.7260686666666705,490.7,65.04,-28.92,52.47
2026-01-11 01:44:59,XPQ-01 Main,2026-01-11 01:44:00,88.21,83.69,4.24566166666667,490.87,78.86,22.24,-12.9,16.1,78.05,4.87003866666667,491.51,98.41,28.1,-14.93,21.16,81.71,4.134146,490.11,87.37,24.7,-8.99,20.14,91.31,3.92606866666667,490.98,75.04,-36.82,57.39
2026-01-11 01:45:59,XPQ-01 Main,2026-01-11 01:45:00,83.0,83.2,3.978995,491.1,73.69,20.78,-12.14,14.63,76.96,4.63670533333333,491.68,92.7,26.49,-14.42,19.89,80.95,3.834146,490.62,82.62,23.37,-8.27,18.99,91.68,3.959402,491.0,70.64,-34.83,53.51
2026-01-11 01:46:59,XPQ-01 Main,2026-01-11 01:46:00,71.66,85.29,4.03232833333333,491.27,74.0,20.9,-14.31,13.39,68.34,4.703372,492.19,87.12,24.9,-9.35,21.87,91.95,4.20081266666667,490.34,53.85,15.22,-4.03,13.11,95.59,3.39273533333333,491.28,61.02,-27.68,48.37
2026-01-11 01:47:59,XPQ-01 Main,2026-01-11 01:47:00,100.41,82.42,4.14566166666667,491.19,87.85,24.78,-14.82,17.82,76.89,4.33670533333333,491.95,112.59,32.2,-19.04,24.31,78.72,4.00081266666667,490.71,100.8,28.5,-10.68,24.45,91.64,3.559402,490.9,85.48,-44.54,66.58
2026-01-11 01:48:59,XPQ-01 Main,2026-01-11 01:48:00,95.86,79.89,4.27566166666667,491.2,88.34,24.93,-17.22,16.11,68.31,4.703372,492.13,111.89,31.99,-18.15,24.72,80.6,4.16747933333333,490.5,87.37,24.7,-9.66,20.9,90.77,3.7260686666666705,490.97,81.62,-45.04,61.73
2026-01-11 01:49:59,XPQ-01 Main,2026-01-11 01:49:00,98.99,79.18,4.21232833333333,491.38,84.96,23.98,-15.78,15.42,69.87,4.97003866666667,492.16,116.23,33.24,-20.36,23.84,76.04,4.16747933333333,490.69,95.79,27.1,-10.18,23.3,91.64,3.6927353333333297,491.29,84.32,-46.32,62.55
2026-01-11 01:50:59,XPQ-01 Main,2026-01-11 01:50:00,88.37,80.06,4.14566166666667,491.26,74.18,20.93,-12.82,13.63,72.85,4.63670533333333,491.99,102.43,29.29,-17.9,20.45,75.25,4.334146,490.78,88.49,25.03,-8.95,21.13,92.07,3.8260686666666706,491.02,75.25,-39.67,55.21
2026-01-11 01:51:59,XPQ-01 Main,2026-01-11 01:51:00,73.77,87.77,4.37566166666667,491.16,67.41,19.02,-11.68,12.93,74.19,4.63670533333333,492.11,88.6,25.33,-9.89,21.56,90.9,4.26747933333333,490.46,65.29,18.45,-2.94,15.42,98.23,3.459402,490.92,62.81,-24.51,49.9
2026-01-11 01:52:59,XPQ-01 Main,2026-01-11 01:52:00,102.72,85.88,4.23232833333333,491.61,91.97,25.98,-14.39,20.03,81.21,4.83670533333333,492.44,114.29,32.69,-17.5,26.25,83.21,4.10081266666667,490.78,101.89,28.83,-9.88,25.44,93.22,4.02606866666667,491.62,87.51,-41.77,71.73
2026-01-11 01:53:59,XPQ-01 Main,2026-01-11 01:53:00,87.83,84.65,4.26566166666667,491.43,85.75,24.23,-15.7,15.8,70.92,4.87003866666667,492.48,102.22,29.23,-11.69,23.81,89.76,4.26747933333333,490.38,75.53,21.35,-6.22,16.09,93.28,3.72606866666667,491.42,74.81,-33.61,55.69
2026-01-11 01:54:59,XPQ-01 Main,2026-01-11 01:54:00,90.67,83.33,4.06566166666667,490.94,79.44,22.4,-13.23,15.75,76.57,4.83670533333333,491.73,102.42,29.27,-15.89,21.99,81.05,4.06747933333333,490.38,90.16,25.48,-8.65,20.85,92.37,3.6927353333333297,490.7,77.15,-37.76,58.59
2026-01-11 01:55:59,XPQ-01 Main,2026-01-11 01:55:00,77.6,83.24,4.108995,490.96,76.36,21.55,-15.24,13.11,65.22,4.53670533333333,492.02,93.46,26.71,-10.62,22.09,90.12,4.26747933333333,490.06,62.96,17.78,-4.7,13.42,94.37,3.59273533333333,490.8,66.04,-30.56,48.62
2026-01-11 01:56:59,XPQ-01 Main,2026-01-11 01:56:00,101.45,84.36,4.288995,490.94,91.87,25.9,-14.86,19.34,79.3,4.53670533333333,491.75,112.01,32.01,-17.6,25.18,81.96,4.16747933333333,490.39,100.47,28.39,-10.49,24.3,91.8,3.52606866666667,490.68,86.31,-42.95,68.81
2026-01-11 01:57:59,XPQ-01 Main,2026-01-11 01:57:00,84.58,89.21,4.46566166666667,490.55,78.52,22.14,-11.69,16.82,82.13,4.903372,491.4,95.89,27.36,-11.35,22.93,89.62,4.534146,489.63,79.33,22.4,-5.71,19.26,95.87,3.79273533333333,490.62,71.9,-28.75,59.01
2026-01-11 01:58:59,XPQ-01 Main,2026-01-11 01:58:00,86.83,87.29,4.21232833333333,490.55,79.42,22.38,-11.85,16.7,81.55,4.87003866666667,491.18,97.48,27.82,-13.12,22.2,86.09,4.10081266666667,489.83,83.58,23.61,-7.19,20.25,94.23,3.9927353333333295,490.63,73.81,-32.16,59.15
2026-01-11 01:59:59,XPQ-01 Main,2026-01-11 01:59:00,77.45,83.97,3.84232833333333,490.84,78.48,22.13,-15.33,13.8,66.92,4.77003866666667,491.5,91.47,26.12,-10.33,22.47,90.86,3.734146,490.19,62.41,17.64,-4.89,13.64,94.13,3.759402,490.84,65.89,-30.55,49.91
2026-01-11 02:00:59,XPQ-01 Main,2026-01-11 02:00:00,99.75,82.03,3.788995,491.1,94.75,26.75,-17.6,16.96,69.39,4.33670533333333,491.92,116.7,33.34,-16.44,26.06,84.58,3.834146,490.19,87.78,24.81,-8.55,20.24,92.13,3.459402,491.18,84.9,-42.58,63.26
2026-01-11 02:01:59,XPQ-01 Main,2026-01-11 02:01:00,94.32,82.86,3.8556616666666703,490.47,83.7,23.58,-13.22,17.5,79.8,4.23670533333333,491.11,103.11,29.43,-17.31,21.91,78.48,3.834146,489.93,96.13,27.15,-10.89,22.91,90.31,3.29273533333333,490.37,80.16,-41.42,62.33
2026-01-11 02:02:59,XPQ-01 Main,2026-01-11 02:02:00,81.78,85.2,3.988995,491.0,73.49,20.72,-11.91,14.77,77.84,4.47003866666667,491.56,93.0,26.57,-13.39,20.77,84.04,3.96747933333333,490.44,78.86,22.3,-6.99,18.77,93.72,3.259402,491.01,69.59,-32.29,54.31
2026-01-11 02:03:59,XPQ-01 Main,2026-01-11 02:03:00,78.31,86.6,4.06566166666667,490.99,81.34,22.96,-14.75,14.52,70.15,4.53670533333333,491.94,92.03,26.29,-8.89,23.24,93.4,3.934146,489.98,61.57,17.4,-3.83,13.57,96.24,3.459402,491.07,66.64,-27.47,51.33
2026-01-11 02:04:59,XPQ-01 Main,2026-01-11 02:04:00,99.09,83.9,3.898995,491.19,91.36,25.79,-16.88,17.56,72.09,4.63670533333333,492.0,116.91,33.41,-16.82,27.44,85.26,3.66747933333333,490.33,89.01,25.17,-7.78,22.14,94.34,3.6260686666666704,491.25,84.37,-41.48,67.14
2026-01-11 02:05:59,XPQ-01 Main,2026-01-11 02:05:00,79.78,89.84,3.96566166666667,490.94,79.76,22.51,-13.47,15.95,76.4,4.77003866666667,491.68,96.46,27.54,-8.12,24.49,94.92,3.80081266666667,489.99,63.13,17.84,-2.93,15.29,98.21,3.259402,491.16,67.89,-24.52,55.73
2026-01-11 02:06:59,XPQ-01 Main,2026-01-11 02:06:00,90.91,86.43,3.7856616666666705,491.09,88.14,24.87,-15.83,17.07,73.33,4.63670533333333,491.92,107.77,30.8,-11.96,25.87,90.78,3.60081266666667,490.43,76.81,21.71,-5.74,17.82,95.18,3.459402,490.92,77.38,-33.52,60.77
2026-01-11 02:07:59,XPQ-01 Main,2026-01-11 02:07:00,84.66,82.6,3.688995,491.37,78.04,22.03,-13.8,14.74,73.0,4.27003866666667,491.96,96.43,27.56,-14.13,21.22,83.24,3.60081266666667,490.6,79.52,22.5,-7.91,17.98,91.55,3.49273533333333,491.56,72.09,-35.83,53.95
2026-01-11 02:08:59,XPQ-01 Main,2026-01-11 02:08:00,84.84,82.38,3.84232833333333,491.07,79.5,22.43,-14.4,13.86,69.35,4.303372,491.48,97.6,27.87,-13.77,21.88,84.63,3.8674793333333297,490.44,77.42,21.9,-6.67,17.09,93.15,3.159402,491.29,72.2,-34.84,52.82
2026-01-11 02:09:59,XPQ-01 Main,2026-01-11 02:09:00,97.9,85.77,3.718995,490.82,93.09,26.25,-16.65,18.61,74.52,4.43670533333333,491.54,114.75,32.77,-15.02,27.85,88.02,3.7008126666666703,490.14,85.85,24.26,-7.25,21.54,94.77,3.22606866666667,490.79,83.28,-38.93,67.99
2026-01-11 02:10:59,XPQ-01 Main,2026-01-11 02:10:00,104.4,83.25,3.8656616666666705,491.02,96.05,27.1,-16.61,19.36,75.91,4.23670533333333,491.82,118.03,33.72,-18.39,26.58,82.23,3.8674793333333297,490.15,99.12,28.02,-10.6,24.19,91.6,3.22606866666667,491.1,88.84,-45.6,70.14
2026-01-11 02:11:59,XPQ-01 Main,2026-01-11 02:11:00,80.74,87.94,3.84232833333333,490.92,78.9,22.27,-14.01,15.05,73.19,4.43670533333333,491.77,97.79,27.92,-9.23,23.85,93.26,3.80081266666667,489.86,65.52,18.51,-3.53,15.08,97.37,3.29273533333333,491.12,68.7,-26.77,53.97
2026-01-11 02:12:59,XPQ-01 Main,2026-01-11 02:12:00,98.73,83.47,3.94566166666667,490.84,88.04,24.82,-14.36,18.28,78.62,4.27003866666667,491.72,110.03,31.44,-17.62,23.87,80.45,3.9008126666666705,490.24,98.13,27.72,-10.54,23.62,91.33,3.459402,490.57,83.98,-42.53,65.77
2026-01-11 02:13:59,XPQ-01 Main,2026-01-11 02:13:00,77.97,83.8,3.8656616666666705,491.15,73.15,20.64,-12.37,14.43,75.91,4.503372,492.15,88.1,25.19,-12.49,19.55,84.28,3.8674793333333297,490.36,72.65,20.53,-7.56,16.82,91.21,3.42606866666667,490.94,66.36,-32.42,50.8
2026-01-11 02:14:59,XPQ-01 Main,2026-01-11 02:14:00,77.41,85.83,3.7523283333333297,490.91,70.72,19.94,-10.4,15.12,82.39,4.403372,491.68,84.68,24.2,-11.92,18.35,83.86,3.734146,490.38,76.82,21.71,-7.96,17.75,91.25,3.32606866666667,490.68,65.85,-30.28,51.23
2026-01-11 02:15:59,XPQ-01 Main,2026-01-11 02:15:00,75.36,84.09,4.14566166666667,491.06,72.75,20.53,-12.51,14.17,74.97,4.33670533333333,491.85,84.7,24.2,-11.32,19.3,86.26,4.134146,490.2,68.62,19.4,-7.04,15.5,91.04,3.19273533333333,491.15,64.12,-30.87,48.96
2026-01-11 02:16:59,XPQ-01 Main,2026-01-11 02:16:00,81.29,81.7,3.8556616666666703,490.71,79.71,22.46,-15.09,14.11,68.31,4.93670533333333,491.36,92.25,26.34,-12.2,21.09,86.56,3.90081266666667,490.16,71.91,20.32,-7.11,14.88,90.23,3.359402,490.59,69.13,-34.4,50.08
2026-01-11 02:17:59,XPQ-01 Main,2026-01-11 02:17:00,91.68,82.57,4.15566166666667,491.02,84.05,23.71,-14.56,16.42,74.82,4.503372,491.58,104.35,29.8,-15.55,22.45,82.2,4.134146,490.28,86.63,24.5,-9.3,20.03,90.7,3.159402,491.19,78.01,-39.41,58.89
2026-01-11 02:18:59,XPQ-01 Main,2026-01-11 02:18:00,81.21,84.24,4.06566166666667,490.84,79.57,22.43,-14.57,14.36,70.21,4.87003866666667,491.5,94.5,27.0,-11.57,22.3,88.75,4.134146,490.33,69.57,19.66,-5.74,15.51,93.77,3.459402,490.69,69.09,-31.89,52.17
2026-01-11 02:19:59,XPQ-01 Main,2026-01-11 02:19:00,94.62,84.0,3.908995,490.56,88.92,25.06,-13.38,17.06,78.69,4.703372,491.15,104.03,29.68,-15.97,22.5,81.55,3.90081266666667,489.82,90.92,25.68,-9.4,21.71,91.77,3.359402,490.72,80.43,-38.74,61.27
2026-01-11 02:20:59,XPQ-01 Main,2026-01-11 02:20:00,92.41,81.99,4.18566166666667,490.87,86.8,24.48,-15.41,15.77,71.52,4.47003866666667,491.75,106.02,30.29,-15.29,23.0,83.28,4.26747933333333,490.16,84.4,23.84,-8.56,19.01,91.18,3.359402,490.69,78.61,-39.27,57.78
2026-01-11 02:21:59,XPQ-01 Main,2026-01-11 02:21:00,86.81,83.6,4.12232833333333,490.74,78.64,22.17,-12.0,15.48,79.03,4.803372,491.17,96.68,27.59,-14.97,20.2,80.35,4.06747933333333,490.16,85.11,24.06,-8.91,20.12,91.43,3.49273533333333,490.9,73.82,-35.88,55.81
2026-01-11 02:22:59,XPQ-01 Main,2026-01-11 02:22:00,90.09,82.82,4.27566166666667,491.09,82.5,23.27,-14.33,15.91,74.29,4.77003866666667,491.54,102.67,29.32,-14.79,22.1,83.1,4.234146,490.46,85.1,24.07,-8.69,19.16,91.07,3.52606866666667,491.27,76.67,-37.81,57.17
2026-01-11 02:23:59,XPQ-01 Main,2026-01-11 02:23:00,89.86,85.76,4.22232833333333,490.67,77.94,21.96,-12.64,15.79,78.07,4.803372,491.32,103.82,29.65,-14.75,23.07,84.26,4.26747933333333,490.28,87.82,24.81,-6.91,20.94,94.96,3.79273533333333,490.42,76.42,-34.3,59.8
2026-01-11 02:24:59,XPQ-01 Main,2026-01-11 02:24:00,74.8,84.04,3.918995,490.89,71.79,20.25,-12.49,13.3,72.87,4.73670533333333,491.47,85.76,24.49,-11.27,19.47,86.55,3.7674793333333296,490.13,66.86,18.9,-6.12,15.11,92.69,3.659402,491.05,63.64,-29.88,47.88
2026-01-11 02:25:59,XPQ-01 Main,2026-01-11 02:25:00,85.98,94.8,4.398995,490.44,78.38,22.08,-9.02,16.78,88.08,4.63670533333333,491.0,100.54,28.69,-6.75,24.48,96.41,4.534146,489.89,79.02,22.32,-0.76,18.29,99.91,3.359402,490.45,73.09,-16.53,59.55
2026-01-11 02:26:59,XPQ-01 Main,2026-01-11 02:26:00,70.19,90.7,4.308995,490.81,69.33,19.54,-10.45,14.41,80.96,5.003372,491.53,80.92,23.11,-7.29,20.11,94.02,4.234146,490.25,60.34,17.05,-3.51,14.27,97.11,3.659402,490.66,59.71,-21.24,48.78
2026-01-11 02:27:59,XPQ-01 Main,2026-01-11 02:27:00,101.29,86.22,4.18566166666667,490.91,91.5,25.81,-14.43,19.75,80.76,4.803372,491.69,113.63,32.45,-16.42,26.07,84.62,4.20081266666667,490.16,98.74,27.9,-9.37,24.29,93.3,3.89273533333333,490.9,86.17,-40.22,70.11
2026-01-11 02:28:59,XPQ-01 Main,2026-01-11 02:28:00,77.39,82.37,4.26566166666667,490.92,76.44,21.55,-14.74,13.2,66.71,4.97003866666667,491.57,90.95,25.98,-10.72,20.67,88.76,4.40081266666667,490.37,64.77,18.31,-5.79,13.27,91.65,3.39273533333333,490.82,65.85,-31.26,47.14
2026-01-11 02:29:59,XPQ-01 Main,2026-01-11 02:29:00,98.35,81.04,4.15566166666667,491.05,89.22,25.17,-15.33,17.08,74.43,4.73670533333333,491.67,109.86,31.38,-17.88,23.08,79.05,4.26747933333333,490.39,95.97,27.14,-10.88,21.98,89.62,3.659402,491.09,83.69,-44.09,62.14
2026-01-11 02:30:59,XPQ-01 Main,2026-01-11 02:30:00,78.94,84.44,4.77566166666667,490.94,76.64,21.62,-13.45,13.44,70.69,4.703372,491.69,91.27,26.07,-10.87,20.83,88.65,4.834146,490.09,68.9,19.47,-5.34,14.68,93.99,3.49273533333333,491.05,67.16,-29.65,48.95
2026-01-11 02:31:59,XPQ-01 Main,2026-01-11 02:31:00,86.36,84.55,4.088995,491.15,86.46,24.39,-16.79,15.71,68.31,5.103372,491.99,103.22,29.51,-12.07,25.56,90.43,4.26747933333333,490.57,69.39,19.62,-5.4,16.29,94.92,4.39273533333333,490.9,73.52,-34.26,57.56
2026-01-11 02:32:59,XPQ-01 Main,2026-01-11 02:32:00,83.16,86.27,4.078995,491.33,76.26,21.52,-12.25,14.86,77.17,4.503372,491.93,93.42,26.7,-12.2,21.48,86.95,4.134146,490.69,79.79,22.58,-6.06,17.85,94.7,3.49273533333333,491.38,70.8,-30.51,54.19
2026-01-11 02:33:59,XPQ-01 Main,2026-01-11 02:33:00,74.18,83.17,4.16566166666667,491.08,74.98,21.16,-15.14,12.57,63.89,4.47003866666667,491.86,91.63,26.18,-10.32,21.91,90.47,4.06747933333333,490.24,55.93,15.81,-4.17,12.9,95.15,3.6260686666666704,491.15,63.15,-29.63,47.38
2026-01-11 02:34:59,XPQ-01 Main,2026-01-11 02:34:00,82.38,84.31,3.8756616666666703,490.86,75.09,21.17,-12.47,14.63,76.09,4.83670533333333,491.5,93.46,26.7,-13.63,20.87,83.72,3.7008126666666703,490.34,78.6,22.21,-7.21,18.44,93.13,3.59273533333333,490.74,70.08,-33.32,53.94
2026-01-11 02:35:59,XPQ-01 Main,2026-01-11 02:35:00,92.98,85.32,4.14566166666667,491.14,89.05,25.12,-16.07,17.0,72.68,4.603372,491.63,108.91,31.12,-13.68,26.06,88.54,4.10081266666667,490.63,80.98,22.91,-6.49,19.22,94.74,3.32606866666667,491.17,79.15,-36.24,62.28
2026-01-11 02:36:59,XPQ-01 Main,2026-01-11 02:36:00,80.26,87.17,3.9556616666666704,490.99,73.18,20.63,-10.62,14.75,81.16,4.803372,491.56,90.08,25.74,-11.79,19.87,86.01,3.934146,490.57,77.51,21.92,-6.35,18.03,94.33,3.52606866666667,490.84,68.29,-28.75,52.65
2026-01-11 02:37:59,XPQ-01 Main,2026-01-11 02:37:00,88.08,81.3,3.97566166666667,491.32,81.03,22.88,-15.08,14.57,69.5,4.63670533333333,491.99,101.56,29.02,-14.87,22.14,83.01,3.934146,490.48,81.65,23.1,-7.97,17.93,91.38,3.29273533333333,491.48,75.0,-37.92,54.64
2026-01-11 02:38:59,XPQ-01 Main,2026-01-11 02:38:00,70.12,83.36,3.8456616666666705,491.02,67.27,18.98,-12.43,11.92,69.22,4.503372,491.63,81.89,23.39,-10.25,18.66,87.66,3.8674793333333297,490.34,61.21,17.31,-5.13,13.19,93.2,3.49273533333333,491.09,59.68,-27.8,43.77
2026-01-11 02:39:59,XPQ-01 Main,2026-01-11 02:39:00,73.91,87.78,3.97566166666667,491.09,71.7,20.23,-11.87,13.3,74.61,4.53670533333333,491.97,87.58,25.04,-9.36,21.08,91.4,4.00081266666667,490.46,62.46,17.65,-3.47,14.74,97.34,3.12606866666667,490.84,62.92,-24.71,49.13
2026-01-11 02:40:59,XPQ-01 Main,2026-01-11 02:40:00,101.96,85.02,3.898995,491.69,94.22,26.63,-15.91,18.01,74.95,4.67003866666667,492.66,118.46,33.89,-14.95,26.0,86.69,4.034146,490.78,93.19,26.37,-7.97,20.87,93.42,3.259402,491.63,86.89,-38.83,64.88
2026-01-11 02:41:59,XPQ-01 Main,2026-01-11 02:41:00,93.98,89.37,3.788995,491.93,87.93,24.86,-14.35,18.57,79.13,4.503372,492.76,111.57,31.92,-11.32,26.87,92.15,3.90081266666667,490.94,82.45,23.34,-5.11,19.74,96.81,3.159402,492.08,80.13,-30.78,65.18
2026-01-11 02:42:59,XPQ-01 Main,2026-01-11 02:42:00,99.39,89.21,4.06566166666667,491.61,95.08,26.87,-14.56,18.61,78.77,4.37003866666667,492.49,116.61,33.35,-12.25,27.81,91.51,3.9008126666666705,490.61,86.47,24.47,-4.91,20.87,97.35,3.09273533333333,491.74,84.68,-31.71,67.29
2026-01-11 02:43:59,XPQ-01 Main,2026-01-11 02:43:00,82.8,88.28,3.83232833333333,491.72,77.78,21.97,-13.22,15.26,75.59,4.73670533333333,492.48,98.49,28.18,-10.18,23.76,91.92,3.834146,491.05,72.13,20.42,-3.91,16.61,97.34,3.559402,491.64,70.57,-27.31,55.64
2026-01-11 02:44:59,XPQ-01 Main,2026-01-11 02:44:00,96.72,85.46,3.888995,491.94,93.69,26.48,-17.75,17.78,70.77,4.33670533333333,492.7,116.75,33.42,-13.98,28.61,89.84,3.90081266666667,491.3,79.72,22.58,-5.91,19.67,95.77,3.32606866666667,491.81,82.47,-37.64,66.06
2026-01-11 02:45:59,XPQ-01 Main,2026-01-11 02:45:00,101.57,84.13,3.83232833333333,492.19,95.17,26.9,-17.25,17.88,71.97,4.47003866666667,492.8,120.39,34.48,-16.38,27.75,86.12,3.8674793333333297,491.65,89.16,25.27,-7.68,21.75,94.3,3.29273533333333,492.12,86.65,-41.31,67.39
2026-01-11 02:46:59,XPQ-01 Main,2026-01-11 02:46:00,90.82,84.0,3.918995,491.44,79.31,22.38,-13.7,15.44,74.82,4.303372,492.03,106.79,30.54,-14.86,22.73,83.69,4.10081266666667,490.94,86.36,24.44,-7.53,19.81,93.48,3.32606866666667,491.35,77.36,-36.09,57.98
2026-01-11 02:47:59,XPQ-01 Main,2026-01-11 02:47:00,103.13,85.49,3.9456616666666706,491.44,96.68,27.31,-16.55,18.95,75.32,4.603372,492.33,118.8,33.97,-16.38,28.19,86.47,4.00081266666667,490.56,93.9,26.56,-7.84,23.08,94.68,3.059402,491.43,87.84,-40.77,70.22
2026-01-11 02:48:59,XPQ-01 Main,2026-01-11 02:48:00,94.16,83.58,4.018995,491.57,87.38,24.68,-15.74,17.04,73.46,4.23670533333333,492.37,109.46,31.31,-16.17,25.24,84.2,4.06747933333333,490.88,85.65,24.24,-8.32,21.19,93.08,3.59273533333333,491.46,80.23,-40.23,63.47
2026-01-11 02:49:59,XPQ-01 Main,2026-01-11 02:49:00,95.15,85.24,4.378995,491.75,90.08,25.44,-14.98,18.1,77.04,4.57003866666667,492.33,107.14,30.65,-15.12,25.07,85.63,4.534146,491.19,88.21,24.98,-8.44,21.43,93.04,3.42606866666667,491.74,81.08,-38.55,64.61
2026-01-11 02:50:59,XPQ-01 Main,2026-01-11 02:50:00,97.7,78.5,3.96566166666667,491.58,88.7,25.04,-15.46,17.05,74.08,4.97003866666667,492.13,106.79,30.54,-19.4,21.67,74.51,3.934146,491.02,97.6,27.63,-12.81,22.5,86.9,3.6260686666666704,491.6,83.22,-47.67,61.22
2026-01-11 02:51:59,XPQ-01 Main,2026-01-11 02:51:00,82.36,81.51,4.198995,491.85,73.64,20.8,-12.92,14.23,74.04,4.403372,492.57,92.88,26.59,-14.9,19.83,79.94,4.234146,491.26,80.56,22.81,-8.67,18.51,90.56,3.559402,491.72,70.2,-36.49,52.56
2026-01-11 02:52:59,XPQ-01 Main,2026-01-11 02:52:00,85.37,85.94,4.07566166666667,492.14,83.81,23.69,-14.67,16.12,73.97,4.83670533333333,492.67,99.31,28.44,-11.88,23.83,89.49,4.00081266666667,491.64,72.99,20.69,-6.09,17.36,94.36,3.52606866666667,492.1,72.81,-32.65,57.31
2026-01-11 02:53:59,XPQ-01 Main,2026-01-11 02:53:00,80.29,84.95,3.8656616666666705,491.8,76.66,21.66,-11.32,14.9,79.64,4.703372,492.4,87.02,24.9,-12.53,19.17,83.7,3.734146,491.17,77.18,21.86,-7.86,17.82,91.5,3.52606866666667,491.84,68.42,-31.71,51.89
2026-01-11 02:54:59,XPQ-01 Main,2026-01-11 02:54:00,88.63,80.38,3.8556616666666703,492.34,81.78,23.13,-15.24,15.19,70.61,4.47003866666667,493.1,101.78,29.16,-16.01,21.91,80.75,3.8674793333333297,491.72,82.35,23.34,-9.3,18.97,89.79,3.39273533333333,492.21,75.63,-40.54,56.08
2026-01-11 02:55:59,XPQ-01 Main,2026-01-11 02:55:00,92.88,78.15,3.698995,492.43,80.61,22.79,-14.13,15.81,74.56,4.403372,492.91,102.16,29.28,-19.26,20.2,72.38,3.66747933333333,492.04,95.86,27.19,-12.3,22.25,87.51,3.29273533333333,492.33,79.26,-45.69,58.26
2026-01-11 02:56:59,XPQ-01 Main,2026-01-11 02:56:00,85.32,85.08,3.698995,492.35,77.66,21.96,-11.61,16.45,81.7,4.27003866666667,493.05,92.59,26.53,-14.43,20.53,81.82,3.56747933333333,491.85,85.71,24.3,-8.98,20.65,91.71,3.159402,492.15,72.79,-35.02,57.64
2026-01-11 02:57:59,XPQ-01 Main,2026-01-11 02:57:00,106.03,83.07,3.65232833333333,492.41,98.07,27.73,-16.99,20.01,76.24,4.303372,493.05,119.25,34.18,-18.98,26.99,81.8,3.634146,491.96,100.79,28.58,-11.22,24.9,91.17,3.22606866666667,492.2,90.48,-47.18,71.9
2026-01-11 02:58:59,XPQ-01 Main,2026-01-11 02:58:00,87.91,91.8,3.9456616666666706,492.1,80.23,22.69,-11.18,17.35,84.06,4.17003866666667,492.81,105.11,30.09,-9.67,24.62,93.08,4.10081266666667,491.32,78.4,22.21,-3.66,19.34,98.26,3.159402,492.16,74.99,-24.51,61.31
2026-01-11 02:59:59,XPQ-01 Main,2026-01-11 02:59:00,74.9,89.09,4.008995,491.94,74.36,21.01,-12.9,14.54,74.8,4.303372,492.54,89.96,25.75,-8.23,23.07,94.19,4.10081266666667,491.44,60.38,17.1,-2.74,14.53,98.27,3.42606866666667,491.85,63.87,-23.86,52.13
2026-01-11 03:00:59,XPQ-01 Main,2026-01-11 03:00:00,77.23,90.18,4.03232833333333,492.09,76.06,21.5,-12.75,15.6,77.44,4.67003866666667,492.63,92.57,26.5,-8.24,24.0,94.58,3.96747933333333,491.48,63.07,17.87,-2.73,15.62,98.51,3.259402,492.16,65.87,-23.71,55.22
2026-01-11 03:01:59,XPQ-01 Main,2026-01-11 03:01:00,89.58,86.13,4.05566166666667,492.27,87.4,24.71,-15.4,17.2,74.5,4.73670533333333,493.0,104.5,29.94,-12.73,25.34,89.36,3.90081266666667,491.69,76.85,21.78,-6.46,18.72,94.53,3.39273533333333,492.12,76.43,-34.59,61.25
2026-01-11 03:02:59,XPQ-01 Main,2026-01-11 03:02:00,75.5,87.25,3.9556616666666704,492.13,70.21,19.85,-10.57,14.96,81.69,4.77003866666667,492.78,82.56,23.64,-11.13,19.35,86.68,4.134146,491.57,73.73,20.89,-6.68,17.4,93.36,3.49273533333333,492.03,64.38,-28.37,51.71
2026-01-11 03:03:59,XPQ-01 Main,2026-01-11 03:03:00,92.16,74.37,3.978995,492.41,81.39,23.01,-15.73,14.64,68.14,4.603372,493.15,103.66,29.71,-20.17,19.81,70.07,4.034146,491.94,91.44,25.92,-12.91,20.76,84.92,3.12606866666667,492.15,78.65,-48.81,55.21
2026-01-11 03:04:59,XPQ-01 Main,2026-01-11 03:04:00,93.35,76.97,4.14232833333333,492.83,83.69,23.69,-15.84,14.65,67.91,4.53670533333333,493.45,108.18,31.02,-18.83,21.35,75.0,4.234146,492.18,88.18,25.02,-10.98,20.33,87.99,3.359402,492.85,79.74,-45.64,56.33
2026-01-11 03:05:59,XPQ-01 Main,2026-01-11 03:05:00,81.23,89.5,4.03232833333333,492.68,78.52,22.22,-11.71,16.62,81.74,4.803372,493.25,92.71,26.57,-10.24,22.5,91.02,4.10081266666667,492.1,72.46,20.56,-5.41,17.98,95.76,3.39273533333333,492.7,69.35,-27.36,57.09
2026-01-11 03:06:59,XPQ-01 Main,2026-01-11 03:06:00,83.14,85.79,3.788995,492.64,78.23,22.13,-12.47,16.11,79.09,4.503372,493.32,93.48,26.8,-12.62,21.21,85.93,3.80081266666667,492.11,77.7,22.04,-7.7,18.54,92.35,3.49273533333333,492.48,70.97,-32.79,55.86
2026-01-11 03:07:59,XPQ-01 Main,2026-01-11 03:07:00,89.11,81.08,3.878995,492.94,80.26,22.72,-14.05,14.25,71.21,4.23670533333333,493.55,103.39,29.66,-16.8,21.96,79.43,3.934146,492.41,83.69,23.76,-8.23,20.2,92.61,3.32606866666667,492.86,76.14,-39.08,56.42
2026-01-11 03:08:59,XPQ-01 Main,2026-01-11 03:08:00,85.44,83.06,3.8456616666666705,492.63,78.45,22.2,-13.85,15.18,73.89,4.33670533333333,493.26,98.99,28.38,-14.17,21.57,83.58,3.8674793333333297,492.08,78.87,22.37,-7.99,18.4,91.72,3.359402,492.55,72.95,-36.01,55.15
2026-01-11 03:09:59,XPQ-01 Main,2026-01-11 03:09:00,82.62,86.36,3.9423283333333297,492.78,75.44,21.35,-11.72,14.84,78.48,4.403372,493.32,97.85,28.05,-12.04,20.69,86.42,3.96747933333333,492.24,74.57,21.16,-6.35,17.78,94.17,3.259402,492.79,70.57,-30.11,53.3
2026-01-11 03:10:59,XPQ-01 Main,2026-01-11 03:10:00,92.11,87.21,3.8756616666666703,492.97,85.21,24.13,-13.96,16.34,76.04,4.43670533333333,493.64,114.37,32.8,-12.19,24.6,89.61,3.7674793333333296,492.3,76.76,21.79,-5.45,18.65,95.99,3.42606866666667,492.98,78.72,-31.6,59.59
2026-01-11 03:11:59,XPQ-01 Main,2026-01-11 03:11:00,93.58,85.52,3.898995,493.15,88.97,25.2,-15.43,16.97,73.99,4.43670533333333,493.85,109.71,31.48,-13.94,25.61,87.83,4.06747933333333,492.57,82.06,23.3,-6.68,19.75,94.73,3.42606866666667,493.05,79.99,-36.04,62.32
2026-01-11 03:12:59,XPQ-01 Main,2026-01-11 03:12:00,92.18,81.13,3.998995,492.89,80.56,22.8,-14.31,15.06,72.49,4.403372,493.51,108.36,31.08,-17.09,22.17,79.2,4.10081266666667,492.36,87.62,24.87,-9.03,20.74,91.69,3.22606866666667,492.8,78.75,-40.43,57.97
2026-01-11 03:13:59,XPQ-01 Main,2026-01-11 03:13:00,89.25,90.58,3.7223283333333295,492.68,87.21,24.68,-13.85,18.58,80.18,4.63670533333333,493.37,106.54,30.54,-9.4,26.43,94.22,3.7674793333333296,492.07,74.02,21.0,-4.34,18.37,97.33,3.259402,492.61,76.22,-27.58,63.38
2026-01-11 03:14:59,XPQ-01 Main,2026-01-11 03:14:00,91.15,88.94,4.088995,492.77,83.46,23.63,-12.14,17.64,82.39,4.303372,493.47,103.89,29.79,-13.14,24.61,88.21,4.16747933333333,492.08,86.1,24.43,-6.12,21.65,96.23,3.09273533333333,492.77,77.84,-31.39,63.89
2026-01-11 03:15:59,XPQ-01 Main,2026-01-11 03:15:00,95.64,83.21,4.888995,493.01,83.92,23.77,-15.2,16.34,73.22,4.67003866666667,493.6,112.76,32.34,-16.19,24.4,83.33,5.26747933333333,492.38,90.24,25.62,-8.22,20.93,93.07,3.42606866666667,493.04,81.73,-39.61,61.68
2026-01-11 03:16:59,XPQ-01 Main,2026-01-11 03:16:00,76.64,87.47,3.86566166666667,492.68,75.57,21.4,-13.77,14.61,72.78,5.17003866666667,493.27,93.16,26.7,-9.35,23.09,92.69,4.00081266666667,491.9,61.17,17.36,-3.75,14.8,96.94,4.22606866666667,492.86,65.45,-26.87,52.5
2026-01-11 03:17:59,XPQ-01 Main,2026-01-11 03:17:00,90.51,82.99,3.708995,492.94,79.01,22.37,-14.27,15.16,72.83,4.47003866666667,493.58,107.02,30.7,-15.58,23.0,82.79,3.8674793333333297,492.32,85.49,24.27,-7.67,19.96,93.35,3.12606866666667,492.92,77.33,-37.52,58.13
2026-01-11 03:18:59,XPQ-01 Main,2026-01-11 03:18:00,96.48,84.43,3.7756616666666702,493.07,85.53,24.23,-15.01,16.56,74.1,4.203372,493.76,115.71,33.2,-16.18,25.49,84.43,3.934146,492.44,88.19,25.04,-7.32,21.71,94.77,3.059402,493.01,82.46,-38.51,63.77
2026-01-11 03:19:59,XPQ-01 Main,2026-01-11 03:19:00,76.92,86.49,4.08566166666667,492.57,74.56,21.1,-12.77,14.82,75.76,4.43670533333333,493.2,89.73,25.72,-10.7,21.34,89.4,4.30081266666667,491.95,66.47,18.85,-5.66,16.04,94.29,2.959402,492.55,65.67,-29.13,52.2
2026-01-11 03:20:59,XPQ-01 Main,2026-01-11 03:20:00,90.33,82.95,3.93232833333333,492.27,85.43,24.15,-16.53,15.6,68.64,4.67003866666667,492.96,108.73,31.15,-15.3,25.59,85.84,3.934146,491.78,76.82,21.77,-6.72,19.19,94.37,3.29273533333333,492.08,77.08,-38.55,60.38
2026-01-11 03:21:59,XPQ-01 Main,2026-01-11 03:21:00,89.72,78.64,3.978995,492.44,77.47,21.91,-13.83,14.68,72.79,4.43670533333333,493.06,101.29,29.02,-17.99,20.04,74.4,4.034146,491.83,90.41,25.64,-10.75,20.7,88.74,3.42606866666667,492.42,76.57,-42.58,55.42
2026-01-11 03:22:59,XPQ-01 Main,2026-01-11 03:22:00,82.17,88.88,3.62232833333333,492.03,80.74,22.82,-13.75,16.33,76.49,4.43670533333333,492.61,97.89,28.02,-9.72,24.57,92.98,3.66747933333333,491.46,67.89,19.24,-4.07,16.7,97.16,3.459402,492.01,70.08,-27.54,57.6
2026-01-11 03:23:59,XPQ-01 Main,2026-01-11 03:23:00,76.13,90.36,3.918995,491.72,72.23,20.4,-11.27,15.31,80.52,4.03670533333333,492.24,88.47,25.3,-8.32,21.75,93.41,3.934146,491.1,67.68,19.17,-3.83,15.72,97.16,3.159402,491.82,64.88,-23.42,52.78
2026-01-11 03:24:59,XPQ-01 Main,2026-01-11 03:24:00,93.21,81.07,3.908995,492.04,80.62,22.77,-13.77,16.24,76.26,4.503372,492.5,104.02,29.79,-18.15,21.68,76.68,3.90081266666667,491.76,94.98,26.92,-10.72,22.49,90.27,3.32606866666667,491.86,79.48,-42.64,60.41
2026-01-11 03:25:59,XPQ-01 Main,2026-01-11 03:25:00,89.99,77.91,4.15566166666667,492.04,81.66,23.08,-16.53,13.75,63.95,4.47003866666667,492.79,106.31,30.44,-17.23,22.52,79.43,4.10081266666667,491.35,82.01,23.23,-8.77,18.5,90.35,3.359402,491.96,76.75,-42.53,54.77
2026-01-11 03:26:59,XPQ-01 Main,2026-01-11 03:26:00,86.07,80.84,3.88566166666667,491.81,76.53,21.61,-13.85,14.45,72.18,4.903372,492.47,99.19,28.4,-15.61,20.69,79.82,4.06747933333333,491.5,82.48,23.36,-8.85,18.84,90.51,3.459402,491.44,73.37,-38.31,53.97
2026-01-11 03:27:59,XPQ-01 Main,2026-01-11 03:27:00,98.9,80.87,3.85232833333333,491.91,85.55,24.16,-15.08,16.27,73.35,4.403372,492.45,112.9,32.33,-19.56,23.88,77.36,3.734146,491.64,98.24,27.83,-10.13,23.62,91.91,3.19273533333333,491.64,84.32,-44.77,63.78
2026-01-11 03:28:59,XPQ-01 Main,2026-01-11 03:28:00,96.46,78.24,3.988995,492.37,81.79,23.12,-15.36,15.07,70.03,4.67003866666667,492.95,111.7,32.0,-20.53,22.67,74.12,4.134146,491.91,95.9,27.19,-10.79,23.06,90.57,3.159402,492.26,82.32,-46.69,60.8
2026-01-11 03:29:59,XPQ-01 Main,2026-01-11 03:29:00,82.48,86.88,3.6556616666666706,492.19,77.99,22.06,-12.76,15.53,77.26,4.67003866666667,493.09,96.03,27.51,-11.62,22.24,88.63,3.7674793333333296,491.39,73.41,20.79,-5.94,17.6,94.75,3.159402,492.07,70.36,-30.32,55.37
2026-01-11 03:30:59,XPQ-01 Main,2026-01-11 03:30:00,87.77,84.92,4.04232833333333,492.02,77.16,21.81,-12.71,15.99,78.27,4.27003866666667,492.93,99.24,28.43,-14.41,21.89,83.52,4.10081266666667,491.43,86.91,24.61,-7.96,20.11,92.97,2.92606866666667,491.71,74.84,-35.09,57.98
2026-01-11 03:31:59,XPQ-01 Main,2026-01-11 03:31:00,94.94,80.97,3.8556616666666703,492.41,88.21,24.95,-15.75,15.45,70.03,4.53670533333333,493.09,111.57,31.96,-17.09,23.64,81.03,3.96747933333333,491.74,85.05,24.11,-8.78,20.42,91.86,3.49273533333333,492.41,81.03,-41.63,59.51
2026-01-11 03:32:59,XPQ-01 Main,2026-01-11 03:32:00,83.71,87.1,3.7656616666666705,492.42,81.14,22.96,-13.67,15.82,75.66,4.47003866666667,493.12,98.03,28.08,-11.34,23.51,90.07,3.834146,491.62,71.96,20.4,-5.34,17.37,95.58,3.12606866666667,492.53,71.44,-30.35,56.7
2026-01-11 03:33:59,XPQ-01 Main,2026-01-11 03:33:00,92.14,80.26,4.008995,492.67,84.08,23.8,-15.29,15.64,71.51,4.17003866666667,493.36,106.63,30.56,-16.86,22.19,79.62,4.06747933333333,491.93,85.72,24.31,-9.9,20.01,89.64,3.29273533333333,492.72,78.67,-42.05,57.84
2026-01-11 03:34:59,XPQ-01 Main,2026-01-11 03:34:00,81.64,80.22,3.898995,492.4,76.34,21.58,-13.7,13.93,71.31,4.53670533333333,493.1,91.99,26.37,-14.61,19.61,80.19,4.00081266666667,492.0,76.6,21.72,-8.79,17.31,89.16,3.42606866666667,492.1,69.67,-37.1,50.85
2026-01-11 03:35:59,XPQ-01 Main,2026-01-11 03:35:00,78.44,89.53,3.85232833333333,492.44,74.38,21.04,-11.53,14.93,79.17,4.303372,493.03,92.19,26.41,-9.4,22.12,92.04,3.80081266666667,491.73,68.74,19.49,-3.82,16.4,97.4,3.39273533333333,492.55,66.94,-24.74,53.46
2026-01-11 03:36:59,XPQ-01 Main,2026-01-11 03:36:00,90.17,85.03,3.8123283333333298,492.73,82.31,23.28,-13.22,16.33,77.73,4.43670533333333,493.31,102.57,29.42,-14.39,22.57,84.32,3.8674793333333297,492.42,85.63,24.3,-7.94,20.16,93.05,3.32606866666667,492.46,77.0,-35.54,59.06
2026-01-11 03:37:59,XPQ-01 Main,2026-01-11 03:37:00,86.94,78.87,3.9223283333333296,492.42,77.79,21.99,-13.6,15.48,75.12,4.37003866666667,493.07,94.47,27.08,-17.18,19.31,74.72,3.96747933333333,492.0,88.57,25.11,-11.6,20.23,86.75,3.19273533333333,492.2,74.19,-42.38,55.02
2026-01-11 03:38:59,XPQ-01 Main,2026-01-11 03:38:00,88.98,78.3,3.598995,492.44,79.65,22.52,-15.97,13.52,64.61,4.67003866666667,493.08,106.42,30.51,-17.7,22.6,78.73,3.66747933333333,492.05,80.87,22.93,-8.49,19.32,91.55,3.12606866666667,492.19,75.96,-42.16,55.44
2026-01-11 03:39:59,XPQ-01 Main,2026-01-11 03:39:00,76.04,86.22,3.598995,492.59,75.17,21.27,-13.05,14.11,73.42,4.07003866666667,493.2,89.4,25.62,-10.39,21.46,90.0,3.60081266666667,491.93,63.54,18.02,-4.89,15.26,95.23,3.059402,492.63,64.92,-28.33,50.83
2026-01-11 03:40:59,XPQ-01 Main,2026-01-11 03:40:00,96.78,83.99,3.808995,492.55,84.38,23.87,-13.79,18.12,79.59,4.03670533333333,493.1,108.12,30.99,-17.81,23.96,80.26,3.80081266666667,492.07,97.85,27.76,-10.2,24.15,92.12,3.159402,492.48,82.61,-41.79,66.24
2026-01-11 03:41:59,XPQ-01 Main,2026-01-11 03:41:00,81.86,85.63,3.82232833333333,492.25,79.35,22.43,-14.84,14.75,70.49,4.53670533333333,492.91,99.53,28.51,-11.85,24.32,89.9,3.80081266666667,491.68,66.7,18.9,-4.54,16.72,96.5,3.09273533333333,492.17,69.85,-31.23,55.78
2026-01-11 03:42:59,XPQ-01 Main,2026-01-11 03:42:00,80.22,83.49,3.7556616666666702,492.69,75.73,21.43,-14.08,14.04,70.6,4.33670533333333,493.52,94.51,27.11,-12.45,21.65,86.7,3.90081266666667,492.19,70.41,19.97,-6.31,16.21,93.19,3.32606866666667,492.34,68.5,-32.84,51.9
2026-01-11 03:43:59,XPQ-01 Main,2026-01-11 03:43:00,84.15,87.49,3.918995,492.83,81.69,23.13,-14.46,15.69,73.53,4.27003866666667,493.63,102.73,29.46,-10.99,25.13,91.62,4.06747933333333,492.14,68.03,19.3,-4.05,17.12,97.31,3.09273533333333,492.73,71.89,-29.5,57.94
2026-01-11 03:44:59,XPQ-01 Main,2026-01-11 03:44:00,99.88,86.46,3.998995,492.83,86.52,24.48,-13.5,18.86,81.32,4.603372,493.45,112.87,32.38,-17.31,26.08,83.31,4.10081266666667,492.39,100.26,28.45,-8.57,25.42,94.76,3.09273533333333,492.65,85.31,-39.38,70.36
2026-01-11 03:45:59,XPQ-01 Main,2026-01-11 03:45:00,108.97,87.15,4.34232833333333,492.63,96.82,27.4,-16.24,20.63,78.58,4.53670533333333,493.49,128.28,36.78,-17.76,30.85,86.67,4.534146,491.99,101.82,28.87,-7.55,26.62,96.21,3.359402,492.4,93.05,-41.55,78.11
2026-01-11 03:46:59,XPQ-01 Main,2026-01-11 03:46:00,107.43,86.98,4.198995,492.74,96.09,27.2,-16.2,20.26,78.1,4.77003866666667,493.51,126.48,36.27,-17.27,30.22,86.83,4.10081266666667,492.12,99.72,28.29,-7.5,25.74,96.01,3.7260686666666705,492.57,91.76,-40.97,76.23
2026-01-11 03:47:59,XPQ-01 Main,2026-01-11 03:47:00,99.85,81.99,4.24232833333333,492.7,91.57,25.91,-15.74,16.45,72.25,4.803372,493.38,117.58,33.72,-18.02,24.9,81.0,4.234146,492.24,90.39,25.64,-9.02,22.33,92.72,3.6927353333333297,492.48,85.27,-42.78,63.68
2026-01-11 03:48:59,XPQ-01 Main,2026-01-11 03:48:00,77.06,89.32,4.198995,492.7,70.88,20.06,-11.47,14.65,78.74,4.83670533333333,493.48,90.98,26.1,-9.45,21.92,91.83,4.16747933333333,492.2,69.3,19.66,-3.78,16.28,97.4,3.659402,492.42,65.81,-24.71,52.86
2026-01-11 03:49:59,XPQ-01 Main,2026-01-11 03:49:00,89.64,88.41,4.408995,492.73,84.5,23.92,-14.69,16.88,75.44,4.67003866666667,493.31,107.86,30.92,-11.84,27.2,91.69,4.36747933333333,492.11,76.57,21.73,-3.82,19.26,98.09,3.759402,492.77,76.56,-30.35,63.33
2026-01-11 03:50:59,XPQ-01 Main,2026-01-11 03:50:00,102.23,83.96,4.26566166666667,493.15,92.64,26.24,-16.99,18.16,73.03,5.03670533333333,494.01,120.39,34.56,-18.01,28.23,84.31,4.234146,492.5,93.65,26.58,-8.2,23.76,94.53,3.8260686666666706,492.94,87.38,-43.2,70.16
2026-01-11 03:51:59,XPQ-01 Main,2026-01-11 03:51:00,69.95,84.97,4.03232833333333,492.81,66.71,18.89,-11.67,12.44,72.93,4.77003866666667,493.57,82.14,23.55,-9.8,18.51,88.37,3.96747933333333,492.06,61.01,17.31,-5.13,13.66,93.61,3.79273533333333,492.8,59.75,-26.6,44.6
2026-01-11 03:52:59,XPQ-01 Main,2026-01-11 03:52:00,106.77,85.2,4.198995,492.56,95.26,26.96,-16.17,19.39,76.81,4.603372,493.27,123.96,35.53,-18.22,28.47,84.23,4.20081266666667,491.89,101.08,28.67,-8.71,25.35,94.57,3.52606866666667,492.53,91.15,-43.1,73.21
2026-01-11 03:53:59,XPQ-01 Main,2026-01-11 03:53:00,83.37,83.39,4.22232833333333,492.55,76.54,21.64,-13.05,15.21,75.89,4.77003866666667,493.03,94.02,26.95,-13.87,20.68,83.05,4.10081266666667,492.22,79.57,22.57,-8.25,18.38,91.23,3.62606866666667,492.4,71.17,-35.18,54.27
2026-01-11 03:54:59,XPQ-01 Main,2026-01-11 03:54:00,71.99,85.18,4.21232833333333,492.5,69.52,19.67,-12.36,13.11,72.79,4.83670533333333,493.21,84.29,24.15,-10.29,19.73,88.67,4.30081266666667,491.81,62.15,17.62,-5.19,14.41,94.09,3.7260686666666705,492.5,61.45,-27.83,47.26
2026-01-11 03:55:59,XPQ-01 Main,2026-01-11 03:55:00,68.33,80.58,4.05566166666667,492.83,67.28,19.05,-13.02,11.26,65.42,4.703372,493.73,81.11,23.27,-10.81,17.93,85.63,4.10081266666667,492.18,56.59,16.05,-5.81,12.5,90.7,3.6260686666666704,492.58,58.37,-29.64,41.69
2026-01-11 03:56:59,XPQ-01 Main,2026-01-11 03:56:00,90.85,90.12,4.15566166666667,492.41,85.9,24.29,-10.31,19.0,87.9,4.803372,492.96,96.15,27.55,-12.37,22.74,87.84,4.10081266666667,491.94,90.49,25.66,-7.63,22.29,94.61,3.259402,492.33,77.5,-30.31,64.04
2026-01-11 03:57:59,XPQ-01 Main,2026-01-11 03:57:00,94.36,78.08,4.35566166666667,492.75,81.46,23.05,-14.72,15.7,72.95,4.603372,493.5,106.07,30.42,-19.82,21.17,72.99,4.434146,492.2,95.56,27.11,-11.95,22.5,88.31,3.759402,492.55,80.58,-46.5,59.37
2026-01-11 03:58:59,XPQ-01 Main,2026-01-11 03:58:00,75.46,85.28,3.96566166666667,492.81,72.04,20.4,-12.56,14.11,74.71,4.93670533333333,493.64,85.95,24.65,-11.15,20.38,87.72,3.96747933333333,492.11,68.4,19.4,-6.03,15.77,93.42,3.6927353333333297,492.68,64.45,-29.74,50.27
2026-01-11 03:59:59,XPQ-01 Main,2026-01-11 03:59:00,90.87,80.43,4.05566166666667,492.98,81.85,23.17,-14.81,14.55,70.08,4.33670533333333,493.75,105.58,30.3,-17.18,22.4,79.34,4.034146,492.47,85.18,24.17,-8.7,20.23,91.87,3.59273533333333,492.73,77.65,-40.7,57.19
2026-01-11 04:00:59,XPQ-01 Main,2026-01-11 04:00:00,87.1,91.23,4.318995,491.97,83.47,23.58,-13.22,17.79,80.27,4.63670533333333,492.62,104.75,29.99,-9.34,27.05,94.52,4.434146,491.5,73.08,20.7,-2.8,18.74,98.9,3.49273533333333,491.8,74.28,-25.36,63.58
2026-01-11 04:01:59,XPQ-01 Main,2026-01-11 04:01:00,97.84,86.63,4.35566166666667,492.48,87.24,24.67,-14.37,18.41,78.84,4.83670533333333,493.25,113.4,32.51,-15.74,26.43,85.92,4.30081266666667,491.98,92.88,26.33,-7.54,23.24,95.12,3.6927353333333297,492.2,83.51,-37.64,68.08
2026-01-11 04:02:59,XPQ-01 Main,2026-01-11 04:02:00,93.0,83.15,4.35566166666667,492.66,79.49,22.49,-13.3,15.94,76.79,4.803372,493.27,106.67,30.59,-17.6,22.98,79.38,4.36747933333333,492.28,92.84,26.34,-8.83,22.86,93.28,3.959402,492.44,79.41,-39.73,61.78
2026-01-11 04:03:59,XPQ-01 Main,2026-01-11 04:03:00,89.43,77.96,4.298995,492.53,74.53,21.07,-13.04,14.34,73.99,4.97003866666667,493.19,99.9,28.65,-18.92,19.21,71.25,4.434146,492.2,93.85,26.62,-11.26,21.55,88.63,3.7260686666666705,492.2,76.34,-43.22,55.1
2026-01-11 04:04:59,XPQ-01 Main,2026-01-11 04:04:00,95.01,75.99,4.37566166666667,492.63,82.67,23.38,-15.71,15.12,69.34,4.83670533333333,493.18,107.76,30.9,-20.58,21.09,71.57,4.40081266666667,492.35,94.6,26.84,-12.43,21.99,87.05,3.6260686666666704,492.36,81.12,-48.73,58.2
2026-01-11 04:05:59,XPQ-01 Main,2026-01-11 04:05:00,81.66,86.04,4.398995,492.16,77.72,21.97,-13.15,15.08,75.38,4.803372,492.82,95.63,27.39,-11.58,21.96,88.45,4.36747933333333,491.6,71.63,20.3,-5.97,16.91,94.29,3.92606866666667,492.04,69.66,-30.7,53.95
2026-01-11 04:06:59,XPQ-01 Main,2026-01-11 04:06:00,92.43,83.24,4.44232833333333,492.52,83.85,23.72,-14.92,16.45,74.09,5.003372,493.2,107.67,30.86,-15.88,23.78,83.17,4.534146,491.98,85.77,24.32,-8.52,20.67,92.46,3.8260686666666706,492.39,78.9,-39.31,60.9
2026-01-11 04:07:59,XPQ-01 Main,2026-01-11 04:07:00,87.48,85.42,4.35566166666667,492.3,79.44,22.46,-12.14,16.38,80.36,4.73670533333333,492.93,99.84,28.6,-13.17,20.72,84.38,4.40081266666667,491.74,83.15,23.57,-8.43,19.16,91.53,4.059402,492.24,74.64,-33.74,56.26
2026-01-11 04:08:59,XPQ-01 Main,2026-01-11 04:08:00,96.39,78.72,4.398995,492.84,87.94,24.89,-15.74,15.1,69.22,5.03670533333333,493.6,111.05,31.86,-18.84,22.62,76.84,4.534146,492.32,90.16,25.58,-10.24,21.26,90.1,3.62606866666667,492.61,82.33,-44.82,58.98
2026-01-11 04:09:59,XPQ-01 Main,2026-01-11 04:09:00,89.13,78.92,4.53232833333333,492.67,78.72,22.28,-14.54,14.59,70.82,4.87003866666667,493.44,102.28,29.33,-17.62,20.94,76.5,4.434146,492.12,86.37,24.5,-10.09,20.16,89.42,3.79273533333333,492.46,76.1,-42.26,55.68
2026-01-11 04:10:59,XPQ-01 Main,2026-01-11 04:10:00,79.68,87.55,4.55232833333333,492.87,72.18,20.44,-12.56,14.17,74.83,5.27003866666667,493.71,96.9,27.79,-11.13,23.07,90.06,4.60081266666667,492.14,69.95,19.84,-3.68,17.1,97.76,3.89273533333333,492.75,68.08,-27.37,54.34
2026-01-11 04:11:59,XPQ-01 Main,2026-01-11 04:11:00,82.84,83.19,4.308995,492.6,74.9,21.19,-12.84,14.9,75.75,4.83670533333333,493.25,94.02,26.96,-14.22,20.56,82.25,4.434146,492.11,79.6,22.58,-8.17,18.62,91.58,4.22606866666667,492.44,70.72,-35.23,54.08
2026-01-11 04:12:59,XPQ-01 Main,2026-01-11 04:12:00,73.33,91.61,4.33232833333333,492.73,68.45,19.37,-10.32,14.63,81.7,4.803372,493.35,88.72,25.44,-7.4,21.46,94.53,4.50081266666667,492.17,62.8,17.82,-2.58,15.24,98.59,3.6927353333333297,492.67,62.63,-20.31,51.33
2026-01-11 04:13:59,XPQ-01 Main,2026-01-11 04:13:00,96.36,79.09,4.34232833333333,493.33,83.93,23.77,-16.2,15.1,68.18,4.63670533333333,493.95,113.93,32.72,-19.64,24.02,77.41,4.434146,493.02,91.23,25.92,-9.7,22.26,91.68,3.859402,493.01,82.41,-45.54,61.38
2026-01-11 04:14:59,XPQ-01 Main,2026-01-11 04:14:00,86.71,84.55,4.41232833333333,492.98,82.7,23.41,-15.18,15.48,71.39,5.07003866666667,493.58,101.82,29.21,-13.45,24.34,87.52,4.70081266666667,492.45,75.61,21.47,-6.13,18.18,94.75,3.52606866666667,492.91,74.09,-34.77,57.99
2026-01-11 04:15:59,XPQ-01 Main,2026-01-11 04:15:00,95.69,82.35,4.47566166666667,492.74,87.82,24.85,-14.9,18.14,77.26,4.803372,493.23,105.35,30.2,-17.17,23.11,80.27,4.46747933333333,492.29,93.91,26.65,-11.13,22.36,89.52,3.7260686666666705,492.68,81.7,-43.2,63.61
2026-01-11 04:16:59,XPQ-01 Main,2026-01-11 04:16:00,76.02,95.54,4.62232833333333,492.45,76.56,21.65,-9.41,18.14,88.77,5.13670533333333,493.11,88.57,25.39,-4.55,23.99,98.25,4.70081266666667,491.95,62.93,17.84,-1.46,16.52,99.61,3.8260686666666706,492.29,64.88,-15.42,58.64
2026-01-11 04:17:59,XPQ-01 Main,2026-01-11 04:17:00,100.06,82.95,4.398995,492.93,89.51,25.34,-16.54,17.24,72.14,5.203372,493.67,117.91,33.84,-18.35,26.99,82.7,4.534146,492.5,92.76,26.32,-8.45,23.33,94.02,3.959402,492.62,85.49,-43.34,67.55
2026-01-11 04:18:59,XPQ-01 Main,2026-01-11 04:18:00,81.37,88.69,4.13232833333333,492.57,78.15,22.11,-12.5,16.43,79.57,5.03670533333333,493.24,94.09,26.96,-9.52,22.16,91.87,4.16747933333333,491.89,71.87,20.38,-5.63,16.47,94.62,3.62606866666667,492.58,69.46,-27.66,55.05
2026-01-11 04:19:59,XPQ-01 Main,2026-01-11 04:19:00,79.45,88.39,4.37566166666667,492.4,81.92,23.17,-14.48,16.44,75.04,4.703372,493.24,94.75,27.16,-9.04,24.48,93.81,4.56747933333333,491.78,61.69,17.48,-4.31,15.47,96.33,3.52606866666667,492.17,67.81,-27.83,56.39
2026-01-11 04:20:59,XPQ-01 Main,2026-01-11 04:20:00,103.8,83.73,4.65566166666667,492.8,93.59,26.49,-17.01,18.09,72.86,4.97003866666667,493.46,122.54,35.14,-18.36,28.23,83.83,4.634146,492.28,95.27,27.03,-8.29,23.98,94.51,3.59273533333333,492.66,88.67,-43.66,70.3
2026-01-11 04:21:59,XPQ-01 Main,2026-01-11 04:21:00,96.1,83.66,4.32232833333333,492.68,85.52,24.2,-14.89,16.71,74.66,5.303372,493.44,112.63,32.3,-16.89,24.84,82.7,4.36747933333333,492.16,90.15,25.57,-8.33,22.18,93.62,4.02606866666667,492.45,82.07,-40.11,63.74
2026-01-11 04:22:59,XPQ-01 Main,2026-01-11 04:22:00,81.69,84.97,4.41232833333333,492.33,77.65,21.96,-13.67,14.69,73.19,4.83670533333333,493.09,97.07,27.82,-11.59,21.7,88.2,4.46747933333333,491.76,70.37,19.94,-6.14,16.19,93.51,3.759402,492.15,69.72,-31.4,52.58
2026-01-11 04:23:59,XPQ-01 Main,2026-01-11 04:23:00,83.94,88.8,4.34232833333333,492.1,86.06,24.33,-14.92,17.35,75.83,4.97003866666667,492.79,100.68,28.82,-9.22,25.59,94.08,4.334146,491.38,65.06,18.43,-4.42,16.26,96.5,3.79273533333333,492.13,71.59,-28.56,59.2
2026-01-11 04:24:59,XPQ-01 Main,2026-01-11 04:24:00,84.22,90.32,4.188995,492.43,84.06,23.78,-13.22,17.84,80.34,5.203372,493.11,99.49,28.5,-8.78,24.56,94.16,4.16747933333333,491.75,69.11,19.6,-4.68,17.09,96.45,3.49273533333333,492.44,71.88,-26.68,59.49
2026-01-11 04:25:59,XPQ-01 Main,2026-01-11 04:25:00,79.9,88.38,4.098995,492.25,77.83,22.0,-12.93,16.12,78.0,4.73670533333333,492.85,92.68,26.55,-10.26,23.04,91.35,4.134146,491.79,69.19,19.61,-5.1,16.99,95.78,3.659402,492.11,68.16,-28.28,56.14
2026-01-11 04:26:59,XPQ-01 Main,2026-01-11 04:26:00,72.56,88.11,4.298995,492.31,72.86,20.6,-12.86,14.34,74.44,4.67003866666667,493.15,86.8,24.87,-7.91,21.42,93.81,4.334146,491.68,58.04,16.45,-3.85,13.36,96.1,3.49273533333333,492.12,61.92,-24.62,49.12
2026-01-11 04:27:59,XPQ-01 Main,2026-01-11 04:27:00,75.13,89.98,4.208995,492.54,74.2,21.0,-11.29,15.5,80.83,4.97003866666667,493.45,87.05,24.96,-8.21,21.07,93.18,4.30081266666667,491.8,64.14,18.18,-4.5,15.33,95.95,3.59273533333333,492.38,64.14,-24.0,51.89
2026-01-11 04:28:59,XPQ-01 Main,2026-01-11 04:28:00,99.07,81.15,4.118995,492.63,92.47,26.17,-16.53,18.27,74.15,4.703372,493.24,110.71,31.73,-18.04,24.34,80.34,4.16747933333333,492.03,94.02,26.67,-11.46,22.32,88.96,3.6260686666666704,492.62,84.57,-46.02,64.93
2026-01-11 04:29:59,XPQ-01 Main,2026-01-11 04:29:00,104.82,89.03,4.298995,491.31,96.54,27.23,-13.96,19.72,81.62,4.53670533333333,491.82,121.61,34.77,-14.13,27.74,89.11,4.16747933333333,490.9,96.32,27.26,-6.52,23.5,96.36,3.659402,491.2,89.26,-34.61,70.96
2026-01-11 04:30:59,XPQ-01 Main,2026-01-11 04:30:00,102.49,56.95,4.37566166666667,491.96,88.59,25.03,-19.1,9.19,43.35,4.87003866666667,492.63,119.86,34.31,-25.83,15.98,52.6,4.46747933333333,491.4,99.01,28.05,-16.08,18.19,74.91,3.859402,491.85,87.39,-61.01,43.35
2026-01-11 04:31:59,XPQ-01 Main,2026-01-11 04:31:00,101.3,94.49,4.23232833333333,491.28,91.02,25.68,-11.05,21.44,88.9,5.103372,491.86,119.28,34.11,-9.88,30.18,95.04,4.234146,490.89,93.6,26.48,-2.36,24.35,99.53,3.559402,491.08,86.26,-23.29,75.97
2026-01-11 04:32:59,XPQ-01 Main,2026-01-11 04:32:00,107.66,97.32,4.188995,491.36,98.31,27.75,-8.7,24.85,94.39,4.903372,492.18,123.85,35.42,-7.33,32.77,97.59,4.234146,490.75,100.8,28.51,-0.61,27.12,99.97,3.559402,491.15,91.68,-16.63,84.73
2026-01-11 04:33:59,XPQ-01 Main,2026-01-11 04:33:00,98.08,98.88,3.8756616666666703,491.34,93.9,26.51,-4.54,25.27,98.42,4.73670533333333,492.14,113.47,32.44,1.19,31.59,99.93,3.934146,490.54,86.88,24.57,4.3,22.93,98.29,3.59273533333333,491.33,83.52,0.95,79.79
2026-01-11 04:34:59,XPQ-01 Main,2026-01-11 04:34:00,75.3,86.39,4.408995,491.77,72.0,20.34,-11.17,13.17,76.27,4.63670533333333,492.34,86.76,24.82,-9.0,18.28,89.72,4.56747933333333,491.04,67.15,19.02,-5.31,13.62,93.18,3.059402,491.91,64.18,-25.47,45.07
2026-01-11 04:35:59,XPQ-01 Main,2026-01-11 04:35:00,97.96,96.97,4.378995,491.62,89.13,25.17,-8.93,21.98,92.64,5.003372,492.07,116.37,33.28,-5.69,30.83,98.34,4.334146,491.11,88.39,25.03,0.87,23.17,99.93,3.659402,491.69,83.48,-13.75,75.97
2026-01-11 04:36:59,XPQ-01 Main,2026-01-11 04:36:00,109.55,88.33,4.34232833333333,491.21,98.17,27.69,-12.25,21.34,83.13,4.97003866666667,491.9,126.71,36.22,-12.85,29.61,87.53,4.334146,490.71,103.77,29.35,-4.78,25.59,94.32,3.8260686666666706,491.02,93.26,-29.89,76.53
2026-01-11 04:37:59,XPQ-01 Main,2026-01-11 04:37:00,129.3,98.75,4.498995,490.99,117.05,33.02,-6.82,30.39,97.57,4.903372,491.63,149.61,42.73,-3.62,40.86,99.61,4.46747933333333,490.36,121.24,34.28,4.39,32.19,99.08,3.79273533333333,490.98,110.03,-6.06,103.43
2026-01-11 04:38:59,XPQ-01 Main,2026-01-11 04:38:00,109.87,98.4,4.508995,490.89,96.95,27.33,-3.74,25.08,98.91,5.03670533333333,491.53,131.02,37.43,1.17,34.01,99.94,4.534146,490.48,101.66,28.74,6.85,24.69,96.36,3.9927353333333295,490.67,93.5,4.28,83.78
2026-01-11 04:39:59,XPQ-01 Main,2026-01-11 04:39:00,112.94,24.12,4.33232833333333,491.5,106.31,29.99,-26.73,2.5,9.32,4.97003866666667,492.11,127.18,36.39,-31.93,8.13,24.67,4.40081266666667,491.23,105.33,29.81,-23.87,9.92,38.37,4.02606866666667,491.15,96.2,-82.53,20.55
2026-01-11 04:40:59,XPQ-01 Main,2026-01-11 04:40:00,117.45,96.31,4.32232833333333,490.81,105.07,29.62,-10.57,25.44,92.34,4.83670533333333,491.65,136.47,38.98,-9.66,36.12,96.6,4.20081266666667,490.22,110.82,31.31,-0.33,29.44,99.99,3.759402,490.57,99.92,-20.56,90.99
2026-01-11 04:41:59,XPQ-01 Main,2026-01-11 04:41:00,113.22,87.17,4.588995,491.42,106.06,29.93,-16.79,21.61,78.97,4.87003866666667,492.19,130.21,37.25,-16.37,30.18,87.91,4.46747933333333,491.01,103.37,29.24,-8.59,25.19,94.64,3.89273533333333,491.06,96.43,-41.75,76.98
2026-01-11 04:42:59,XPQ-01 Main,2026-01-11 04:42:00,93.39,49.58,4.34566166666667,491.23,88.1,24.85,-17.44,6.71,35.92,5.37003866666667,491.78,107.97,30.86,-19.16,11.56,51.64,4.36747933333333,490.76,84.1,23.79,-13.67,10.57,61.17,3.92606866666667,491.15,79.51,-50.28,28.84
2026-01-11 04:43:59,XPQ-01 Main,2026-01-11 04:43:00,121.38,96.68,4.64566166666667,490.94,107.24,30.23,-10.05,26.36,93.44,4.87003866666667,491.59,140.35,40.11,-9.91,37.08,96.61,4.56747933333333,490.61,116.55,32.95,-0.14,31.07,100.0,3.79273533333333,490.6,103.28,-20.11,94.52
2026-01-11 04:44:59,XPQ-01 Main,2026-01-11 04:44:00,112.96,62.9,4.44232833333333,491.23,102.51,28.91,-23.0,12.68,48.28,5.27003866666667,492.03,131.18,37.53,-27.52,21.84,62.17,4.36747933333333,490.92,105.18,29.74,-16.7,20.99,78.25,4.09273533333333,490.76,96.18,-67.22,55.51
2026-01-11 04:45:59,XPQ-01 Main,2026-01-11 04:45:00,114.98,41.27,4.38566166666667,491.53,107.31,30.28,-26.87,6.66,24.08,5.103372,492.25,132.55,37.94,-32.09,14.9,42.13,4.30081266666667,491.22,105.09,29.74,-21.73,15.32,57.61,3.859402,491.11,97.95,-80.68,36.89
2026-01-11 04:46:59,XPQ-01 Main,2026-01-11 04:46:00,90.26,98.43,4.54232833333333,490.61,81.6,22.99,-4.33,19.24,97.56,4.97003866666667,491.24,105.88,30.24,-0.77,26.56,99.96,4.634146,490.24,83.31,23.53,4.14,19.32,97.78,3.89273533333333,490.37,76.76,-0.96,65.12
2026-01-11 04:47:59,XPQ-01 Main,2026-01-11 04:47:00,101.48,97.88,4.14566166666667,490.8,93.38,26.33,-0.63,24.76,99.97,5.17003866666667,491.63,117.46,33.56,4.15,31.65,99.15,4.10081266666667,490.19,93.6,26.44,8.1,23.44,94.51,3.8260686666666706,490.58,86.33,11.63,79.84
2026-01-11 04:48:59,XPQ-01 Main,2026-01-11 04:48:00,77.17,98.65,4.088995,491.01,71.79,20.24,-4.39,17.02,96.83,4.703372,491.67,89.25,25.51,-1.74,22.34,99.7,4.20081266666667,490.61,70.48,19.92,1.86,16.93,99.4,3.62606866666667,490.75,65.67,-4.26,56.28
2026-01-11 04:49:59,XPQ-01 Main,2026-01-11 04:49:00,125.43,92.96,3.93232833333333,491.37,115.17,32.5,-14.05,23.91,86.22,4.63670533333333,492.07,146.41,41.87,-12.94,34.38,93.59,4.00081266666667,490.87,114.72,32.46,-3.82,27.72,99.06,3.42606866666667,491.18,106.83,-30.81,86.01
2026-01-11 04:50:59,XPQ-01 Main,2026-01-11 04:50:00,120.18,51.46,3.82232833333333,491.96,114.9,32.46,-28.12,9.88,33.14,4.403372,492.73,139.74,40.01,-31.62,20.43,54.27,3.934146,491.41,105.9,29.99,-20.09,18.12,66.98,3.39273533333333,491.73,102.47,-79.83,48.43
2026-01-11 04:51:59,XPQ-01 Main,2026-01-11 04:51:00,129.92,95.64,3.978995,490.86,117.27,33.07,-13.4,28.24,90.35,4.43670533333333,491.58,153.34,43.8,-10.95,40.81,96.59,3.90081266666667,490.26,119.15,33.67,-0.63,31.85,99.98,3.09273533333333,490.75,110.54,-24.97,100.9
2026-01-11 04:52:59,XPQ-01 Main,2026-01-11 04:52:00,124.17,98.23,3.96566166666667,490.27,113.15,31.84,-8.38,28.67,95.98,4.47003866666667,490.87,143.64,41.0,-5.51,38.88,99.01,3.934146,490.02,115.71,32.67,2.43,30.67,99.69,3.559402,489.91,105.51,-11.46,98.22
2026-01-11 04:53:59,XPQ-01 Main,2026-01-11 04:53:00,102.1,98.54,4.33232833333333,490.67,94.67,26.68,-6.14,23.83,96.84,4.503372,491.42,118.32,33.8,-2.52,32.09,99.69,4.30081266666667,490.22,93.3,26.35,3.31,24.3,99.09,3.459402,490.36,86.83,-5.36,80.22
2026-01-11 04:54:59,XPQ-01 Main,2026-01-11 04:54:00,113.24,96.37,4.26566166666667,490.87,105.52,29.75,-10.98,24.17,91.05,4.87003866666667,491.55,134.44,38.4,-6.76,33.96,98.08,4.234146,490.34,99.77,28.2,0.11,24.92,100.0,3.8260686666666706,490.72,96.35,-17.63,83.06
2026-01-11 04:55:59,XPQ-01 Main,2026-01-11 04:55:00,120.98,98.52,4.33232833333333,490.32,111.02,31.26,-7.17,28.54,96.99,4.97003866666667,490.9,141.63,40.41,-2.26,38.72,99.83,4.334146,489.86,110.3,31.14,4.63,28.74,98.73,3.59273533333333,490.18,102.82,-4.8,96.0
2026-01-11 04:56:59,XPQ-01 Main,2026-01-11 04:56:00,68.48,85.55,4.388995,490.72,69.36,19.55,-13.03,11.0,64.5,4.97003866666667,491.6,84.78,24.21,-7.46,20.21,93.81,4.16747933333333,490.04,51.31,14.49,-1.94,10.51,98.34,3.6927353333333297,490.53,58.26,-22.42,41.71
2026-01-11 04:57:59,XPQ-01 Main,2026-01-11 04:57:00,123.87,95.88,4.188995,491.2,112.71,31.79,-12.28,26.76,90.88,5.17003866666667,492.02,144.41,41.3,-9.86,37.96,96.79,4.20081266666667,490.82,114.49,32.37,-0.85,29.75,99.96,3.8260686666666706,490.76,105.46,-22.99,94.46
2026-01-11 04:58:59,XPQ-01 Main,2026-01-11 04:58:00,78.56,79.85,4.38566166666667,490.77,75.1,21.18,-13.3,10.3,61.24,4.803372,491.5,93.28,26.64,-10.84,18.18,85.89,4.20081266666667,490.09,67.31,19.02,-4.89,11.85,92.44,3.559402,490.72,66.83,-29.03,40.33
2026-01-11 04:59:59,XPQ-01 Main,2026-01-11 04:59:00,116.21,97.95,7.16566166666667,490.95,105.89,29.85,-8.14,25.43,95.24,5.203372,491.59,135.72,38.79,-4.97,35.22,99.02,7.00081266666667,490.61,107.02,30.25,2.41,27.0,99.6,3.759402,490.64,98.89,-10.7,87.64
2026-01-11 05:00:59,XPQ-01 Main,2026-01-11 05:00:00,126.91,93.56,4.36566166666667,491.48,116.18,32.8,-13.33,25.23,88.41,7.403372,492.35,144.96,41.47,-12.54,33.79,93.75,4.26747933333333,490.84,119.58,33.83,-4.94,28.33,98.52,7.09273533333333,491.24,108.1,-30.81,87.35
2026-01-11 05:01:59,XPQ-01 Main,2026-01-11 05:01:00,126.48,98.93,4.13232833333333,491.06,116.26,32.78,-5.74,30.19,98.24,5.003372,491.79,146.21,41.8,-1.59,39.82,99.92,4.20081266666667,490.74,116.97,33.07,5.16,30.8,98.63,3.8260686666666706,490.66,107.65,-2.17,100.81
2026-01-11 05:02:59,XPQ-01 Main,2026-01-11 05:02:00,129.56,99.42,4.17566166666667,487.87,121.68,34.09,-3.14,31.98,99.52,4.73670533333333,488.48,144.73,41.09,-0.16,39.29,100.0,4.30081266666667,487.44,122.27,34.35,5.16,32.33,98.75,3.459402,487.7,109.53,1.86,103.6
2026-01-11 05:03:59,XPQ-01 Main,2026-01-11 05:03:00,132.42,98.11,4.198995,488.13,124.77,34.96,-8.89,31.12,96.15,4.83670533333333,488.84,146.99,41.78,-7.23,38.28,98.26,4.30081266666667,487.87,125.5,35.27,-1.31,32.69,99.92,3.39273533333333,487.67,112.01,-17.42,102.09
2026-01-11 05:04:59,XPQ-01 Main,2026-01-11 05:04:00,125.79,99.24,4.34566166666667,488.49,116.95,32.79,-5.01,31.19,98.73,4.903372,488.99,142.71,40.58,-1.63,39.49,99.91,4.134146,488.22,117.72,33.12,4.37,31.75,99.07,3.39273533333333,488.26,106.49,-2.27,102.43
2026-01-11 05:05:59,XPQ-01 Main,2026-01-11 05:05:00,123.42,96.72,3.8756616666666703,488.82,114.28,32.09,-9.78,27.65,94.27,5.13670533333333,489.66,138.39,39.38,-9.7,34.84,96.33,3.96747933333333,488.3,117.57,33.08,-2.95,30.63,99.54,3.759402,488.51,104.55,-22.44,93.12
2026-01-11 05:06:59,XPQ-01 Main,2026-01-11 05:06:00,115.87,97.98,3.9123283333333294,488.25,106.9,29.98,-7.49,26.79,96.31,4.403372,489.02,128.8,36.6,-7.22,33.26,97.73,3.9008126666666705,487.7,111.9,31.45,-1.25,29.23,99.91,3.259402,488.04,98.03,-15.96,89.28
2026-01-11 05:07:59,XPQ-01 Main,2026-01-11 05:07:00,80.04,59.09,4.03232833333333,487.67,75.79,21.22,-16.62,8.46,45.34,4.503372,488.19,90.58,25.71,-18.18,13.91,60.79,4.00081266666667,487.32,73.76,20.72,-12.28,12.44,71.16,3.32606866666667,487.49,67.64,-47.08,34.81
2026-01-11 05:08:59,XPQ-01 Main,2026-01-11 05:08:00,71.52,76.89,3.97566166666667,487.74,69.72,19.52,-12.86,10.43,63.0,4.57003866666667,488.29,82.91,23.55,-11.28,15.96,81.66,3.834146,487.54,61.93,17.4,-6.91,11.65,86.0,3.52606866666667,487.4,60.46,-31.05,38.04
2026-01-11 05:09:59,XPQ-01 Main,2026-01-11 05:09:00,75.01,76.43,4.198995,487.75,74.4,20.83,-12.99,10.51,62.89,4.57003866666667,488.14,85.48,24.27,-11.51,15.93,81.06,4.36747933333333,487.63,65.14,18.3,-7.19,11.78,85.35,3.52606866666667,487.49,63.4,-31.69,38.22
2026-01-11 05:10:59,XPQ-01 Main,2026-01-11 05:10:00,66.58,33.01,3.7856616666666705,487.56,68.83,19.26,-16.43,2.7,16.22,4.77003866666667,487.96,73.91,20.97,-16.17,7.75,43.22,3.7674793333333296,487.28,57.0,16.01,-11.65,5.02,39.6,3.459402,487.44,56.25,-44.25,15.47
2026-01-11 05:11:59,XPQ-01 Main,2026-01-11 05:11:00,116.22,84.47,3.85232833333333,487.99,101.34,28.38,-15.83,19.71,77.95,4.503372,488.35,133.39,37.89,-18.93,27.46,82.33,3.834146,487.83,113.92,32.03,-10.14,25.92,93.12,3.09273533333333,487.8,98.3,-44.9,73.08
2026-01-11 05:12:59,XPQ-01 Main,2026-01-11 05:12:00,73.05,81.4,3.7656616666666705,488.55,72.41,20.32,-13.67,13.26,69.61,4.603372,489.06,83.82,23.82,-11.49,18.98,85.54,3.8674793333333297,488.02,62.93,17.71,-7.17,14.03,89.04,3.12606866666667,488.56,61.85,-32.33,46.26
2026-01-11 05:13:59,XPQ-01 Main,2026-01-11 05:13:00,84.69,89.45,4.008995,488.34,81.71,22.91,-12.54,17.06,80.59,4.403372,488.88,98.38,27.96,-10.05,23.41,91.89,3.96747933333333,488.0,73.98,20.8,-5.29,17.82,95.87,3.02606866666667,488.13,71.68,-27.87,58.29
2026-01-11 05:14:59,XPQ-01 Main,2026-01-11 05:14:00,65.54,75.71,3.94566166666667,488.09,68.26,19.13,-13.95,10.5,60.16,4.63670533333333,488.65,74.82,21.25,-10.37,16.19,84.2,4.034146,487.7,53.54,15.05,-6.84,10.09,82.77,3.42606866666667,487.92,55.43,-31.16,36.78
2026-01-11 05:15:59,XPQ-01 Main,2026-01-11 05:15:00,69.96,81.16,3.85232833333333,487.83,65.51,18.35,-11.16,11.45,71.61,4.403372,488.2,77.42,21.98,-10.48,15.77,83.29,3.90081266666667,487.52,66.95,18.82,-6.76,12.9,88.56,3.39273533333333,487.77,59.14,-28.41,40.12
2026-01-11 05:16:59,XPQ-01 Main,2026-01-11 05:16:00,71.19,84.16,3.93232833333333,487.63,69.27,19.4,-11.36,12.9,75.03,4.403372,488.23,78.39,22.24,-10.32,17.59,86.26,4.00081266666667,487.03,65.93,18.51,-6.39,14.19,91.19,3.259402,487.63,60.15,-28.07,44.68
2026-01-11 05:17:59,XPQ-01 Main,2026-01-11 05:17:00,106.0,82.26,3.82232833333333,487.74,90.54,25.37,-14.77,17.57,76.55,4.303372,488.39,120.75,34.26,-19.63,24.6,78.17,3.934146,487.1,106.72,29.97,-10.56,24.92,92.08,3.49273533333333,487.73,89.61,-44.96,67.1
2026-01-11 05:18:59,XPQ-01 Main,2026-01-11 05:18:00,86.25,80.87,4.288995,487.43,79.0,22.13,-13.98,14.03,70.82,4.37003866666667,488.18,98.73,28.0,-14.37,20.31,81.62,4.26747933333333,486.71,81.02,22.74,-8.29,17.28,90.17,3.159402,487.41,72.86,-36.65,51.62
2026-01-11 05:19:59,XPQ-01 Main,2026-01-11 05:19:00,78.61,72.93,4.508995,487.04,73.08,20.44,-14.11,10.93,61.23,4.87003866666667,487.75,90.34,25.61,-14.64,16.3,74.42,4.434146,486.63,72.43,20.31,-9.3,13.92,83.14,3.7260686666666705,486.75,66.36,-38.05,41.16
2026-01-11 05:20:59,XPQ-01 Main,2026-01-11 05:20:00,75.84,80.22,4.25566166666667,487.41,74.07,20.74,-13.81,12.58,67.33,5.17003866666667,488.17,86.46,24.53,-12.06,18.8,84.18,4.06747933333333,486.84,66.99,18.8,-7.12,14.01,89.16,3.92606866666667,487.21,64.06,-32.98,45.38
2026-01-11 05:21:59,XPQ-01 Main,2026-01-11 05:21:00,91.09,89.82,4.54566166666667,487.62,85.77,24.0,-12.05,18.19,83.35,4.87003866666667,488.28,102.84,29.2,-11.22,23.94,90.55,4.434146,487.42,84.65,23.77,-6.17,20.02,95.57,3.8260686666666706,487.17,76.97,-29.44,62.15
2026-01-11 05:22:59,XPQ-01 Main,2026-01-11 05:22:00,95.75,80.42,4.44232833333333,487.13,85.59,23.94,-14.67,15.77,73.2,5.003372,487.66,108.76,30.83,-17.61,21.98,78.03,4.40081266666667,486.76,92.9,26.06,-10.23,21.15,90.03,4.19273533333333,486.96,80.84,-42.52,58.9
2026-01-11 05:23:59,XPQ-01 Main,2026-01-11 05:23:00,94.64,78.28,4.24566166666667,487.85,83.29,23.32,-15.33,14.07,67.61,5.003372,488.43,107.72,30.6,-17.07,21.23,77.93,4.134146,487.72,92.9,26.1,-9.53,18.9,89.29,3.92606866666667,487.39,80.02,-41.93,54.2
2026-01-11 05:24:59,XPQ-01 Main,2026-01-11 05:24:00,96.27,87.01,4.53232833333333,487.74,86.34,24.19,-14.37,16.71,75.82,4.67003866666667,488.62,115.43,32.78,-12.35,24.94,89.62,4.434146,487.17,87.03,24.43,-5.77,18.79,95.59,3.92606866666667,487.43,81.4,-32.49,60.45
2026-01-11 05:25:59,XPQ-01 Main,2026-01-11 05:25:00,94.22,88.2,4.15566166666667,487.54,84.68,23.71,-13.81,16.79,77.23,5.17003866666667,488.33,113.32,32.17,-11.41,24.94,90.93,4.034146,487.09,84.67,23.76,-5.07,18.52,96.45,3.9927353333333295,487.2,79.64,-30.29,60.24
2026-01-11 05:26:59,XPQ-01 Main,2026-01-11 05:26:00,93.72,77.61,4.35566166666667,487.41,85.11,23.82,-15.81,14.14,66.68,4.97003866666667,488.21,105.72,30.0,-17.09,21.19,77.84,4.234146,486.93,90.32,25.34,-9.86,18.57,88.32,3.459402,487.09,79.16,-42.76,53.9
2026-01-11 05:27:59,XPQ-01 Main,2026-01-11 05:27:00,84.29,83.64,4.17566166666667,487.32,81.07,22.7,-14.56,14.34,70.16,5.03670533333333,487.98,96.61,27.39,-12.05,21.98,87.69,4.134146,486.58,75.2,21.1,-6.21,15.79,93.07,3.79273533333333,487.4,71.19,-32.81,52.1
2026-01-11 05:28:59,XPQ-01 Main,2026-01-11 05:28:00,90.6,87.46,4.288995,487.74,83.72,23.47,-12.89,15.78,77.47,4.803372,488.54,105.99,30.08,-10.87,22.43,89.99,4.234146,486.96,82.08,23.04,-5.67,17.09,94.92,3.59273533333333,487.72,76.59,-29.42,55.31
2026-01-11 05:29:59,XPQ-01 Main,2026-01-11 05:29:00,98.47,70.31,4.388995,487.82,86.4,24.21,-17.18,12.33,58.3,4.83670533333333,488.29,116.05,32.93,-19.89,19.25,69.55,4.234146,487.26,92.96,26.12,-12.02,17.95,83.09,3.79273533333333,487.9,83.26,-49.09,49.53
2026-01-11 05:30:59,XPQ-01 Main,2026-01-11 05:30:00,116.51,78.94,4.108995,487.58,102.36,28.66,-17.16,15.32,66.61,4.97003866666667,488.35,137.8,39.12,-19.22,24.64,78.85,3.934146,487.21,109.36,30.69,-9.57,21.48,91.35,3.959402,487.17,98.47,-45.94,61.44
2026-01-11 05:31:59,XPQ-01 Main,2026-01-11 05:31:00,99.56,12.78,4.62232833333333,487.75,95.44,26.72,-23.98,-0.45,1.87,4.63670533333333,488.15,109.55,31.1,-28.18,3.61,12.71,4.634146,487.46,93.71,26.33,-22.16,5.42,23.75,3.759402,487.64,84.15,-74.33,8.58
2026-01-11 05:32:59,XPQ-01 Main,2026-01-11 05:32:00,104.09,98.71,4.24232833333333,487.18,94.5,26.44,-5.82,24.37,97.27,5.103372,487.66,121.67,34.49,-2.17,32.33,99.78,4.16747933333333,486.81,96.1,26.97,3.35,24.69,99.09,4.12606866666667,487.06,87.89,-4.64,81.39
2026-01-11 05:33:59,XPQ-01 Main,2026-01-11 05:33:00,112.34,53.89,4.64232833333333,487.65,104.48,29.25,-23.66,11.01,42.18,4.93670533333333,488.01,125.54,35.62,-27.73,17.25,52.81,4.634146,487.37,107.01,30.07,-19.68,17.61,66.68,3.6260686666666704,487.57,94.94,-71.07,45.86
2026-01-11 05:34:59,XPQ-01 Main,2026-01-11 05:34:00,115.17,87.22,4.54232833333333,487.76,101.45,28.42,-14.35,19.39,80.37,5.17003866666667,488.33,132.59,37.63,-16.79,27.83,85.63,4.26747933333333,487.23,111.47,31.31,-7.71,25.32,95.66,4.12606866666667,487.72,97.36,-38.85,72.54
2026-01-11 05:35:59,XPQ-01 Main,2026-01-11 05:35:00,112.81,75.75,4.488995,488.09,101.15,28.36,-17.37,15.03,65.45,5.303372,488.7,128.75,36.56,-20.45,22.69,74.27,4.46747933333333,487.55,108.53,30.51,-11.74,21.27,87.54,4.059402,488.01,95.43,-49.56,58.99
2026-01-11 05:36:59,XPQ-01 Main,2026-01-11 05:36:00,103.46,78.52,4.77566166666667,488.11,94.59,26.5,-15.17,13.47,66.4,4.903372,488.43,118.76,33.73,-15.37,20.56,80.09,4.934146,487.92,97.03,27.29,-8.68,16.99,89.06,4.09273533333333,487.96,87.52,-39.22,51.03
2026-01-11 05:37:59,XPQ-01 Main,2026-01-11 05:37:00,109.1,56.21,4.54232833333333,488.16,99.43,27.88,-21.36,9.52,40.71,5.33670533333333,489.01,126.41,35.93,-25.69,17.22,55.68,4.60081266666667,487.67,101.45,28.5,-16.29,17.02,72.23,4.059402,487.82,92.31,-63.35,43.76
2026-01-11 05:38:59,XPQ-01 Main,2026-01-11 05:38:00,107.33,88.99,4.678995,487.64,97.97,27.42,-12.37,17.4,81.51,4.97003866666667,488.12,123.83,35.15,-12.31,24.37,89.26,4.90081266666667,487.4,100.18,28.14,-5.82,20.51,96.2,4.059402,487.4,90.71,-30.5,62.28
2026-01-11 05:39:59,XPQ-01 Main,2026-01-11 05:39:00,108.78,78.06,4.83232833333333,487.83,99.97,27.99,-16.26,14.12,65.57,5.07003866666667,488.47,124.98,35.5,-17.55,22.36,78.66,4.934146,487.61,101.37,28.48,-9.27,19.11,89.97,4.059402,487.41,91.97,-43.08,55.59
2026-01-11 05:40:59,XPQ-01 Main,2026-01-11 05:40:00,106.36,78.5,4.73232833333333,487.67,97.89,27.41,-16.05,13.96,65.61,5.403372,488.1,122.41,34.73,-16.97,22.26,79.51,4.734146,487.28,98.8,27.75,-8.84,18.67,90.38,4.159402,487.61,89.9,-41.86,54.88
2026-01-11 05:41:59,XPQ-01 Main,2026-01-11 05:41:00,103.1,60.3,4.918995,488.34,90.65,25.43,-18.34,9.2,44.81,5.17003866666667,489.17,121.46,34.52,-22.3,16.47,59.42,4.90081266666667,487.72,97.19,27.32,-13.5,16.12,76.67,4.29273533333333,488.15,87.27,-54.14,41.79
2026-01-11 05:42:59,XPQ-01 Main,2026-01-11 05:42:00,105.83,83.9,4.32232833333333,488.01,99.51,27.9,-14.13,15.48,73.86,5.47003866666667,488.64,117.09,33.24,-14.23,22.72,84.76,4.50081266666667,487.35,100.89,28.35,-7.42,18.9,93.08,4.39273533333333,488.04,89.49,-35.78,57.1
2026-01-11 05:43:59,XPQ-01 Main,2026-01-11 05:43:00,105.92,86.69,4.64232833333333,488.88,93.19,26.15,-14.21,19.0,80.08,4.83670533333333,489.28,120.41,34.26,-15.78,26.12,85.59,4.634146,488.69,104.16,29.34,-8.26,23.61,94.39,3.62606866666667,488.66,89.75,-38.26,68.73
2026-01-11 05:44:59,XPQ-01 Main,2026-01-11 05:44:00,79.91,81.65,4.778995,488.65,74.99,21.05,-13.63,12.81,68.47,5.303372,489.15,93.1,26.46,-11.51,19.27,85.86,4.90081266666667,487.99,71.65,20.17,-6.53,14.0,90.63,3.9927353333333295,488.8,67.68,-31.67,46.07
2026-01-11 05:45:59,XPQ-01 Main,2026-01-11 05:45:00,84.09,68.3,4.518995,488.85,76.95,21.61,-15.86,10.0,53.32,5.27003866666667,489.69,95.15,27.07,-16.26,16.51,71.26,4.50081266666667,488.09,80.17,22.56,-9.98,13.46,80.33,4.159402,488.77,71.24,-42.09,39.97
2026-01-11 05:46:59,XPQ-01 Main,2026-01-11 05:46:00,96.87,81.6,4.63232833333333,488.62,87.95,24.67,-14.82,15.44,72.13,5.103372,489.1,110.34,31.37,-15.53,22.15,81.89,4.56747933333333,488.26,92.32,25.98,-8.85,19.16,90.79,3.959402,488.5,82.03,-39.2,56.76
2026-01-11 05:47:59,XPQ-01 Main,2026-01-11 05:47:00,86.82,75.79,4.698995,488.35,81.56,22.89,-14.73,11.87,62.74,5.103372,488.99,96.98,27.54,-14.48,18.27,78.37,4.734146,487.49,81.91,23.03,-8.61,14.69,86.26,4.22606866666667,488.56,73.47,-37.82,44.83
2026-01-11 05:48:59,XPQ-01 Main,2026-01-11 05:48:00,98.31,88.68,4.47566166666667,488.54,88.69,24.89,-13.23,18.02,80.6,5.303372,489.36,112.76,32.06,-13.0,25.63,89.18,4.60081266666667,487.94,93.48,26.29,-6.0,21.31,96.26,4.059402,488.31,83.24,-32.23,64.96
2026-01-11 05:49:59,XPQ-01 Main,2026-01-11 05:49:00,92.41,83.83,4.388995,488.51,84.88,23.81,-14.53,14.34,70.24,5.03670533333333,489.09,105.0,29.85,-12.92,22.75,86.96,4.56747933333333,488.08,87.36,24.58,-5.98,16.93,94.3,3.79273533333333,488.35,78.24,-33.42,54.02
2026-01-11 05:50:59,XPQ-01 Main,2026-01-11 05:50:00,83.06,87.35,4.44566166666667,488.19,79.95,22.42,-12.99,15.1,75.82,5.003372,488.66,97.26,27.62,-10.54,22.44,90.51,4.434146,487.65,71.97,20.24,-4.95,16.4,95.73,3.59273533333333,488.26,70.28,-28.48,53.94
2026-01-11 05:51:59,XPQ-01 Main,2026-01-11 05:51:00,93.69,79.31,4.488995,488.5,82.23,23.08,-14.65,14.16,69.5,4.903372,489.31,108.01,30.7,-16.25,20.8,78.8,4.534146,487.74,90.82,25.54,-9.21,18.62,89.63,3.9927353333333295,488.45,79.32,-40.12,53.59
2026-01-11 05:52:59,XPQ-01 Main,2026-01-11 05:52:00,91.24,80.87,4.398995,488.64,82.63,23.19,-15.29,13.91,67.29,4.93670533333333,489.58,107.48,30.58,-14.59,22.1,83.45,4.36747933333333,488.0,83.62,23.51,-7.37,17.16,91.88,3.9927353333333295,488.34,77.28,-37.25,53.17
2026-01-11 05:53:59,XPQ-01 Main,2026-01-11 05:53:00,93.61,82.5,4.33232833333333,487.24,88.99,24.9,-16.68,15.93,69.07,4.97003866666667,488.06,107.96,30.63,-14.29,24.47,86.36,4.16747933333333,486.8,83.87,23.52,-7.56,17.85,92.09,3.859402,486.87,79.05,-38.52,58.25
2026-01-11 05:54:59,XPQ-01 Main,2026-01-11 05:54:00,107.45,94.92,4.75232833333333,487.09,99.03,27.71,-11.35,22.01,88.87,4.903372,488.03,125.88,35.7,-8.36,30.17,96.37,4.734146,486.49,97.45,27.31,-2.27,23.08,99.52,3.92606866666667,486.76,90.72,-21.98,75.25
2026-01-11 05:55:59,XPQ-01 Main,2026-01-11 05:55:00,105.8,89.13,4.34232833333333,487.36,96.4,27.0,-13.87,19.06,80.86,5.303372,488.24,123.53,35.03,-12.82,26.85,90.24,4.234146,486.58,97.47,27.34,-6.07,21.67,96.29,4.22606866666667,487.27,89.37,-32.76,67.58
2026-01-11 05:56:59,XPQ-01 Main,2026-01-11 05:56:00,99.65,90.66,4.34566166666667,486.98,89.95,25.16,-12.65,17.86,81.61,4.87003866666667,487.47,116.53,33.01,-10.44,25.7,92.65,4.46747933333333,486.41,92.46,25.93,-4.25,19.53,97.71,3.92606866666667,487.05,84.1,-27.34,63.09
2026-01-11 05:57:59,XPQ-01 Main,2026-01-11 05:57:00,100.77,74.89,4.44232833333333,487.25,89.07,24.93,-17.18,13.51,61.83,4.87003866666667,487.69,116.12,32.91,-18.22,21.36,76.08,4.46747933333333,486.66,97.12,27.26,-10.39,18.14,86.77,3.6927353333333297,487.4,85.1,-45.79,53.01
2026-01-11 05:58:59,XPQ-01 Main,2026-01-11 05:58:00,91.35,86.13,4.44566166666667,486.67,85.83,23.99,-14.61,16.17,74.2,4.93670533333333,487.16,106.88,30.27,-11.55,23.75,89.93,4.46747933333333,486.25,81.33,22.8,-6.05,17.1,94.27,3.92606866666667,486.6,77.05,-32.2,57.01
2026-01-11 05:59:59,XPQ-01 Main,2026-01-11 05:59:00,107.61,91.73,4.478995,485.93,98.97,27.62,-13.35,19.3,82.24,4.93670533333333,486.76,125.83,35.59,-10.0,28.28,94.28,4.30081266666667,485.38,98.02,27.42,-3.37,20.52,98.68,3.92606866666667,485.64,90.63,-26.73,68.1
2026-01-11 06:00:59,XPQ-01 Main,2026-01-11 06:00:00,94.84,93.59,4.44232833333333,486.1,80.21,22.39,-8.98,16.86,88.25,5.103372,486.97,111.36,31.52,-8.03,22.33,94.11,4.434146,485.61,92.94,26.0,-3.34,18.45,98.4,4.02606866666667,485.73,79.91,-20.36,57.65
2026-01-11 06:01:59,XPQ-01 Main,2026-01-11 06:01:00,79.36,96.41,4.278995,485.96,72.85,20.33,-7.3,16.45,91.4,4.93670533333333,486.44,94.05,26.59,-4.42,21.68,97.99,4.30081266666667,485.55,71.17,19.92,-0.94,16.24,99.83,3.959402,485.89,66.84,-12.66,54.37
2026-01-11 06:02:59,XPQ-01 Main,2026-01-11 06:02:00,94.18,88.06,4.408995,486.06,90.37,25.23,-15.1,18.39,77.3,4.83670533333333,486.85,110.42,31.24,-12.74,27.23,90.58,4.20081266666667,485.59,81.76,22.88,-5.73,20.51,96.31,3.6927353333333297,485.72,79.35,-33.56,66.13
2026-01-11 06:03:59,XPQ-01 Main,2026-01-11 06:03:00,97.0,89.89,4.518995,486.03,91.42,25.51,-12.79,17.81,81.21,5.03670533333333,486.45,114.73,32.44,-10.53,24.69,91.98,4.56747933333333,485.61,84.87,23.76,-5.18,18.99,96.48,3.9927353333333295,486.02,81.72,-28.51,61.49
2026-01-11 06:04:59,XPQ-01 Main,2026-01-11 06:04:00,114.71,60.61,4.488995,487.15,113.25,31.7,-26.14,13.94,47.06,5.07003866666667,487.96,130.36,36.96,-26.41,22.21,64.37,4.40081266666667,486.47,100.52,28.19,-18.42,18.26,70.41,3.92606866666667,487.03,96.84,-70.97,54.42
2026-01-11 06:05:59,XPQ-01 Main,2026-01-11 06:05:00,103.14,41.24,4.45232833333333,487.02,88.9,24.85,-21.03,6.42,29.19,5.23670533333333,487.68,117.92,33.44,-28.78,10.76,35.02,4.40081266666667,486.72,102.59,28.77,-20.62,15.27,59.52,3.8260686666666706,486.66,87.06,-70.42,32.45
2026-01-11 06:06:59,XPQ-01 Main,2026-01-11 06:06:00,102.14,82.83,4.388995,486.82,93.08,26.04,-14.55,15.21,72.26,5.13670533333333,487.76,120.49,34.14,-14.24,22.27,84.24,4.40081266666667,486.11,92.84,26.01,-7.77,18.25,92.0,3.8260686666666706,486.58,86.19,-36.56,55.72
2026-01-11 06:07:59,XPQ-01 Main,2026-01-11 06:07:00,104.29,83.36,4.62232833333333,486.44,90.47,25.28,-12.74,14.89,75.99,5.03670533333333,487.39,122.87,34.8,-13.55,20.15,82.98,4.634146,485.81,99.54,27.86,-8.12,17.94,91.1,3.72606866666667,486.12,87.94,-34.41,52.98
2026-01-11 06:08:59,XPQ-01 Main,2026-01-11 06:08:00,98.27,82.04,4.42232833333333,486.37,88.12,24.61,-12.76,13.91,73.69,5.33670533333333,486.92,114.2,32.32,-13.42,19.26,82.05,4.36747933333333,485.93,92.48,25.9,-8.0,16.9,90.37,3.89273533333333,486.28,82.84,-34.18,50.06
2026-01-11 06:09:59,XPQ-01 Main,2026-01-11 06:09:00,97.81,83.48,4.48566166666667,486.67,87.37,24.42,-12.47,14.33,75.44,4.97003866666667,487.65,114.06,32.33,-13.15,19.83,83.35,4.334146,486.21,92.01,25.77,-7.58,17.37,91.66,3.92606866666667,486.16,82.51,-33.19,51.53
2026-01-11 06:10:59,XPQ-01 Main,2026-01-11 06:10:00,102.46,85.82,4.608995,486.37,96.15,26.84,-13.09,16.91,79.06,5.13670533333333,487.11,117.37,33.25,-13.7,22.58,85.5,4.50081266666667,486.13,93.84,26.28,-7.96,19.98,92.9,3.9927353333333295,485.87,86.37,-34.75,59.47
2026-01-11 06:11:59,XPQ-01 Main,2026-01-11 06:11:00,101.61,79.06,4.388995,486.62,93.03,26.0,-15.07,14.68,69.77,5.203372,487.62,117.65,33.34,-16.6,21.08,78.57,4.46747933333333,486.02,94.15,26.36,-9.78,18.93,88.85,4.12606866666667,486.21,85.7,-41.44,54.68
2026-01-11 06:12:59,XPQ-01 Main,2026-01-11 06:12:00,103.91,82.44,4.63232833333333,486.41,92.05,25.73,-13.98,15.24,73.71,5.03670533333333,487.08,120.77,34.17,-14.8,21.52,82.39,4.40081266666667,485.68,98.92,27.7,-8.46,18.84,91.22,3.659402,486.48,87.6,-37.24,55.6
2026-01-11 06:13:59,XPQ-01 Main,2026-01-11 06:13:00,102.59,80.92,4.35566166666667,486.55,92.31,25.81,-14.38,14.59,71.22,5.203372,487.17,119.1,33.71,-15.24,21.11,81.08,4.36747933333333,485.84,96.35,27.0,-8.65,18.35,90.44,4.29273533333333,486.65,86.51,-38.27,54.05
2026-01-11 06:14:59,XPQ-01 Main,2026-01-11 06:14:00,100.68,68.08,4.56566166666667,486.82,87.75,24.54,-15.2,10.69,57.52,4.903372,487.7,119.7,33.92,-18.09,16.02,66.31,4.30081266666667,486.24,94.57,26.5,-11.57,15.66,80.43,3.79273533333333,486.53,84.96,-44.86,42.37
2026-01-11 06:15:59,XPQ-01 Main,2026-01-11 06:15:00,117.0,62.79,4.288995,485.44,107.14,29.86,-13.58,8.53,53.2,5.13670533333333,486.17,135.71,38.36,-16.7,12.43,59.71,4.20081266666667,485.11,108.15,30.22,-11.35,13.05,75.47,4.259402,485.06,98.45,-41.64,34.02
2026-01-11 06:16:59,XPQ-01 Main,2026-01-11 06:16:00,126.74,27.65,4.34232833333333,485.72,116.77,32.56,-27.02,2.77,10.2,4.93670533333333,486.52,146.33,41.39,-33.46,9.72,27.91,4.134146,485.39,117.11,32.74,-23.64,11.87,44.86,3.72606866666667,485.27,106.7,-84.13,24.36
2026-01-11 06:17:59,XPQ-01 Main,2026-01-11 06:17:00,135.24,14.49,4.55232833333333,485.58,124.35,34.68,-31.15,-2.96,9.45,4.903372,486.2,155.35,43.9,-40.68,2.89,7.09,4.40081266666667,485.07,126.01,35.23,-30.25,8.46,26.93,3.9927353333333295,485.48,113.81,-102.08,8.39
2026-01-11 06:18:59,XPQ-01 Main,2026-01-11 06:18:00,118.97,93.64,4.38566166666667,485.08,112.68,31.4,5.38,29.61,98.39,5.203372,485.81,135.47,38.24,12.26,34.67,94.28,4.20081266666667,484.44,108.75,30.37,13.57,25.49,88.27,4.059402,485.0,100.01,31.21,89.77
2026-01-11 06:19:59,XPQ-01 Main,2026-01-11 06:19:00,125.12,16.56,4.47566166666667,487.01,111.9,31.28,-27.55,-1.1,3.99,5.103372,487.42,145.42,41.22,-37.28,4.17,11.12,4.334146,486.73,118.04,33.12,-27.35,10.08,34.57,3.859402,486.88,105.61,-92.18,13.15
2026-01-11 06:20:59,XPQ-01 Main,2026-01-11 06:20:00,93.6,98.75,4.28566166666667,485.75,85.06,23.73,-1.74,20.12,99.63,5.103372,486.37,110.0,31.09,1.77,25.43,99.76,4.16747933333333,485.19,85.73,23.98,4.93,19.24,96.87,3.9927353333333295,485.67,78.8,4.97,64.8
2026-01-11 06:21:59,XPQ-01 Main,2026-01-11 06:21:00,107.75,99.1,4.398995,485.94,96.65,26.98,-3.87,20.19,98.21,5.003372,486.57,123.89,35.03,-1.25,25.71,99.88,4.30081266666667,485.41,102.71,28.74,2.55,20.23,99.21,3.6927353333333297,485.85,90.75,-2.57,66.13
2026-01-11 06:22:59,XPQ-01 Main,2026-01-11 06:22:00,121.68,97.35,4.808995,485.77,113.58,31.7,-1.43,30.09,99.89,5.203372,486.5,143.0,40.42,6.33,38.56,98.68,4.834146,485.12,108.46,30.33,10.26,26.99,93.48,3.6927353333333297,485.68,102.45,15.16,95.64
2026-01-11 06:23:59,XPQ-01 Main,2026-01-11 06:23:00,113.06,78.53,4.68566166666667,486.14,99.04,27.65,-12.39,11.26,67.26,5.37003866666667,486.75,134.75,38.13,-13.32,17.12,78.94,4.50081266666667,485.74,105.38,29.5,-7.4,14.76,89.39,4.22606866666667,485.94,95.28,-33.11,43.14
2026-01-11 06:24:59,XPQ-01 Main,2026-01-11 06:24:00,114.2,98.48,4.508995,486.09,103.82,28.98,-6.17,24.56,96.99,5.403372,486.7,135.52,38.33,-0.72,32.8,99.98,4.46747933333333,485.64,103.25,28.9,4.13,23.46,98.48,4.159402,485.94,96.22,-2.75,80.82
2026-01-11 06:25:59,XPQ-01 Main,2026-01-11 06:25:00,107.7,98.45,4.308995,485.55,97.41,27.16,-5.47,19.8,96.39,5.27003866666667,486.23,125.02,35.33,-2.45,26.52,99.58,4.06747933333333,485.07,100.68,28.14,2.22,20.1,99.39,3.79273533333333,485.35,90.64,-5.7,66.43
2026-01-11 06:26:59,XPQ-01 Main,2026-01-11 06:26:00,122.8,97.26,4.308995,485.47,115.0,32.08,-0.47,30.17,99.99,5.003372,486.26,143.41,40.51,6.84,38.0,98.42,4.20081266666667,484.79,110.0,30.74,10.38,27.08,93.38,3.859402,485.35,103.33,16.75,95.25
2026-01-11 06:27:59,XPQ-01 Main,2026-01-11 06:27:00,126.11,90.31,4.42232833333333,485.94,114.81,32.04,-12.84,18.79,82.56,5.103372,486.66,147.16,41.63,-12.06,26.62,91.09,4.40081266666667,485.48,116.36,32.55,-5.15,21.64,97.28,3.6260686666666704,485.68,106.22,-30.06,67.05
2026-01-11 06:28:59,XPQ-01 Main,2026-01-11 06:28:00,126.66,96.18,4.27566166666667,485.57,116.72,32.56,-1.59,30.35,99.86,5.17003866666667,486.4,151.09,42.7,8.04,40.38,98.08,4.234146,484.93,112.18,31.35,12.32,26.39,90.61,3.6927353333333297,485.4,106.61,18.77,97.12
2026-01-11 06:29:59,XPQ-01 Main,2026-01-11 06:29:00,132.14,74.86,4.378995,486.38,121.44,33.91,-20.38,15.79,61.26,4.803372,487.04,156.68,44.36,-21.26,25.25,76.51,4.46747933333333,485.99,118.3,33.13,-12.01,21.02,86.83,3.79273533333333,486.11,111.41,-53.65,62.07
2026-01-11 06:30:59,XPQ-01 Main,2026-01-11 06:30:00,127.3,89.29,4.46566166666667,486.23,120.08,33.53,-17.45,22.83,79.44,5.03670533333333,486.86,149.02,42.17,-15.1,33.66,91.24,4.26747933333333,485.81,112.82,31.59,-6.27,25.81,97.17,3.62606866666667,486.03,107.29,-38.83,82.3
2026-01-11 06:31:59,XPQ-01 Main,2026-01-11 06:31:00,133.02,96.78,4.95566166666667,485.48,122.14,34.06,-0.79,32.82,99.97,5.23670533333333,486.09,157.55,44.5,7.93,42.6,98.31,4.66747933333333,484.94,119.36,33.37,12.51,29.47,92.04,3.89273533333333,485.4,111.93,19.66,104.89
2026-01-11 06:32:59,XPQ-01 Main,2026-01-11 06:32:00,128.86,33.59,4.288995,486.54,122.04,34.09,-29.59,4.01,13.43,5.603372,487.13,150.49,42.62,-35.17,13.79,36.5,4.234146,486.13,114.04,31.95,-23.3,13.75,50.83,4.59273533333333,486.36,108.66,-88.07,31.56
2026-01-11 06:33:59,XPQ-01 Main,2026-01-11 06:33:00,127.48,96.19,4.36566166666667,485.94,118.23,32.99,-12.83,27.69,90.73,4.903372,486.58,151.4,42.82,-8.36,39.55,97.84,4.30081266666667,485.51,112.8,31.56,0.26,29.2,100.0,3.7260686666666705,485.72,107.37,-20.94,96.44
2026-01-11 06:34:59,XPQ-01 Main,2026-01-11 06:34:00,127.47,96.41,4.35232833333333,485.5,118.12,32.93,1.51,31.83,99.89,4.97003866666667,485.93,147.38,41.62,8.71,39.94,97.7,4.134146,485.04,116.91,32.7,12.65,28.97,91.65,3.8260686666666706,485.52,107.25,22.88,100.74
2026-01-11 06:35:59,XPQ-01 Main,2026-01-11 06:35:00,105.18,94.16,4.53232833333333,486.01,92.5,25.81,-10.17,22.22,90.92,5.07003866666667,486.57,119.23,33.73,-11.97,29.6,92.71,4.40081266666667,485.65,103.81,29.06,-4.14,27.02,98.85,3.859402,485.8,88.6,-26.29,78.83
2026-01-11 06:36:59,XPQ-01 Main,2026-01-11 06:36:00,102.93,73.61,4.41232833333333,486.09,93.82,26.19,-14.61,10.97,60.02,5.203372,486.64,119.79,33.88,-15.67,17.65,74.79,4.36747933333333,485.64,95.17,26.64,-8.92,15.04,86.01,3.9927353333333295,485.99,86.72,-39.2,43.66
2026-01-11 06:37:59,XPQ-01 Main,2026-01-11 06:37:00,109.57,89.83,4.35232833333333,485.75,97.78,27.28,-10.77,15.11,81.43,4.87003866666667,486.27,125.84,35.57,-9.68,21.46,91.15,4.234146,485.28,105.09,29.4,-4.34,17.05,96.9,3.9927353333333295,485.7,92.25,-24.79,53.61
2026-01-11 06:38:59,XPQ-01 Main,2026-01-11 06:38:00,123.5,35.87,4.55566166666667,486.61,113.88,31.81,-27.36,6.16,21.95,4.97003866666667,487.29,140.67,39.85,-33.09,12.36,34.99,4.50081266666667,486.26,115.94,32.48,-24.24,14.25,50.68,3.859402,486.29,104.15,-84.69,32.76
2026-01-11 06:39:59,XPQ-01 Main,2026-01-11 06:39:00,120.48,64.43,4.308995,486.13,111.16,31.03,-21.4,12.79,51.3,5.103372,486.72,139.12,39.36,-24.48,20.57,64.34,3.96747933333333,485.69,111.16,31.12,-15.59,19.21,77.65,4.059402,485.98,101.51,-61.47,52.57
2026-01-11 06:40:59,XPQ-01 Main,2026-01-11 06:40:00,127.04,98.65,4.16566166666667,485.53,117.27,32.71,-7.45,28.73,96.8,4.903372,486.16,145.02,40.97,-4.06,37.25,99.41,4.00081266666667,484.95,118.84,33.22,2.17,29.47,99.73,4.059402,485.49,106.9,-9.34,95.45
2026-01-11 06:41:59,XPQ-01 Main,2026-01-11 06:41:00,128.45,98.84,4.24232833333333,485.8,118.93,33.19,-3.68,31.4,99.32,4.63670533333333,486.6,148.06,41.87,1.68,40.38,99.91,4.06747933333333,485.29,118.35,33.1,7.28,30.59,97.28,3.859402,485.51,108.15,5.28,102.37
2026-01-11 06:42:59,XPQ-01 Main,2026-01-11 06:42:00,66.91,93.53,4.37566166666667,485.9,65.04,18.15,-7.91,13.54,86.36,4.77003866666667,486.73,76.3,21.58,-5.71,18.45,95.52,4.30081266666667,485.38,59.39,16.61,-2.25,13.77,98.69,3.89273533333333,485.6,56.34,-15.87,45.77
2026-01-11 06:43:59,XPQ-01 Main,2026-01-11 06:43:00,91.56,98.28,4.678995,486.6,85.36,23.86,-5.85,21.54,96.51,5.07003866666667,487.19,108.78,30.8,-0.58,29.05,99.98,4.434146,486.06,80.53,22.56,3.72,20.26,98.36,3.759402,486.54,77.22,-2.71,70.84
2026-01-11 06:44:59,XPQ-01 Main,2026-01-11 06:44:00,77.53,56.53,4.34566166666667,486.81,75.52,21.12,-17.07,6.4,35.09,5.27003866666667,487.51,89.88,25.46,-16.78,14.0,64.08,4.234146,486.2,67.19,18.83,-9.97,9.89,70.41,4.32606866666667,486.72,65.41,-43.82,30.29
2026-01-11 06:45:59,XPQ-01 Main,2026-01-11 06:45:00,103.71,97.24,4.16566166666667,486.23,90.52,25.28,-0.85,23.08,99.93,4.77003866666667,486.99,120.91,34.23,3.56,32.22,99.39,4.034146,485.78,99.7,27.91,9.62,23.21,92.38,4.02606866666667,485.91,87.41,12.33,78.51
2026-01-11 06:46:59,XPQ-01 Main,2026-01-11 06:46:00,109.65,98.46,4.33232833333333,485.64,102.24,28.52,-4.78,25.89,98.34,4.63670533333333,486.38,128.28,36.26,1.48,34.13,99.91,4.20081266666667,485.09,98.44,27.52,5.9,24.05,97.12,3.8260686666666706,485.45,92.3,2.6,84.08
2026-01-11 06:47:59,XPQ-01 Main,2026-01-11 06:47:00,108.16,59.58,4.41232833333333,486.25,99.74,27.84,-19.31,9.91,45.66,5.03670533333333,486.9,123.3,34.9,-22.43,16.6,59.5,4.234146,485.88,101.45,28.4,-14.58,15.85,73.59,3.759402,485.96,91.15,-56.32,42.36
2026-01-11 06:48:59,XPQ-01 Main,2026-01-11 06:48:00,116.91,98.76,4.208995,485.92,108.32,30.22,-1.48,28.95,99.87,5.13670533333333,486.52,132.75,37.55,2.89,36.1,99.68,4.134146,485.57,109.64,30.68,7.37,28.11,96.73,3.859402,485.68,98.45,8.78,93.16
2026-01-11 06:49:59,XPQ-01 Main,2026-01-11 06:49:00,115.59,80.79,4.308995,486.33,104.23,29.1,-17.66,18.77,72.83,4.73670533333333,486.79,132.0,37.37,-20.68,26.65,79.01,4.20081266666667,486.13,110.55,30.97,-11.72,24.97,90.53,3.759402,486.09,97.43,-50.05,70.39
2026-01-11 06:50:59,XPQ-01 Main,2026-01-11 06:50:00,117.39,99.23,4.31232833333333,486.16,107.83,30.1,-4.43,27.51,98.73,5.003372,486.91,132.18,37.41,-1.96,35.04,99.84,4.134146,485.78,112.16,31.39,3.81,28.58,99.12,3.7260686666666705,485.78,98.9,-2.58,91.12
2026-01-11 06:51:59,XPQ-01 Main,2026-01-11 06:51:00,106.7,98.72,5.06566166666667,485.95,99.16,27.67,-1.85,26.33,99.75,4.803372,486.47,122.04,34.51,2.48,33.24,99.72,4.46747933333333,485.49,98.91,27.68,6.71,25.45,96.69,3.9927353333333295,485.88,89.86,7.34,85.02
2026-01-11 06:52:59,XPQ-01 Main,2026-01-11 06:52:00,125.27,99.3,4.44566166666667,485.73,114.76,32.02,-4.78,29.83,98.74,5.63670533333333,486.48,140.28,39.66,-2.36,37.46,99.8,4.20081266666667,485.19,120.77,33.77,3.57,30.96,99.34,5.09273533333333,485.5,105.45,-3.56,98.25
2026-01-11 06:53:59,XPQ-01 Main,2026-01-11 06:53:00,116.48,84.17,4.118995,485.92,107.92,30.1,-16.66,19.98,76.79,5.07003866666667,486.55,130.94,37.05,-18.41,27.66,83.25,4.20081266666667,485.72,110.56,30.94,-10.28,24.95,92.47,4.059402,485.51,98.09,-45.35,72.59
2026-01-11 06:54:59,XPQ-01 Main,2026-01-11 06:54:00,120.84,93.66,4.508995,486.09,111.06,31.0,-12.4,25.63,90.01,4.53670533333333,486.68,134.57,38.07,-13.31,33.16,92.8,4.434146,485.67,116.9,32.73,-5.77,29.67,98.16,3.6260686666666704,485.92,101.79,-31.48,88.46
2026-01-11 06:55:59,XPQ-01 Main,2026-01-11 06:55:00,103.22,98.55,4.37566166666667,485.98,97.38,27.17,-6.08,22.4,96.51,4.93670533333333,486.32,116.62,32.97,-3.13,29.23,99.43,4.234146,485.63,95.65,26.78,1.73,22.8,99.71,4.159402,485.99,86.92,-7.48,74.42
2026-01-11 06:56:59,XPQ-01 Main,2026-01-11 06:56:00,76.15,84.95,4.188995,486.53,71.29,19.92,-10.7,9.96,68.14,4.67003866666667,487.11,89.89,25.45,-8.83,17.59,89.37,4.16747933333333,485.97,67.26,18.84,-2.8,11.91,97.34,4.22606866666667,486.51,64.22,-22.34,39.46
2026-01-11 06:57:59,XPQ-01 Main,2026-01-11 06:57:00,116.71,70.09,4.17566166666667,486.11,108.0,30.15,-19.68,13.62,56.9,4.67003866666667,486.83,132.62,37.53,-22.93,22.18,69.53,4.00081266666667,485.67,109.51,30.65,-13.35,20.54,83.85,3.72606866666667,485.83,98.32,-55.96,56.34
2026-01-11 06:58:59,XPQ-01 Main,2026-01-11 06:58:00,114.24,86.1,4.06566166666667,486.23,106.96,29.87,-13.73,17.32,78.37,4.803372,487.0,129.2,36.56,-14.88,24.54,85.5,4.134146,485.67,106.56,29.83,-7.53,21.6,94.42,3.72606866666667,486.01,96.26,-36.14,63.46
2026-01-11 06:59:59,XPQ-01 Main,2026-01-11 06:59:00,110.95,95.78,4.34232833333333,486.38,103.72,28.95,-9.27,22.14,92.25,4.403372,486.77,124.42,35.23,-8.56,28.56,95.79,4.06747933333333,486.28,104.7,29.34,-2.86,24.29,99.31,3.659402,486.09,93.51,-20.69,74.99
2026-01-11 07:00:59,XPQ-01 Main,2026-01-11 07:00:00,109.87,89.89,4.05566166666667,486.83,102.34,28.6,-12.05,18.68,84.03,4.87003866666667,487.11,123.92,35.1,-12.71,25.26,89.33,4.10081266666667,486.59,103.35,28.99,-6.2,22.2,96.31,4.09273533333333,486.78,92.69,-30.96,66.13
2026-01-11 07:01:59,XPQ-01 Main,2026-01-11 07:01:00,109.39,93.82,4.24566166666667,487.8,97.17,27.21,-12.02,22.37,88.08,4.37003866666667,488.26,128.12,36.36,-11.35,31.57,94.1,4.20081266666667,487.44,102.88,28.91,-3.14,25.96,99.27,3.6927353333333297,487.72,92.49,-26.52,79.9
2026-01-11 07:02:59,XPQ-01 Main,2026-01-11 07:02:00,98.51,91.31,4.12232833333333,487.22,92.98,26.02,-12.74,18.28,82.05,4.703372,487.72,111.35,31.56,-9.87,26.43,93.68,3.96747933333333,486.73,91.19,25.59,-3.77,19.57,98.2,3.8260686666666706,487.21,83.17,-26.38,64.28
2026-01-11 07:03:59,XPQ-01 Main,2026-01-11 07:03:00,90.61,93.04,4.14232833333333,487.23,87.23,24.41,-11.91,17.9,83.26,4.67003866666667,487.76,107.02,30.33,-7.08,26.04,96.49,4.30081266666667,486.63,77.59,21.77,-2.0,17.48,99.35,3.7260686666666705,487.29,76.52,-20.99,61.42
2026-01-11 07:04:59,XPQ-01 Main,2026-01-11 07:04:00,103.84,67.38,4.16566166666667,488.19,93.57,26.23,-19.61,12.78,54.61,4.603372,488.67,118.93,33.78,-23.97,20.85,65.63,4.234146,487.75,99.0,27.84,-14.3,20.41,81.91,3.52606866666667,488.14,87.85,-57.88,54.04
2026-01-11 07:05:59,XPQ-01 Main,2026-01-11 07:05:00,68.79,71.47,3.998995,487.27,64.93,18.17,-11.69,7.17,52.27,4.43670533333333,487.95,77.39,21.95,-12.09,13.7,74.98,4.10081266666667,486.8,64.05,17.97,-5.97,10.62,87.17,3.8260686666666706,487.07,58.09,-29.75,31.49
2026-01-11 07:06:59,XPQ-01 Main,2026-01-11 07:06:00,112.66,96.16,4.33232833333333,486.85,107.95,30.19,-12.14,25.2,90.09,4.303372,487.26,133.55,37.82,-6.25,34.57,98.41,4.46747933333333,486.34,96.47,27.06,-0.56,24.37,99.97,3.59273533333333,486.95,95.06,-18.95,84.15
2026-01-11 07:07:59,XPQ-01 Main,2026-01-11 07:07:00,106.67,58.5,4.188995,487.24,92.81,25.95,-21.31,10.32,43.57,4.73670533333333,487.77,124.96,35.45,-27.97,18.62,55.42,4.36747933333333,487.07,102.23,28.69,-16.85,20.02,76.51,3.79273533333333,486.88,90.09,-66.13,48.96
2026-01-11 07:08:59,XPQ-01 Main,2026-01-11 07:08:00,70.38,95.13,4.34232833333333,486.6,66.65,18.62,-8.02,14.43,87.39,4.503372,487.14,83.16,23.55,-4.23,20.93,98.01,4.20081266666667,486.2,61.32,17.18,-0.17,14.07,99.99,3.6927353333333297,486.44,59.36,-12.43,49.43
2026-01-11 07:09:59,XPQ-01 Main,2026-01-11 07:09:00,104.43,92.98,4.308995,487.15,99.75,27.89,-13.12,22.04,85.92,4.903372,487.64,120.35,34.13,-10.32,30.12,94.6,4.134146,487.0,93.18,26.15,-4.2,23.3,98.41,3.92606866666667,486.81,88.17,-27.65,75.46
2026-01-11 07:10:59,XPQ-01 Main,2026-01-11 07:10:00,83.95,77.9,4.31232833333333,486.42,75.16,21.0,-11.9,10.48,66.1,4.77003866666667,486.97,97.43,27.58,-12.98,16.29,78.22,4.60081266666667,485.9,79.25,22.2,-7.07,14.1,89.39,4.02606866666667,486.4,70.77,-31.95,40.87
2026-01-11 07:11:59,XPQ-01 Main,2026-01-11 07:11:00,72.75,93.96,4.178995,485.98,65.17,18.19,-7.58,14.22,88.25,4.57003866666667,486.5,81.87,23.15,-6.93,19.91,94.44,4.16747933333333,485.49,71.22,19.93,-2.09,16.25,99.18,3.759402,485.96,61.27,-16.6,50.38
2026-01-11 07:12:59,XPQ-01 Main,2026-01-11 07:12:00,62.3,61.9,4.25232833333333,486.1,62.58,17.47,-12.91,6.0,42.14,4.603372,486.44,69.48,19.65,-12.24,11.73,69.17,4.36747933333333,485.73,54.85,15.36,-7.33,8.16,74.37,3.759402,486.14,52.48,-32.48,25.88
2026-01-11 07:13:59,XPQ-01 Main,2026-01-11 07:13:00,112.93,72.77,4.36566166666667,485.82,98.53,27.48,-19.3,15.44,62.48,4.63670533333333,486.41,129.83,36.72,-24.95,23.99,69.32,4.36747933333333,485.57,110.44,30.9,-14.09,24.29,86.5,3.759402,485.48,95.1,-58.33,63.72
2026-01-11 07:14:59,XPQ-01 Main,2026-01-11 07:14:00,71.57,89.24,4.47566166666667,485.35,70.54,19.66,-9.91,14.23,82.07,4.87003866666667,485.76,79.33,22.4,-8.56,18.6,90.85,4.46747933333333,484.89,64.85,18.13,-5.03,14.99,94.8,3.859402,485.39,60.19,-23.5,47.82
2026-01-11 07:15:59,XPQ-01 Main,2026-01-11 07:15:00,106.86,81.56,4.078995,485.7,98.41,27.45,-15.47,16.53,73.02,5.07003866666667,486.21,121.97,34.47,-17.47,23.72,80.52,4.034146,485.23,100.2,28.03,-9.74,21.58,91.15,3.89273533333333,485.67,89.95,-42.68,61.84
2026-01-11 07:16:59,XPQ-01 Main,2026-01-11 07:16:00,106.78,88.12,4.37566166666667,485.79,94.28,26.29,-13.96,19.71,81.6,4.53670533333333,486.21,123.16,34.82,-16.15,28.06,86.67,4.334146,485.57,102.89,28.8,-7.31,25.38,96.09,3.659402,485.6,89.91,-37.43,73.15
2026-01-11 07:17:59,XPQ-01 Main,2026-01-11 07:17:00,97.67,96.92,4.188995,485.62,93.09,25.95,-8.84,21.49,92.48,4.63670533333333,486.0,112.68,31.84,-5.35,28.67,98.3,4.36747933333333,485.32,87.25,24.41,-0.46,21.65,99.98,4.159402,485.52,82.2,-14.65,71.8
2026-01-11 07:18:59,XPQ-01 Main,2026-01-11 07:18:00,94.68,61.72,4.298995,485.87,83.31,23.24,-17.53,9.03,45.78,4.77003866666667,486.61,108.74,30.76,-20.71,16.28,61.79,4.30081266666667,485.42,91.99,25.73,-12.4,15.25,77.6,3.42606866666667,485.58,79.73,-50.64,40.56
2026-01-11 07:19:59,XPQ-01 Main,2026-01-11 07:19:00,67.65,64.88,4.008995,485.65,60.64,16.91,-12.78,6.55,45.62,4.73670533333333,486.32,79.96,22.61,-15.2,13.24,65.68,4.16747933333333,485.3,62.34,17.43,-7.84,11.82,83.34,3.859402,485.32,56.95,-35.82,31.61
2026-01-11 07:20:59,XPQ-01 Main,2026-01-11 07:20:00,84.63,98.53,4.11232833333333,486.93,80.71,22.56,-3.19,20.51,98.81,4.33670533333333,487.37,98.87,28.02,1.99,26.05,99.71,4.234146,486.62,74.3,20.84,4.54,18.35,97.07,3.52606866666667,486.81,71.42,3.34,64.9
2026-01-11 07:21:59,XPQ-01 Main,2026-01-11 07:21:00,65.15,76.13,4.408995,486.94,58.86,16.46,-10.1,9.11,66.97,4.403372,487.49,73.53,20.83,-11.68,13.15,74.79,4.534146,486.41,63.06,17.68,-7.1,12.3,86.62,3.6927353333333297,486.93,54.98,-28.87,34.56
2026-01-11 07:22:59,XPQ-01 Main,2026-01-11 07:22:00,106.24,98.61,4.03232833333333,487.3,106.05,29.69,-4.93,27.76,98.46,4.93670533333333,487.78,123.39,34.97,3.51,33.48,99.46,4.00081266666667,486.65,89.28,25.06,4.74,22.82,97.91,3.759402,487.47,89.72,3.32,84.05
2026-01-11 07:23:59,XPQ-01 Main,2026-01-11 07:23:00,107.94,98.83,4.198995,487.01,106.83,29.88,-5.76,27.62,97.89,4.23670533333333,487.54,125.26,35.49,1.4,34.16,99.92,4.234146,486.45,91.73,25.73,3.98,24.18,98.67,3.859402,487.04,91.1,-0.38,85.96
2026-01-11 07:24:59,XPQ-01 Main,2026-01-11 07:24:00,105.37,64.39,3.888995,487.46,95.34,26.68,-18.48,11.34,52.3,4.77003866666667,487.89,121.32,34.42,-21.92,17.83,63.11,3.7674793333333296,487.2,99.44,27.92,-14.07,17.41,77.78,3.59273533333333,487.29,89.02,-54.47,46.58
2026-01-11 07:25:59,XPQ-01 Main,2026-01-11 07:25:00,94.48,68.96,4.17566166666667,487.45,85.41,23.92,-15.67,11.17,58.05,4.303372,488.26,109.77,31.15,-17.98,16.72,68.09,4.034146,486.88,88.25,24.76,-11.55,15.8,80.73,3.59273533333333,487.22,79.82,-45.2,43.69
2026-01-11 07:26:59,XPQ-01 Main,2026-01-11 07:26:00,83.0,97.53,4.108995,487.18,79.92,22.36,-6.99,18.07,93.27,4.803372,487.47,95.94,27.19,-2.65,22.98,99.34,4.06747933333333,486.8,73.13,20.53,-0.19,16.42,99.99,3.6927353333333297,487.26,70.07,-9.82,57.47
2026-01-11 07:27:59,XPQ-01 Main,2026-01-11 07:27:00,105.2,96.42,3.94566166666667,487.62,98.46,27.58,-9.88,22.25,91.4,4.703372,488.26,120.22,34.11,-5.66,28.86,98.13,3.96747933333333,487.01,96.9,27.21,-1.57,21.55,99.74,3.559402,487.6,88.9,-17.11,72.66
2026-01-11 07:28:59,XPQ-01 Main,2026-01-11 07:28:00,111.98,85.13,4.06566166666667,487.55,103.5,28.97,-17.32,20.5,76.38,4.53670533333333,488.05,128.54,36.47,-18.08,29.46,85.23,3.934146,487.25,103.91,29.18,-9.37,25.33,93.79,3.32606866666667,487.35,94.62,-44.76,75.28
2026-01-11 07:29:59,XPQ-01 Main,2026-01-11 07:29:00,98.76,43.5,4.11232833333333,487.19,86.04,24.07,-19.24,4.85,24.45,4.703372,487.73,117.34,33.27,-26.75,11.65,39.93,4.134146,486.73,92.9,26.07,-16.66,14.69,66.13,3.559402,487.12,83.4,-62.65,31.19
2026-01-11 07:30:59,XPQ-01 Main,2026-01-11 07:30:00,133.98,99.18,4.16566166666667,486.48,128.65,35.93,-5.74,33.7,98.58,4.603372,486.96,152.66,43.22,0.43,41.44,99.99,4.26747933333333,486.21,120.63,33.8,4.6,31.64,98.96,3.59273533333333,486.26,112.95,-0.7,106.78
2026-01-11 07:31:59,XPQ-01 Main,2026-01-11 07:31:00,118.41,65.7,4.05566166666667,486.87,104.68,29.26,-20.27,12.3,51.9,4.503372,487.42,141.24,40.03,-24.43,20.64,64.53,3.934146,486.59,109.31,30.65,-14.57,19.9,80.67,3.72606866666667,486.6,99.94,-59.28,52.84
2026-01-11 07:32:59,XPQ-01 Main,2026-01-11 07:32:00,75.17,90.61,3.988995,487.61,72.29,20.24,-10.33,14.12,80.71,4.57003866666667,488.1,89.34,25.35,-7.58,20.16,93.61,3.7674793333333296,487.21,63.87,17.94,-3.29,14.48,97.52,3.659402,487.51,63.53,-21.19,48.76
2026-01-11 07:33:59,XPQ-01 Main,2026-01-11 07:33:00,99.61,38.17,4.298995,488.25,88.34,24.76,-21.66,4.7,21.21,4.57003866666667,488.57,116.04,32.97,-28.62,10.83,35.39,4.16747933333333,488.02,94.45,26.57,-19.4,13.78,57.91,3.62606866666667,488.17,84.3,-69.68,29.31
2026-01-11 07:34:59,XPQ-01 Main,2026-01-11 07:34:00,111.19,70.56,3.9456616666666706,487.98,97.46,27.3,-19.77,13.6,56.68,4.903372,488.27,131.22,37.26,-23.82,23.04,69.53,3.934146,487.75,104.9,29.5,-13.12,21.61,85.49,3.8260686666666706,487.92,94.05,-56.7,58.25
2026-01-11 07:35:59,XPQ-01 Main,2026-01-11 07:35:00,122.79,98.1,3.898995,487.69,116.05,32.51,-9.53,29.62,95.2,4.43670533333333,488.25,141.13,40.05,-5.02,38.31,99.15,3.8674793333333297,487.21,111.19,31.23,0.84,29.57,99.96,3.459402,487.6,103.78,-13.71,97.5
2026-01-11 07:36:59,XPQ-01 Main,2026-01-11 07:36:00,77.16,97.45,4.36566166666667,487.94,72.21,20.23,-6.38,16.64,93.37,4.37003866666667,488.27,91.01,25.84,-2.7,22.97,99.32,4.30081266666667,487.56,68.25,19.19,1.33,16.25,99.67,3.459402,488.0,65.25,-7.75,55.86
2026-01-11 07:37:59,XPQ-01 Main,2026-01-11 07:37:00,99.89,97.98,4.15566166666667,487.82,97.88,27.44,-7.23,25.48,96.2,4.73670533333333,488.39,120.61,34.22,1.55,33.37,99.89,4.06747933333333,487.06,81.18,22.81,4.5,21.33,97.85,4.059402,488.03,84.46,-1.18,80.18
2026-01-11 07:38:59,XPQ-01 Main,2026-01-11 07:38:00,90.67,64.88,3.898995,489.01,80.93,22.73,-16.74,9.27,48.46,4.803372,489.68,106.73,30.37,-18.22,16.48,67.09,3.834146,488.37,84.34,23.75,-10.84,14.01,79.09,3.59273533333333,488.98,76.85,-45.8,39.77
2026-01-11 07:39:59,XPQ-01 Main,2026-01-11 07:39:00,102.9,97.54,3.7656616666666705,488.33,100.77,28.26,-9.58,25.15,93.45,4.43670533333333,488.83,123.39,35.06,-1.64,34.12,99.88,3.7674793333333296,487.89,84.55,23.78,2.67,22.31,99.29,3.42606866666667,488.28,87.1,-8.55,81.58
2026-01-11 07:40:59,XPQ-01 Main,2026-01-11 07:40:00,111.58,91.9,3.908995,488.47,106.07,29.77,-14.7,22.03,83.17,4.103372,489.15,128.82,36.61,-11.39,31.61,94.08,4.034146,487.8,99.83,28.08,-4.2,23.59,98.45,3.42606866666667,488.47,94.45,-30.29,77.24
2026-01-11 07:41:59,XPQ-01 Main,2026-01-11 07:41:00,106.22,69.52,4.03232833333333,488.49,97.17,27.25,-19.47,13.02,55.57,4.403372,488.78,124.07,35.26,-21.32,21.24,70.58,4.00081266666667,488.16,97.43,27.43,-12.77,18.57,82.39,3.29273533333333,488.53,89.93,-53.57,52.83
2026-01-11 07:42:59,XPQ-01 Main,2026-01-11 07:42:00,81.38,97.02,4.21232833333333,488.07,79.27,22.23,-7.94,19.09,92.33,4.43670533333333,488.55,99.33,28.2,-1.28,26.95,99.89,4.234146,487.41,65.54,18.42,2.6,16.87,98.83,3.659402,488.25,68.85,-6.62,62.92
2026-01-11 07:43:59,XPQ-01 Main,2026-01-11 07:43:00,77.98,95.67,4.16566166666667,488.03,70.39,19.73,-7.88,15.53,89.17,4.703372,488.5,93.72,26.6,-4.72,22.32,97.83,4.16747933333333,487.46,69.83,19.63,-0.05,15.85,100.0,3.6927353333333297,488.13,65.97,-12.66,53.7
2026-01-11 07:44:59,XPQ-01 Main,2026-01-11 07:44:00,95.99,98.2,4.098995,487.99,93.96,26.33,-7.47,23.71,95.38,4.803372,488.4,112.37,31.9,-0.73,30.86,99.97,4.134146,487.51,81.64,22.95,2.57,21.01,99.26,3.52606866666667,488.07,81.18,-5.63,75.58
2026-01-11 07:45:59,XPQ-01 Main,2026-01-11 07:45:00,88.96,65.54,4.02232833333333,488.28,79.59,22.32,-15.4,10.39,55.92,4.67003866666667,488.86,101.03,28.71,-18.71,15.12,62.86,4.06747933333333,487.81,86.26,24.26,-12.52,15.52,77.83,3.49273533333333,488.18,75.28,-46.63,41.03
2026-01-11 07:46:59,XPQ-01 Main,2026-01-11 07:46:00,102.13,47.97,4.14232833333333,488.87,93.6,26.27,-22.01,8.87,37.38,4.43670533333333,489.43,114.18,32.49,-26.53,13.59,45.59,4.16747933333333,488.57,98.61,27.76,-19.65,15.1,60.92,3.559402,488.61,86.52,-68.19,37.56
2026-01-11 07:47:59,XPQ-01 Main,2026-01-11 07:47:00,94.85,57.11,4.11232833333333,488.59,87.21,24.46,-19.03,9.01,42.78,4.603372,489.09,109.08,31.02,-22.42,15.49,56.84,4.034146,488.26,88.25,24.84,-14.68,15.1,71.72,3.659402,488.42,80.32,-56.13,39.61
2026-01-11 07:48:59,XPQ-01 Main,2026-01-11 07:48:00,114.61,96.32,4.31232833333333,488.1,110.82,31.06,-11.76,26.65,91.49,4.57003866666667,488.52,130.68,37.11,-7.68,35.14,97.7,4.36747933333333,487.73,102.34,28.77,-1.81,26.92,99.77,3.7260686666666705,488.04,96.94,-21.25,88.71
2026-01-11 07:49:59,XPQ-01 Main,2026-01-11 07:49:00,104.44,56.82,4.61232833333333,488.45,96.78,27.13,-22.03,10.52,43.09,4.803372,488.91,118.78,33.77,-26.26,17.75,56.01,4.60081266666667,488.27,97.77,27.51,-17.39,17.71,71.36,3.759402,488.16,88.41,-65.67,45.98
2026-01-11 07:50:59,XPQ-01 Main,2026-01-11 07:50:00,73.98,98.45,4.34232833333333,487.18,69.34,19.4,-4.35,17.2,96.95,5.07003866666667,487.68,87.17,24.71,-0.26,22.85,99.99,4.234146,486.7,65.45,18.37,2.9,16.08,98.42,4.159402,487.17,62.47,-1.72,56.13
2026-01-11 07:51:59,XPQ-01 Main,2026-01-11 07:51:00,112.94,86.14,4.54232833333333,487.9,105.82,29.64,-17.9,20.42,75.2,4.73670533333333,488.51,132.57,37.65,-16.3,30.52,88.21,4.36747933333333,487.57,100.43,28.22,-7.81,23.79,95.0,4.059402,487.62,95.51,-42.01,74.72
2026-01-11 07:52:59,XPQ-01 Main,2026-01-11 07:52:00,103.99,97.92,4.06566166666667,488.1,97.26,27.27,-7.96,23.76,94.82,5.103372,488.63,122.08,34.67,-2.87,32.62,99.62,3.96747933333333,487.57,92.61,26.03,2.71,23.32,99.33,4.159402,488.08,87.97,-8.11,79.71
2026-01-11 07:53:59,XPQ-01 Main,2026-01-11 07:53:00,92.97,28.34,4.22232833333333,488.04,85.31,23.9,-21.24,-0.01,0.06,4.63670533333333,488.54,106.89,30.36,-26.5,9.38,33.36,4.16747933333333,487.71,86.7,24.37,-17.88,10.77,51.6,3.59273533333333,487.87,78.63,-65.62,20.14
2026-01-11 07:54:59,XPQ-01 Main,2026-01-11 07:54:00,110.15,46.24,4.06566166666667,488.46,101.09,28.35,-24.37,7.95,31.02,4.83670533333333,489.02,126.77,36.04,-29.8,15.17,45.37,4.06747933333333,488.08,102.6,28.86,-20.3,16.17,62.32,3.659402,488.28,93.25,-74.46,39.3
2026-01-11 07:55:59,XPQ-01 Main,2026-01-11 07:55:00,106.2,97.14,3.96566166666667,488.09,98.49,27.62,-9.53,23.27,92.54,4.53670533333333,488.56,128.12,36.37,-3.71,32.96,99.37,3.934146,487.45,92.0,25.87,2.24,22.65,99.51,3.59273533333333,488.25,89.85,-11.0,78.88
2026-01-11 07:56:59,XPQ-01 Main,2026-01-11 07:56:00,111.82,97.39,4.908995,488.23,107.49,30.15,-10.3,26.0,92.98,4.47003866666667,488.7,129.85,36.87,-4.31,34.62,99.23,4.70081266666667,487.59,98.13,27.6,0.69,24.71,99.96,3.49273533333333,488.41,94.62,-13.91,85.33
2026-01-11 07:57:59,XPQ-01 Main,2026-01-11 07:57:00,113.89,53.37,3.83232833333333,488.43,106.69,29.91,-24.82,10.58,39.21,5.303372,488.79,129.25,36.73,-29.31,18.31,52.99,3.66747933333333,488.14,105.72,29.75,-19.73,18.25,67.9,4.72606866666667,488.35,96.4,-73.86,47.14
2026-01-11 07:58:59,XPQ-01 Main,2026-01-11 07:58:00,88.5,46.6,4.85566166666667,488.16,83.21,23.32,-20.07,5.84,27.92,4.303372,488.46,102.37,29.08,-23.54,13.04,48.44,4.70081266666667,487.89,79.92,22.48,-15.16,12.43,63.42,3.52606866666667,488.14,74.87,-58.77,31.3
2026-01-11 07:59:59,XPQ-01 Main,2026-01-11 07:59:00,106.01,97.1,5.608995,488.3,100.01,28.04,-9.84,23.7,92.36,5.17003866666667,488.83,124.18,35.29,-4.63,31.89,98.96,5.434146,487.98,93.86,26.4,0.32,22.89,99.99,4.69273533333333,488.1,89.72,-14.15,78.48
2026-01-11 08:00:59,XPQ-01 Main,2026-01-11 08:00:00,96.07,91.91,5.53232833333333,488.37,91.02,25.53,-11.76,18.06,83.81,6.103372,488.85,111.55,31.7,-9.3,25.29,93.85,5.234146,487.96,85.63,24.09,-3.84,19.23,98.06,5.29273533333333,488.29,81.31,-24.9,62.58
2026-01-11 08:01:59,XPQ-01 Main,2026-01-11 08:01:00,75.22,79.63,5.06566166666667,488.07,73.39,20.56,-12.49,11.07,66.32,5.93670533333333,488.41,86.46,24.55,-10.86,16.74,83.9,4.86747933333333,487.79,65.8,18.5,-6.43,12.33,88.67,5.42606866666667,488.02,63.62,-29.78,40.14
2026-01-11 08:02:59,XPQ-01 Main,2026-01-11 08:02:00,71.7,87.85,5.05566166666667,488.05,69.05,19.35,-10.79,13.55,78.22,5.57003866666667,488.64,81.68,23.2,-9.07,19.12,90.35,4.86747933333333,487.64,64.37,18.09,-4.8,14.58,94.99,4.759402,487.86,60.64,-24.66,47.25
2026-01-11 08:03:59,XPQ-01 Main,2026-01-11 08:03:00,87.16,97.45,4.998995,488.24,81.88,22.97,-7.46,18.9,93.01,5.53670533333333,488.79,102.3,29.06,-2.64,25.21,99.46,4.90081266666667,487.63,77.29,21.73,0.81,17.49,99.89,4.759402,488.29,73.75,-9.29,61.6
2026-01-11 08:04:59,XPQ-01 Main,2026-01-11 08:04:00,79.75,95.85,5.55232833333333,488.16,77.05,21.6,-9.09,17.18,88.4,5.37003866666667,488.6,97.92,27.81,-3.07,24.32,99.21,5.334146,487.74,64.28,18.07,0.53,15.18,99.94,4.72606866666667,488.14,67.48,-11.63,56.68
2026-01-11 08:05:59,XPQ-01 Main,2026-01-11 08:05:00,102.4,86.4,5.398995,488.53,91.1,25.55,-11.63,17.39,83.13,6.203372,488.92,112.1,31.87,-16.11,23.03,81.94,5.26747933333333,488.21,104.0,29.27,-8.5,23.72,94.14,5.12606866666667,488.46,86.69,-36.24,64.14
2026-01-11 08:06:59,XPQ-01 Main,2026-01-11 08:06:00,95.16,54.63,5.33232833333333,489.34,85.2,23.94,-18.04,8.38,42.12,5.73670533333333,489.89,102.68,29.24,-22.28,13.67,52.29,5.234146,488.83,97.6,27.51,-15.13,14.62,69.47,5.19273533333333,489.29,80.68,-55.46,36.67
2026-01-11 08:07:59,XPQ-01 Main,2026-01-11 08:07:00,93.58,98.15,5.21232833333333,488.38,89.8,25.19,-6.2,22.91,96.52,5.67003866666667,488.87,111.63,31.72,1.05,30.01,99.94,5.234146,487.88,79.32,22.31,4.0,19.72,98.0,5.09273533333333,488.39,79.22,-1.15,72.65
2026-01-11 08:08:59,XPQ-01 Main,2026-01-11 08:08:00,100.55,80.85,5.218995,488.84,88.55,24.86,-13.82,13.25,69.2,5.703372,489.39,120.73,34.34,-14.0,20.18,82.16,5.00081266666667,488.36,92.37,26.0,-7.48,16.62,91.18,4.69273533333333,488.77,85.21,-35.3,50.04
2026-01-11 08:09:59,XPQ-01 Main,2026-01-11 08:09:00,87.31,97.82,5.36566166666667,488.86,83.88,23.56,-5.98,21.17,96.24,5.73670533333333,489.42,103.79,29.51,1.5,28.14,99.86,5.234146,488.15,74.27,20.91,4.16,17.75,97.37,4.92606866666667,489.01,73.98,-0.32,67.07
2026-01-11 08:10:59,XPQ-01 Main,2026-01-11 08:10:00,83.95,98.4,5.498995,488.32,79.95,22.42,-4.94,20.4,97.2,5.83670533333333,488.9,99.63,28.31,0.32,27.05,99.99,5.26747933333333,487.83,72.28,20.33,3.8,18.74,98.0,5.02606866666667,488.23,71.06,-0.81,66.19
2026-01-11 08:11:59,XPQ-01 Main,2026-01-11 08:11:00,109.37,93.46,5.44232833333333,489.38,107.01,30.08,-15.08,24.5,85.15,5.83670533333333,490.06,128.77,36.67,-9.53,34.01,96.29,5.26747933333333,488.83,92.32,26.01,-3.53,24.08,98.94,5.39273533333333,489.25,92.77,-28.15,82.59
2026-01-11 08:12:59,XPQ-01 Main,2026-01-11 08:12:00,68.32,89.5,5.388995,489.21,64.39,18.09,-8.3,13.42,85.05,5.83670533333333,489.76,74.7,21.27,-8.97,17.06,88.52,5.134146,488.83,65.85,18.55,-5.16,15.57,94.92,5.22606866666667,489.03,57.91,-22.43,46.05
2026-01-11 08:13:59,XPQ-01 Main,2026-01-11 08:13:00,81.03,93.29,5.82232833333333,489.3,74.59,20.96,-8.85,15.43,86.73,5.73670533333333,489.96,94.3,26.85,-6.46,20.14,95.23,5.76747933333333,488.72,74.2,20.9,-3.21,15.45,97.91,5.29273533333333,489.21,68.72,-18.52,51.02
2026-01-11 08:14:59,XPQ-01 Main,2026-01-11 08:14:00,106.69,53.31,5.17566166666667,489.76,96.5,27.12,-22.78,9.83,39.6,5.97003866666667,490.25,123.65,35.25,-27.21,16.74,52.41,5.16747933333333,489.55,99.93,28.19,-18.47,17.09,67.92,5.72606866666667,489.47,90.57,-68.46,43.65
2026-01-11 08:15:59,XPQ-01 Main,2026-01-11 08:15:00,104.35,73.39,5.14566166666667,490.01,93.72,26.36,-19.46,14.71,60.31,5.37003866666667,490.3,121.95,34.77,-22.88,24.17,72.62,5.134146,489.75,97.37,27.49,-12.43,22.18,87.23,4.99273533333333,489.99,88.62,-54.77,61.06
2026-01-11 08:16:59,XPQ-01 Main,2026-01-11 08:16:00,74.13,86.24,5.06566166666667,489.19,67.4,18.92,-9.13,12.54,80.85,5.47003866666667,489.37,82.88,23.59,-9.68,16.04,85.61,4.934146,489.0,72.12,20.33,-6.09,14.58,92.28,4.82606866666667,489.19,62.85,-24.9,43.15
2026-01-11 08:17:59,XPQ-01 Main,2026-01-11 08:17:00,101.1,98.95,5.02232833333333,488.33,94.63,26.53,-5.06,22.97,97.66,5.43670533333333,488.67,116.17,33.01,-1.53,29.33,99.86,5.00081266666667,488.11,92.49,26.02,2.66,22.65,99.32,4.82606866666667,488.2,85.56,-3.93,74.95
2026-01-11 08:18:59,XPQ-01 Main,2026-01-11 08:18:00,87.13,89.48,5.27566166666667,488.15,76.75,21.51,-8.75,16.08,87.84,5.33670533333333,488.39,94.46,26.82,-12.76,20.49,84.89,5.034146,487.84,90.17,25.37,-6.51,21.48,95.7,4.72606866666667,488.22,73.7,-28.02,58.05
2026-01-11 08:19:59,XPQ-01 Main,2026-01-11 08:19:00,115.34,98.91,5.32232833333333,487.7,108.41,30.34,-6.28,27.68,97.52,5.73670533333333,487.97,126.71,35.96,-4.26,33.34,99.19,5.20081266666667,487.6,110.88,31.16,0.15,28.28,100.0,5.059402,487.52,97.47,-10.38,89.31
2026-01-11 08:20:59,XPQ-01 Main,2026-01-11 08:20:00,84.99,73.4,5.588995,487.94,80.52,22.56,-13.7,11.05,62.76,5.77003866666667,488.38,95.55,27.12,-14.1,15.88,74.77,5.46747933333333,487.43,78.92,22.18,-9.29,13.66,82.67,4.99273533333333,488.02,71.87,-37.1,40.58
2026-01-11 08:21:59,XPQ-01 Main,2026-01-11 08:21:00,77.99,89.42,5.15566166666667,487.93,71.82,20.12,-10.04,12.34,77.55,6.17003866666667,488.23,91.26,25.91,-7.28,18.62,93.13,5.034146,487.72,70.89,19.93,-2.87,12.83,97.59,5.12606866666667,487.85,65.96,-20.19,43.78
2026-01-11 08:22:59,XPQ-01 Main,2026-01-11 08:22:00,97.94,97.84,5.188995,487.98,90.83,25.46,-7.1,20.95,94.72,5.47003866666667,488.6,111.25,31.59,-4.25,27.16,98.8,5.16747933333333,487.48,91.73,25.78,0.14,21.2,100.0,4.959402,487.86,82.82,-11.2,69.32
2026-01-11 08:23:59,XPQ-01 Main,2026-01-11 08:23:00,111.13,76.13,5.43232833333333,488.45,98.85,27.72,-16.21,14.25,66.04,5.37003866666667,488.72,130.0,36.94,-18.33,21.02,75.36,5.26747933333333,488.19,104.53,29.42,-10.92,19.28,87.01,5.02606866666667,488.45,94.08,-45.46,54.54
2026-01-11 08:24:59,XPQ-01 Main,2026-01-11 08:24:00,102.47,86.71,4.108995,487.34,93.94,26.28,-12.79,16.19,78.46,5.87003866666667,487.64,118.81,33.69,-13.26,23.13,86.76,4.10081266666667,487.09,94.67,26.58,-6.57,19.76,94.9,5.159402,487.29,86.55,-32.62,59.08
2026-01-11 08:25:59,XPQ-01 Main,2026-01-11 08:25:00,90.23,48.12,4.63232833333333,487.47,89.45,25.03,-19.95,7.06,33.36,4.503372,488.17,98.4,27.93,-21.41,12.88,51.54,4.46747933333333,487.12,82.85,23.25,-15.2,11.24,59.45,3.72606866666667,487.12,76.21,-56.56,31.17
2026-01-11 08:26:59,XPQ-01 Main,2026-01-11 08:26:00,101.37,90.38,4.33232833333333,488.68,92.6,26.0,-11.8,19.18,85.17,5.003372,489.3,112.58,32.0,-12.59,25.42,89.61,4.40081266666667,488.0,98.94,27.84,-6.29,22.65,96.36,4.42606866666667,488.75,85.84,-30.68,67.25
2026-01-11 08:27:59,XPQ-01 Main,2026-01-11 08:27:00,94.04,62.33,4.44232833333333,488.92,91.79,25.77,-17.8,10.14,49.5,4.63670533333333,489.63,101.06,28.76,-18.85,15.87,64.41,4.434146,488.49,89.25,25.12,-12.91,13.82,73.09,3.959402,488.63,79.66,-49.55,39.83
2026-01-11 08:28:59,XPQ-01 Main,2026-01-11 08:28:00,91.94,64.17,3.998995,488.71,86.54,24.28,-16.76,10.09,51.58,4.903372,489.35,102.68,29.22,-17.75,15.61,66.05,3.90081266666667,488.38,86.61,24.37,-12.03,13.59,74.87,3.9927353333333295,488.39,77.87,-46.53,39.29
2026-01-11 08:29:59,XPQ-01 Main,2026-01-11 08:29:00,96.04,67.38,4.16566166666667,488.28,89.46,25.07,-17.01,12.41,58.94,4.37003866666667,488.68,104.94,29.82,-19.58,17.08,65.75,4.10081266666667,488.02,93.72,26.36,-13.76,16.84,77.44,3.7260686666666705,488.16,81.26,-50.34,46.33
2026-01-11 08:30:59,XPQ-01 Main,2026-01-11 08:30:00,104.58,88.96,4.05566166666667,488.4,95.35,26.75,-11.98,19.11,84.72,4.53670533333333,489.14,115.16,32.73,-14.22,24.94,86.87,4.06747933333333,487.76,103.24,29.03,-7.53,23.64,95.28,3.859402,488.3,88.51,-33.74,67.7
2026-01-11 08:31:59,XPQ-01 Main,2026-01-11 08:31:00,80.32,61.38,3.64232833333333,488.03,80.1,22.44,-16.61,8.9,47.22,4.43670533333333,488.68,88.16,25.05,-15.66,14.3,67.43,3.66747933333333,487.68,72.71,20.43,-11.06,10.68,69.49,3.659402,487.71,67.92,-43.33,33.88
2026-01-11 08:32:59,XPQ-01 Main,2026-01-11 08:32:00,99.45,91.05,4.08566166666667,487.51,90.63,25.37,-11.31,19.15,86.11,4.03670533333333,487.82,109.76,31.13,-12.32,25.55,90.08,4.034146,487.16,97.98,27.52,-5.77,22.87,96.96,3.22606866666667,487.54,84.02,-29.4,67.58
2026-01-11 08:33:59,XPQ-01 Main,2026-01-11 08:33:00,95.23,86.05,3.8556616666666703,487.1,93.55,26.16,-14.42,16.48,75.27,4.63670533333333,487.44,106.23,30.11,-13.47,24.7,87.8,3.7674793333333296,486.85,85.91,24.11,-6.35,19.48,95.08,3.59273533333333,487.0,80.38,-34.23,60.67
2026-01-11 08:34:59,XPQ-01 Main,2026-01-11 08:34:00,93.82,83.22,4.02232833333333,487.38,88.2,24.67,-15.0,15.18,71.13,4.27003866666667,487.68,106.22,30.12,-14.66,23.6,84.94,4.00081266666667,487.15,87.04,24.44,-7.09,18.86,93.6,3.52606866666667,487.3,79.24,-36.75,57.63
2026-01-11 08:35:59,XPQ-01 Main,2026-01-11 08:35:00,89.44,85.28,3.91232833333333,487.45,81.4,22.77,-13.23,15.1,75.22,4.303372,487.81,101.24,28.72,-13.43,22.59,85.95,4.00081266666667,487.23,85.68,24.06,-6.38,18.76,94.67,3.759402,487.31,75.56,-33.04,56.45
2026-01-11 08:36:59,XPQ-01 Main,2026-01-11 08:36:00,97.89,89.2,3.91232833333333,487.86,92.24,25.85,-13.44,18.28,80.57,4.37003866666667,488.33,110.71,31.41,-12.53,26.3,90.28,4.16747933333333,487.19,90.72,25.49,-5.53,21.21,96.76,3.359402,488.06,82.76,-31.5,65.79
2026-01-11 08:37:59,XPQ-01 Main,2026-01-11 08:37:00,93.6,86.1,3.83232833333333,487.68,88.4,24.74,-14.33,16.73,75.94,4.303372,487.99,104.09,29.54,-13.08,24.25,88.01,3.7008126666666703,487.53,88.3,24.81,-6.72,19.15,94.35,3.259402,487.52,79.1,-34.14,60.13
2026-01-11 08:38:59,XPQ-01 Main,2026-01-11 08:38:00,97.28,86.14,3.6656616666666704,487.81,88.84,24.88,-14.36,16.94,76.28,4.203372,488.11,109.78,31.15,-13.41,24.49,87.71,3.56747933333333,487.4,93.22,26.2,-6.84,19.62,94.42,3.59273533333333,487.92,82.24,-34.61,61.05
2026-01-11 08:39:59,XPQ-01 Main,2026-01-11 08:39:00,94.86,82.2,3.55566166666667,487.93,90.69,25.42,-15.7,14.95,68.96,4.303372,488.56,105.45,29.93,-14.63,23.49,84.88,3.56747933333333,487.25,88.44,24.85,-7.28,18.05,92.75,3.12606866666667,487.99,80.2,-37.61,56.49
2026-01-11 08:40:59,XPQ-01 Main,2026-01-11 08:40:00,104.59,86.99,3.74566166666667,487.65,94.82,26.54,-14.34,19.61,80.72,4.03670533333333,488.21,117.39,33.33,-14.74,25.8,86.83,3.734146,487.48,101.55,28.52,-8.68,22.74,93.43,3.059402,487.27,88.39,-37.76,68.15
2026-01-11 08:41:59,XPQ-01 Main,2026-01-11 08:41:00,89.7,83.3,3.54232833333333,487.91,84.78,23.74,-13.91,15.48,74.4,4.53670533333333,488.29,98.75,28.04,-13.99,21.66,84.0,3.7008126666666703,487.69,85.56,24.05,-8.12,18.4,91.49,2.959402,487.74,75.83,-36.02,55.55
2026-01-11 08:42:59,XPQ-01 Main,2026-01-11 08:42:00,90.66,94.31,3.7656616666666705,488.58,86.07,24.15,-10.76,18.48,86.41,4.003372,489.04,106.51,30.27,-6.76,26.34,96.86,4.06747933333333,488.03,79.39,22.34,-1.53,18.62,99.66,2.92606866666667,488.66,76.77,-19.05,63.44
2026-01-11 08:43:59,XPQ-01 Main,2026-01-11 08:43:00,106.61,70.94,3.55566166666667,488.84,103.05,28.92,-20.95,13.57,54.36,4.303372,489.43,125.14,35.61,-20.48,23.23,75.02,3.734146,488.59,91.65,25.8,-11.76,17.8,83.44,2.92606866666667,488.51,90.33,-53.19,54.6
2026-01-11 08:44:59,XPQ-01 Main,2026-01-11 08:44:00,96.36,80.92,3.498995,488.84,92.69,26.02,-14.43,14.01,69.66,3.93670533333333,489.28,109.89,31.26,-14.39,20.93,82.39,3.434146,488.49,86.51,24.36,-7.98,17.19,90.71,2.99273533333333,488.75,81.64,-36.8,52.13
2026-01-11 08:45:59,XPQ-01 Main,2026-01-11 08:45:00,98.25,84.98,3.6656616666666704,488.57,92.34,25.89,-13.93,15.49,74.36,3.9367053333333297,489.16,113.08,32.17,-13.4,23.06,86.46,3.634146,488.38,89.32,25.13,-6.65,18.52,94.11,3.12606866666667,488.15,83.19,-33.98,57.06
2026-01-11 08:46:59,XPQ-01 Main,2026-01-11 08:46:00,102.93,84.95,3.798995,488.56,99.77,28.0,-14.53,16.0,74.04,4.07003866666667,489.48,117.78,33.5,-13.67,23.84,86.74,3.734146,487.93,91.25,25.65,-6.81,18.88,94.08,3.29273533333333,488.27,87.15,-35.01,58.72
2026-01-11 08:47:59,XPQ-01 Main,2026-01-11 08:47:00,102.6,83.17,3.7223283333333295,488.64,100.55,28.22,-16.79,16.85,70.82,4.37003866666667,489.22,117.6,33.43,-14.68,25.25,86.46,3.7008126666666703,488.06,89.65,25.23,-7.95,18.95,92.22,3.29273533333333,488.66,86.88,-39.42,61.05
2026-01-11 08:48:59,XPQ-01 Main,2026-01-11 08:48:00,113.92,53.79,3.788995,488.65,106.16,29.78,-25.2,9.4,34.95,4.13670533333333,489.4,133.37,37.95,-29.3,19.54,55.48,3.734146,488.35,102.22,28.76,-17.86,17.96,70.93,3.32606866666667,488.2,96.49,-72.35,46.9
2026-01-11 08:49:59,XPQ-01 Main,2026-01-11 08:49:00,98.86,84.18,3.798995,488.74,91.95,25.81,-13.62,15.45,75.02,4.303372,489.68,113.28,32.24,-13.89,22.12,84.69,3.734146,488.18,91.35,25.69,-7.5,18.74,92.84,3.32606866666667,488.36,83.74,-35.01,56.31
2026-01-11 08:50:59,XPQ-01 Main,2026-01-11 08:50:00,93.91,84.42,3.84232833333333,488.27,89.4,25.07,-13.59,15.42,75.02,4.37003866666667,489.22,107.9,30.67,-13.94,22.38,84.89,3.7674793333333296,487.67,84.44,23.73,-7.27,18.93,93.35,3.29273533333333,487.93,79.47,-34.81,56.73
2026-01-11 08:51:59,XPQ-01 Main,2026-01-11 08:51:00,92.92,87.71,4.13232833333333,487.22,88.04,24.64,-12.42,16.97,80.71,4.303372,488.06,103.53,29.36,-12.64,23.09,87.71,4.00081266666667,486.63,87.21,24.46,-6.75,19.93,94.72,3.459402,486.97,78.45,-31.81,59.99
2026-01-11 08:52:59,XPQ-01 Main,2026-01-11 08:52:00,92.78,86.15,4.03232833333333,487.68,87.08,24.39,-12.95,16.68,78.99,4.603372,488.51,102.24,29.02,-13.42,22.65,86.03,3.96747933333333,487.1,89.02,24.99,-7.55,19.77,93.42,3.79273533333333,487.44,78.4,-33.92,59.1
2026-01-11 08:53:59,XPQ-01 Main,2026-01-11 08:53:00,83.54,80.53,3.818995,488.11,78.2,21.92,-13.87,13.48,69.69,4.47003866666667,488.51,94.12,26.73,-13.63,19.65,82.18,3.834146,487.69,78.29,22.02,-7.95,16.14,89.72,3.659402,488.14,70.66,-35.44,49.27
2026-01-11 08:54:59,XPQ-01 Main,2026-01-11 08:54:00,87.73,83.21,3.93232833333333,488.27,84.38,23.65,-14.13,14.92,72.6,4.17003866666667,488.79,97.48,27.71,-13.23,21.59,85.26,3.8674793333333297,488.1,81.34,22.87,-7.45,17.22,91.78,3.459402,487.92,74.23,-34.81,53.73
2026-01-11 08:55:59,XPQ-01 Main,2026-01-11 08:55:00,87.72,83.38,3.7556616666666702,488.46,84.54,23.7,-13.58,14.88,73.87,4.403372,489.09,97.19,27.64,-13.69,21.34,84.17,3.734146,488.27,81.42,22.9,-7.59,17.93,92.1,3.52606866666667,488.03,74.25,-34.85,54.15
2026-01-11 08:56:59,XPQ-01 Main,2026-01-11 08:56:00,86.71,80.99,3.8423283333333296,488.44,81.38,22.82,-14.15,13.71,69.59,4.13670533333333,488.81,98.36,27.95,-14.36,20.74,82.2,3.90081266666667,488.12,80.4,22.63,-7.73,17.15,91.17,3.39273533333333,488.38,73.4,-36.25,51.61
2026-01-11 08:57:59,XPQ-01 Main,2026-01-11 08:57:00,101.18,80.33,3.808995,488.05,89.39,25.04,-14.97,15.69,72.34,4.27003866666667,488.77,112.68,32.03,-18.21,22.64,77.92,3.80081266666667,487.87,101.46,28.51,-10.04,21.68,90.74,3.359402,487.52,85.58,-43.23,60.0
2026-01-11 08:58:59,XPQ-01 Main,2026-01-11 08:58:00,101.9,81.75,4.17566166666667,488.44,80.68,22.62,-13.21,15.28,75.65,4.17003866666667,489.1,119.13,33.88,-20.85,23.83,75.25,4.20081266666667,488.19,105.88,29.78,-9.05,25.77,94.35,3.459402,488.03,86.28,-43.12,64.89
2026-01-11 08:59:59,XPQ-01 Main,2026-01-11 08:59:00,101.02,83.86,4.04232833333333,488.46,92.81,26.03,-15.78,17.58,74.42,4.603372,489.05,115.65,32.88,-16.7,25.76,83.9,4.134146,488.13,94.61,26.61,-8.6,22.2,93.25,3.7260686666666705,488.2,85.52,-41.08,65.53
2026-01-11 09:00:59,XPQ-01 Main,2026-01-11 09:00:00,99.24,83.3,3.898995,488.58,89.48,25.1,-14.78,16.51,74.5,4.77003866666667,489.25,110.88,31.53,-16.23,23.9,82.73,4.00081266666667,488.21,97.37,27.39,-8.57,21.15,92.68,3.22606866666667,488.29,84.03,-39.58,61.56
2026-01-11 09:01:59,XPQ-01 Main,2026-01-11 09:01:00,93.37,78.49,3.92232833333333,488.72,87.03,24.42,-16.23,13.78,64.71,4.23670533333333,489.37,109.21,31.07,-16.35,22.21,80.54,3.80081266666667,488.36,83.88,23.6,-8.54,17.85,90.21,3.459402,488.43,79.09,-41.12,53.85
2026-01-11 09:02:59,XPQ-01 Main,2026-01-11 09:02:00,98.18,81.68,4.12232833333333,487.96,86.33,24.19,-14.49,15.02,71.96,4.503372,488.67,111.85,31.78,-15.89,22.2,81.32,4.134146,487.61,96.36,27.07,-8.45,19.49,91.75,3.459402,487.61,83.03,-38.83,56.71
2026-01-11 09:03:59,XPQ-01 Main,2026-01-11 09:03:00,72.19,86.39,4.13232833333333,487.52,70.38,19.7,-11.36,11.95,72.49,4.603372,488.03,85.53,24.27,-8.47,18.61,91.01,4.10081266666667,487.13,60.66,17.03,-3.82,12.58,95.68,3.6260686666666704,487.4,61.0,-23.65,43.14
2026-01-11 09:04:59,XPQ-01 Main,2026-01-11 09:04:00,87.92,82.11,4.25566166666667,487.68,83.4,23.36,-14.67,13.34,67.28,4.57003866666667,488.33,102.6,29.12,-12.34,21.29,86.52,4.26747933333333,487.23,77.75,21.83,-6.19,15.1,92.53,3.72606866666667,487.5,74.31,-33.19,49.72
2026-01-11 09:05:59,XPQ-01 Main,2026-01-11 09:05:00,104.04,77.81,4.21232833333333,487.43,93.06,26.04,-15.94,15.4,69.49,4.93670533333333,487.92,117.2,33.25,-20.38,22.73,74.45,4.36747933333333,487.1,101.87,28.6,-11.27,22.61,89.49,3.559402,487.28,87.89,-47.59,60.74
2026-01-11 09:06:59,XPQ-01 Main,2026-01-11 09:06:00,103.4,82.71,3.7756616666666702,486.99,96.07,26.86,-14.87,16.01,73.28,4.67003866666667,487.64,115.7,32.8,-16.42,23.7,82.2,3.80081266666667,486.62,98.43,27.6,-8.49,20.92,92.65,3.59273533333333,486.72,87.26,-39.79,60.64
2026-01-11 09:07:59,XPQ-01 Main,2026-01-11 09:07:00,108.46,88.99,3.93232833333333,487.06,104.66,29.28,-15.54,19.9,78.82,4.403372,487.63,123.47,34.99,-12.49,28.69,91.69,3.7674793333333296,486.53,97.25,27.28,-5.83,21.33,96.46,3.12606866666667,487.03,91.54,-33.86,69.93
2026-01-11 09:08:59,XPQ-01 Main,2026-01-11 09:08:00,111.28,93.81,4.16566166666667,487.24,104.42,29.22,-11.01,21.65,89.13,4.37003866666667,487.98,123.85,35.12,-11.13,29.33,93.49,4.26747933333333,486.7,105.56,29.61,-3.91,25.16,98.81,3.659402,487.03,93.96,-26.06,76.14
2026-01-11 09:09:59,XPQ-01 Main,2026-01-11 09:09:00,114.39,88.62,4.06566166666667,487.97,99.89,27.99,-13.94,20.54,82.74,4.57003866666667,488.71,128.11,36.39,-15.91,28.33,87.19,4.00081266666667,487.51,115.16,32.35,-7.6,25.77,95.92,3.659402,487.68,96.73,-37.45,74.65
2026-01-11 09:10:59,XPQ-01 Main,2026-01-11 09:10:00,98.76,87.82,4.17566166666667,487.38,92.01,25.75,-12.53,16.48,79.61,4.43670533333333,488.03,108.69,30.83,-12.8,23.71,88.0,4.20081266666667,486.94,95.57,26.82,-5.96,20.06,95.86,3.759402,487.15,83.4,-31.28,60.25
2026-01-11 09:11:59,XPQ-01 Main,2026-01-11 09:11:00,95.99,85.86,4.16566166666667,487.43,88.04,24.64,-13.25,14.84,74.6,4.603372,488.05,109.48,31.06,-12.71,22.89,87.41,4.434146,487.05,90.45,25.39,-5.59,18.14,95.57,3.7260686666666705,487.19,81.09,-31.55,55.87
2026-01-11 09:12:59,XPQ-01 Main,2026-01-11 09:12:00,100.33,84.12,4.27566166666667,487.54,94.21,26.36,-16.54,17.14,71.96,4.83670533333333,488.03,116.41,33.04,-15.65,26.57,86.16,4.334146,487.3,90.37,25.38,-7.38,20.79,94.24,3.22606866666667,487.28,84.78,-39.57,64.49
2026-01-11 09:13:59,XPQ-01 Main,2026-01-11 09:13:00,77.5,65.28,4.15566166666667,487.61,81.76,22.89,-18.5,9.19,44.48,4.77003866666667,488.41,89.81,25.5,-14.38,17.52,77.29,4.30081266666667,487.16,60.94,17.11,-8.79,9.69,74.07,3.7260686666666705,487.25,65.5,-41.67,36.39
2026-01-11 09:14:59,XPQ-01 Main,2026-01-11 09:14:00,78.57,54.25,4.35232833333333,487.16,80.65,22.55,-17.51,6.56,35.09,4.53670533333333,487.64,83.46,23.66,-14.43,13.33,67.84,4.434146,486.85,71.6,20.09,-9.71,7.25,59.82,3.6260686666666704,486.99,66.31,-41.65,27.14
2026-01-11 09:15:59,XPQ-01 Main,2026-01-11 09:15:00,95.08,71.54,3.83232833333333,487.59,88.31,24.74,-16.07,11.23,57.28,4.703372,488.38,101.62,28.83,-15.97,17.92,74.65,3.934146,486.9,95.31,26.75,-9.76,14.35,82.68,3.92606866666667,487.5,80.33,-41.8,43.5
2026-01-11 09:16:59,XPQ-01 Main,2026-01-11 09:16:00,90.05,87.74,3.978995,488.56,80.11,22.47,-10.13,15.68,83.99,4.403372,488.91,101.28,28.79,-12.02,19.8,85.48,4.134146,488.2,88.75,24.98,-7.09,19.1,93.75,3.159402,488.57,76.24,-29.24,54.58
2026-01-11 09:17:59,XPQ-01 Main,2026-01-11 09:17:00,100.85,78.51,4.14232833333333,488.64,94.7,26.57,-16.25,14.73,67.16,4.303372,489.22,111.59,31.74,-17.06,22.2,79.29,4.20081266666667,488.32,96.25,27.08,-9.68,18.97,89.08,3.49273533333333,488.37,85.39,-42.99,55.9
2026-01-11 09:18:59,XPQ-01 Main,2026-01-11 09:18:00,78.38,82.93,4.15566166666667,489.79,71.68,20.18,-12.22,12.84,72.45,4.603372,490.65,89.82,25.6,-12.03,18.81,84.23,4.10081266666667,488.96,73.64,20.76,-6.53,15.45,92.11,3.62606866666667,489.77,66.53,-30.78,47.1
2026-01-11 09:19:59,XPQ-01 Main,2026-01-11 09:19:00,97.55,79.82,4.198995,490.04,91.74,25.81,-14.31,14.57,71.37,4.603372,490.84,109.86,31.35,-15.9,20.48,78.98,4.20081266666667,489.66,91.05,25.68,-9.51,18.66,89.11,3.759402,489.62,82.84,-39.71,53.71
2026-01-11 09:20:59,XPQ-01 Main,2026-01-11 09:20:00,81.63,84.48,4.27566166666667,489.91,84.17,23.7,-15.56,14.22,67.46,4.603372,490.75,96.14,27.4,-10.51,23.23,91.11,4.30081266666667,489.0,64.58,18.21,-4.7,14.13,94.88,3.79273533333333,489.96,69.31,-30.78,51.58
2026-01-11 09:21:59,XPQ-01 Main,2026-01-11 09:21:00,77.56,84.86,3.93232833333333,490.01,77.72,21.88,-11.52,12.31,73.02,4.703372,490.72,85.29,24.32,-9.41,17.97,88.59,4.06747933333333,489.34,69.66,19.65,-5.2,13.13,92.96,3.8260686666666706,489.96,65.85,-26.13,43.41
2026-01-11 09:22:59,XPQ-01 Main,2026-01-11 09:22:00,99.69,81.33,3.8656616666666705,490.36,89.35,25.17,-15.59,16.12,71.89,4.403372,490.94,113.48,32.37,-17.85,24.01,80.25,4.00081266666667,489.64,96.23,27.17,-9.35,21.73,91.86,3.32606866666667,490.48,84.71,-42.79,61.86
2026-01-11 09:23:59,XPQ-01 Main,2026-01-11 09:23:00,87.7,85.24,3.98566166666667,490.4,85.69,24.15,-14.8,15.81,73.01,4.303372,491.27,103.01,29.4,-11.78,23.27,89.22,4.00081266666667,489.6,74.38,20.99,-6.33,16.68,93.5,3.29273533333333,490.32,74.54,-32.9,55.75
2026-01-11 09:24:59,XPQ-01 Main,2026-01-11 09:24:00,81.03,86.79,4.008995,490.03,77.43,21.79,-12.31,14.33,75.84,4.47003866666667,490.79,96.29,27.46,-9.5,20.29,90.57,4.06747933333333,489.45,69.36,19.56,-5.33,14.64,93.96,3.49273533333333,489.84,68.82,-27.14,49.25
2026-01-11 09:25:59,XPQ-01 Main,2026-01-11 09:25:00,92.12,82.03,3.778995,490.4,79.12,22.28,-13.05,14.37,74.03,4.303372,490.93,105.3,30.05,-16.64,21.47,79.04,3.734146,489.98,91.95,25.97,-8.19,20.74,93.01,3.659402,490.3,78.3,-37.87,56.58
2026-01-11 09:26:59,XPQ-01 Main,2026-01-11 09:26:00,112.05,64.94,3.96566166666667,489.86,101.43,28.54,-20.91,12.52,51.37,4.23670533333333,490.36,131.24,37.4,-24.18,20.53,64.72,4.00081266666667,489.32,103.48,29.2,-15.06,19.24,78.74,3.359402,489.9,95.14,-60.16,52.29
2026-01-11 09:27:59,XPQ-01 Main,2026-01-11 09:27:00,117.01,70.64,3.908995,489.99,108.24,30.48,-21.81,15.28,57.38,4.303372,490.93,136.21,38.84,-24.64,24.63,70.7,3.9008126666666705,489.24,106.58,30.06,-14.48,22.27,83.84,3.59273533333333,489.81,99.37,-60.92,62.17
2026-01-11 09:28:59,XPQ-01 Main,2026-01-11 09:28:00,110.61,96.57,3.7323283333333297,489.17,105.46,29.65,-11.07,25.07,91.48,4.27003866666667,490.05,127.97,36.42,-6.38,33.77,98.26,3.66747933333333,488.3,98.4,27.7,-0.62,24.93,99.97,3.559402,489.18,93.77,-18.07,83.77
2026-01-11 09:29:59,XPQ-01 Main,2026-01-11 09:29:00,100.27,34.26,4.508995,489.36,87.71,24.65,-20.58,4.22,20.09,4.203372,490.12,115.47,32.89,-28.13,8.5,28.92,4.46747933333333,488.89,97.65,27.51,-20.16,12.85,53.76,3.32606866666667,489.07,85.05,-68.86,25.57
2026-01-11 09:30:59,XPQ-01 Main,2026-01-11 09:30:00,107.57,88.62,3.798995,489.23,99.02,27.84,-14.12,18.19,78.99,4.97003866666667,490.21,125.01,35.6,-13.05,26.94,89.99,3.80081266666667,488.44,98.68,27.78,-5.46,21.28,96.86,4.09273533333333,489.04,91.21,-32.64,66.42
2026-01-11 09:31:59,XPQ-01 Main,2026-01-11 09:31:00,113.76,94.39,3.9556616666666704,489.08,107.02,30.06,-12.89,23.97,88.08,4.23670533333333,489.63,130.47,37.12,-9.68,32.68,95.88,4.10081266666667,488.53,103.79,29.24,-3.16,25.17,99.22,3.359402,489.08,96.42,-25.73,81.81
2026-01-11 09:32:59,XPQ-01 Main,2026-01-11 09:32:00,95.93,23.97,4.15566166666667,489.42,86.59,24.34,-20.69,1.71,8.22,4.17003866666667,490.21,109.02,31.06,-26.99,5.85,21.17,4.20081266666667,488.94,92.17,25.97,-19.81,9.31,42.52,3.59273533333333,489.1,81.37,-67.5,16.86
2026-01-11 09:33:59,XPQ-01 Main,2026-01-11 09:33:00,104.17,97.26,4.198995,489.0,96.42,27.09,-9.04,22.28,92.66,4.47003866666667,489.55,119.31,33.93,-3.94,29.66,99.13,4.10081266666667,488.32,96.77,27.25,0.36,21.12,99.99,3.79273533333333,489.13,88.28,-12.62,73.05
2026-01-11 09:34:59,XPQ-01 Main,2026-01-11 09:34:00,110.4,38.76,4.05232833333333,489.4,103.42,29.06,-25.3,6.91,26.36,4.77003866666667,489.99,122.9,35.01,-30.1,12.25,37.69,4.10081266666667,489.09,104.88,29.56,-22.49,13.78,52.24,3.72606866666667,489.11,93.63,-77.88,32.94
2026-01-11 09:35:59,XPQ-01 Main,2026-01-11 09:35:00,95.92,95.05,3.92232833333333,488.93,90.74,25.48,-10.05,18.81,88.2,4.303372,489.4,110.1,31.32,-6.39,26.32,97.18,3.90081266666667,488.46,86.91,24.48,-1.31,19.05,99.77,3.759402,488.93,81.27,-17.74,64.17
2026-01-11 09:36:59,XPQ-01 Main,2026-01-11 09:36:00,86.97,77.79,3.8656616666666705,488.49,79.0,22.17,-12.36,11.24,67.29,4.203372,489.03,102.32,29.07,-11.87,15.89,80.11,3.734146,487.8,79.59,22.39,-7.69,12.94,85.98,3.659402,488.66,73.63,-31.91,40.07
2026-01-11 09:37:59,XPQ-01 Main,2026-01-11 09:37:00,110.46,31.6,3.8656616666666705,489.35,102.1,28.69,-25.41,4.77,18.47,4.203372,489.77,123.48,35.16,-31.45,9.68,29.4,3.96747933333333,488.97,105.81,29.83,-23.66,12.57,46.92,3.659402,489.31,93.67,-80.52,27.02
2026-01-11 09:38:59,XPQ-01 Main,2026-01-11 09:38:00,112.49,97.26,4.17566166666667,488.89,105.28,29.58,-10.19,25.95,93.08,4.27003866666667,489.65,132.09,37.57,-5.56,35.75,98.81,4.16747933333333,488.18,100.1,28.17,1.18,26.39,99.9,3.359402,488.85,95.32,-14.58,88.09
2026-01-11 09:39:59,XPQ-01 Main,2026-01-11 09:39:00,110.93,50.62,3.888995,489.41,100.62,28.28,-23.69,10.06,39.11,4.67003866666667,489.96,125.27,35.67,-29.24,15.93,47.85,3.834146,488.9,106.91,30.13,-20.8,17.75,64.92,3.6927353333333297,489.37,94.09,-73.72,43.74
2026-01-11 09:40:59,XPQ-01 Main,2026-01-11 09:40:00,94.5,84.97,4.02232833333333,489.21,86.44,24.29,-13.22,13.48,71.39,4.33670533333333,489.73,110.9,31.57,-10.53,20.79,89.21,3.96747933333333,488.69,86.14,24.27,-5.14,14.56,94.3,3.49273533333333,489.21,80.13,-28.89,48.83
2026-01-11 09:41:59,XPQ-01 Main,2026-01-11 09:41:00,99.95,47.55,3.83232833333333,490.07,92.61,26.07,-21.61,7.81,34.0,4.37003866666667,490.87,113.86,32.48,-24.35,13.58,48.71,3.834146,489.5,93.38,26.34,-17.5,13.11,59.95,3.72606866666667,489.84,84.89,-63.46,34.5
2026-01-11 09:42:59,XPQ-01 Main,2026-01-11 09:42:00,113.7,87.31,4.008995,489.75,106.84,30.06,-16.17,19.8,77.45,4.17003866666667,490.69,132.51,37.77,-14.56,28.65,89.14,4.00081266666667,489.05,101.74,28.67,-7.13,22.53,95.34,3.49273533333333,489.5,96.51,-37.86,70.97
2026-01-11 09:43:59,XPQ-01 Main,2026-01-11 09:43:00,115.09,95.56,3.93232833333333,489.83,107.6,30.28,-12.52,24.47,89.03,4.43670533333333,490.53,133.8,38.13,-7.37,34.08,97.74,4.06747933333333,489.17,103.87,29.29,-1.07,24.42,99.9,3.59273533333333,489.78,97.71,-20.96,82.97
2026-01-11 09:44:59,XPQ-01 Main,2026-01-11 09:44:00,78.59,37.98,3.7556616666666702,489.85,73.85,20.79,-17.36,3.74,21.05,4.53670533333333,490.6,89.22,25.43,-19.58,8.88,41.31,3.734146,489.09,72.69,20.5,-13.62,8.2,51.57,3.19273533333333,489.87,66.71,-50.57,20.82
2026-01-11 09:45:59,XPQ-01 Main,2026-01-11 09:45:00,111.36,90.96,4.188995,490.0,103.29,29.08,-14.95,20.51,80.81,4.103372,490.93,133.06,37.95,-12.07,31.28,93.3,4.10081266666667,489.27,97.71,27.55,-3.64,23.04,98.78,3.42606866666667,489.81,94.58,-30.65,74.82
2026-01-11 09:46:59,XPQ-01 Main,2026-01-11 09:46:00,102.77,98.29,4.08566166666667,489.87,97.28,27.37,-5.27,24.76,97.81,4.67003866666667,490.45,121.0,34.49,1.34,32.85,99.92,4.134146,489.31,90.01,25.39,5.51,22.52,97.14,3.79273533333333,489.86,87.25,1.58,80.13
2026-01-11 09:47:59,XPQ-01 Main,2026-01-11 09:47:00,77.48,79.23,4.34566166666667,489.95,70.29,19.78,-12.62,11.09,66.02,4.33670533333333,490.5,90.57,25.81,-12.39,17.41,81.49,4.26747933333333,489.31,71.59,20.2,-6.63,13.84,90.19,3.79273533333333,490.05,65.8,-31.63,42.34
2026-01-11 09:48:59,XPQ-01 Main,2026-01-11 09:48:00,100.77,83.12,4.998995,489.9,91.17,25.66,-14.31,14.71,71.68,4.903372,490.57,120.53,34.36,-13.98,22.27,84.7,5.06747933333333,489.29,90.59,25.55,-7.12,17.95,92.96,3.859402,489.84,85.57,-35.41,54.94
2026-01-11 09:49:59,XPQ-01 Main,2026-01-11 09:49:00,96.2,95.16,4.66566166666667,490.03,93.51,26.32,-10.72,21.83,89.77,5.47003866666667,490.74,108.19,30.85,-7.31,28.03,96.76,4.36747933333333,489.44,86.91,24.52,-3.17,21.64,98.95,4.459402,489.9,81.69,-21.2,71.5
2026-01-11 09:50:59,XPQ-01 Main,2026-01-11 09:50:00,85.69,55.26,5.05566166666667,489.7,81.49,22.91,-16.36,8.07,44.23,5.23670533333333,490.26,96.11,27.39,-17.77,12.16,56.46,4.56747933333333,489.27,79.49,22.42,-13.13,11.26,65.09,4.39273533333333,489.57,72.72,-47.26,31.48
2026-01-11 09:51:59,XPQ-01 Main,2026-01-11 09:51:00,105.28,81.71,5.05566166666667,489.81,95.06,26.74,-15.25,15.1,70.35,5.503372,490.25,121.73,34.68,-14.95,22.57,83.36,4.80081266666667,489.23,99.04,27.95,-8.13,18.32,91.41,5.09273533333333,489.95,89.37,-38.33,55.98
2026-01-11 09:52:59,XPQ-01 Main,2026-01-11 09:52:00,86.28,93.16,4.94232833333333,489.48,81.52,22.93,-10.72,16.69,84.13,5.43670533333333,490.1,101.66,28.94,-6.68,23.7,96.25,4.70081266666667,488.7,75.66,21.33,-2.21,16.37,99.1,4.92606866666667,489.65,73.2,-19.61,56.76
2026-01-11 09:53:59,XPQ-01 Main,2026-01-11 09:53:00,91.79,82.2,5.13232833333333,490.43,85.18,24.0,-13.73,16.51,76.88,5.43670533333333,491.07,100.16,28.57,-16.16,21.46,79.89,4.70081266666667,489.69,90.03,25.43,-10.17,20.81,89.84,4.69273533333333,490.52,78.0,-40.07,58.79
2026-01-11 09:54:59,XPQ-01 Main,2026-01-11 09:54:00,99.79,84.66,8.04232833333333,490.85,89.88,25.33,-14.18,18.7,79.68,5.603372,491.43,111.19,31.77,-17.05,24.54,82.13,7.834146,490.48,98.31,27.79,-10.01,23.79,92.17,5.09273533333333,490.65,84.89,-41.24,67.04
2026-01-11 09:55:59,XPQ-01 Main,2026-01-11 09:55:00,72.08,85.79,4.24566166666667,490.37,71.59,20.17,-13.0,13.26,71.41,8.403372,491.17,86.09,24.56,-9.67,20.78,90.67,4.10081266666667,489.56,58.55,16.53,-4.42,13.9,95.3,7.89273533333333,490.39,61.26,-27.09,47.94
2026-01-11 09:56:59,XPQ-01 Main,2026-01-11 09:56:00,87.69,82.06,3.84566166666667,490.23,82.73,23.29,-14.18,15.37,73.5,4.63670533333333,490.69,97.57,27.83,-14.85,21.42,82.18,3.834146,489.8,82.76,23.37,-8.8,18.73,90.51,3.9927353333333295,490.21,74.49,-37.83,55.53
2026-01-11 09:57:59,XPQ-01 Main,2026-01-11 09:57:00,93.31,78.85,3.888995,490.45,87.14,24.56,-16.96,14.79,65.72,4.33670533333333,491.31,107.46,30.67,-16.67,23.13,81.11,3.934146,489.63,85.33,24.09,-9.09,18.46,89.71,3.359402,490.42,79.32,-42.72,56.37
2026-01-11 09:58:59,XPQ-01 Main,2026-01-11 09:58:00,93.45,80.63,3.96566166666667,490.14,86.94,24.47,-15.0,14.84,70.34,4.303372,490.63,102.63,29.28,-15.15,21.48,81.71,4.20081266666667,489.78,90.77,25.63,-8.83,18.06,89.83,3.42606866666667,490.01,79.37,-38.99,54.38
2026-01-11 09:59:59,XPQ-01 Main,2026-01-11 09:59:00,91.76,80.58,3.688995,489.94,84.61,23.81,-13.95,15.41,74.12,4.37003866666667,490.73,101.83,29.04,-17.14,21.13,77.66,3.60081266666667,489.44,88.83,25.05,-10.06,20.73,89.97,3.32606866666667,489.65,77.91,-41.15,57.27
2026-01-11 10:00:59,XPQ-01 Main,2026-01-11 10:00:00,73.01,80.75,3.818995,489.69,67.73,19.05,-11.96,11.44,69.13,4.17003866666667,490.32,82.34,23.46,-12.82,17.83,81.2,3.7008126666666703,489.04,68.97,19.45,-6.49,15.16,91.92,3.29273533333333,489.71,61.96,-31.27,44.42
2026-01-11 10:01:59,XPQ-01 Main,2026-01-11 10:01:00,104.43,82.91,3.54232833333333,489.99,94.66,26.65,-15.67,18.76,76.76,4.203372,490.6,115.48,32.91,-18.12,25.04,81.01,3.46747933333333,489.29,103.16,29.11,-10.85,23.76,90.97,3.559402,490.07,88.67,-44.64,67.56
2026-01-11 10:02:59,XPQ-01 Main,2026-01-11 10:02:00,87.13,81.88,3.64232833333333,489.83,87.6,24.65,-17.05,14.6,65.03,3.97003866666667,490.64,99.79,28.45,-12.15,23.56,88.88,3.56747933333333,489.11,74.01,20.87,-6.34,14.62,91.75,3.19273533333333,489.73,73.97,-35.54,52.77
2026-01-11 10:03:59,XPQ-01 Main,2026-01-11 10:03:00,107.59,82.97,3.53232833333333,489.49,102.55,28.82,-17.67,19.53,74.15,4.23670533333333,489.97,120.28,34.26,-18.0,27.31,83.5,3.50081266666667,489.05,99.96,28.18,-10.49,23.42,91.27,3.12606866666667,489.47,91.26,-46.16,70.26
2026-01-11 10:04:59,XPQ-01 Main,2026-01-11 10:04:00,93.51,81.88,3.52232833333333,489.19,81.04,22.76,-12.83,15.98,77.98,4.003372,489.93,103.12,29.37,-17.94,21.3,76.48,3.60081266666667,488.74,96.37,27.14,-10.25,22.78,91.19,3.09273533333333,488.92,79.27,-41.02,60.06
2026-01-11 10:05:59,XPQ-01 Main,2026-01-11 10:05:00,86.52,87.34,3.58566166666667,488.79,82.72,23.22,-14.45,14.75,71.44,3.903372,489.38,98.91,28.13,-9.36,24.02,93.17,3.46747933333333,488.24,77.92,21.93,-3.42,14.71,97.4,3.059402,488.74,73.29,-27.23,53.48
2026-01-11 10:06:59,XPQ-01 Main,2026-01-11 10:06:00,78.51,82.81,3.8756616666666703,489.03,72.85,20.47,-13.54,12.36,67.42,4.07003866666667,489.87,90.54,25.76,-10.37,19.58,88.37,3.934146,488.17,72.15,20.31,-5.31,13.04,92.63,3.22606866666667,489.04,66.54,-29.21,44.98
2026-01-11 10:07:59,XPQ-01 Main,2026-01-11 10:07:00,81.69,83.03,3.598995,488.93,86.47,24.28,-15.93,13.91,65.78,4.403372,489.56,93.64,26.64,-10.89,22.7,90.17,3.66747933333333,488.38,64.97,18.29,-5.37,13.73,93.14,3.29273533333333,488.85,69.22,-32.19,50.35
2026-01-11 10:08:59,XPQ-01 Main,2026-01-11 10:08:00,86.52,83.47,3.6556616666666706,488.58,82.93,23.27,-13.24,14.79,74.51,4.17003866666667,489.24,93.64,26.62,-13.31,20.75,84.17,3.534146,487.96,83.0,23.35,-7.64,17.61,91.73,2.959402,488.53,73.24,-34.19,53.15
2026-01-11 10:09:59,XPQ-01 Main,2026-01-11 10:09:00,91.4,84.97,3.708995,488.49,82.12,23.04,-12.58,16.23,79.04,4.003372,489.13,103.58,29.44,-14.44,21.73,83.28,3.80081266666667,487.9,88.5,24.89,-8.28,20.29,92.59,3.42606866666667,488.44,77.38,-35.3,58.25
2026-01-11 10:10:59,XPQ-01 Main,2026-01-11 10:10:00,96.9,86.09,3.7556616666666702,488.51,90.95,25.52,-14.42,18.48,78.83,4.23670533333333,489.26,108.9,30.96,-14.32,24.7,86.52,3.80081266666667,487.9,90.85,25.55,-8.44,21.19,92.9,3.09273533333333,488.36,82.03,-37.17,64.37
2026-01-11 10:11:59,XPQ-01 Main,2026-01-11 10:11:00,88.54,81.49,3.698995,488.33,88.93,24.94,-15.56,15.03,69.47,4.37003866666667,489.01,98.78,28.07,-13.69,22.02,84.92,3.7008126666666703,487.74,77.91,21.91,-8.04,16.67,90.07,3.09273533333333,488.22,74.92,-37.29,53.72
2026-01-11 10:12:59,XPQ-01 Main,2026-01-11 10:12:00,97.92,84.53,3.83232833333333,488.15,98.11,27.52,-16.61,18.38,74.18,4.17003866666667,488.87,109.45,31.08,-13.44,25.26,88.28,3.80081266666667,487.39,86.22,24.23,-8.5,18.81,91.13,3.22606866666667,488.19,82.83,-38.56,62.45
2026-01-11 10:13:59,XPQ-01 Main,2026-01-11 10:13:00,74.37,77.5,3.62232833333333,487.7,67.15,18.81,-11.75,10.61,67.04,4.27003866666667,488.38,86.05,24.43,-13.87,16.26,76.09,3.734146,487.23,69.92,19.63,-7.55,15.06,89.38,3.42606866666667,487.47,62.87,-33.17,41.93
2026-01-11 10:14:59,XPQ-01 Main,2026-01-11 10:14:00,104.18,87.79,3.7656616666666705,487.92,109.36,30.67,-18.29,20.62,74.82,3.9367053333333297,488.77,120.72,34.27,-11.65,30.14,93.27,3.7674793333333296,487.04,82.47,23.16,-6.15,19.32,95.29,3.19273533333333,487.94,88.09,-36.09,70.08
2026-01-11 10:15:59,XPQ-01 Main,2026-01-11 10:15:00,88.86,79.53,3.818995,488.25,81.14,22.76,-13.63,13.03,69.1,4.33670533333333,488.96,96.87,27.52,-15.31,19.69,78.95,3.834146,487.57,88.56,24.89,-8.25,17.58,90.53,3.19273533333333,488.21,75.17,-37.19,50.31
2026-01-11 10:16:59,XPQ-01 Main,2026-01-11 10:16:00,92.58,85.71,3.598995,487.81,90.92,25.48,-14.69,16.11,73.89,4.37003866666667,488.6,103.88,29.48,-12.18,23.85,89.06,3.50081266666667,487.05,82.95,23.29,-6.25,17.53,94.19,3.259402,487.79,78.26,-33.12,57.49
2026-01-11 10:17:59,XPQ-01 Main,2026-01-11 10:17:00,72.75,85.8,3.888995,488.04,66.67,18.69,-11.94,11.98,70.84,4.103372,488.71,88.19,25.05,-10.32,20.42,89.25,3.834146,487.44,63.38,17.81,-3.45,14.55,97.31,3.19273533333333,487.96,61.55,-25.71,46.96
2026-01-11 10:18:59,XPQ-01 Main,2026-01-11 10:18:00,83.22,85.27,3.588995,488.04,77.11,21.62,-11.72,13.84,76.32,4.403372,488.74,92.94,26.39,-12.32,20.15,85.32,3.46747933333333,487.27,79.6,22.37,-6.15,17.24,94.18,3.42606866666667,488.12,70.38,-30.2,51.23
2026-01-11 10:19:59,XPQ-01 Main,2026-01-11 10:19:00,97.24,85.42,3.6323283333333296,488.06,95.1,26.67,-16.43,18.04,73.93,4.203372,489.09,110.77,31.47,-12.59,25.59,89.73,3.534146,487.29,85.83,24.1,-7.42,18.17,92.58,3.09273533333333,487.8,82.24,-36.43,61.8
2026-01-11 10:20:59,XPQ-01 Main,2026-01-11 10:20:00,86.67,75.26,3.788995,488.13,73.8,20.69,-13.38,11.98,66.71,4.103372,488.93,99.11,28.17,-18.17,18.11,70.61,3.90081266666667,487.69,87.1,24.47,-9.98,18.94,88.47,3.259402,487.77,73.33,-41.52,49.04
2026-01-11 10:21:59,XPQ-01 Main,2026-01-11 10:21:00,86.36,75.9,3.54232833333333,488.1,74.84,20.99,-13.24,13.3,70.86,4.203372,488.85,97.17,27.6,-17.32,17.46,70.99,3.734146,487.4,87.06,24.46,-11.17,18.69,85.84,3.259402,488.05,73.05,-41.73,49.44
2026-01-11 10:22:59,XPQ-01 Main,2026-01-11 10:22:00,106.06,80.47,3.62232833333333,488.16,95.87,26.87,-15.37,18.57,77.02,3.97003866666667,488.8,112.98,32.1,-19.12,22.82,76.66,3.60081266666667,487.74,109.33,30.73,-12.95,23.67,87.73,2.92606866666667,487.95,89.71,-47.44,65.06
2026-01-11 10:23:59,XPQ-01 Main,2026-01-11 10:23:00,85.35,86.25,3.57566166666667,488.0,86.48,24.24,-13.24,13.81,72.17,4.37003866666667,488.71,88.85,25.23,-8.95,20.86,91.9,3.7008126666666703,487.36,80.73,22.68,-4.54,13.38,94.68,2.89273533333333,487.92,72.15,-26.73,48.04
2026-01-11 10:24:59,XPQ-01 Main,2026-01-11 10:24:00,83.26,87.06,3.698995,487.93,88.32,24.78,-15.42,16.89,73.86,4.07003866666667,488.86,96.15,27.29,-8.56,23.77,94.09,3.734146,486.86,65.3,18.33,-5.5,14.15,93.22,2.959402,488.06,70.4,-29.47,54.81
2026-01-11 10:25:59,XPQ-01 Main,2026-01-11 10:25:00,100.6,83.96,3.6656616666666704,488.25,90.57,25.4,-12.77,19.12,83.16,4.37003866666667,488.94,106.69,30.31,-17.24,22.11,78.85,3.734146,487.58,104.53,29.39,-11.81,24.18,89.86,2.99273533333333,488.23,85.1,-41.82,65.41
2026-01-11 10:26:59,XPQ-01 Main,2026-01-11 10:26:00,105.48,86.67,3.6423283333333294,488.48,97.08,27.25,-14.93,20.39,80.69,4.13670533333333,489.33,118.38,33.65,-14.92,26.08,86.79,3.46747933333333,487.71,100.99,28.39,-9.38,22.91,92.54,3.12606866666667,488.39,89.29,-39.23,69.38
2026-01-11 10:27:59,XPQ-01 Main,2026-01-11 10:27:00,81.09,83.57,3.65566166666667,488.43,81.91,22.99,-14.28,12.55,66.0,4.23670533333333,489.33,92.06,26.16,-9.91,20.87,90.33,3.60081266666667,487.58,69.3,19.48,-4.46,12.74,94.39,3.22606866666667,488.37,68.64,-28.65,46.15
2026-01-11 10:28:59,XPQ-01 Main,2026-01-11 10:28:00,100.88,80.53,3.64232833333333,488.27,96.28,27.01,-16.97,17.26,71.31,4.13670533333333,488.98,112.14,31.86,-17.51,24.25,81.06,3.56747933333333,487.58,94.22,26.49,-10.63,20.98,89.21,3.22606866666667,488.25,85.35,-45.11,62.49
2026-01-11 10:29:59,XPQ-01 Main,2026-01-11 10:29:00,68.21,76.09,3.688995,488.56,54.97,15.43,-9.08,9.0,70.4,4.13670533333333,489.48,77.66,22.08,-13.84,13.09,68.69,3.56747933333333,487.84,72.0,20.24,-7.59,14.96,89.19,3.22606866666667,488.37,57.76,-30.51,37.05
2026-01-11 10:30:59,XPQ-01 Main,2026-01-11 10:30:00,78.89,83.71,3.84566166666667,488.37,78.12,21.93,-14.52,13.0,66.7,4.03670533333333,489.15,92.61,26.31,-9.99,21.17,90.44,3.7008126666666703,487.54,65.95,18.54,-4.71,12.95,93.98,3.459402,488.42,66.78,-29.21,47.11
2026-01-11 10:31:59,XPQ-01 Main,2026-01-11 10:31:00,100.6,84.38,3.56566166666667,488.82,102.12,28.68,-17.96,20.06,74.5,4.53670533333333,489.48,111.36,31.66,-13.75,26.65,88.86,3.60081266666667,488.07,88.31,24.86,-9.55,19.47,89.79,3.29273533333333,488.91,85.2,-41.26,66.18
2026-01-11 10:32:59,XPQ-01 Main,2026-01-11 10:32:00,88.98,82.1,3.56566166666667,489.17,85.84,24.13,-14.96,15.18,71.24,4.03670533333333,489.92,100.71,28.66,-13.11,21.45,85.33,3.40081266666667,488.4,80.4,22.64,-8.11,16.49,89.72,3.059402,489.19,75.43,-36.18,53.12
2026-01-11 10:33:59,XPQ-01 Main,2026-01-11 10:33:00,87.52,81.18,3.498995,489.14,84.79,23.83,-13.36,14.02,72.41,4.23670533333333,489.89,95.18,27.09,-14.19,19.67,81.09,3.50081266666667,488.46,82.59,23.26,-8.39,17.34,90.02,3.059402,489.08,74.17,-35.94,51.03
2026-01-11 10:34:59,XPQ-01 Main,2026-01-11 10:34:00,88.71,79.76,3.6423283333333294,489.68,76.18,21.42,-12.05,15.13,78.23,4.103372,490.24,96.0,27.36,-17.87,18.73,72.35,3.56747933333333,489.27,93.94,26.49,-11.31,21.71,88.69,2.89273533333333,489.54,75.27,-41.23,55.58
2026-01-11 10:35:59,XPQ-01 Main,2026-01-11 10:35:00,84.06,85.69,3.698995,489.47,90.18,25.37,-15.97,17.17,73.22,4.23670533333333,490.22,96.87,27.58,-9.91,23.82,92.32,3.7008126666666703,488.53,65.14,18.36,-6.61,15.01,91.52,3.12606866666667,489.67,71.3,-32.49,56.0
2026-01-11 10:36:59,XPQ-01 Main,2026-01-11 10:36:00,71.43,78.79,3.888995,489.03,63.47,17.83,-10.8,10.4,69.37,4.37003866666667,489.63,80.47,22.9,-13.34,15.78,76.37,3.634146,488.49,70.36,19.81,-7.06,15.13,90.63,3.02606866666667,488.97,60.54,-31.2,41.32
2026-01-11 10:37:59,XPQ-01 Main,2026-01-11 10:37:00,97.2,81.07,3.7223283333333295,489.76,83.71,23.55,-13.7,16.25,76.46,4.503372,490.33,109.07,31.08,-18.93,22.04,75.86,3.60081266666667,489.21,98.83,27.88,-10.75,23.41,90.87,3.52606866666667,489.75,82.5,-43.38,61.7
2026-01-11 10:38:59,XPQ-01 Main,2026-01-11 10:38:00,84.59,83.01,3.64566166666667,489.66,79.7,22.42,-13.2,14.06,72.9,4.403372,490.29,93.6,26.66,-12.79,20.19,84.48,3.80081266666667,489.0,80.48,22.69,-7.22,16.53,91.64,3.159402,489.68,71.77,-33.21,50.79
2026-01-11 10:39:59,XPQ-01 Main,2026-01-11 10:39:00,81.78,83.14,3.83232833333333,489.61,84.52,23.78,-15.54,14.56,68.36,4.103372,490.35,93.4,26.6,-10.89,22.06,89.67,4.034146,488.85,67.41,19.0,-6.25,14.07,91.38,3.02606866666667,489.63,69.38,-32.68,50.69
2026-01-11 10:40:59,XPQ-01 Main,2026-01-11 10:40:00,83.53,87.26,3.6756616666666706,490.02,79.33,22.33,-12.65,15.5,77.49,4.33670533333333,490.79,98.43,28.06,-10.93,21.97,89.53,3.734146,489.3,72.84,20.55,-5.73,16.99,94.76,3.12606866666667,489.97,70.95,-29.3,54.46
2026-01-11 10:41:59,XPQ-01 Main,2026-01-11 10:41:00,97.92,87.41,3.8656616666666705,490.25,96.09,27.06,-15.43,19.4,78.26,4.203372,490.92,108.79,31.03,-12.64,26.35,90.16,3.934146,489.65,88.87,25.09,-7.45,20.15,93.8,3.09273533333333,490.18,83.18,-35.52,65.9
2026-01-11 10:42:59,XPQ-01 Main,2026-01-11 10:42:00,71.12,79.61,3.9423283333333297,489.66,61.89,17.41,-10.67,10.4,69.82,4.47003866666667,490.45,81.65,23.27,-12.63,15.76,78.04,3.90081266666667,488.96,69.81,19.68,-6.64,14.56,90.98,3.19273533333333,489.57,60.35,-29.94,40.72
2026-01-11 10:43:59,XPQ-01 Main,2026-01-11 10:43:00,92.51,83.27,3.908995,489.91,97.23,27.37,-18.09,17.97,70.47,4.53670533333333,490.57,105.63,30.1,-12.89,25.62,89.33,4.00081266666667,489.19,74.68,21.07,-8.24,17.03,90.02,3.39273533333333,489.98,78.54,-39.22,60.62
2026-01-11 10:44:59,XPQ-01 Main,2026-01-11 10:44:00,66.47,78.68,3.7756616666666702,490.1,59.87,16.86,-10.95,10.17,68.05,4.33670533333333,490.71,76.18,21.72,-12.12,15.3,78.39,3.80081266666667,489.5,63.35,17.88,-6.72,13.56,89.59,3.39273533333333,490.1,56.46,-29.79,39.03
2026-01-11 10:45:59,XPQ-01 Main,2026-01-11 10:45:00,98.21,84.37,3.62232833333333,489.91,98.76,27.8,-17.01,18.86,74.26,4.37003866666667,490.62,109.14,31.11,-14.1,25.87,87.8,3.50081266666667,489.25,86.74,24.47,-8.89,19.57,91.05,3.159402,489.85,83.37,-40.0,64.3
2026-01-11 10:46:59,XPQ-01 Main,2026-01-11 10:46:00,102.85,83.86,3.8656616666666705,490.17,94.98,26.75,-15.99,18.83,76.24,4.13670533333333,491.0,114.56,32.67,-16.23,25.3,84.18,3.7674793333333296,489.4,99.0,27.93,-9.92,21.99,91.16,3.22606866666667,490.11,87.36,-42.13,66.13
2026-01-11 10:47:59,XPQ-01 Main,2026-01-11 10:47:00,98.94,85.93,3.818995,489.72,89.54,25.19,-13.66,18.28,80.09,4.37003866666667,490.62,110.76,31.57,-16.22,24.93,83.82,3.96747933333333,488.96,96.54,27.21,-8.62,23.49,93.88,3.459402,489.58,83.97,-38.51,66.7
2026-01-11 10:48:59,XPQ-01 Main,2026-01-11 10:48:00,88.14,82.15,3.7856616666666705,489.54,94.14,26.49,-17.9,16.91,68.67,4.203372,490.35,100.52,28.62,-11.76,24.05,89.83,3.96747933333333,488.63,69.77,19.66,-8.08,14.94,87.95,3.29273533333333,489.66,74.77,-37.74,55.89
2026-01-11 10:49:59,XPQ-01 Main,2026-01-11 10:49:00,72.79,80.77,3.74232833333333,489.13,69.81,19.62,-14.18,10.97,61.19,4.13670533333333,489.94,88.75,25.26,-10.6,19.5,87.86,3.80081266666667,488.29,59.81,16.84,-4.62,11.95,93.27,3.259402,489.15,61.72,-29.4,42.41
2026-01-11 10:50:59,XPQ-01 Main,2026-01-11 10:50:00,76.56,81.32,3.678995,489.11,64.82,18.22,-11.11,10.86,69.89,4.23670533333333,489.91,86.82,24.7,-13.34,17.79,80.01,3.8674793333333297,488.22,78.03,21.97,-5.79,16.05,94.07,3.19273533333333,489.2,64.89,-30.24,44.7
2026-01-11 10:51:59,XPQ-01 Main,2026-01-11 10:51:00,103.28,81.85,3.8656616666666705,489.12,92.62,26.03,-14.89,16.03,73.26,4.103372,490.01,113.06,32.18,-18.21,23.94,79.58,3.9008126666666705,488.37,104.15,29.32,-9.14,22.6,92.7,3.059402,488.96,87.53,-42.25,62.57
2026-01-11 10:52:59,XPQ-01 Main,2026-01-11 10:52:00,96.33,86.36,3.7556616666666702,489.47,99.45,27.98,-18.44,18.27,70.38,4.37003866666667,490.3,116.29,33.11,-11.09,28.65,93.25,3.9008126666666705,488.51,73.26,20.64,-5.24,16.79,95.46,3.32606866666667,489.61,81.73,-34.77,63.71
2026-01-11 10:53:59,XPQ-01 Main,2026-01-11 10:53:00,114.48,86.76,3.708995,489.01,116.86,32.85,-20.52,22.47,73.84,4.13670533333333,489.8,136.17,38.72,-14.3,33.09,91.79,3.66747933333333,487.96,90.41,25.45,-7.53,22.06,94.63,3.22606866666667,489.26,97.03,-42.36,77.62
2026-01-11 10:54:59,XPQ-01 Main,2026-01-11 10:54:00,100.1,92.62,4.16566166666667,488.41,88.51,24.84,-9.76,17.23,87.01,4.27003866666667,489.07,113.07,32.12,-11.88,26.57,91.3,4.134146,487.61,98.74,27.77,-2.24,23.32,99.54,3.19273533333333,488.56,84.73,-23.87,67.12
2026-01-11 10:55:59,XPQ-01 Main,2026-01-11 10:55:00,95.99,67.74,3.618995,488.69,103.24,28.99,-19.41,10.77,48.52,4.63670533333333,489.26,102.42,29.11,-14.45,19.08,79.73,3.7008126666666703,487.97,82.3,23.16,-9.27,10.5,74.96,3.7260686666666705,488.85,81.26,-43.13,40.36
2026-01-11 10:56:59,XPQ-01 Main,2026-01-11 10:56:00,97.91,73.83,3.84232833333333,487.92,94.22,26.42,-16.86,11.74,57.13,3.9367053333333297,488.89,108.89,30.93,-16.03,20.02,78.06,3.8674793333333297,487.16,90.61,25.44,-8.78,14.99,86.28,3.22606866666667,487.7,82.78,-41.67,46.74
2026-01-11 10:57:59,XPQ-01 Main,2026-01-11 10:57:00,128.54,95.52,3.83232833333333,487.77,118.35,33.18,-11.36,27.05,92.2,4.33670533333333,488.44,145.11,41.17,-11.27,34.89,95.16,3.80081266666667,486.94,122.15,34.31,-3.88,30.41,99.2,3.32606866666667,487.93,108.65,-26.51,92.36
2026-01-11 10:58:59,XPQ-01 Main,2026-01-11 10:58:00,121.11,95.27,3.74566166666667,487.3,116.97,32.76,-13.91,26.73,88.71,4.27003866666667,488.05,138.86,39.36,-8.05,35.75,97.56,3.7674793333333296,486.45,107.49,30.16,-2.49,25.66,99.53,3.42606866666667,487.42,102.28,-24.45,88.13
2026-01-11 10:59:59,XPQ-01 Main,2026-01-11 10:59:00,99.94,56.86,3.698995,486.41,92.12,25.74,-19.22,8.04,38.61,4.203372,487.1,113.39,32.09,-21.92,15.93,58.77,3.7674793333333296,485.79,94.31,26.41,-13.28,14.27,73.21,3.259402,486.35,84.25,-54.42,38.24
2026-01-11 11:00:59,XPQ-01 Main,2026-01-11 11:00:00,118.66,89.69,3.7323283333333297,486.3,113.39,31.69,-14.13,21.34,83.38,4.103372,487.1,130.82,37.01,-13.31,27.95,90.28,3.66747933333333,485.48,111.77,31.29,-7.41,23.62,95.42,3.22606866666667,486.32,99.99,-34.85,72.91
2026-01-11 11:01:59,XPQ-01 Main,2026-01-11 11:01:00,125.02,94.88,3.908995,486.28,120.52,33.68,-12.17,26.12,90.65,4.27003866666667,487.0,138.29,39.12,-10.18,32.75,95.5,3.8674793333333297,485.55,116.24,32.54,-4.8,27.31,98.49,3.259402,486.3,105.34,-27.15,86.18
2026-01-11 11:02:59,XPQ-01 Main,2026-01-11 11:02:00,129.85,97.22,4.04566166666667,486.52,122.16,34.15,-10.49,29.38,94.18,4.303372,487.36,145.76,41.26,-8.03,36.98,97.72,4.06747933333333,485.74,121.63,34.06,-2.06,30.52,99.77,3.559402,486.45,109.48,-20.58,96.88
2026-01-11 11:03:59,XPQ-01 Main,2026-01-11 11:03:00,118.56,89.57,3.908995,486.24,109.56,30.6,-14.57,21.74,83.06,4.57003866666667,487.04,134.15,37.96,-14.77,29.59,89.47,4.034146,485.61,111.98,31.34,-7.28,25.51,96.16,3.49273533333333,486.06,99.9,-36.62,76.84
2026-01-11 11:04:59,XPQ-01 Main,2026-01-11 11:04:00,137.2,97.98,3.798995,485.87,130.27,36.37,-10.05,31.68,95.32,4.37003866666667,486.78,151.52,42.84,-6.59,39.61,98.65,3.8674793333333297,485.07,129.81,36.3,-0.79,32.08,99.97,3.32606866666667,485.75,115.51,-17.42,103.37
2026-01-11 11:05:59,XPQ-01 Main,2026-01-11 11:05:00,98.09,53.68,3.7223283333333295,486.07,90.56,25.29,-19.34,7.38,35.67,4.23670533333333,486.82,111.39,31.51,-23.07,14.9,54.27,3.7674793333333296,485.47,92.32,25.83,-14.19,14.34,71.09,3.29273533333333,485.91,82.63,-56.6,36.63
2026-01-11 11:06:59,XPQ-01 Main,2026-01-11 11:06:00,114.88,80.11,3.84232833333333,485.89,107.4,29.98,-17.08,18.15,72.84,4.23670533333333,486.71,126.21,35.69,-19.18,24.55,78.81,3.80081266666667,485.17,111.02,31.05,-11.98,23.0,88.69,3.159402,485.79,96.72,-48.23,65.71
2026-01-11 11:07:59,XPQ-01 Main,2026-01-11 11:07:00,98.34,35.62,3.798995,486.23,90.39,25.25,-20.12,3.31,16.24,4.43670533333333,486.88,109.91,31.09,-22.78,9.92,39.94,3.934146,485.57,94.72,26.52,-15.3,8.99,50.68,3.29273533333333,486.25,82.86,-58.19,22.23
2026-01-11 11:08:59,XPQ-01 Main,2026-01-11 11:08:00,69.34,76.17,3.7756616666666702,485.8,69.88,19.51,-11.69,6.77,50.14,4.23670533333333,486.71,79.2,22.39,-8.19,14.23,86.67,3.934146,484.9,58.93,16.47,-3.16,7.27,91.71,3.22606866666667,485.8,58.37,-23.04,28.28
2026-01-11 11:09:59,XPQ-01 Main,2026-01-11 11:09:00,116.37,62.71,3.908995,485.75,110.74,30.9,-20.5,12.4,51.76,4.203372,486.41,128.09,36.2,-23.32,18.47,62.09,3.834146,485.11,110.26,30.84,-16.09,17.85,74.28,3.19273533333333,485.73,97.94,-59.91,48.72
2026-01-11 11:10:59,XPQ-01 Main,2026-01-11 11:10:00,105.73,23.0,3.788995,485.3,100.29,27.96,-22.17,1.31,5.89,4.503372,486.07,117.52,33.19,-26.4,6.81,24.96,3.7674793333333296,484.57,99.39,27.77,-19.02,7.85,38.17,3.39273533333333,485.26,88.92,-67.6,15.97
2026-01-11 11:11:59,XPQ-01 Main,2026-01-11 11:11:00,127.76,98.7,3.7323283333333297,488.13,121.61,34.11,-7.62,28.48,96.6,4.27003866666667,488.91,142.07,40.35,-3.18,35.42,99.6,3.7674793333333296,487.39,119.61,33.61,1.21,27.54,99.9,3.32606866666667,488.08,108.06,-9.59,91.43
2026-01-11 11:12:59,XPQ-01 Main,2026-01-11 11:12:00,122.04,96.5,3.7523283333333297,487.63,115.22,32.29,0.69,30.51,99.97,4.17003866666667,488.25,141.55,40.15,8.76,37.2,97.34,3.80081266666667,486.88,109.36,30.71,10.98,26.11,92.19,3.259402,487.76,103.14,20.43,93.81
2026-01-11 11:13:59,XPQ-01 Main,2026-01-11 11:13:00,100.2,12.98,3.808995,487.88,100.32,28.1,-22.18,-7.77,33.05,4.23670533333333,488.65,114.65,32.57,-27.02,-1.32,4.89,3.80081266666667,487.43,85.62,24.05,-18.68,-0.19,1.0,3.22606866666667,487.57,84.72,-67.88,-9.28
2026-01-11 11:14:59,XPQ-01 Main,2026-01-11 11:14:00,86.62,14.07,3.7756616666666702,488.07,81.12,22.74,-17.73,-4.07,22.38,4.53670533333333,488.71,93.91,26.67,-20.3,2.09,10.26,3.8674793333333297,487.38,84.83,23.84,-13.39,1.29,9.59,3.09273533333333,488.12,73.25,-51.41,-0.69
2026-01-11 11:15:59,XPQ-01 Main,2026-01-11 11:15:00,147.45,98.75,3.6123283333333296,487.26,137.77,38.57,0.91,35.72,99.97,4.27003866666667,487.93,161.81,45.86,4.53,42.34,99.43,3.60081266666667,486.56,142.77,40.05,9.01,35.07,96.85,3.19273533333333,487.3,124.49,14.45,113.13
2026-01-11 11:16:59,XPQ-01 Main,2026-01-11 11:16:00,121.63,98.14,3.818995,487.17,116.76,32.7,-8.86,27.72,95.25,4.203372,487.97,137.23,38.89,-4.51,34.5,99.16,3.934146,486.29,110.9,31.1,-0.26,26.84,100.0,3.02606866666667,487.26,102.68,-13.62,89.06
2026-01-11 11:17:59,XPQ-01 Main,2026-01-11 11:17:00,106.36,43.28,3.6656616666666704,487.51,99.56,27.88,-21.63,6.01,26.76,4.47003866666667,488.2,119.84,33.99,-25.6,12.56,44.06,3.7674793333333296,486.81,99.67,27.98,-17.42,12.73,59.01,3.059402,487.52,89.85,-64.65,31.3
2026-01-11 11:18:59,XPQ-01 Main,2026-01-11 11:18:00,74.69,18.92,3.7656616666666705,487.42,73.85,20.68,-15.76,-1.6,10.1,4.13670533333333,488.3,83.82,23.78,-17.76,4.01,22.01,3.80081266666667,486.66,66.41,18.63,-11.59,2.95,24.66,3.09273533333333,487.3,63.09,-45.11,5.36
2026-01-11 11:19:59,XPQ-01 Main,2026-01-11 11:19:00,124.52,72.48,3.7223283333333295,489.02,117.29,32.96,-22.48,19.46,65.45,4.23670533333333,490.03,135.82,38.66,-24.4,25.16,71.78,3.7008126666666703,488.23,120.44,33.89,-17.78,23.87,80.2,3.259402,488.8,105.51,-64.66,68.49
2026-01-11 11:20:59,XPQ-01 Main,2026-01-11 11:20:00,74.22,97.17,3.6123283333333296,488.45,69.92,19.62,-5.65,15.3,93.82,4.37003866666667,489.19,89.56,25.46,0.97,20.6,99.89,3.80081266666667,487.85,63.18,17.77,2.51,11.84,97.82,3.09273533333333,488.33,62.84,-2.17,47.74
2026-01-11 11:21:59,XPQ-01 Main,2026-01-11 11:21:00,78.74,97.67,3.598995,489.39,73.21,20.58,-4.72,17.35,96.5,4.03670533333333,490.01,94.01,26.76,0.78,24.06,99.95,3.46747933333333,488.71,69.01,19.45,4.16,15.49,96.57,2.99273533333333,489.46,66.8,0.23,56.89
2026-01-11 11:22:59,XPQ-01 Main,2026-01-11 11:22:00,112.57,98.81,3.6656616666666704,488.53,113.96,31.98,-5.44,26.65,97.98,4.17003866666667,489.09,122.95,34.95,2.33,31.98,99.74,3.534146,488.01,100.79,28.36,3.56,22.08,98.72,3.159402,488.49,95.28,0.45,80.71
2026-01-11 11:23:59,XPQ-01 Main,2026-01-11 11:23:00,93.31,94.92,3.7656616666666705,488.82,87.45,24.56,-9.49,18.1,88.58,4.203372,489.47,103.97,29.57,-6.1,24.06,96.93,3.734146,488.16,88.52,24.91,-2.19,17.8,99.25,3.259402,488.81,79.04,-17.77,59.96
2026-01-11 11:24:59,XPQ-01 Main,2026-01-11 11:24:00,113.37,75.56,3.63232833333333,488.34,104.28,29.25,-18.12,17.1,68.62,4.33670533333333,488.97,124.12,35.27,-21.55,23.0,72.97,3.56747933333333,487.78,111.73,31.42,-14.11,22.86,85.1,3.22606866666667,488.26,95.93,-53.78,62.96
2026-01-11 11:25:59,XPQ-01 Main,2026-01-11 11:25:00,128.77,94.89,3.65566166666667,488.41,119.52,33.54,-12.34,28.35,91.69,4.17003866666667,489.18,141.83,40.31,-12.41,35.62,94.43,3.60081266666667,487.76,124.96,35.14,-5.43,31.6,98.56,3.159402,488.3,108.98,-30.17,95.57
2026-01-11 11:26:59,XPQ-01 Main,2026-01-11 11:26:00,112.68,98.64,3.7323283333333297,488.17,108.71,30.48,-7.46,27.01,96.39,4.17003866666667,489.02,128.32,36.46,-2.14,34.12,99.8,3.834146,487.58,101.01,28.38,1.86,25.39,99.73,3.19273533333333,487.92,95.33,-7.74,86.53
2026-01-11 11:27:59,XPQ-01 Main,2026-01-11 11:27:00,91.31,42.97,3.578995,488.35,87.61,24.58,-20.08,5.4,25.96,4.27003866666667,489.2,103.86,29.52,-23.23,11.66,44.85,3.60081266666667,487.73,82.45,23.17,-15.74,11.23,58.1,3.09273533333333,488.13,77.28,-59.04,28.29
2026-01-11 11:28:59,XPQ-01 Main,2026-01-11 11:28:00,110.34,87.08,3.65232833333333,488.29,105.96,29.71,-14.41,18.38,78.71,4.13670533333333,489.21,122.78,34.91,-14.36,26.03,87.56,3.60081266666667,487.79,102.28,28.74,-7.21,21.86,94.96,2.99273533333333,487.88,93.36,-35.98,66.28
2026-01-11 11:29:59,XPQ-01 Main,2026-01-11 11:29:00,93.73,94.58,4.02232833333333,488.17,93.38,26.19,-12.16,20.85,86.39,4.27003866666667,489.06,111.12,31.57,-6.13,28.77,97.81,4.00081266666667,487.51,76.68,21.54,-1.81,19.14,99.55,3.09273533333333,487.95,79.31,-20.1,68.76
2026-01-11 11:30:59,XPQ-01 Main,2026-01-11 11:30:00,118.96,96.53,3.808995,488.06,115.74,32.45,-10.75,26.46,92.64,4.703372,488.88,131.69,37.41,-7.82,33.58,97.39,3.60081266666667,487.49,109.46,30.75,-2.55,27.02,99.56,3.359402,487.82,100.61,-21.12,87.06
2026-01-11 11:31:59,XPQ-01 Main,2026-01-11 11:31:00,83.41,56.97,3.598995,488.09,86.25,24.18,-18.04,6.63,34.48,4.37003866666667,488.59,93.26,26.48,-16.51,14.9,67.01,3.56747933333333,487.46,70.73,19.89,-9.7,9.35,69.41,3.459402,488.23,70.55,-44.24,30.88
2026-01-11 11:32:59,XPQ-01 Main,2026-01-11 11:32:00,109.8,86.17,3.7223283333333295,487.85,102.92,28.85,-15.24,17.98,76.29,4.07003866666667,488.56,123.38,35.01,-15.31,26.87,86.88,3.634146,487.1,103.1,28.96,-7.04,22.22,95.34,3.159402,487.89,92.82,-37.58,67.07
2026-01-11 11:33:59,XPQ-01 Main,2026-01-11 11:33:00,74.45,26.93,3.84232833333333,487.74,83.35,23.36,-20.14,1.21,6.02,4.57003866666667,488.58,81.93,23.26,-17.19,9.69,49.11,3.8674793333333297,487.04,58.06,16.3,-10.98,2.91,25.66,2.959402,487.6,62.91,-48.31,13.82
2026-01-11 11:34:59,XPQ-01 Main,2026-01-11 11:34:00,119.73,89.46,3.64232833333333,489.01,110.44,31.02,-15.2,24.56,85.03,4.53670533333333,489.82,132.4,37.69,-16.9,31.5,88.12,3.734146,488.48,116.36,32.76,-9.34,29.15,95.23,3.12606866666667,488.73,101.46,-41.45,85.21
2026-01-11 11:35:59,XPQ-01 Main,2026-01-11 11:35:00,87.01,75.34,3.888995,488.79,87.97,24.69,-14.94,11.48,60.93,4.203372,489.56,94.57,26.91,-13.64,18.01,79.71,3.90081266666667,488.29,78.51,22.09,-8.19,13.42,85.37,2.99273533333333,488.51,73.69,-36.77,42.91
2026-01-11 11:36:59,XPQ-01 Main,2026-01-11 11:36:00,81.12,71.3,3.6656616666666704,487.88,76.97,21.56,-14.68,8.23,48.89,4.47003866666667,488.57,92.28,26.21,-12.74,16.44,79.05,3.66747933333333,487.45,74.1,20.81,-6.25,10.52,85.98,3.29273533333333,487.6,68.58,-33.67,35.19
2026-01-11 11:37:59,XPQ-01 Main,2026-01-11 11:37:00,120.2,89.63,3.96566166666667,488.3,109.86,30.82,-14.91,24.29,85.23,3.9367053333333297,489.12,133.63,37.97,-15.95,30.65,88.71,4.034146,487.6,117.1,32.92,-9.27,28.04,94.94,3.39273533333333,488.19,101.71,-40.13,82.98
2026-01-11 11:38:59,XPQ-01 Main,2026-01-11 11:38:00,116.39,98.81,4.04232833333333,487.38,109.81,30.76,-6.65,27.22,97.14,4.53670533333333,487.89,127.27,36.07,-3.98,33.2,99.29,3.934146,486.6,112.09,31.47,0.4,27.37,99.99,3.32606866666667,487.65,98.29,-10.24,87.8
2026-01-11 11:39:59,XPQ-01 Main,2026-01-11 11:39:00,93.4,76.02,3.7223283333333295,486.74,83.86,23.44,-14.49,13.44,68.0,4.53670533333333,487.37,104.19,29.52,-17.8,19.12,73.19,3.734146,486.29,92.13,25.82,-10.8,18.94,86.88,3.659402,486.58,78.78,-43.1,51.51
2026-01-11 11:40:59,XPQ-01 Main,2026-01-11 11:40:00,106.76,79.91,3.83232833333333,486.54,100.67,28.14,-17.59,18.18,71.88,4.203372,487.22,118.05,33.42,-17.84,24.27,80.57,3.8674793333333297,485.89,101.56,28.45,-11.86,21.21,87.27,3.22606866666667,486.5,90.01,-47.3,63.67
2026-01-11 11:41:59,XPQ-01 Main,2026-01-11 11:41:00,98.25,81.92,4.088995,487.32,96.79,27.1,-16.11,16.72,72.0,4.37003866666667,488.06,106.64,30.23,-15.12,23.41,84.0,4.10081266666667,486.59,91.34,25.62,-9.31,18.94,89.75,3.259402,487.31,82.96,-40.54,59.07
2026-01-11 11:42:59,XPQ-01 Main,2026-01-11 11:42:00,95.57,83.78,3.75232833333333,486.9,87.5,24.48,-13.45,15.08,74.63,4.43670533333333,487.53,107.71,30.51,-14.09,21.74,83.92,3.8674793333333297,486.21,91.49,25.65,-7.53,18.75,92.79,3.7260686666666705,486.96,80.64,-35.06,55.56
2026-01-11 11:43:59,XPQ-01 Main,2026-01-11 11:43:00,91.33,88.33,3.998995,487.06,85.59,23.96,-12.57,17.06,80.49,4.33670533333333,487.82,102.59,29.07,-11.68,23.28,89.39,3.96747933333333,486.31,85.8,24.06,-6.22,19.12,95.1,3.059402,487.07,77.08,-30.47,59.46
2026-01-11 11:44:59,XPQ-01 Main,2026-01-11 11:44:00,105.55,88.56,3.718995,486.95,97.01,27.14,-13.2,20.08,83.57,4.503372,487.66,115.44,32.71,-14.89,26.39,87.09,3.8674793333333297,486.3,104.2,29.21,-7.98,24.36,95.03,3.52606866666667,486.89,89.06,-36.08,70.83
2026-01-11 11:45:59,XPQ-01 Main,2026-01-11 11:45:00,82.32,86.29,3.7556616666666702,486.44,79.18,22.13,-12.8,13.58,72.76,4.33670533333333,487.21,95.34,26.98,-9.91,21.05,90.48,3.734146,485.7,72.45,20.29,-4.45,14.57,95.64,2.959402,486.41,69.4,-27.16,49.2
2026-01-11 11:46:59,XPQ-01 Main,2026-01-11 11:46:00,94.05,77.71,3.998995,486.41,84.75,23.69,-14.68,13.25,67.01,4.203372,487.12,107.4,30.39,-16.12,19.82,77.58,4.10081266666667,485.65,90.01,25.21,-9.24,17.59,88.53,3.32606866666667,486.47,79.28,-40.03,50.66
2026-01-11 11:47:59,XPQ-01 Main,2026-01-11 11:47:00,77.0,84.79,4.008995,486.04,79.0,22.07,-14.07,12.57,66.64,4.43670533333333,486.84,90.38,25.56,-8.46,20.76,92.6,4.034146,485.25,61.62,17.24,-3.77,11.63,95.13,3.459402,486.01,64.86,-26.3,44.97
2026-01-11 11:48:59,XPQ-01 Main,2026-01-11 11:48:00,66.4,90.37,3.8756616666666703,484.06,63.34,17.62,-9.32,10.41,74.49,4.43670533333333,484.86,79.31,22.34,-4.87,18.21,96.6,3.9008126666666705,483.36,56.55,15.76,-0.01,10.23,100.0,3.559402,483.97,55.71,-14.2,38.84
2026-01-11 11:49:59,XPQ-01 Main,2026-01-11 11:49:00,114.17,82.81,3.988995,486.61,109.73,30.67,-19.01,21.14,74.37,4.23670533333333,487.29,128.1,36.27,-17.81,28.2,84.54,3.934146,486.0,104.67,29.33,-11.63,23.37,89.52,3.49273533333333,486.55,96.27,-48.45,72.71
2026-01-11 11:50:59,XPQ-01 Main,2026-01-11 11:50:00,106.59,68.15,4.04566166666667,486.92,100.86,28.23,-18.2,12.57,56.82,4.33670533333333,487.76,117.82,33.37,-19.22,18.52,69.39,3.96747933333333,486.03,101.1,28.33,-12.99,16.32,78.24,3.6927353333333297,486.97,89.93,-50.41,47.41
2026-01-11 11:51:59,XPQ-01 Main,2026-01-11 11:51:00,105.78,82.18,4.208995,486.54,102.63,28.7,-14.57,15.08,71.92,4.57003866666667,487.34,116.11,32.87,-13.12,21.07,84.89,4.234146,485.73,98.6,27.61,-8.17,16.61,89.73,3.59273533333333,486.55,89.18,-35.86,52.77
2026-01-11 11:52:59,XPQ-01 Main,2026-01-11 11:52:00,99.74,89.85,4.33232833333333,486.41,97.37,27.22,-11.97,16.87,81.55,4.603372,487.22,111.92,31.67,-10.07,23.18,91.72,4.16747933333333,485.58,89.94,25.18,-5.08,18.07,96.27,3.79273533333333,486.42,84.07,-27.12,58.12
2026-01-11 11:53:59,XPQ-01 Main,2026-01-11 11:53:00,108.98,84.51,3.878995,487.25,107.75,30.17,-14.52,17.2,76.41,4.77003866666667,488.11,122.1,34.62,-13.63,22.93,85.96,3.8674793333333297,486.52,97.09,27.23,-8.57,19.03,91.17,4.059402,487.13,92.02,-36.73,59.16
2026-01-11 11:54:59,XPQ-01 Main,2026-01-11 11:54:00,95.42,92.19,3.978995,488.14,93.78,26.3,-9.96,15.1,83.48,4.27003866666667,488.98,107.04,30.41,-7.1,21.13,94.79,3.96747933333333,487.4,85.45,24.01,-2.87,15.32,98.29,3.49273533333333,488.05,80.72,-19.93,51.55
2026-01-11 11:55:59,XPQ-01 Main,2026-01-11 11:55:00,113.8,88.23,4.04232833333333,489.09,95.88,26.95,-12.74,15.34,76.93,4.43670533333333,490.07,124.6,35.47,-9.99,22.63,91.48,4.134146,488.28,120.93,34.03,-4.56,16.29,96.29,3.52606866666667,488.91,96.45,-27.3,54.26
2026-01-11 11:56:59,XPQ-01 Main,2026-01-11 11:56:00,101.24,83.56,3.988995,490.01,94.93,26.73,-14.1,14.95,72.75,4.503372,490.94,115.42,32.92,-13.24,21.86,85.53,4.20081266666667,489.27,93.37,26.33,-7.2,17.38,92.39,3.49273533333333,489.82,85.97,-34.54,54.18
2026-01-11 11:58:59,XPQ-01 Main,2026-01-11 11:58:00,116.98,90.02,4.55566166666667,489.02,107.88,30.33,-16.03,21.88,80.67,4.33670533333333,490.04,133.86,38.08,-12.77,30.98,92.46,4.66747933333333,488.02,109.2,30.72,-5.88,23.27,96.95,3.42606866666667,489.0,99.14,-34.68,76.13
2026-01-11 11:59:59,XPQ-01 Main,2026-01-11 11:59:00,113.9,59.58,4.25232833333333,488.98,104.8,29.45,-23.89,11.76,44.16,4.83670533333333,489.98,130.1,37.02,-27.31,20.68,60.37,4.234146,488.1,106.79,30.05,-17.23,19.08,74.22,4.159402,488.86,96.52,-68.43,51.52
2026-01-11 12:00:59,XPQ-01 Main,2026-01-11 12:00:00,118.66,93.59,4.02232833333333,488.99,115.87,32.57,-14.67,24.86,86.12,4.63670533333333,490.02,138.16,39.31,-10.04,33.83,95.86,4.034146,487.99,101.96,28.69,-3.94,24.94,98.77,3.89273533333333,488.96,100.57,-28.66,83.63
2026-01-11 12:01:59,XPQ-01 Main,2026-01-11 12:01:00,106.73,93.79,4.398995,488.73,102.26,28.73,-11.59,19.23,85.66,4.703372,489.72,118.25,33.62,-6.71,26.04,96.84,4.46747933333333,487.75,99.67,28.03,-2.71,18.02,98.88,3.32606866666667,488.72,90.38,-21.01,63.3
2026-01-11 12:02:59,XPQ-01 Main,2026-01-11 12:02:00,93.06,88.2,4.04232833333333,488.52,96.66,27.14,-12.03,14.15,76.19,5.003372,489.49,104.1,29.6,-8.7,20.85,92.29,4.06747933333333,487.69,78.43,22.05,-4.09,14.28,96.13,3.7260686666666705,488.37,78.78,-24.82,49.28
2026-01-11 12:03:59,XPQ-01 Main,2026-01-11 12:03:00,110.32,96.81,4.288995,488.16,103.87,29.16,-10.11,22.28,91.06,4.603372,489.27,129.06,36.65,-3.3,29.66,99.39,4.26747933333333,487.08,98.04,27.53,0.2,19.6,99.99,3.459402,488.13,93.34,-13.21,71.55
2026-01-11 12:04:59,XPQ-01 Main,2026-01-11 12:04:00,118.4,92.54,4.23232833333333,488.6,115.44,32.42,-14.06,22.46,84.77,4.93670533333333,489.65,130.88,37.21,-10.23,30.51,94.81,4.334146,487.68,108.87,30.61,-4.6,22.82,98.03,3.659402,488.48,100.24,-28.89,75.8
2026-01-11 12:05:59,XPQ-01 Main,2026-01-11 12:05:00,107.5,78.28,4.198995,488.58,99.65,27.99,-16.78,14.39,65.09,4.77003866666667,489.73,123.54,35.13,-15.59,21.99,81.58,4.30081266666667,487.67,99.3,27.91,-9.05,16.92,88.17,3.59273533333333,488.35,91.03,-41.43,53.3
2026-01-11 12:06:59,XPQ-01 Main,2026-01-11 12:06:00,117.88,94.35,4.008995,488.83,107.6,30.23,-11.85,22.63,88.59,4.77003866666667,489.85,132.0,37.55,-9.15,29.95,95.64,4.06747933333333,488.01,114.06,32.08,-3.64,23.54,98.83,3.52606866666667,488.62,99.86,-24.64,76.12
2026-01-11 12:07:59,XPQ-01 Main,2026-01-11 12:07:00,102.09,81.98,3.988995,488.59,101.53,28.51,-14.1,14.35,71.33,4.33670533333333,489.63,112.82,32.08,-13.51,20.77,83.83,4.06747933333333,487.69,91.93,25.84,-7.75,16.78,90.79,3.6260686666666704,488.45,86.43,-35.36,51.9
2026-01-11 12:08:59,XPQ-01 Main,2026-01-11 12:08:00,113.36,69.22,4.178995,488.23,98.52,27.64,-18.0,13.14,58.95,4.53670533333333,489.27,124.76,35.45,-22.01,19.68,66.65,4.20081266666667,487.38,116.79,32.81,-13.74,19.73,82.06,3.359402,488.04,95.9,-53.74,52.54
2026-01-11 12:09:59,XPQ-01 Main,2026-01-11 12:09:00,94.82,89.15,4.208995,487.76,86.8,24.33,-10.59,15.04,81.77,4.67003866666667,488.69,105.23,29.87,-10.89,21.31,89.04,4.20081266666667,486.9,92.44,25.95,-4.81,18.05,96.63,3.659402,487.68,80.15,-26.29,54.4
2026-01-11 12:10:59,XPQ-01 Main,2026-01-11 12:10:00,102.37,67.72,3.898995,488.02,95.64,26.83,-17.12,11.58,56.03,4.803372,489.05,112.76,32.02,-19.16,17.6,67.64,4.034146,487.1,98.71,27.71,-12.37,16.2,79.48,3.62606866666667,487.9,86.57,-48.65,45.38
2026-01-11 12:11:59,XPQ-01 Main,2026-01-11 12:11:00,86.47,97.47,3.918995,487.95,85.74,24.05,-6.43,17.9,94.12,4.43670533333333,488.88,97.81,27.77,0.05,24.43,100.0,3.934146,487.03,75.85,21.3,2.84,15.14,98.28,3.22606866666667,487.95,73.11,-3.54,57.48
2026-01-11 12:12:59,XPQ-01 Main,2026-01-11 12:12:00,97.18,35.66,4.04232833333333,487.67,88.45,24.79,-18.28,4.13,22.02,4.37003866666667,488.65,108.5,30.79,-24.35,7.92,30.95,4.06747933333333,486.79,94.59,26.54,-17.55,11.26,53.99,3.459402,487.58,82.13,-60.18,23.31
2026-01-11 12:13:59,XPQ-01 Main,2026-01-11 12:13:00,91.24,95.68,4.25566166666667,487.17,84.24,23.6,-9.42,17.28,87.81,4.43670533333333,488.29,106.98,30.32,-2.83,24.65,99.35,4.26747933333333,486.04,82.51,23.12,0.68,14.87,99.89,3.62606866666667,487.18,77.04,-11.56,56.8
2026-01-11 12:14:59,XPQ-01 Main,2026-01-11 12:14:00,114.04,82.36,3.8656616666666705,488.29,112.99,31.7,-14.52,18.81,79.16,4.803372,489.35,115.42,32.81,-18.5,23.31,78.34,3.70081266666667,487.52,113.71,31.94,-12.0,24.21,89.6,3.6927353333333297,487.99,96.45,-45.01,66.33
2026-01-11 12:15:59,XPQ-01 Main,2026-01-11 12:15:00,92.76,89.83,4.108995,487.9,91.91,25.79,-14.41,18.23,78.45,4.37003866666667,489.07,104.92,29.78,-8.0,25.03,95.25,4.10081266666667,486.69,81.45,22.86,-4.74,15.82,95.79,3.52606866666667,487.93,78.43,-27.15,59.08
2026-01-11 12:16:59,XPQ-01 Main,2026-01-11 12:16:00,90.18,87.78,4.43232833333333,487.01,84.76,23.74,-13.1,16.29,77.92,4.63670533333333,488.1,102.93,29.16,-10.33,22.51,90.89,4.36747933333333,485.89,82.86,23.22,-5.78,16.73,94.52,3.59273533333333,487.04,76.11,-29.21,55.52
2026-01-11 12:17:59,XPQ-01 Main,2026-01-11 12:17:00,108.75,79.63,4.23232833333333,489.98,101.01,28.46,-18.01,16.82,68.27,4.903372,490.92,120.48,34.33,-16.4,24.12,82.7,4.20081266666667,488.89,104.77,29.54,-10.23,18.86,87.91,4.02606866666667,490.13,92.33,-44.63,59.8
2026-01-11 12:19:59,XPQ-01 Main,2026-01-11 12:19:00,101.39,83.57,4.26566166666667,489.04,93.8,26.38,-16.01,16.66,72.1,4.803372,490.14,116.04,33.01,-13.55,23.92,87.02,4.16747933333333,487.82,94.33,26.54,-7.86,17.94,91.59,3.6927353333333297,489.15,85.93,-37.42,58.52
2026-01-11 12:20:59,XPQ-01 Main,2026-01-11 12:20:00,97.93,81.2,4.13232833333333,488.4,92.27,25.92,-14.63,11.79,62.74,4.77003866666667,489.53,115.91,32.93,-10.1,19.76,89.04,4.30081266666667,487.1,85.61,24.05,-5.04,11.68,91.83,3.859402,488.57,82.9,-29.77,43.23
2026-01-11 12:21:59,XPQ-01 Main,2026-01-11 12:21:00,100.07,77.0,4.24232833333333,488.37,87.67,24.62,-13.53,14.44,72.99,4.503372,489.53,106.42,30.24,-19.53,19.22,70.13,4.434146,487.3,106.13,29.81,-11.83,21.79,87.89,3.59273533333333,488.28,84.67,-44.88,55.45
2026-01-11 12:22:59,XPQ-01 Main,2026-01-11 12:22:00,74.43,83.4,4.198995,488.47,70.96,19.93,-9.93,11.57,75.89,4.67003866666667,489.67,76.18,21.65,-9.92,15.36,84.01,4.234146,487.33,76.14,21.39,-6.28,13.21,90.31,3.6260686666666704,488.39,62.98,-26.13,40.14
2026-01-11 12:23:59,XPQ-01 Main,2026-01-11 12:23:00,78.89,83.7,3.988995,488.81,78.21,21.99,-13.6,12.82,68.61,4.47003866666667,490.05,89.91,25.57,-8.83,19.3,90.93,4.00081266666667,487.54,68.55,19.27,-5.15,11.71,91.55,3.89273533333333,488.83,66.83,-27.58,43.83
2026-01-11 12:24:59,XPQ-01 Main,2026-01-11 12:24:00,108.32,83.9,4.04232833333333,489.05,98.73,27.77,-15.43,18.72,77.17,4.303372,490.34,119.27,33.95,-18.16,25.91,81.89,4.034146,487.93,106.96,30.08,-9.88,24.31,92.65,3.659402,488.87,91.79,-43.46,68.94
2026-01-11 12:25:59,XPQ-01 Main,2026-01-11 12:25:00,93.16,80.38,4.008995,489.28,89.09,25.08,-14.74,13.94,68.72,4.403372,490.46,102.59,29.2,-14.02,20.61,82.69,3.96747933333333,487.93,87.78,24.7,-8.07,16.41,89.74,3.6927353333333297,489.46,78.98,-36.83,50.97
2026-01-11 12:26:59,XPQ-01 Main,2026-01-11 12:26:00,90.17,83.45,4.36566166666667,489.51,82.6,23.24,-14.23,13.79,69.58,4.63670533333333,490.7,104.1,29.66,-11.14,20.95,88.3,4.36747933333333,488.52,83.81,23.6,-5.96,14.46,92.46,3.42606866666667,489.32,76.5,-31.33,49.21
2026-01-11 12:27:59,XPQ-01 Main,2026-01-11 12:27:00,98.21,82.21,4.14232833333333,490.38,89.43,25.21,-14.74,16.5,74.56,4.73670533333333,491.67,109.91,31.39,-16.94,23.13,80.67,4.10081266666667,489.52,95.29,26.87,-9.5,21.39,91.39,3.9927353333333295,489.97,83.46,-41.19,61.02
2026-01-11 12:28:59,XPQ-01 Main,2026-01-11 12:28:00,80.75,82.51,4.04232833333333,489.91,82.35,23.2,-14.89,13.15,66.2,4.403372,491.01,95.78,27.3,-10.29,20.73,89.57,4.26747933333333,488.73,64.12,18.07,-5.53,12.74,91.75,3.92606866666667,489.98,68.57,-30.71,46.63
2026-01-11 12:29:59,XPQ-01 Main,2026-01-11 12:29:00,79.26,79.46,4.188995,490.77,69.98,19.75,-11.77,11.47,69.79,4.37003866666667,491.92,89.33,25.51,-12.53,16.48,79.61,4.26747933333333,489.65,78.48,22.15,-7.4,14.42,88.97,3.49273533333333,490.74,67.41,-31.7,42.37
2026-01-11 12:30:59,XPQ-01 Main,2026-01-11 12:30:00,99.77,81.67,4.088995,491.3,95.89,27.1,-17.8,15.9,66.62,4.57003866666667,492.51,115.78,33.09,-14.94,25.42,86.22,4.134146,490.06,87.63,24.76,-7.54,17.89,92.15,3.72606866666667,491.32,84.95,-40.27,59.21
2026-01-11 12:31:59,XPQ-01 Main,2026-01-11 12:31:00,97.5,89.21,4.22232833333333,491.25,90.07,25.43,-11.74,17.18,82.57,4.43670533333333,492.18,111.08,31.76,-12.6,24.04,88.58,4.20081266666667,490.45,91.37,25.83,-5.7,20.96,96.49,3.6927353333333297,491.11,83.01,-30.03,62.17
2026-01-11 12:32:59,XPQ-01 Main,2026-01-11 12:32:00,126.41,88.23,4.06566166666667,491.43,115.15,32.53,-17.12,24.04,81.46,4.53670533333333,492.69,144.09,41.22,-17.12,32.29,88.36,4.06747933333333,490.45,119.98,33.91,-9.21,27.7,94.89,3.92606866666667,491.16,107.66,-43.45,84.04
2026-01-11 12:33:59,XPQ-01 Main,2026-01-11 12:33:00,82.87,85.82,3.808995,491.12,84.12,23.76,-14.31,14.65,71.52,4.53670533333333,492.21,94.71,27.05,-9.06,21.77,92.32,3.90081266666667,489.89,69.77,19.71,-5.04,13.44,93.62,3.59273533333333,491.27,70.53,-28.42,49.86
2026-01-11 12:34:59,XPQ-01 Main,2026-01-11 12:34:00,83.4,85.0,4.08566166666667,491.11,86.46,24.42,-14.91,14.07,68.65,4.103372,492.28,96.04,27.44,-9.0,21.95,92.52,4.20081266666667,489.82,67.71,19.13,-4.69,12.71,93.82,3.42606866666667,491.23,70.99,-28.6,48.73
2026-01-11 12:35:59,XPQ-01 Main,2026-01-11 12:35:00,102.78,85.96,3.898995,491.55,102.14,28.88,-17.78,18.16,71.45,4.43670533333333,492.6,121.93,34.86,-12.13,27.82,91.66,4.00081266666667,490.31,84.27,23.83,-6.01,17.85,94.76,3.62606866666667,491.74,87.57,-35.93,63.83
2026-01-11 12:36:59,XPQ-01 Main,2026-01-11 12:36:00,87.7,88.1,4.07566166666667,491.44,80.89,22.85,-12.87,14.51,74.81,4.43670533333333,492.48,100.4,28.71,-8.51,21.8,93.15,4.06747933333333,490.38,81.82,23.13,-3.93,14.14,96.34,3.259402,491.45,74.69,-25.32,50.45
2026-01-11 12:37:59,XPQ-01 Main,2026-01-11 12:37:00,107.53,83.68,3.85232833333333,491.71,99.21,28.03,-16.86,18.89,74.61,4.503372,492.52,123.95,35.46,-17.0,26.67,84.32,3.7674793333333296,490.95,99.44,28.15,-9.55,22.58,92.1,3.659402,491.65,91.64,-43.41,68.14
2026-01-11 12:38:59,XPQ-01 Main,2026-01-11 12:38:00,102.43,80.02,4.14232833333333,492.41,95.39,26.99,-17.04,16.24,69.0,4.43670533333333,493.32,117.2,33.58,-17.41,24.12,81.09,4.36747933333333,491.61,94.7,26.84,-9.78,20.16,89.98,3.359402,492.29,87.41,-44.22,60.52
2026-01-11 12:39:59,XPQ-01 Main,2026-01-11 12:39:00,79.76,86.92,3.96566166666667,492.76,75.45,21.37,-9.82,12.9,79.55,4.63670533333333,493.75,85.97,24.65,-9.46,17.28,87.72,3.80081266666667,491.79,77.87,22.08,-5.5,14.47,93.48,3.42606866666667,492.73,68.1,-24.78,44.65
2026-01-11 12:40:59,XPQ-01 Main,2026-01-11 12:40:00,106.56,84.22,4.118995,492.48,91.81,25.99,-14.0,17.04,77.28,4.603372,493.47,120.93,34.65,-15.07,22.92,83.56,4.00081266666667,491.55,106.93,30.3,-8.89,20.61,91.83,3.49273533333333,492.42,90.95,-37.95,60.58
2026-01-11 12:41:59,XPQ-01 Main,2026-01-11 12:41:00,108.17,81.48,4.47566166666667,492.1,100.31,28.37,-15.49,16.18,72.24,4.803372,493.03,117.26,33.58,-15.99,22.87,81.96,4.50081266666667,491.26,106.95,30.29,-9.41,19.7,90.23,3.559402,492.02,92.23,-40.89,58.75
2026-01-11 12:42:59,XPQ-01 Main,2026-01-11 12:42:00,111.02,79.6,4.14232833333333,491.97,99.34,28.09,-16.91,16.82,70.54,4.97003866666667,493.12,121.92,34.91,-18.25,23.81,79.37,4.26747933333333,491.0,111.78,31.63,-10.91,21.15,88.88,3.959402,491.79,94.64,-46.06,61.78
2026-01-11 12:43:59,XPQ-01 Main,2026-01-11 12:43:00,96.99,80.46,4.06566166666667,491.09,93.68,26.45,-16.39,14.51,66.28,4.63670533333333,492.24,111.32,31.82,-13.99,22.47,84.9,4.26747933333333,490.07,85.96,24.28,-7.74,16.17,90.19,3.52606866666667,490.97,82.55,-38.12,53.15
2026-01-11 12:44:59,XPQ-01 Main,2026-01-11 12:44:00,103.46,79.67,3.998995,490.74,93.28,26.31,-15.67,16.15,71.75,4.47003866666667,491.81,115.32,32.94,-17.79,22.42,78.33,4.034146,489.88,101.78,28.74,-10.72,20.85,88.93,3.459402,490.54,87.98,-44.19,59.41
2026-01-11 12:45:59,XPQ-01 Main,2026-01-11 12:45:00,88.36,92.25,4.21232833333333,490.52,83.6,23.57,-11.58,17.18,82.93,4.57003866666667,491.57,100.33,28.64,-7.45,23.97,95.5,4.40081266666667,489.67,81.17,22.9,-3.1,16.73,98.33,3.39273533333333,490.31,75.12,-22.13,57.89
2026-01-11 12:46:59,XPQ-01 Main,2026-01-11 12:46:00,91.3,91.73,4.37566166666667,490.72,88.95,25.09,-12.81,17.31,80.39,4.57003866666667,491.84,106.64,30.46,-7.3,25.27,96.08,4.20081266666667,489.76,78.33,22.11,-2.63,16.22,98.71,3.659402,490.57,77.66,-22.73,58.8
2026-01-11 12:47:59,XPQ-01 Main,2026-01-11 12:47:00,91.09,92.79,4.25566166666667,490.44,89.95,25.36,-11.06,17.12,83.98,4.87003866666667,491.46,102.32,29.21,-7.33,24.03,95.65,4.434146,489.6,80.99,22.85,-2.74,17.04,98.73,4.059402,490.26,77.41,-21.14,58.19
2026-01-11 12:48:59,XPQ-01 Main,2026-01-11 12:48:00,110.13,91.38,4.14232833333333,490.64,101.08,28.5,-12.05,22.24,87.92,4.63670533333333,491.66,120.68,34.47,-14.09,28.4,89.58,4.30081266666667,489.92,108.62,30.67,-7.09,26.62,96.64,3.6927353333333297,490.35,93.63,-33.23,77.26
2026-01-11 12:49:59,XPQ-01 Main,2026-01-11 12:49:00,118.41,87.99,3.898995,490.8,103.47,29.18,-12.6,20.57,85.28,4.703372,491.92,133.32,38.09,-16.12,25.66,84.68,3.834146,489.99,118.42,33.44,-9.34,25.75,94.01,3.42606866666667,490.5,100.71,-38.05,71.98
2026-01-11 12:50:59,XPQ-01 Main,2026-01-11 12:50:00,100.83,92.33,3.96566166666667,490.84,98.4,27.77,-12.96,20.0,83.91,4.503372,492.01,116.05,33.15,-9.01,27.38,94.99,4.06747933333333,489.84,88.06,24.86,-3.95,19.89,98.08,3.359402,490.66,85.78,-25.93,67.27
2026-01-11 12:51:59,XPQ-01 Main,2026-01-11 12:51:00,118.62,88.95,3.798995,491.08,109.95,31.02,-14.84,23.43,84.49,4.503372,492.03,131.41,37.56,-16.34,29.83,87.71,3.80081266666667,490.34,114.49,32.36,-9.37,27.5,94.66,3.32606866666667,490.85,100.94,-40.55,80.76
2026-01-11 12:52:59,XPQ-01 Main,2026-01-11 12:52:00,112.67,89.93,3.88566166666667,490.76,108.49,30.6,-14.85,20.97,81.61,4.23670533333333,491.7,132.32,37.79,-11.96,28.42,92.17,3.90081266666667,489.96,97.2,27.45,-6.35,21.8,96.01,3.359402,490.61,95.84,-33.16,71.19
2026-01-11 12:53:59,XPQ-01 Main,2026-01-11 12:53:00,93.57,89.8,3.9556616666666704,490.55,92.57,26.1,-14.34,18.73,79.41,4.43670533333333,491.73,106.78,30.49,-9.97,26.3,93.51,3.96747933333333,489.59,81.38,22.96,-5.02,18.4,96.48,3.32606866666667,490.32,79.55,-29.32,63.43
2026-01-11 12:54:59,XPQ-01 Main,2026-01-11 12:54:00,90.64,87.59,3.9423283333333297,490.43,78.12,22.02,-9.57,15.24,84.69,4.43670533333333,491.42,99.94,28.53,-12.98,19.72,83.53,3.96747933333333,489.6,93.85,26.48,-6.92,20.07,94.54,3.459402,490.26,77.03,-29.47,55.04
2026-01-11 12:55:59,XPQ-01 Main,2026-01-11 12:55:00,116.45,89.44,3.8123283333333298,491.16,109.52,30.9,-14.08,22.95,85.23,4.43670533333333,492.04,127.36,36.41,-15.88,29.33,87.94,3.90081266666667,490.57,112.49,31.8,-8.8,27.25,95.16,3.42606866666667,490.86,99.11,-38.77,79.53
2026-01-11 12:56:59,XPQ-01 Main,2026-01-11 12:56:00,110.41,88.79,3.798995,490.98,96.56,27.24,-12.58,20.32,85.03,4.37003866666667,492.0,118.31,33.81,-14.72,25.7,86.77,3.80081266666667,490.23,116.37,32.87,-8.4,24.45,94.57,3.159402,490.7,93.93,-35.7,70.47
2026-01-11 12:57:59,XPQ-01 Main,2026-01-11 12:57:00,90.62,91.6,3.84232833333333,490.82,87.24,24.62,-12.94,18.34,81.69,4.303372,491.94,106.15,30.32,-7.84,25.3,95.52,4.00081266666667,489.82,78.47,22.16,-3.83,17.07,97.57,3.29273533333333,490.71,77.09,-24.62,60.71
2026-01-11 12:58:59,XPQ-01 Main,2026-01-11 12:58:00,108.45,85.68,3.898995,491.35,97.48,27.52,-14.3,21.01,82.66,4.47003866666667,492.18,117.97,33.73,-18.24,26.21,82.09,4.00081266666667,490.68,109.89,31.08,-11.12,26.64,92.28,3.059402,491.2,92.33,-43.65,73.85
2026-01-11 12:59:59,XPQ-01 Main,2026-01-11 12:59:00,104.77,90.66,3.9523283333333294,490.88,99.89,28.18,-13.35,19.53,82.55,4.47003866666667,491.96,120.81,34.52,-11.21,27.04,92.37,3.934146,490.01,93.6,26.43,-5.21,21.04,97.07,3.22606866666667,490.68,89.13,-29.78,67.61
2026-01-11 13:00:59,XPQ-01 Main,2026-01-11 13:00:00,95.48,90.48,3.73232833333333,491.38,91.8,25.93,-12.11,17.66,82.47,4.503372,492.52,107.46,30.74,-10.84,24.87,91.67,3.8674793333333297,490.48,87.19,24.65,-4.7,19.77,97.29,3.42606866666667,491.13,81.31,-27.65,62.3
2026-01-11 13:01:59,XPQ-01 Main,2026-01-11 13:01:00,100.42,90.9,4.07566166666667,491.41,99.28,28.03,-14.1,20.21,82.01,4.203372,492.38,111.94,32.02,-9.8,27.21,94.08,4.10081266666667,490.66,90.03,25.46,-5.26,19.64,96.6,3.12606866666667,491.19,85.51,-29.15,67.05
2026-01-11 13:02:59,XPQ-01 Main,2026-01-11 13:02:00,93.84,88.22,3.918995,491.4,79.64,22.49,-10.23,15.24,83.04,4.47003866666667,492.39,102.98,29.45,-13.08,21.48,85.41,3.9008126666666705,490.59,98.91,27.97,-5.79,20.45,96.22,3.659402,491.22,79.91,-29.09,57.17
2026-01-11 13:03:59,XPQ-01 Main,2026-01-11 13:03:00,127.69,93.05,4.22232833333333,491.54,110.48,31.21,-11.2,26.61,92.17,4.47003866666667,492.58,139.1,39.79,-16.13,32.54,89.6,4.334146,490.68,133.48,37.75,-7.79,33.3,97.37,3.39273533333333,491.37,108.75,-35.12,92.46
2026-01-11 13:04:59,XPQ-01 Main,2026-01-11 13:04:00,129.67,90.6,3.76566166666667,491.4,115.01,32.47,-14.04,24.7,86.94,4.73670533333333,492.56,143.48,41.06,-17.79,32.92,87.97,3.834146,490.66,130.51,36.89,-8.04,31.49,96.9,3.59273533333333,490.98,110.42,-39.86,89.11
2026-01-11 13:05:59,XPQ-01 Main,2026-01-11 13:05:00,85.16,92.82,4.24566166666667,490.78,81.49,22.99,-9.09,13.93,83.76,4.43670533333333,491.68,93.58,26.72,-6.36,20.34,95.45,4.30081266666667,489.93,80.41,22.71,-1.78,14.5,99.26,3.02606866666667,490.74,72.42,-17.22,48.77
2026-01-11 13:06:59,XPQ-01 Main,2026-01-11 13:06:00,110.08,89.39,4.43232833333333,491.17,103.26,29.15,-15.58,21.66,81.17,4.67003866666667,492.04,126.38,36.11,-14.33,30.47,90.49,4.46747933333333,490.33,100.59,28.44,-6.66,24.54,96.51,3.759402,491.14,93.7,-36.57,76.67
2026-01-11 13:07:59,XPQ-01 Main,2026-01-11 13:07:00,95.04,93.33,3.808995,490.65,79.38,22.39,-9.48,16.1,86.17,4.87003866666667,491.57,110.0,31.4,-8.14,23.39,94.44,4.00081266666667,489.77,95.73,27.03,-2.03,18.19,99.38,3.959402,490.6,80.82,-19.66,57.69
2026-01-11 13:08:59,XPQ-01 Main,2026-01-11 13:08:00,120.59,86.19,4.15232833333333,490.71,105.82,29.83,-16.65,21.3,78.79,4.23670533333333,491.7,139.63,39.89,-19.59,31.0,84.53,4.134146,490.03,116.33,32.85,-9.04,28.3,95.26,3.19273533333333,490.41,102.57,-45.29,80.6
2026-01-11 13:09:59,XPQ-01 Main,2026-01-11 13:09:00,95.07,85.31,3.998995,490.9,95.3,26.89,-17.2,16.98,70.24,4.67003866666667,491.9,113.89,32.53,-11.56,26.17,91.47,4.134146,489.92,76.02,21.47,-5.83,16.4,94.23,3.659402,490.86,80.89,-34.59,59.55
2026-01-11 13:10:59,XPQ-01 Main,2026-01-11 13:10:00,105.23,83.31,4.47566166666667,490.75,98.52,27.79,-18.24,17.7,69.64,4.57003866666667,491.73,122.27,34.92,-15.66,27.61,86.98,4.634146,489.87,94.89,26.8,-7.76,20.11,93.3,3.29273533333333,490.64,89.5,-41.66,65.43
2026-01-11 13:11:59,XPQ-01 Main,2026-01-11 13:11:00,117.26,87.79,4.098995,490.81,100.11,28.23,-15.01,21.39,81.86,5.03670533333333,491.92,133.62,38.18,-18.66,30.59,85.38,4.00081266666667,490.07,118.05,33.33,-8.23,28.73,96.13,3.759402,490.46,99.75,-41.89,80.71
2026-01-11 13:12:59,XPQ-01 Main,2026-01-11 13:12:00,111.15,85.39,3.9123283333333294,491.07,107.29,30.28,-17.34,19.21,74.24,4.57003866666667,492.17,128.53,36.73,-15.26,28.21,87.95,4.10081266666667,490.11,97.65,27.59,-7.84,21.57,93.98,3.7260686666666705,490.93,94.6,-40.45,69.0
2026-01-11 13:13:59,XPQ-01 Main,2026-01-11 13:13:00,117.04,83.94,4.02232833333333,491.47,102.59,28.98,-16.58,19.28,75.82,4.403372,492.64,130.23,37.26,-19.38,28.14,82.36,4.234146,490.54,118.3,33.44,-9.64,25.74,93.64,3.22606866666667,491.22,99.68,-45.61,73.16
2026-01-11 13:14:59,XPQ-01 Main,2026-01-11 13:14:00,86.25,80.04,3.718995,491.08,87.19,24.61,-17.25,13.1,60.49,4.43670533333333,492.04,103.28,29.52,-13.1,23.21,87.09,3.7674793333333296,490.29,68.28,19.29,-5.87,14.33,92.53,3.39273533333333,490.91,73.42,-36.22,50.65
2026-01-11 13:15:59,XPQ-01 Main,2026-01-11 13:15:00,113.3,83.5,3.9523283333333294,491.26,106.5,30.08,-16.65,18.14,73.69,4.13670533333333,492.43,126.73,36.23,-18.15,27.23,83.21,3.834146,490.18,106.69,30.15,-8.87,23.62,93.61,3.259402,491.16,96.46,-43.67,68.99
2026-01-11 13:16:59,XPQ-01 Main,2026-01-11 13:16:00,85.51,89.64,4.27566166666667,491.13,75.76,21.39,-9.0,16.13,87.34,4.53670533333333,492.12,93.62,26.75,-12.13,20.45,86.02,4.36747933333333,490.18,87.13,24.62,-6.35,20.6,95.56,3.49273533333333,491.11,72.77,-27.47,57.19
2026-01-11 13:17:59,XPQ-01 Main,2026-01-11 13:17:00,79.66,82.98,4.25566166666667,491.24,77.79,21.96,-15.17,12.59,63.87,4.83670533333333,492.27,97.35,27.84,-10.89,22.15,89.74,4.20081266666667,490.44,63.85,18.05,-4.26,13.45,95.34,3.62606866666667,491.0,67.84,-30.32,48.19
2026-01-11 13:18:59,XPQ-01 Main,2026-01-11 13:18:00,94.46,83.71,4.24232833333333,491.31,83.03,23.44,-12.26,16.52,80.31,4.83670533333333,492.2,102.12,29.19,-15.88,20.95,79.69,4.334146,490.48,98.24,27.78,-9.73,21.56,91.14,3.72606866666667,491.26,80.42,-37.88,59.03
2026-01-11 13:19:59,XPQ-01 Main,2026-01-11 13:19:00,96.59,83.52,4.08566166666667,491.83,86.0,24.3,-15.12,15.74,72.12,4.73670533333333,492.9,113.99,32.65,-16.32,24.99,83.73,4.06747933333333,491.22,89.78,25.4,-7.13,21.02,94.7,3.659402,491.38,82.35,-38.57,61.76
2026-01-11 13:20:59,XPQ-01 Main,2026-01-11 13:20:00,95.0,86.48,4.23232833333333,491.59,80.32,22.68,-10.49,17.83,86.2,4.73670533333333,492.6,102.33,29.29,-16.76,22.07,79.64,4.30081266666667,490.94,102.36,28.95,-9.39,24.97,93.61,3.459402,491.22,80.92,-36.63,64.87
2026-01-11 13:21:59,XPQ-01 Main,2026-01-11 13:21:00,118.84,87.43,3.96566166666667,491.84,107.68,30.44,-14.58,21.1,82.27,4.67003866666667,493.07,132.46,37.93,-18.27,29.09,84.68,4.00081266666667,490.93,116.38,32.92,-8.81,27.83,95.33,3.7260686666666705,491.53,101.29,-41.66,78.02
2026-01-11 13:22:59,XPQ-01 Main,2026-01-11 13:22:00,75.95,84.62,4.16566166666667,492.23,75.5,21.36,-13.46,12.41,67.78,4.53670533333333,493.33,90.1,25.82,-9.45,20.45,90.77,4.134146,491.43,62.26,17.63,-4.04,12.71,95.3,3.359402,491.93,64.8,-26.96,45.57
2026-01-11 13:23:59,XPQ-01 Main,2026-01-11 13:23:00,70.34,86.58,4.498995,492.28,68.98,19.51,-11.95,12.75,72.96,4.67003866666667,493.37,82.28,23.58,-8.43,19.29,91.64,4.534146,491.45,59.75,16.92,-4.12,12.74,95.14,3.6927353333333297,492.01,60.01,-24.5,44.78
2026-01-11 13:24:59,XPQ-01 Main,2026-01-11 13:24:00,87.1,83.46,4.05566166666667,491.89,83.61,23.63,-15.53,14.36,67.9,5.003372,493.07,103.76,29.72,-12.37,23.3,88.32,3.934146,491.1,73.92,20.91,-5.66,15.81,94.16,3.959402,491.49,74.27,-33.56,53.47
2026-01-11 13:25:59,XPQ-01 Main,2026-01-11 13:25:00,81.72,85.5,4.14232833333333,491.99,83.49,23.61,-13.69,14.0,71.51,4.57003866666667,492.97,92.2,26.39,-9.77,21.2,90.82,4.30081266666667,491.01,69.46,19.67,-5.0,14.0,94.17,3.659402,492.0,69.67,-28.46,49.2
2026-01-11 13:26:59,XPQ-01 Main,2026-01-11 13:26:00,88.63,86.53,4.42232833333333,492.07,80.21,22.67,-9.29,15.71,86.07,4.603372,492.96,95.01,27.22,-13.88,18.91,80.62,4.36747933333333,491.46,90.67,25.68,-8.35,20.95,92.9,3.52606866666667,491.79,75.57,-31.52,55.57
2026-01-11 13:27:59,XPQ-01 Main,2026-01-11 13:27:00,105.9,93.64,4.34232833333333,491.23,96.74,27.3,-11.59,20.7,87.26,4.97003866666667,492.2,119.39,34.14,-10.18,29.21,94.43,4.20081266666667,490.59,101.58,28.71,-2.91,23.27,99.23,3.92606866666667,490.91,90.16,-24.68,73.18
2026-01-11 13:28:59,XPQ-01 Main,2026-01-11 13:28:00,90.47,83.88,4.26566166666667,491.84,88.72,25.09,-14.93,14.94,70.75,4.87003866666667,492.85,105.2,30.1,-12.81,22.98,87.34,4.30081266666667,490.76,77.48,21.93,-6.36,16.84,93.55,3.959402,491.91,77.12,-34.1,54.76
2026-01-11 13:29:59,XPQ-01 Main,2026-01-11 13:29:00,85.95,85.19,4.41232833333333,491.54,77.76,21.98,-12.34,14.56,76.29,4.63670533333333,492.58,97.25,27.81,-11.46,20.01,86.78,4.36747933333333,490.48,82.84,23.43,-6.67,16.27,92.52,3.859402,491.57,73.22,-30.48,50.84
2026-01-11 13:30:59,XPQ-01 Main,2026-01-11 13:30:00,96.04,83.86,4.33232833333333,491.34,90.28,25.5,-16.29,15.92,69.91,4.93670533333333,492.61,113.12,32.35,-13.09,24.62,88.31,4.26747933333333,490.31,84.71,23.93,-6.58,17.16,93.37,3.92606866666667,491.1,81.79,-35.95,57.7
2026-01-11 13:31:59,XPQ-01 Main,2026-01-11 13:31:00,104.87,78.47,3.9523283333333294,491.56,94.59,26.73,-18.36,15.27,63.95,4.77003866666667,492.64,121.81,34.85,-17.65,24.74,81.41,3.834146,490.63,98.2,27.77,-9.2,19.04,90.05,3.959402,491.41,89.35,-45.21,59.06
2026-01-11 13:32:59,XPQ-01 Main,2026-01-11 13:32:00,76.31,86.2,4.36566166666667,491.55,75.86,21.44,-11.89,13.03,73.88,4.503372,492.61,85.6,24.48,-8.75,18.94,90.79,4.36747933333333,490.44,67.46,19.08,-4.76,13.04,93.94,3.52606866666667,491.59,65.0,-25.39,45.02
2026-01-11 13:33:59,XPQ-01 Main,2026-01-11 13:33:00,94.73,83.85,3.93232833333333,491.43,88.71,25.06,-15.1,15.22,70.98,4.83670533333333,492.39,110.18,31.5,-12.83,23.08,87.41,3.934146,490.47,85.29,24.12,-6.58,16.86,93.15,3.89273533333333,491.43,80.68,-34.52,55.16
2026-01-11 13:34:59,XPQ-01 Main,2026-01-11 13:34:00,105.54,78.09,4.11232833333333,491.96,90.43,25.57,-15.4,16.74,73.61,4.43670533333333,492.95,117.18,33.54,-20.98,22.14,72.58,4.034146,491.0,109.01,30.86,-12.91,24.0,88.07,3.42606866666667,491.92,89.97,-49.29,62.88
2026-01-11 13:35:59,XPQ-01 Main,2026-01-11 13:35:00,103.42,85.72,4.208995,491.48,90.36,25.54,-12.7,18.96,83.07,4.703372,492.57,114.3,32.68,-17.66,24.3,80.89,4.20081266666667,490.38,105.59,29.86,-9.93,25.54,93.2,3.59273533333333,491.47,88.08,-40.29,68.79
2026-01-11 13:36:59,XPQ-01 Main,2026-01-11 13:36:00,105.93,86.86,4.31232833333333,491.24,88.51,24.99,-11.3,18.28,85.06,4.77003866666667,492.22,116.7,33.36,-16.41,23.15,81.58,4.334146,490.38,112.58,31.82,-9.03,24.74,93.94,3.659402,491.11,90.17,-36.73,66.16
2026-01-11 13:37:59,XPQ-01 Main,2026-01-11 13:37:00,79.5,86.69,4.17566166666667,490.55,73.98,20.87,-11.63,12.83,74.08,4.803372,491.74,86.28,24.63,-7.74,18.39,92.17,4.26747933333333,489.45,78.25,22.08,-4.45,12.06,93.81,3.79273533333333,490.46,67.58,-23.83,43.29
2026-01-11 13:38:59,XPQ-01 Main,2026-01-11 13:38:00,79.31,83.98,4.23232833333333,490.97,70.07,19.78,-9.5,13.21,81.19,4.67003866666667,492.19,86.97,24.85,-11.54,15.86,80.86,4.16747933333333,489.96,80.88,22.84,-7.8,16.0,89.9,3.59273533333333,490.78,67.47,-28.84,45.08
2026-01-11 13:39:59,XPQ-01 Main,2026-01-11 13:39:00,87.56,83.65,3.878995,491.1,88.82,25.08,-15.89,15.26,69.27,4.77003866666667,492.49,102.65,29.35,-11.57,23.12,89.42,3.96747933333333,490.03,71.22,20.11,-6.33,15.14,92.25,3.759402,490.77,74.54,-33.79,53.52
2026-01-11 13:40:59,XPQ-01 Main,2026-01-11 13:40:00,76.7,84.5,4.06566166666667,490.99,73.05,20.61,-11.84,12.97,73.85,4.33670533333333,492.21,86.09,24.61,-9.34,17.87,88.62,3.96747933333333,490.16,70.96,20.04,-5.93,13.04,91.04,3.32606866666667,490.6,65.26,-27.11,43.88
2026-01-11 13:41:59,XPQ-01 Main,2026-01-11 13:41:00,78.69,83.84,3.84232833333333,491.54,80.46,22.74,-13.84,13.66,70.25,4.57003866666667,492.91,88.42,25.3,-9.65,19.93,90.0,3.7674793333333296,490.4,67.19,18.99,-5.8,12.95,91.27,3.659402,491.3,67.03,-29.29,46.54
2026-01-11 13:42:59,XPQ-01 Main,2026-01-11 13:42:00,77.57,84.8,4.06566166666667,491.75,71.78,20.29,-10.9,12.36,74.99,4.23670533333333,493.06,89.83,25.72,-9.48,17.09,87.46,4.06747933333333,490.69,71.1,20.1,-5.67,13.26,91.94,3.52606866666667,491.51,66.11,-26.05,42.71
2026-01-11 13:43:59,XPQ-01 Main,2026-01-11 13:43:00,102.11,84.57,3.888995,491.59,94.72,26.76,-12.84,17.9,81.27,4.57003866666667,492.93,107.62,30.81,-16.18,22.37,81.02,3.8674793333333297,490.67,103.99,29.39,-10.05,22.68,91.43,3.559402,491.17,86.96,-39.07,62.95
2026-01-11 13:44:59,XPQ-01 Main,2026-01-11 13:44:00,85.62,84.53,3.7856616666666705,491.64,86.52,24.45,-15.64,16.2,71.93,4.43670533333333,492.67,97.99,28.04,-11.53,23.35,89.66,3.90081266666667,490.75,72.33,20.46,-6.78,15.9,91.99,3.359402,491.49,72.95,-33.95,55.45
2026-01-11 13:45:59,XPQ-01 Main,2026-01-11 13:45:00,103.54,84.08,4.03232833333333,492.13,92.71,26.23,-15.79,17.23,73.73,4.103372,493.28,118.9,34.05,-15.45,25.3,85.35,3.96747933333333,491.13,99.01,28.03,-8.05,20.6,93.15,3.359402,491.99,88.31,-39.28,63.14
2026-01-11 13:46:59,XPQ-01 Main,2026-01-11 13:46:00,99.17,85.32,4.118995,492.31,84.57,23.92,-12.36,17.22,81.25,4.43670533333333,493.38,110.66,31.72,-17.63,23.83,80.39,4.134146,491.56,102.29,28.97,-8.69,24.69,94.33,3.6927353333333297,491.99,84.61,-38.68,65.75
2026-01-11 13:47:59,XPQ-01 Main,2026-01-11 13:47:00,104.3,84.0,3.8656616666666705,492.01,88.17,24.92,-13.5,17.77,79.63,4.73670533333333,493.22,117.48,33.66,-18.95,24.48,79.07,3.934146,491.29,107.23,30.35,-9.82,25.48,93.31,3.49273533333333,491.53,88.93,-42.27,67.73
2026-01-11 13:48:59,XPQ-01 Main,2026-01-11 13:48:00,97.33,84.45,3.908995,492.18,83.46,23.61,-12.05,15.96,79.82,4.27003866666667,493.35,107.11,30.68,-16.68,22.14,79.86,3.90081266666667,491.2,101.43,28.71,-8.47,22.67,93.67,3.39273533333333,491.98,83.01,-37.21,60.77
2026-01-11 13:49:59,XPQ-01 Main,2026-01-11 13:49:00,80.07,85.42,3.93232833333333,492.45,77.23,21.85,-13.51,13.72,71.25,4.403372,493.54,94.84,27.19,-9.49,20.81,90.98,3.8674793333333297,491.71,68.14,19.3,-4.91,13.55,94.02,3.42606866666667,492.1,68.35,-27.91,48.08
2026-01-11 13:50:59,XPQ-01 Main,2026-01-11 13:50:00,110.89,83.52,3.9123283333333294,492.69,87.44,24.75,-14.43,15.89,74.04,4.403372,493.58,130.17,37.32,-15.7,23.56,83.23,3.7674793333333296,491.92,115.05,32.62,-7.9,20.49,93.3,3.52606866666667,492.58,94.7,-38.03,59.95
2026-01-11 13:51:59,XPQ-01 Main,2026-01-11 13:51:00,108.48,86.18,3.8656616666666705,492.77,97.3,27.54,-15.18,19.54,78.97,4.43670533333333,493.91,121.87,34.97,-17.07,27.57,85.02,4.06747933333333,492.09,106.27,30.12,-8.52,24.73,94.55,3.52606866666667,492.31,92.64,-40.77,71.84
2026-01-11 13:52:59,XPQ-01 Main,2026-01-11 13:52:00,90.06,92.31,3.888995,492.89,81.59,23.11,-9.88,15.42,84.2,4.403372,494.09,103.45,29.69,-8.69,23.01,93.55,3.734146,492.09,85.14,24.14,-2.3,17.81,99.18,3.12606866666667,492.5,76.94,-20.86,56.24
2026-01-11 13:53:59,XPQ-01 Main,2026-01-11 13:53:00,86.23,81.46,3.888995,492.85,83.09,23.53,-14.67,12.38,64.47,4.43670533333333,493.82,99.81,28.63,-11.26,20.45,87.6,3.834146,492.05,75.79,21.49,-5.49,13.19,92.32,3.49273533333333,492.68,73.65,-31.42,46.01
2026-01-11 13:54:59,XPQ-01 Main,2026-01-11 13:54:00,105.93,87.0,4.05232833333333,493.36,89.94,25.49,-12.36,18.34,82.93,4.33670533333333,494.38,121.14,34.8,-17.18,25.32,82.75,4.06747933333333,492.76,106.7,30.29,-8.1,25.57,95.33,3.49273533333333,492.95,90.58,-37.64,69.23
2026-01-11 13:55:59,XPQ-01 Main,2026-01-11 13:55:00,90.25,77.54,4.03232833333333,490.28,93.68,26.41,-16.72,12.23,59.04,4.57003866666667,491.51,104.96,29.95,-12.9,20.85,85.04,4.06747933333333,489.22,72.13,20.34,-6.83,13.0,88.52,3.52606866666667,490.12,76.69,-36.45,46.08
2026-01-11 13:56:59,XPQ-01 Main,2026-01-11 13:56:00,73.52,81.06,4.13232833333333,490.21,71.4,20.12,-12.28,10.19,63.86,4.57003866666667,491.16,83.27,23.75,-9.43,16.92,87.35,4.134146,489.24,65.9,18.59,-4.65,10.9,91.98,3.459402,490.23,62.46,-26.36,38.01
2026-01-11 13:57:59,XPQ-01 Main,2026-01-11 13:57:00,98.32,81.97,4.04566166666667,490.08,89.56,25.24,-13.49,10.57,61.68,4.57003866666667,491.2,114.48,32.64,-10.36,19.66,88.47,4.00081266666667,488.98,90.93,25.63,-3.66,12.19,95.77,3.6927353333333297,490.07,83.52,-27.52,42.42
2026-01-11 13:58:59,XPQ-01 Main,2026-01-11 13:58:00,64.76,84.57,4.208995,490.03,62.78,17.69,-11.02,9.89,66.79,4.53670533333333,491.22,76.01,21.67,-7.94,17.02,90.61,4.10081266666667,488.92,55.47,15.63,-2.98,10.64,96.3,3.59273533333333,489.95,55.0,-21.94,37.55
2026-01-11 13:59:59,XPQ-01 Main,2026-01-11 13:59:00,93.62,82.97,3.998995,490.74,80.28,22.64,-12.54,14.24,75.06,4.63670533333333,491.6,107.62,30.74,-15.13,20.8,80.87,4.20081266666667,490.0,92.97,26.26,-7.71,19.49,92.98,3.89273533333333,490.63,79.63,-35.38,54.53
2026-01-11 14:00:59,XPQ-01 Main,2026-01-11 14:00:00,108.65,78.81,4.04232833333333,491.16,99.72,28.15,-19.13,17.34,67.15,4.57003866666667,492.1,124.08,35.46,-19.54,26.15,80.1,4.16747933333333,490.27,102.15,28.87,-11.06,21.79,89.17,3.22606866666667,491.1,92.49,-49.73,65.27
2026-01-11 14:01:59,XPQ-01 Main,2026-01-11 14:01:00,71.37,85.44,3.97566166666667,490.37,66.5,18.74,-11.69,10.32,66.2,4.63670533333333,491.16,84.1,23.99,-7.4,18.21,92.64,4.00081266666667,489.54,63.52,17.93,-2.37,10.38,97.5,3.32606866666667,490.41,60.66,-21.46,38.91
2026-01-11 14:02:59,XPQ-01 Main,2026-01-11 14:02:00,83.84,83.39,3.908995,490.85,85.11,24.02,-14.86,13.15,66.27,4.53670533333333,491.85,97.17,27.75,-10.25,21.46,90.23,3.90081266666667,489.85,69.24,19.55,-4.89,13.05,93.65,3.39273533333333,490.84,71.32,-29.99,47.66
2026-01-11 14:03:59,XPQ-01 Main,2026-01-11 14:03:00,91.82,87.98,3.9523283333333294,490.87,79.75,22.49,-10.67,15.55,82.47,4.37003866666667,491.81,103.53,29.59,-13.77,22.32,85.11,3.934146,490.26,92.19,26.04,-5.9,21.29,96.37,3.459402,490.56,78.12,-30.33,59.16
2026-01-11 14:04:59,XPQ-01 Main,2026-01-11 14:04:00,106.06,80.69,3.97566166666667,490.86,95.36,26.9,-16.97,17.63,72.03,4.403372,491.79,120.3,34.36,-18.84,25.03,79.9,4.134146,489.97,102.53,28.96,-10.86,22.62,90.15,3.52606866666667,490.82,90.23,-46.68,65.28
2026-01-11 14:05:59,XPQ-01 Main,2026-01-11 14:05:00,81.4,87.58,3.908995,488.53,70.6,19.82,-9.54,12.55,79.61,4.47003866666667,489.49,89.29,25.38,-11.2,19.08,86.25,3.834146,487.6,84.33,23.7,-4.34,16.96,96.88,3.32606866666667,488.49,68.91,-25.07,48.58
2026-01-11 14:06:59,XPQ-01 Main,2026-01-11 14:06:00,108.31,83.78,3.9423283333333297,488.91,94.3,26.48,-15.83,17.89,74.9,4.33670533333333,489.9,126.42,35.99,-16.55,25.52,83.91,4.00081266666667,488.32,104.21,29.32,-9.0,21.97,92.54,3.559402,488.51,91.79,-41.37,65.38
2026-01-11 14:07:59,XPQ-01 Main,2026-01-11 14:07:00,88.83,89.05,4.308995,489.22,88.2,24.79,-13.77,16.59,76.96,4.203372,490.2,103.27,29.41,-9.33,24.43,93.42,4.334146,488.49,75.01,21.11,-4.25,16.33,96.78,3.62606866666667,488.98,75.32,-27.34,57.36
2026-01-11 14:08:59,XPQ-01 Main,2026-01-11 14:08:00,116.97,84.98,4.06566166666667,488.32,107.03,30.03,-17.62,20.81,76.31,4.903372,489.27,133.36,37.91,-19.07,30.22,84.56,4.00081266666667,487.63,110.52,31.06,-9.51,26.34,94.06,3.6927353333333297,488.06,98.99,-46.21,77.37
2026-01-11 14:09:59,XPQ-01 Main,2026-01-11 14:09:00,90.49,84.55,4.098995,488.68,89.59,25.17,-15.53,15.94,71.63,4.67003866666667,489.8,103.67,29.49,-12.03,23.63,89.12,4.134146,487.75,78.2,21.98,-6.56,16.46,92.89,3.52606866666667,488.49,76.64,-34.12,56.02
2026-01-11 14:10:59,XPQ-01 Main,2026-01-11 14:10:00,90.65,83.24,4.04232833333333,488.78,81.02,22.76,-12.04,13.12,73.68,4.403372,489.83,101.82,28.97,-12.92,19.32,83.12,4.16747933333333,487.95,89.1,25.06,-6.65,16.72,92.92,3.759402,488.57,76.78,-31.61,49.16
2026-01-11 14:11:59,XPQ-01 Main,2026-01-11 14:11:00,97.34,83.37,4.43232833333333,488.87,88.86,24.96,-13.74,14.24,71.96,4.43670533333333,489.91,113.27,32.23,-13.79,21.83,84.54,4.20081266666667,488.07,89.9,25.29,-6.69,17.79,93.6,3.52606866666667,488.63,82.48,-34.23,53.86
2026-01-11 14:12:59,XPQ-01 Main,2026-01-11 14:12:00,88.98,80.78,4.27566166666667,488.81,84.23,23.66,-13.76,12.9,68.39,4.87003866666667,489.77,96.95,27.58,-13.25,19.7,82.99,4.26747933333333,488.0,85.76,24.12,-7.13,15.61,90.95,4.22606866666667,488.65,75.36,-34.15,48.22
2026-01-11 14:13:59,XPQ-01 Main,2026-01-11 14:13:00,98.08,83.58,4.298995,488.89,91.33,25.66,-14.17,15.96,74.77,4.67003866666667,489.78,109.63,31.19,-15.02,22.77,83.48,4.10081266666667,488.16,93.29,26.25,-8.15,19.81,92.49,3.89273533333333,488.73,83.1,-37.34,58.54
2026-01-11 14:14:59,XPQ-01 Main,2026-01-11 14:14:00,102.12,81.86,4.14566166666667,489.26,94.47,26.56,-14.12,15.74,74.45,4.803372,490.17,111.14,31.64,-16.02,21.7,80.45,4.16747933333333,488.4,100.74,28.37,-9.36,20.13,90.69,3.9927353333333295,489.2,86.57,-39.49,57.57
2026-01-11 14:15:59,XPQ-01 Main,2026-01-11 14:15:00,96.75,82.98,4.518995,488.71,82.05,23.04,-12.0,14.18,76.33,4.503372,489.55,107.39,30.54,-14.28,19.56,80.77,4.50081266666667,487.98,100.8,28.35,-8.01,18.59,91.84,3.759402,488.59,81.93,-34.29,52.33
2026-01-11 14:16:59,XPQ-01 Main,2026-01-11 14:16:00,91.72,81.79,3.9423283333333297,489.11,88.94,25.01,-13.71,12.49,67.34,5.203372,490.13,104.04,29.61,-11.58,19.63,86.13,3.90081266666667,488.13,82.18,23.13,-6.01,14.01,91.9,3.859402,489.06,77.74,-31.3,46.13
2026-01-11 14:17:59,XPQ-01 Main,2026-01-11 14:17:00,122.04,86.92,4.07566166666667,489.19,109.67,30.82,-15.53,22.78,82.63,4.33670533333333,490.06,135.4,38.55,-19.21,29.84,84.08,4.06747933333333,488.51,121.06,34.08,-10.53,29.08,94.03,3.59273533333333,489.01,103.46,-45.26,81.7
2026-01-11 14:18:59,XPQ-01 Main,2026-01-11 14:18:00,81.13,85.53,4.08566166666667,488.25,72.32,20.29,-9.73,10.63,73.78,4.603372,489.22,92.67,26.33,-10.57,17.67,85.81,4.20081266666667,487.47,78.4,22.02,-3.67,14.63,97.0,3.559402,488.04,68.65,-23.97,42.94
2026-01-11 14:19:59,XPQ-01 Main,2026-01-11 14:19:00,124.85,81.72,4.13232833333333,488.07,104.29,29.24,-15.76,18.15,75.5,4.57003866666667,488.91,141.38,40.15,-18.85,24.5,79.25,4.10081266666667,487.34,128.9,36.21,-11.2,23.7,90.41,3.49273533333333,487.95,105.61,-45.82,66.35
2026-01-11 14:20:59,XPQ-01 Main,2026-01-11 14:20:00,102.63,81.49,3.778995,488.25,100.64,28.24,-17.92,18.14,71.14,4.77003866666667,489.21,114.76,32.6,-16.36,25.42,84.1,3.66747933333333,487.35,92.5,25.99,-10.19,20.13,89.23,3.52606866666667,488.18,86.83,-44.47,63.7
2026-01-11 14:21:59,XPQ-01 Main,2026-01-11 14:21:00,68.95,80.82,4.15566166666667,488.09,64.35,18.05,-10.33,8.74,64.58,4.27003866666667,489.04,78.25,22.22,-10.16,15.43,83.52,4.00081266666667,487.13,64.25,18.04,-4.12,11.74,94.35,3.39273533333333,488.09,58.32,-24.61,35.91
2026-01-11 14:22:59,XPQ-01 Main,2026-01-11 14:22:00,90.48,87.86,4.32232833333333,488.0,93.23,26.17,-15.96,16.26,71.36,4.63670533333333,489.14,107.18,30.43,-8.73,26.01,94.8,4.20081266666667,486.83,71.02,19.94,-3.37,14.54,97.42,3.8260686666666706,488.04,76.53,-28.06,56.81
2026-01-11 14:23:59,XPQ-01 Main,2026-01-11 14:23:00,120.45,85.89,4.01232833333333,488.16,109.07,30.6,-15.96,22.29,81.3,4.87003866666667,489.22,133.19,37.84,-19.47,29.18,83.19,4.034146,487.23,119.09,33.45,-11.04,28.36,93.19,3.89273533333333,488.02,101.89,-46.47,79.84
2026-01-11 14:24:59,XPQ-01 Main,2026-01-11 14:24:00,91.96,90.71,3.83232833333333,488.2,85.55,24.01,-11.81,16.8,81.79,4.53670533333333,489.24,104.53,29.7,-9.54,23.8,92.82,3.734146,487.28,85.78,24.09,-4.09,17.99,97.52,3.459402,488.07,77.8,-25.44,58.59
2026-01-11 14:25:59,XPQ-01 Main,2026-01-11 14:25:00,93.33,82.21,4.088995,488.27,91.58,25.7,-14.49,14.73,71.28,4.23670533333333,489.21,102.01,28.99,-13.85,21.55,84.12,3.96747933333333,487.48,86.39,24.28,-7.78,17.34,91.24,3.52606866666667,488.13,78.96,-36.13,53.61
2026-01-11 14:26:59,XPQ-01 Main,2026-01-11 14:26:00,85.88,86.48,4.25566166666667,488.69,80.79,22.69,-11.56,13.59,76.15,4.67003866666667,489.66,93.18,26.5,-11.42,20.6,87.46,4.134146,487.86,83.65,23.52,-4.98,16.69,95.83,3.62606866666667,488.57,72.72,-27.96,50.88
2026-01-11 14:27:59,XPQ-01 Main,2026-01-11 14:27:00,82.49,86.99,4.22232833333333,489.04,72.79,20.46,-11.08,13.09,76.32,4.703372,490.04,94.18,26.8,-10.02,19.52,88.96,4.30081266666667,488.1,80.51,22.65,-4.59,15.13,95.7,3.92606866666667,488.98,69.92,-25.69,47.74
2026-01-11 14:28:59,XPQ-01 Main,2026-01-11 14:28:00,75.24,87.31,3.888995,488.79,70.75,19.87,-11.02,10.46,68.87,4.53670533333333,489.85,84.57,24.06,-6.79,18.67,93.98,3.834146,487.95,70.39,19.79,-1.47,10.72,99.08,3.8260686666666706,488.56,63.73,-19.27,39.86
2026-01-11 14:29:59,XPQ-01 Main,2026-01-11 14:29:00,109.95,79.92,4.11232833333333,489.13,96.04,26.99,-15.97,18.21,75.19,4.23670533333333,490.2,120.68,34.36,-21.21,24.21,75.21,4.00081266666667,488.33,113.13,31.84,-12.77,25.43,89.37,3.59273533333333,488.87,93.19,-49.95,67.85
2026-01-11 14:30:59,XPQ-01 Main,2026-01-11 14:30:00,105.21,81.33,4.098995,489.35,99.24,27.91,-16.81,18.26,73.57,4.63670533333333,490.19,117.62,33.49,-17.69,24.63,81.23,4.00081266666667,488.57,98.75,27.81,-11.11,21.9,89.19,3.6927353333333297,489.28,89.21,-45.6,64.79
2026-01-11 14:31:59,XPQ-01 Main,2026-01-11 14:31:00,107.46,84.88,3.8656616666666705,489.21,92.35,25.95,-12.83,19.35,83.35,4.503372,490.08,117.94,33.59,-18.39,23.9,79.25,3.8674793333333297,488.68,112.08,31.56,-11.06,26.07,92.05,3.79273533333333,488.88,91.1,-42.28,69.32
2026-01-11 14:32:59,XPQ-01 Main,2026-01-11 14:32:00,68.11,81.31,4.098995,488.64,63.66,17.88,-11.02,9.91,66.88,4.27003866666667,489.74,78.88,22.44,-10.7,16.4,83.76,4.16747933333333,487.74,61.78,17.37,-4.89,12.68,93.3,3.459402,488.44,57.68,-26.61,38.99
2026-01-11 14:33:59,XPQ-01 Main,2026-01-11 14:33:00,75.08,79.62,4.108995,488.6,83.42,23.43,-12.56,9.85,61.7,4.603372,489.42,78.92,22.43,-9.14,16.3,87.23,4.20081266666667,487.71,62.9,17.69,-4.85,9.97,89.92,3.52606866666667,488.66,63.55,-26.55,36.12
2026-01-11 14:34:59,XPQ-01 Main,2026-01-11 14:34:00,111.31,83.2,4.35232833333333,489.1,100.68,28.29,-15.16,19.54,79.02,4.53670533333333,490.03,120.48,34.3,-19.37,25.33,79.43,4.30081266666667,488.36,112.76,31.74,-11.61,25.74,91.16,3.59273533333333,488.92,94.33,-46.14,70.61
2026-01-11 14:35:59,XPQ-01 Main,2026-01-11 14:35:00,107.68,78.71,4.488995,488.74,101.47,28.49,-17.78,18.16,71.45,5.003372,489.5,119.29,33.92,-19.3,24.07,78.02,4.434146,488.02,102.28,28.78,-12.76,22.17,86.67,3.759402,488.7,91.19,-49.83,64.4
2026-01-11 14:36:59,XPQ-01 Main,2026-01-11 14:36:00,100.46,80.22,3.998995,488.92,99.37,27.92,-16.35,15.74,69.36,5.103372,489.95,111.74,31.8,-15.45,22.57,82.53,3.90081266666667,488.09,90.28,25.4,-9.39,18.11,88.78,3.92606866666667,488.73,85.11,-41.18,56.43
2026-01-11 14:37:59,XPQ-01 Main,2026-01-11 14:37:00,110.6,79.76,4.088995,488.91,92.15,25.89,-15.44,16.39,72.79,4.43670533333333,489.93,127.5,36.28,-18.23,22.4,77.56,4.06747933333333,488.09,112.14,31.55,-11.06,21.51,88.93,3.659402,488.73,93.72,-44.72,60.3
2026-01-11 14:38:59,XPQ-01 Main,2026-01-11 14:38:00,102.87,81.43,4.17566166666667,488.91,94.04,26.42,-17.06,16.19,68.84,4.63670533333333,489.93,119.04,33.87,-16.48,25.04,83.54,4.30081266666667,488.07,95.53,26.87,-8.49,19.8,91.91,3.559402,488.74,87.17,-42.02,61.02
2026-01-11 14:39:59,XPQ-01 Main,2026-01-11 14:39:00,89.6,85.76,4.14566166666667,488.27,80.01,22.46,-10.85,15.33,81.62,4.57003866666667,489.4,99.12,28.17,-14.36,20.49,81.89,4.06747933333333,487.35,89.67,25.19,-7.65,20.61,93.76,3.659402,488.07,75.81,-32.86,56.44
2026-01-11 14:40:59,XPQ-01 Main,2026-01-11 14:40:00,98.31,86.59,4.478995,488.59,93.11,26.15,-10.64,13.36,78.22,4.53670533333333,489.59,116.09,33.01,-10.88,19.0,86.78,4.40081266666667,487.66,85.73,24.1,-5.42,16.13,94.79,3.8260686666666706,488.5,83.26,-26.95,48.49
2026-01-11 14:41:59,XPQ-01 Main,2026-01-11 14:41:00,68.43,85.13,4.378995,488.7,67.63,18.99,-11.0,9.58,65.65,5.03670533333333,489.76,79.23,22.54,-7.08,17.0,92.32,4.16747933333333,487.88,58.44,16.43,-2.25,9.72,97.43,3.9927353333333295,488.47,57.96,-20.32,36.29
2026-01-11 14:42:59,XPQ-01 Main,2026-01-11 14:42:00,101.64,80.95,4.11232833333333,489.02,82.47,23.18,-12.57,15.81,78.28,4.97003866666667,490.2,113.65,32.36,-18.21,20.34,74.51,4.16747933333333,488.2,108.8,30.6,-10.91,22.62,90.07,3.9927353333333295,488.67,86.14,-41.7,58.78
2026-01-11 14:43:59,XPQ-01 Main,2026-01-11 14:43:00,109.1,82.66,4.55232833333333,489.13,102.68,28.86,-17.57,18.61,72.72,4.53670533333333,490.2,125.44,35.71,-17.85,27.02,83.43,4.46747933333333,488.24,99.17,27.91,-9.78,22.68,91.82,3.62606866666667,488.94,92.48,-45.2,68.3
2026-01-11 14:44:59,XPQ-01 Main,2026-01-11 14:44:00,74.87,82.33,4.35566166666667,489.38,62.59,17.6,-9.8,9.51,69.62,4.97003866666667,490.59,86.86,24.75,-10.69,15.76,82.74,4.36747933333333,488.59,75.15,21.15,-4.52,13.2,94.61,4.22606866666667,488.97,63.51,-25.02,38.47
2026-01-11 14:45:59,XPQ-01 Main,2026-01-11 14:45:00,118.91,84.03,4.24566166666667,490.34,108.06,30.44,-17.85,21.81,77.39,4.83670533333333,491.17,134.73,38.45,-19.77,29.31,82.91,4.30081266666667,489.62,113.93,32.16,-11.6,26.86,91.8,3.859402,490.22,101.04,-49.22,77.99
2026-01-11 14:46:59,XPQ-01 Main,2026-01-11 14:46:00,119.5,81.41,4.34566166666667,490.19,101.06,28.46,-16.82,19.65,75.98,4.703372,491.01,135.56,38.67,-22.07,26.84,77.25,4.06747933333333,489.54,121.87,34.39,-12.51,27.46,91.0,3.72606866666667,490.02,101.52,-51.39,73.96
2026-01-11 14:47:59,XPQ-01 Main,2026-01-11 14:47:00,82.08,82.79,4.388995,490.23,83.68,23.58,-15.37,14.39,68.35,4.93670533333333,491.33,93.76,26.75,-10.62,21.41,89.58,4.36747933333333,489.24,68.79,19.4,-6.37,13.5,90.43,4.02606866666667,490.13,69.73,-32.37,49.3
2026-01-11 14:48:59,XPQ-01 Main,2026-01-11 14:48:00,75.06,83.82,4.298995,490.39,69.78,19.66,-9.75,11.85,77.23,4.77003866666667,491.45,79.26,22.63,-11.19,16.17,82.22,4.26747933333333,489.74,76.13,21.48,-6.38,15.01,92.02,4.02606866666667,489.98,63.77,-27.33,43.03
2026-01-11 14:49:59,XPQ-01 Main,2026-01-11 14:49:00,62.49,82.42,4.508995,490.1,60.58,17.06,-11.24,9.66,65.16,4.83670533333333,491.13,73.86,21.07,-8.16,15.94,89.02,4.46747933333333,489.35,53.05,14.96,-3.92,9.97,93.08,3.79273533333333,489.83,53.09,-23.32,35.57
2026-01-11 14:50:59,XPQ-01 Main,2026-01-11 14:50:00,75.57,84.65,4.45566166666667,490.32,68.07,19.18,-8.97,11.87,79.78,4.903372,491.37,79.56,22.7,-11.12,15.74,81.67,4.40081266666667,489.46,79.09,22.31,-6.33,15.42,92.51,4.159402,490.13,64.2,-26.42,43.03
2026-01-11 14:51:59,XPQ-01 Main,2026-01-11 14:51:00,102.65,84.6,4.42232833333333,490.65,96.31,27.17,-16.25,17.63,73.52,5.003372,491.83,118.6,33.87,-13.81,25.29,87.76,4.40081266666667,489.64,93.05,26.26,-7.8,19.0,92.51,3.959402,490.47,87.29,-37.87,61.92
2026-01-11 14:52:59,XPQ-01 Main,2026-01-11 14:52:00,105.37,80.81,4.44232833333333,490.78,102.05,28.78,-18.56,18.17,69.95,4.803372,491.86,116.61,33.31,-17.2,25.96,83.37,4.36747933333333,489.94,97.47,27.52,-10.48,20.57,89.1,4.059402,490.53,89.61,-46.24,64.7
2026-01-11 14:53:59,XPQ-01 Main,2026-01-11 14:53:00,108.98,80.86,4.53232833333333,490.84,98.7,27.85,-17.97,17.99,70.75,4.903372,491.78,125.16,35.74,-18.13,25.89,81.91,4.50081266666667,489.9,103.09,29.12,-10.58,21.74,89.92,4.059402,490.84,92.71,-46.68,65.62
2026-01-11 14:54:59,XPQ-01 Main,2026-01-11 14:54:00,114.94,83.56,4.34232833333333,491.1,104.97,29.61,-15.65,19.56,77.89,4.97003866666667,492.03,127.99,36.59,-19.18,26.41,80.73,4.26747933333333,490.45,111.87,31.62,-10.81,25.65,92.07,4.12606866666667,490.8,97.82,-45.64,71.63
2026-01-11 14:55:59,XPQ-01 Main,2026-01-11 14:55:00,113.39,86.07,4.12232833333333,491.44,97.02,27.38,-12.73,17.26,80.48,4.93670533333333,492.33,124.21,35.54,-15.59,23.67,83.5,4.234146,490.9,118.95,33.64,-8.04,22.58,94.21,3.8260686666666706,491.1,96.57,-36.36,63.51
2026-01-11 14:56:59,XPQ-01 Main,2026-01-11 14:56:00,99.47,83.33,4.52232833333333,491.64,83.17,23.5,-12.2,16.5,80.42,4.47003866666667,492.73,111.73,31.98,-18.12,21.92,77.08,4.40081266666667,490.82,103.52,29.28,-9.88,24.03,92.49,3.659402,491.36,84.75,-40.19,62.45
2026-01-11 14:57:59,XPQ-01 Main,2026-01-11 14:57:00,94.81,83.57,4.488995,492.12,86.12,24.34,-13.83,15.91,75.48,5.03670533333333,492.9,107.57,30.81,-14.57,22.04,83.42,4.50081266666667,491.56,90.75,25.71,-8.34,19.32,91.81,4.12606866666667,491.91,80.87,-36.73,57.27
2026-01-11 14:58:59,XPQ-01 Main,2026-01-11 14:58:00,98.89,81.39,4.65566166666667,492.14,87.51,24.76,-14.51,16.4,74.88,4.97003866666667,493.02,109.82,31.44,-16.95,22.09,79.33,4.534146,491.18,99.34,28.14,-10.22,21.07,89.97,3.9927353333333295,492.21,84.33,-41.69,59.56
2026-01-11 14:59:59,XPQ-01 Main,2026-01-11 14:59:00,101.73,88.36,4.678995,492.06,88.61,25.04,-11.87,17.01,81.99,5.13670533333333,492.95,121.47,34.8,-13.6,23.96,86.97,4.66747933333333,491.46,95.1,26.93,-6.2,21.63,96.13,4.29273533333333,491.76,86.77,-31.67,62.6
2026-01-11 15:00:59,XPQ-01 Main,2026-01-11 15:00:00,92.5,89.88,4.67566166666667,492.09,77.01,21.78,-11.21,15.09,80.26,5.003372,493.01,106.57,30.51,-9.4,22.0,91.96,4.66747933333333,491.15,93.92,26.6,-3.87,16.68,97.42,4.359402,492.1,78.89,-24.48,53.76
2026-01-11 15:01:59,XPQ-01 Main,2026-01-11 15:01:00,72.32,85.97,4.698995,492.29,78.75,22.28,-13.88,14.06,71.17,5.23670533333333,493.21,82.26,23.56,-7.38,20.46,94.07,4.66747933333333,491.43,55.94,15.85,-4.64,11.46,92.68,4.12606866666667,492.24,61.69,-25.9,45.98
2026-01-11 15:02:59,XPQ-01 Main,2026-01-11 15:02:00,93.72,83.17,4.24232833333333,492.39,82.01,23.21,-13.61,15.01,74.09,5.07003866666667,493.27,106.75,30.58,-15.4,22.22,82.19,4.434146,491.59,92.41,26.19,-7.71,19.89,93.24,4.359402,492.32,79.98,-36.72,57.12
2026-01-11 15:03:59,XPQ-01 Main,2026-01-11 15:03:00,93.24,87.59,4.54232833333333,492.74,77.1,21.83,-11.18,15.37,80.86,4.603372,493.49,109.84,31.49,-13.98,22.8,85.24,4.66747933333333,492.0,92.79,26.32,-5.62,21.18,96.66,3.6927353333333297,492.73,79.64,-30.79,59.35
2026-01-11 15:04:59,XPQ-01 Main,2026-01-11 15:04:00,91.55,84.36,4.43232833333333,493.01,90.9,25.76,-16.03,15.97,70.59,4.903372,493.87,108.58,31.14,-12.62,24.5,88.89,4.434146,492.07,75.16,21.33,-6.41,17.02,93.58,4.059402,493.09,78.23,-35.06,57.49
2026-01-11 15:05:59,XPQ-01 Main,2026-01-11 15:05:00,109.45,83.58,4.398995,492.98,93.67,26.53,-15.68,18.19,75.75,4.87003866666667,493.97,127.57,36.61,-19.35,26.89,81.16,4.20081266666667,492.24,107.1,30.38,-9.36,25.37,93.82,3.9927353333333295,492.74,93.52,-44.39,70.44
2026-01-11 15:06:59,XPQ-01 Main,2026-01-11 15:06:00,90.56,83.35,4.75232833333333,492.72,81.61,23.12,-15.57,13.72,66.12,4.93670533333333,493.57,108.03,30.96,-11.53,22.98,89.39,4.76747933333333,491.69,82.05,23.27,-5.04,14.63,94.54,4.059402,492.9,77.34,-32.14,51.33
2026-01-11 15:07:59,XPQ-01 Main,2026-01-11 15:07:00,95.77,80.93,5.48566166666667,493.04,89.19,25.28,-17.39,15.56,66.68,5.13670533333333,494.16,113.38,32.53,-16.87,25.46,83.36,5.40081266666667,492.03,84.75,24.04,-7.95,19.72,92.74,4.359402,492.93,81.85,-42.22,60.74
2026-01-11 15:08:59,XPQ-01 Main,2026-01-11 15:08:00,83.06,84.89,4.55566166666667,489.82,75.31,21.2,-11.79,14.55,77.7,5.97003866666667,490.73,93.78,26.73,-12.55,19.74,84.38,4.56747933333333,488.96,80.11,22.58,-7.18,17.57,92.58,5.09273533333333,489.78,70.51,-31.52,51.86
2026-01-11 15:09:59,XPQ-01 Main,2026-01-11 15:09:00,75.09,86.27,4.14232833333333,490.04,74.76,21.06,-13.37,13.94,72.18,5.003372,490.91,88.97,25.37,-8.62,20.76,92.36,4.26747933333333,489.15,61.53,17.35,-4.61,13.02,94.27,4.09273533333333,490.06,63.78,-26.59,47.72
2026-01-11 15:10:59,XPQ-01 Main,2026-01-11 15:10:00,98.08,84.29,4.288995,490.5,90.75,25.59,-16.04,17.05,72.84,4.503372,491.54,112.05,31.98,-15.19,25.77,86.15,4.16747933333333,489.47,91.45,25.81,-7.46,20.34,93.88,3.659402,490.5,83.38,-38.69,63.17
2026-01-11 15:11:59,XPQ-01 Main,2026-01-11 15:11:00,93.99,88.62,4.21232833333333,490.14,89.56,25.23,-13.95,18.31,79.53,4.803372,491.03,108.08,30.82,-11.53,25.27,90.98,4.134146,489.23,84.34,23.79,-6.13,19.4,95.35,3.89273533333333,490.15,79.84,-31.62,62.98
2026-01-11 15:12:59,XPQ-01 Main,2026-01-11 15:12:00,70.28,89.27,4.378995,490.27,63.75,17.96,-8.01,13.42,85.88,4.67003866666667,491.12,75.47,21.53,-9.56,16.87,87.01,4.40081266666667,489.5,71.62,20.21,-5.37,16.23,94.93,3.8260686666666706,490.17,59.7,-22.94,46.52
2026-01-11 15:13:59,XPQ-01 Main,2026-01-11 15:13:00,86.93,85.03,4.108995,490.35,78.28,22.05,-11.71,14.94,78.71,4.83670533333333,491.19,96.43,27.52,-13.7,20.49,83.13,4.234146,489.62,86.09,24.3,-7.41,19.17,93.26,3.89273533333333,490.24,73.87,-32.82,54.6
2026-01-11 15:14:59,XPQ-01 Main,2026-01-11 15:14:00,64.3,81.04,4.23232833333333,490.44,68.41,19.29,-13.59,10.25,60.21,4.63670533333333,491.39,77.28,22.05,-8.73,18.14,90.12,4.134146,489.48,47.22,13.33,-3.95,9.83,92.81,3.459402,490.46,54.66,-26.26,38.22
2026-01-11 15:15:59,XPQ-01 Main,2026-01-11 15:15:00,68.78,81.4,4.14566166666667,490.41,68.09,19.19,-12.41,10.5,64.59,4.63670533333333,491.22,79.6,22.71,-9.26,17.08,87.92,4.134146,489.5,58.64,16.55,-4.75,10.91,91.69,3.92606866666667,490.51,58.46,-26.42,38.5
2026-01-11 15:16:59,XPQ-01 Main,2026-01-11 15:16:00,70.97,85.96,4.36566166666667,489.97,63.02,17.75,-9.04,12.76,81.59,4.57003866666667,490.74,78.52,22.38,-11.36,16.79,82.81,4.50081266666667,489.09,71.37,20.13,-6.3,16.57,93.47,3.7260686666666705,490.07,60.25,-26.7,46.11
2026-01-11 15:17:59,XPQ-01 Main,2026-01-11 15:17:00,99.79,82.36,4.26566166666667,490.38,86.32,24.32,-14.1,16.79,76.57,4.803372,491.16,114.3,32.62,-18.37,23.32,78.55,4.10081266666667,489.73,98.77,27.88,-10.03,23.49,91.97,3.79273533333333,490.25,84.81,-42.51,63.6
2026-01-11 15:18:59,XPQ-01 Main,2026-01-11 15:18:00,87.54,78.93,4.118995,490.51,90.12,25.42,-18.31,15.04,63.47,4.73670533333333,491.34,101.76,29.02,-14.09,23.36,85.63,4.034146,489.42,70.75,19.97,-8.4,15.32,87.68,3.959402,490.76,74.42,-40.8,53.71
2026-01-11 15:19:59,XPQ-01 Main,2026-01-11 15:19:00,89.94,82.1,4.04232833333333,490.0,77.1,21.7,-11.84,15.1,78.69,4.77003866666667,490.66,100.36,28.61,-16.51,19.73,76.7,4.234146,489.36,92.37,26.06,-9.7,21.17,90.91,3.559402,489.99,76.38,-38.05,56.0
2026-01-11 15:20:59,XPQ-01 Main,2026-01-11 15:20:00,92.05,85.88,4.14232833333333,490.24,79.08,22.28,-11.26,16.68,82.88,4.43670533333333,491.16,102.15,29.14,-15.74,21.81,81.09,4.134146,489.48,94.92,26.78,-8.53,22.79,93.65,3.459402,490.07,78.2,-35.53,61.28
2026-01-11 15:21:59,XPQ-01 Main,2026-01-11 15:21:00,78.6,82.83,4.16566166666667,490.69,81.41,22.96,-15.52,13.84,66.57,4.67003866666667,491.62,93.11,26.59,-10.47,21.7,90.07,4.134146,489.84,61.27,17.3,-5.67,13.16,91.85,3.62606866666667,490.6,66.85,-31.65,48.71
2026-01-11 15:22:59,XPQ-01 Main,2026-01-11 15:22:00,83.87,87.99,4.34566166666667,490.6,71.89,20.27,-9.32,15.83,86.19,4.47003866666667,491.5,91.77,26.2,-13.74,20.34,82.86,4.434146,489.79,87.93,24.83,-7.14,21.57,94.93,3.89273533333333,490.5,71.29,-30.2,57.75
2026-01-11 15:23:59,XPQ-01 Main,2026-01-11 15:23:00,63.42,85.32,4.04232833333333,490.6,61.78,17.43,-10.8,11.24,72.11,4.67003866666667,491.32,73.12,20.86,-8.46,17.06,89.58,4.034146,489.56,55.37,15.64,-4.23,11.95,94.26,3.92606866666667,490.93,53.92,-23.5,40.24
2026-01-11 15:24:59,XPQ-01 Main,2026-01-11 15:24:00,99.48,85.25,4.15566166666667,491.19,84.79,23.93,-12.88,17.62,80.73,4.57003866666667,492.0,113.14,32.34,-17.71,24.36,80.88,4.16747933333333,490.51,100.5,28.42,-8.89,24.83,94.15,3.52606866666667,491.07,84.68,-39.49,66.82
2026-01-11 15:25:59,XPQ-01 Main,2026-01-11 15:25:00,68.8,86.04,3.83232833333333,491.05,68.62,19.37,-12.28,13.12,73.01,4.47003866666667,491.99,80.68,23.05,-9.14,19.57,90.6,3.7674793333333296,490.16,57.11,16.14,-4.66,13.47,94.49,3.8260686666666706,490.99,58.56,-26.08,46.15
2026-01-11 15:26:59,XPQ-01 Main,2026-01-11 15:26:00,109.82,85.44,3.85232833333333,490.88,92.7,26.14,-14.46,18.99,79.57,4.23670533333333,491.58,126.04,36.0,-19.62,27.69,81.6,3.96747933333333,490.2,110.72,31.29,-8.86,27.4,95.15,3.49273533333333,490.87,93.43,-42.93,74.09
2026-01-11 15:27:59,XPQ-01 Main,2026-01-11 15:27:00,75.35,87.9,3.918995,490.68,69.88,19.71,-9.93,13.65,80.87,4.37003866666667,491.66,82.99,23.7,-10.15,18.66,87.84,3.8674793333333297,489.79,73.19,20.67,-5.3,16.11,95.0,3.22606866666667,490.59,64.07,-25.38,48.42
2026-01-11 15:28:59,XPQ-01 Main,2026-01-11 15:28:00,100.43,83.12,3.83232833333333,491.12,83.16,23.47,-13.17,16.28,77.75,4.47003866666667,491.82,113.45,32.41,-18.6,23.34,78.2,3.934146,490.3,104.68,29.6,-9.24,24.19,93.41,3.42606866666667,491.23,85.48,-41.01,63.81
2026-01-11 15:30:59,XPQ-01 Main,2026-01-11 15:30:00,97.84,78.81,3.698995,491.25,91.86,25.94,-18.13,15.98,66.14,4.23670533333333,492.23,113.79,32.52,-18.3,24.83,80.5,3.96747933333333,490.27,87.87,24.84,-9.95,20.29,89.78,3.32606866666667,491.25,83.3,-46.37,61.1
2026-01-11 15:31:59,XPQ-01 Main,2026-01-11 15:31:00,69.77,85.09,3.97566166666667,491.36,63.86,18.03,-10.44,12.35,76.35,4.07003866666667,492.21,78.71,22.5,-10.84,17.64,85.19,4.034146,490.48,66.76,18.88,-5.62,15.11,93.73,3.059402,491.39,59.41,-26.91,45.1
2026-01-11 15:32:59,XPQ-01 Main,2026-01-11 15:32:00,84.24,84.92,3.98566166666667,491.36,80.94,22.86,-13.47,15.19,74.82,4.33670533333333,492.16,97.05,27.74,-12.33,21.65,86.89,4.30081266666667,490.44,74.72,21.13,-6.77,17.2,93.05,3.559402,491.48,71.73,-32.57,54.03
2026-01-11 15:33:59,XPQ-01 Main,2026-01-11 15:33:00,92.13,83.82,4.378995,491.32,82.64,23.33,-13.97,16.18,75.7,4.17003866666667,491.98,105.52,30.15,-15.35,22.91,83.08,4.36747933333333,490.51,88.23,24.96,-8.29,20.48,92.69,3.49273533333333,491.47,78.45,-37.61,59.57
2026-01-11 15:34:59,XPQ-01 Main,2026-01-11 15:34:00,89.25,87.7,3.97566166666667,490.94,76.46,21.57,-12.07,15.23,78.37,4.87003866666667,491.68,109.4,31.25,-12.07,22.71,88.3,3.96747933333333,490.18,81.9,23.15,-5.14,18.71,96.42,3.89273533333333,490.94,75.96,-29.28,56.65
2026-01-11 15:35:59,XPQ-01 Main,2026-01-11 15:35:00,92.45,84.37,3.978995,490.97,92.91,26.23,-17.51,17.69,71.08,4.37003866666667,491.88,108.29,30.92,-13.33,26.35,89.23,3.96747933333333,489.91,76.14,21.51,-7.28,18.13,92.79,3.59273533333333,491.11,78.66,-38.13,62.18
2026-01-11 15:36:59,XPQ-01 Main,2026-01-11 15:36:00,89.82,82.77,4.308995,490.82,78.05,22.0,-13.06,15.13,75.69,4.403372,491.46,103.4,29.53,-16.29,21.7,79.97,4.30081266666667,490.24,88.01,24.87,-8.49,20.89,92.65,3.559402,490.75,76.41,-37.84,57.72
2026-01-11 15:37:59,XPQ-01 Main,2026-01-11 15:37:00,82.92,89.59,4.308995,490.72,78.23,22.07,-11.82,15.93,80.32,4.603372,491.66,97.05,27.71,-9.79,22.62,91.77,4.16747933333333,489.78,73.48,20.75,-4.56,17.26,96.68,4.02606866666667,490.73,70.52,-26.17,55.8
2026-01-11 15:38:59,XPQ-01 Main,2026-01-11 15:38:00,92.09,81.6,4.24232833333333,491.13,89.43,25.25,-17.33,16.11,68.09,4.63670533333333,491.99,108.04,30.86,-15.45,24.92,85.0,4.20081266666667,490.04,78.8,22.27,-8.1,18.66,91.72,4.12606866666667,491.36,78.38,-40.88,59.69
2026-01-11 15:39:59,XPQ-01 Main,2026-01-11 15:39:00,87.75,88.47,4.16566166666667,491.18,79.34,22.4,-12.93,15.76,77.32,4.603372,491.96,106.97,30.56,-10.82,23.84,91.06,4.00081266666667,490.19,76.94,21.76,-4.41,17.67,97.02,3.92606866666667,491.4,74.72,-28.16,57.27
2026-01-11 15:40:59,XPQ-01 Main,2026-01-11 15:40:00,73.84,85.6,4.24232833333333,490.83,73.43,20.73,-13.41,12.43,67.97,4.503372,491.73,88.08,25.14,-8.61,20.78,92.38,4.16747933333333,489.7,60.0,16.95,-3.35,12.25,96.45,3.9927353333333295,491.07,62.82,-25.37,45.46
2026-01-11 15:41:59,XPQ-01 Main,2026-01-11 15:41:00,84.64,87.18,4.22232833333333,491.28,82.77,23.38,-13.79,15.45,74.61,4.67003866666667,492.36,102.23,29.22,-9.61,22.6,92.02,4.36747933333333,490.17,68.91,19.48,-5.03,15.13,94.9,3.89273533333333,491.31,72.08,-28.43,53.17
2026-01-11 15:42:59,XPQ-01 Main,2026-01-11 15:42:00,74.09,89.67,4.13232833333333,491.0,62.63,17.68,-8.92,13.42,83.27,4.803372,491.96,86.03,24.58,-10.06,19.16,88.54,4.00081266666667,490.08,73.61,20.8,-4.1,16.97,97.2,3.49273533333333,490.96,63.05,-23.08,49.55
2026-01-11 15:43:59,XPQ-01 Main,2026-01-11 15:43:00,95.31,87.13,4.298995,491.66,95.02,26.87,-14.36,19.19,80.07,4.63670533333333,492.61,104.35,29.84,-12.87,24.65,88.65,4.30081266666667,490.53,86.55,24.49,-8.25,20.34,92.67,3.759402,491.83,81.19,-35.48,64.18
2026-01-11 15:44:59,XPQ-01 Main,2026-01-11 15:44:00,89.65,78.75,4.03232833333333,491.81,89.93,25.42,-17.29,14.76,64.93,4.57003866666667,492.64,102.24,29.25,-15.08,22.54,83.11,4.00081266666667,490.84,76.77,21.73,-8.84,16.55,88.21,4.02606866666667,491.94,76.41,-41.21,53.85
2026-01-11 15:45:59,XPQ-01 Main,2026-01-11 15:45:00,79.82,85.06,6.16566166666667,491.81,80.52,22.77,-14.07,14.67,72.18,4.33670533333333,492.7,94.66,27.08,-10.0,21.27,90.5,6.234146,490.81,64.27,18.19,-5.85,14.21,92.48,3.759402,491.92,68.04,-29.91,50.15
2026-01-11 15:46:59,XPQ-01 Main,2026-01-11 15:46:00,75.19,84.21,3.978995,491.72,69.02,19.5,-11.92,12.94,73.53,6.83670533333333,492.6,89.14,25.5,-11.28,18.96,85.95,4.06747933333333,490.89,67.42,19.08,-5.92,15.17,93.15,5.42606866666667,491.67,64.09,-29.13,47.07
2026-01-11 15:47:59,XPQ-01 Main,2026-01-11 15:47:00,100.39,80.58,3.6756616666666706,491.79,96.19,27.19,-17.59,17.48,70.49,4.23670533333333,492.65,113.65,32.51,-17.07,24.69,82.25,3.90081266666667,490.86,91.33,25.85,-10.45,20.38,88.98,3.62606866666667,491.86,85.56,-45.1,62.54
2026-01-11 15:48:59,XPQ-01 Main,2026-01-11 15:48:00,105.1,81.16,3.91232833333333,492.19,96.4,27.26,-17.25,17.95,72.11,4.17003866666667,492.94,118.92,34.05,-19.01,25.82,80.54,3.934146,491.41,99.98,28.33,-10.66,23.14,90.82,2.959402,492.21,89.65,-46.92,66.92
2026-01-11 15:49:59,XPQ-01 Main,2026-01-11 15:49:00,80.07,80.57,3.598995,492.05,70.82,20.03,-12.12,11.87,69.96,4.47003866666667,492.8,93.99,26.9,-12.9,17.73,80.86,3.66747933333333,491.23,75.41,21.36,-7.0,15.24,90.88,3.32606866666667,492.13,68.29,-32.02,44.84
2026-01-11 15:50:59,XPQ-01 Main,2026-01-11 15:50:00,97.96,82.17,3.798995,492.07,93.62,26.48,-16.78,16.87,70.9,4.003372,493.01,114.89,32.89,-14.86,24.24,85.26,3.8674793333333297,491.15,85.37,24.18,-8.84,18.64,90.36,3.12606866666667,492.04,83.55,-40.47,59.75
2026-01-11 15:51:59,XPQ-01 Main,2026-01-11 15:51:00,94.6,81.02,3.8123283333333298,492.53,90.13,25.52,-16.12,17.15,72.87,4.103372,493.57,105.3,30.18,-16.25,23.01,81.69,3.80081266666667,491.55,88.37,25.04,-10.49,19.93,88.49,3.42606866666667,492.45,80.74,-42.86,60.09
2026-01-11 15:52:59,XPQ-01 Main,2026-01-11 15:52:00,82.86,87.11,3.74566166666667,492.2,70.91,20.06,-9.04,13.91,83.85,4.23670533333333,493.06,93.73,26.84,-12.62,18.55,82.68,3.66747933333333,491.31,83.94,23.78,-6.4,19.03,94.79,3.39273533333333,492.23,70.68,-28.06,51.49
2026-01-11 15:53:59,XPQ-01 Main,2026-01-11 15:53:00,107.99,77.65,3.698995,492.51,100.03,28.31,-17.26,15.91,67.77,4.303372,493.68,123.41,35.38,-20.23,23.76,76.14,3.7008126666666703,491.64,100.53,28.48,-11.33,22.14,89.03,3.259402,492.2,92.18,-48.82,61.81
2026-01-11 15:54:59,XPQ-01 Main,2026-01-11 15:54:00,98.23,83.23,3.798995,491.88,93.17,26.35,-12.05,14.3,76.45,4.23670533333333,492.69,113.29,32.41,-14.64,20.05,80.77,3.834146,490.89,88.23,24.98,-7.87,19.14,92.48,3.159402,492.06,83.74,-34.56,53.49
2026-01-11 15:55:59,XPQ-01 Main,2026-01-11 15:55:00,102.94,83.27,3.7523283333333297,492.13,87.86,24.85,-12.35,15.47,78.15,4.303372,492.88,116.4,33.33,-17.57,22.03,78.19,3.734146,491.36,104.55,29.62,-8.73,22.94,93.46,3.259402,492.15,87.79,-38.64,60.44
2026-01-11 15:56:59,XPQ-01 Main,2026-01-11 15:56:00,106.52,82.39,3.88566166666667,492.4,87.6,24.79,-14.0,15.18,73.52,3.93670533333333,493.18,124.75,35.73,-15.13,21.72,82.06,3.80081266666667,491.49,107.2,30.39,-8.4,19.15,91.58,3.59273533333333,492.52,90.91,-37.52,56.05
2026-01-11 15:57:59,XPQ-01 Main,2026-01-11 15:57:00,100.28,82.74,3.9423283333333297,492.16,86.98,24.6,-12.07,15.7,79.28,4.37003866666667,493.19,108.56,31.1,-16.4,20.33,77.83,4.10081266666667,491.39,105.3,29.82,-9.69,21.43,91.12,3.49273533333333,491.89,85.52,-38.17,57.47
2026-01-11 15:58:59,XPQ-01 Main,2026-01-11 15:58:00,97.61,83.07,3.7556616666666702,492.21,86.47,24.46,-13.7,16.3,76.56,4.23670533333333,492.93,109.13,31.25,-17.1,22.93,80.16,3.80081266666667,491.45,97.23,27.55,-9.14,22.24,92.49,3.49273533333333,492.26,83.26,-39.94,61.47
2026-01-11 15:59:59,XPQ-01 Main,2026-01-11 15:59:00,115.65,87.37,3.62232833333333,492.2,103.22,29.2,-13.73,20.21,82.72,4.403372,492.93,127.8,36.59,-16.33,26.49,85.12,3.734146,491.41,115.93,32.85,-8.94,25.26,94.27,3.059402,492.26,98.64,-39.0,71.96
2026-01-11 16:00:59,XPQ-01 Main,2026-01-11 16:00:00,80.86,87.98,3.6556616666666706,492.13,74.7,21.13,-11.3,13.61,76.93,4.103372,492.93,91.58,26.22,-9.66,20.46,90.43,3.7674793333333296,491.26,76.3,21.61,-4.11,15.33,96.59,3.02606866666667,492.19,68.96,-25.07,49.4
2026-01-11 16:01:59,XPQ-01 Main,2026-01-11 16:01:00,86.23,85.24,3.76566166666667,491.86,72.59,20.51,-9.72,13.15,80.42,3.97003866666667,492.74,100.48,28.76,-13.01,18.17,81.31,3.8674793333333297,491.17,85.63,24.24,-6.61,18.2,94.0,3.22606866666667,491.66,73.52,-29.34,49.52
2026-01-11 16:02:59,XPQ-01 Main,2026-01-11 16:02:00,106.47,83.14,3.6556616666666706,492.56,90.42,25.6,-14.12,17.09,77.09,4.13670533333333,493.51,120.08,34.42,-18.48,24.16,79.42,3.66747933333333,491.73,108.9,30.87,-9.58,24.09,92.92,3.29273533333333,492.45,90.88,-42.19,65.34
2026-01-11 16:03:59,XPQ-01 Main,2026-01-11 16:03:00,102.51,84.14,3.508995,492.65,89.3,25.28,-12.69,17.07,80.26,4.13670533333333,493.56,115.07,32.99,-18.09,23.24,78.9,3.434146,491.88,103.16,29.25,-9.48,24.5,93.26,3.159402,492.51,87.52,-40.26,64.81
2026-01-11 16:04:59,XPQ-01 Main,2026-01-11 16:04:00,88.8,79.25,3.55566166666667,492.33,83.03,23.49,-14.52,13.96,69.31,3.93670533333333,493.06,100.17,28.69,-13.87,19.41,81.36,3.434146,491.53,83.2,23.58,-8.98,15.93,87.1,3.159402,492.39,75.76,-37.38,49.3
2026-01-11 16:05:59,XPQ-01 Main,2026-01-11 16:05:00,92.65,84.76,3.65232833333333,492.53,83.28,23.57,-12.26,16.61,80.45,4.07003866666667,493.23,102.4,29.34,-15.41,21.65,81.46,3.66747933333333,491.78,92.27,26.16,-8.94,21.55,92.37,3.159402,492.57,79.07,-36.61,59.81
2026-01-11 16:06:59,XPQ-01 Main,2026-01-11 16:06:00,105.84,80.08,3.64232833333333,492.67,93.75,26.54,-15.92,17.71,74.37,4.17003866666667,493.39,117.22,33.6,-20.14,23.86,76.42,3.7008126666666703,491.91,106.55,30.22,-12.08,24.18,89.46,3.12606866666667,492.71,90.36,-48.14,65.75
2026-01-11 16:07:59,XPQ-01 Main,2026-01-11 16:07:00,85.39,79.93,3.598995,492.74,84.05,23.79,-16.08,14.18,66.14,4.07003866666667,493.41,97.3,27.9,-13.26,21.39,84.99,3.40081266666667,492.13,74.8,21.22,-7.9,15.15,88.67,3.159402,492.68,72.91,-37.23,50.71
2026-01-11 16:08:59,XPQ-01 Main,2026-01-11 16:08:00,91.33,78.09,3.7323283333333297,492.42,90.26,25.54,-18.21,15.21,64.1,4.13670533333333,493.28,105.8,30.31,-15.56,23.18,83.03,3.7008126666666703,491.61,77.93,22.09,-9.42,16.75,87.15,3.259402,492.37,77.94,-43.2,55.14
2026-01-11 16:09:59,XPQ-01 Main,2026-01-11 16:09:00,100.61,85.06,3.54566166666667,492.22,85.3,24.12,-12.97,17.11,79.68,4.43670533333333,492.96,114.76,32.87,-18.23,24.8,80.57,3.60081266666667,491.54,101.76,28.83,-8.33,25.13,94.92,3.059402,492.14,85.82,-39.53,67.04
2026-01-11 16:10:59,XPQ-01 Main,2026-01-11 16:10:00,101.41,85.84,3.7323283333333297,492.28,88.69,25.09,-14.05,17.54,78.04,4.03670533333333,493.08,118.41,33.91,-16.75,26.01,84.08,3.734146,491.47,97.11,27.52,-7.47,23.75,95.39,2.99273533333333,492.29,86.52,-38.27,67.3
2026-01-11 16:11:59,XPQ-01 Main,2026-01-11 16:11:00,97.88,86.79,3.62232833333333,492.13,88.71,25.09,-14.43,16.68,75.64,4.23670533333333,493.0,118.95,34.06,-13.9,26.01,88.2,3.80081266666667,491.3,85.98,24.35,-5.55,20.56,96.55,3.22606866666667,492.09,83.5,-33.88,63.25
2026-01-11 16:12:59,XPQ-01 Main,2026-01-11 16:12:00,93.46,86.12,7.48566166666667,491.6,84.13,23.77,-14.02,15.89,74.98,4.13670533333333,492.41,112.55,32.19,-13.93,24.83,87.21,5.70081266666667,490.74,83.71,23.69,-5.69,19.98,96.18,2.92606866666667,491.64,79.65,-33.64,60.7
2026-01-11 16:13:59,XPQ-01 Main,2026-01-11 16:13:00,95.6,83.16,3.7556616666666702,491.59,87.59,24.75,-15.54,15.35,70.26,8.67003866666667,492.48,112.8,32.26,-15.5,24.74,84.74,3.8674793333333297,490.67,86.4,24.44,-6.83,19.72,94.49,8.09273533333333,491.61,81.46,-37.87,59.81
2026-01-11 16:14:59,XPQ-01 Main,2026-01-11 16:14:00,90.74,84.11,3.908995,491.77,83.53,23.61,-15.47,14.59,68.61,4.27003866666667,492.75,109.78,31.41,-12.51,23.96,88.64,4.10081266666667,490.78,78.92,22.33,-5.37,16.45,95.07,3.12606866666667,491.79,77.36,-33.35,55.0
2026-01-11 16:15:59,XPQ-01 Main,2026-01-11 16:15:00,96.95,89.71,3.58566166666667,491.17,93.6,26.43,-14.23,19.53,80.82,4.47003866666667,492.08,111.53,31.87,-11.84,27.34,91.76,3.60081266666667,490.18,85.71,24.23,-5.66,21.0,96.55,3.159402,491.24,82.52,-31.74,67.87
2026-01-11 16:16:59,XPQ-01 Main,2026-01-11 16:16:00,98.33,83.08,3.688995,491.29,92.1,26.0,-15.68,17.31,74.1,3.97003866666667,492.09,110.65,31.63,-14.84,23.63,84.69,3.7674793333333296,490.49,92.23,26.08,-9.19,19.5,90.46,3.19273533333333,491.27,83.71,-39.71,60.44
2026-01-11 16:17:59,XPQ-01 Main,2026-01-11 16:17:00,93.14,85.98,3.8556616666666703,491.27,86.85,24.52,-13.86,17.41,78.22,4.103372,491.99,104.51,29.87,-14.23,24.05,86.07,3.80081266666667,490.49,88.07,24.91,-7.76,20.74,93.65,3.19273533333333,491.34,79.29,-35.86,62.2
2026-01-11 16:18:59,XPQ-01 Main,2026-01-11 16:18:00,93.06,85.59,3.588995,491.62,79.12,22.37,-11.63,15.77,80.49,4.47003866666667,492.57,105.82,30.26,-14.91,21.6,82.29,3.66747933333333,490.68,94.24,26.65,-7.71,21.23,94.0,3.29273533333333,491.59,79.28,-34.25,58.6
2026-01-11 16:19:59,XPQ-01 Main,2026-01-11 16:19:00,72.53,83.86,3.7656616666666705,491.21,71.5,20.19,-13.55,12.15,66.77,4.07003866666667,492.1,86.95,24.84,-9.98,20.33,89.76,3.534146,490.17,59.14,16.72,-4.24,12.96,95.04,3.02606866666667,491.38,61.75,-27.77,45.43
2026-01-11 16:20:59,XPQ-01 Main,2026-01-11 16:20:00,106.22,83.43,3.7123283333333297,491.59,92.37,26.09,-14.89,18.79,78.38,4.37003866666667,492.44,118.48,33.89,-19.73,25.71,79.33,3.7674793333333296,490.79,107.8,30.5,-10.68,26.17,92.58,3.39273533333333,491.52,90.49,-45.3,70.67
2026-01-11 16:21:59,XPQ-01 Main,2026-01-11 16:21:00,84.95,83.4,3.9423283333333297,491.72,87.12,24.61,-16.16,15.44,69.07,4.17003866666667,492.27,98.07,28.05,-12.01,23.46,89.02,4.10081266666667,491.03,69.66,19.73,-6.61,15.64,92.11,3.19273533333333,491.84,72.39,-34.78,54.53
2026-01-11 16:22:59,XPQ-01 Main,2026-01-11 16:22:00,71.5,83.51,3.62232833333333,491.23,73.11,20.64,-13.64,10.85,62.24,4.43670533333333,491.95,81.16,23.19,-8.62,19.87,91.74,3.734146,490.45,60.23,17.03,-2.94,10.85,96.53,3.29273533333333,491.28,60.86,-25.19,41.56
2026-01-11 16:23:59,XPQ-01 Main,2026-01-11 16:23:00,85.49,87.05,3.598995,490.75,69.94,19.72,-10.12,13.8,80.66,4.003372,491.41,97.81,27.93,-13.86,21.09,83.57,3.50081266666667,490.14,88.72,25.07,-5.18,20.33,96.91,3.12606866666667,490.69,72.71,-29.15,55.22
2026-01-11 16:24:59,XPQ-01 Main,2026-01-11 16:24:00,69.52,87.79,3.62232833333333,490.78,61.75,17.42,-9.92,11.44,75.55,4.203372,491.58,83.11,23.72,-9.82,19.42,89.24,3.46747933333333,489.77,63.7,17.99,-2.56,15.08,98.59,3.09273533333333,490.98,59.14,-22.3,45.94
2026-01-11 16:25:59,XPQ-01 Main,2026-01-11 16:25:00,102.29,84.47,3.8456616666666705,491.03,92.02,25.97,-14.42,17.55,77.25,4.23670533333333,491.73,113.02,32.28,-16.75,24.74,82.81,3.8674793333333297,490.19,101.83,28.79,-8.78,22.87,93.35,3.159402,491.17,87.04,-39.95,65.15
2026-01-11 16:26:59,XPQ-01 Main,2026-01-11 16:26:00,99.38,87.55,3.688995,490.85,87.88,24.78,-11.63,17.92,83.89,4.503372,491.41,109.45,31.25,-15.58,23.83,83.71,3.634146,490.2,100.82,28.5,-7.85,24.0,95.04,3.159402,490.93,84.53,-35.05,65.76
2026-01-11 16:27:59,XPQ-01 Main,2026-01-11 16:27:00,115.78,85.44,3.84232833333333,490.51,107.76,30.37,-17.29,21.44,77.84,4.203372,491.12,128.37,36.63,-18.35,29.71,85.08,3.834146,489.86,111.22,31.42,-10.02,26.15,93.39,3.22606866666667,490.56,98.41,-45.65,77.3
2026-01-11 16:28:59,XPQ-01 Main,2026-01-11 16:28:00,101.02,84.83,3.62232833333333,490.9,91.9,25.93,-14.48,18.39,78.55,4.303372,491.6,112.38,32.09,-16.92,25.09,82.91,3.534146,490.04,98.78,27.92,-9.29,23.56,93.03,3.39273533333333,491.07,85.93,-40.69,67.04
2026-01-11 16:29:59,XPQ-01 Main,2026-01-11 16:29:00,98.29,81.75,3.53232833333333,490.94,98.43,27.78,-17.67,18.29,71.92,4.203372,491.64,111.0,31.69,-14.66,24.47,85.78,3.56747933333333,490.0,85.43,24.15,-10.26,18.6,87.55,3.12606866666667,491.19,83.62,-42.59,61.35
2026-01-11 16:30:59,XPQ-01 Main,2026-01-11 16:30:00,86.94,83.05,3.7323283333333297,491.14,80.95,22.85,-14.09,14.97,72.82,4.103372,491.52,100.12,28.58,-13.64,21.57,84.51,3.96747933333333,490.25,79.74,22.56,-7.64,17.68,91.81,2.92606866666667,491.65,73.99,-35.37,54.23
2026-01-11 16:31:59,XPQ-01 Main,2026-01-11 16:31:00,89.07,86.08,3.818995,490.81,84.74,23.9,-13.69,16.45,76.87,4.303372,491.45,99.45,28.39,-12.65,23.04,87.66,3.8674793333333297,489.95,83.02,23.46,-6.93,18.59,93.71,2.92606866666667,491.01,75.75,-33.26,58.08
2026-01-11 16:32:59,XPQ-01 Main,2026-01-11 16:32:00,87.17,90.51,3.63232833333333,490.71,83.05,23.43,-10.82,16.06,82.93,4.403372,491.4,96.0,27.39,-10.3,22.75,91.1,3.50081266666667,489.73,82.45,23.29,-4.25,18.64,97.5,3.19273533333333,490.99,74.12,-25.37,57.45
2026-01-11 16:33:59,XPQ-01 Main,2026-01-11 16:33:00,87.52,84.61,3.82232833333333,491.29,79.06,22.33,-12.71,15.06,76.43,4.17003866666667,491.91,100.52,28.72,-13.84,21.41,83.98,4.00081266666667,490.42,82.98,23.48,-7.25,18.98,93.42,3.22606866666667,491.55,74.52,-33.8,55.46
2026-01-11 16:34:59,XPQ-01 Main,2026-01-11 16:34:00,87.77,84.17,3.608995,490.88,81.47,22.98,-12.9,15.05,75.94,4.203372,491.51,100.91,28.81,-13.75,21.15,83.85,3.634146,490.07,80.92,22.87,-7.52,18.61,92.71,3.259402,491.07,74.67,-34.17,54.82
2026-01-11 16:35:59,XPQ-01 Main,2026-01-11 16:35:00,91.69,81.2,3.43232833333333,490.77,87.01,24.54,-13.85,14.6,72.53,4.03670533333333,491.38,96.22,27.46,-14.31,20.16,81.54,3.50081266666667,489.86,91.86,25.96,-8.75,17.59,89.54,3.159402,491.06,77.96,-36.91,52.34
2026-01-11 16:36:59,XPQ-01 Main,2026-01-11 16:36:00,87.51,85.66,3.698995,491.2,80.93,22.85,-12.41,15.59,78.23,3.903372,491.82,97.67,27.9,-13.14,21.44,85.26,3.60081266666667,490.38,83.94,23.74,-7.18,18.91,93.49,2.89273533333333,491.41,74.49,-32.73,55.94
2026-01-11 16:37:59,XPQ-01 Main,2026-01-11 16:37:00,95.55,83.75,3.818995,491.52,84.29,23.81,-13.99,16.21,75.7,4.303372,492.12,110.04,31.45,-15.11,22.67,83.2,3.96747933333333,490.67,92.31,26.13,-8.39,20.2,92.35,3.19273533333333,491.77,81.39,-37.5,59.08
2026-01-11 16:38:59,XPQ-01 Main,2026-01-11 16:38:00,86.44,84.81,3.778995,491.31,81.86,23.12,-12.96,15.28,76.27,4.303372,491.91,97.87,27.96,-12.43,20.91,85.96,3.734146,490.47,79.58,22.51,-7.32,17.41,92.18,3.19273533333333,491.54,73.59,-32.71,53.6
2026-01-11 16:39:59,XPQ-01 Main,2026-01-11 16:39:00,71.38,84.68,3.7556616666666702,491.5,63.7,18.0,-10.09,11.33,74.66,4.303372,492.2,81.35,23.25,-11.41,17.65,83.99,3.70081266666667,490.55,69.07,19.55,-4.85,15.41,95.39,3.29273533333333,491.76,60.8,-26.35,44.39
2026-01-11 16:40:59,XPQ-01 Main,2026-01-11 16:40:00,99.11,85.13,3.7456616666666704,491.64,87.93,24.85,-12.99,16.41,78.39,4.403372,492.27,110.54,31.6,-14.6,22.44,83.83,3.8674793333333297,490.75,98.85,27.98,-8.02,20.56,93.17,3.159402,491.89,84.43,-35.61,59.41
2026-01-11 16:41:59,XPQ-01 Main,2026-01-11 16:41:00,90.11,84.12,3.7556616666666702,491.36,84.43,23.84,-13.26,15.46,75.92,4.33670533333333,492.02,102.14,29.19,-13.66,21.39,84.28,3.70081266666667,490.51,83.77,23.7,-7.8,18.54,92.18,3.02606866666667,491.55,76.73,-34.72,55.39
2026-01-11 16:42:59,XPQ-01 Main,2026-01-11 16:42:00,102.52,85.99,3.6656616666666704,490.85,97.42,27.47,-12.1,16.25,80.21,4.27003866666667,491.47,109.56,31.29,-14.12,21.91,84.06,3.7674793333333296,490.2,100.57,28.43,-7.67,20.56,93.69,3.29273533333333,490.89,87.19,-33.89,58.72
2026-01-11 16:43:59,XPQ-01 Main,2026-01-11 16:43:00,83.97,80.93,3.778995,491.6,87.31,24.66,-15.93,15.88,70.61,4.203372,492.34,92.76,26.53,-12.4,21.14,86.27,3.7674793333333296,490.86,71.82,20.33,-9.08,15.25,85.93,3.02606866666667,491.61,71.52,-37.4,52.27
2026-01-11 16:44:59,XPQ-01 Main,2026-01-11 16:44:00,88.9,81.94,3.788995,491.52,79.79,22.54,-13.18,13.93,72.64,4.17003866666667,492.13,100.19,28.64,-14.4,20.26,81.51,3.7008126666666703,490.7,86.74,24.55,-7.81,17.94,91.68,3.39273533333333,491.73,75.73,-35.39,52.12
2026-01-11 16:45:59,XPQ-01 Main,2026-01-11 16:45:00,97.03,85.71,4.13232833333333,491.06,88.65,25.02,-14.49,14.66,71.13,4.303372,491.73,117.81,33.64,-10.62,22.97,90.77,4.234146,490.17,84.62,23.92,-4.9,15.26,95.22,3.359402,491.28,82.59,-30.0,52.88
2026-01-11 16:46:59,XPQ-01 Main,2026-01-11 16:46:00,87.26,82.12,4.308995,491.32,93.82,26.5,-17.5,17.31,70.33,4.73670533333333,492.0,97.71,27.91,-11.51,23.3,89.66,4.30081266666667,490.29,70.25,19.87,-8.75,15.0,86.38,3.42606866666667,491.68,74.29,-37.76,55.61
2026-01-11 16:47:59,XPQ-01 Main,2026-01-11 16:47:00,112.67,89.73,4.278995,491.64,105.6,29.84,-13.87,21.89,84.47,4.803372,492.24,123.25,35.23,-15.3,29.21,88.59,4.40081266666667,490.71,109.16,30.9,-7.57,26.46,96.14,3.8260686666666706,491.97,95.98,-36.74,77.56
2026-01-11 16:48:59,XPQ-01 Main,2026-01-11 16:48:00,96.81,85.97,4.43232833333333,491.45,95.41,26.95,-15.96,17.92,74.67,4.903372,492.24,110.96,31.72,-9.98,24.02,92.34,4.50081266666667,490.49,84.06,23.78,-7.14,15.58,90.9,3.52606866666667,491.62,82.45,-33.08,57.52
2026-01-11 16:49:59,XPQ-01 Main,2026-01-11 16:49:00,94.63,85.86,4.27566166666667,491.49,96.58,27.29,-17.21,16.71,72.42,4.803372,492.43,106.63,30.48,-12.7,23.76,89.81,4.06747933333333,490.44,80.68,22.82,-8.26,16.17,95.35,3.9927353333333295,491.61,80.6,-38.17,56.64
2026-01-11 16:50:59,XPQ-01 Main,2026-01-11 16:50:00,95.9,84.55,4.308995,491.66,93.79,26.51,-16.15,17.78,74.01,4.87003866666667,492.39,106.82,30.54,-11.83,23.87,89.6,4.36747933333333,490.69,87.08,24.65,-8.15,16.86,90.04,3.89273533333333,491.88,81.7,-36.13,58.51
2026-01-11 16:51:59,XPQ-01 Main,2026-01-11 16:51:00,104.03,86.53,4.24232833333333,491.71,94.06,26.58,-14.75,18.65,78.44,4.703372,492.59,118.67,33.95,-15.19,26.3,86.59,4.234146,490.86,99.36,28.12,-7.76,22.58,94.57,3.859402,491.69,88.65,-37.71,67.54
2026-01-11 16:52:59,XPQ-01 Main,2026-01-11 16:52:00,94.38,81.02,4.15232833333333,491.67,87.16,24.62,-15.96,12.79,62.53,4.83670533333333,492.06,114.35,32.69,-11.98,21.96,87.78,4.26747933333333,490.89,81.64,23.12,-5.55,13.76,92.74,3.659402,492.05,80.43,-33.49,48.51
2026-01-11 16:53:59,XPQ-01 Main,2026-01-11 16:53:00,111.43,87.48,4.108995,491.5,100.19,28.3,-12.63,20.57,85.22,4.73670533333333,492.14,115.71,33.08,-16.34,25.17,83.88,4.10081266666667,490.71,118.38,33.51,-9.93,25.82,93.34,3.459402,491.66,94.88,-38.89,71.56
2026-01-11 16:54:59,XPQ-01 Main,2026-01-11 16:54:00,90.23,86.59,4.888995,491.29,74.05,20.91,-10.14,13.74,80.47,4.77003866666667,491.77,101.46,28.98,-13.55,20.31,83.19,4.70081266666667,490.41,95.19,26.94,-5.66,19.7,96.11,3.459402,491.69,76.82,-29.35,53.75
2026-01-11 16:55:59,XPQ-01 Main,2026-01-11 16:55:00,99.46,83.94,5.16566166666667,491.69,90.53,25.58,-14.18,17.31,77.35,5.403372,492.57,113.72,32.53,-15.52,23.04,82.95,5.10081266666667,490.79,94.14,26.64,-9.3,21.11,91.51,4.559402,491.7,84.75,-39.0,61.46
2026-01-11 16:56:59,XPQ-01 Main,2026-01-11 16:56:00,90.14,81.53,5.14232833333333,491.5,88.71,25.05,-14.75,13.39,67.24,5.53670533333333,492.08,102.49,29.3,-12.29,20.78,86.08,5.00081266666667,490.76,79.23,22.43,-6.61,14.79,91.28,4.859402,491.66,76.78,-33.65,48.96
2026-01-11 16:57:59,XPQ-01 Main,2026-01-11 16:57:00,80.65,89.33,5.36566166666667,491.22,72.69,20.53,-10.49,15.21,82.32,5.603372,491.89,92.52,26.43,-10.99,21.43,88.99,5.00081266666667,490.26,76.74,21.7,-4.87,18.45,96.68,4.82606866666667,491.5,68.66,-26.35,55.09
2026-01-11 16:58:59,XPQ-01 Main,2026-01-11 16:58:00,99.04,84.28,5.27566166666667,491.37,91.01,25.7,-14.33,17.14,76.72,6.003372,492.04,112.37,32.12,-15.5,23.65,83.64,5.234146,490.55,93.72,26.52,-8.7,21.14,92.47,5.09273533333333,491.52,84.33,-38.53,61.93
2026-01-11 16:59:59,XPQ-01 Main,2026-01-11 16:59:00,94.2,86.87,4.988995,491.0,81.32,22.95,-10.93,14.27,79.39,5.803372,491.79,104.07,29.72,-12.94,21.05,85.18,4.734146,490.05,97.2,27.47,-5.55,19.13,96.04,4.79273533333333,491.17,80.15,-29.42,54.45
2026-01-11 17:00:59,XPQ-01 Main,2026-01-11 17:00:00,93.0,81.8,4.088995,490.69,85.04,23.98,-13.89,12.53,66.99,5.67003866666667,491.29,112.73,32.16,-11.5,19.8,86.47,4.06747933333333,489.79,81.24,22.96,-5.96,13.91,91.93,4.559402,490.99,79.1,-31.35,46.25
2026-01-11 17:01:59,XPQ-01 Main,2026-01-11 17:01:00,116.83,97.02,5.22232833333333,490.53,100.24,28.26,-8.31,24.37,94.65,4.503372,491.12,130.72,37.29,-9.01,32.88,96.45,4.96747933333333,489.7,119.52,33.76,-0.65,28.68,99.97,3.6927353333333297,490.75,99.31,-17.97,85.92
2026-01-11 17:02:59,XPQ-01 Main,2026-01-11 17:02:00,95.31,88.38,5.55566166666667,490.87,85.82,24.21,-11.77,15.38,79.42,5.903372,491.6,107.42,30.68,-10.38,21.58,90.12,5.434146,490.11,92.7,26.2,-5.22,17.01,95.59,4.79273533333333,490.91,81.08,-27.37,53.98
2026-01-11 17:03:59,XPQ-01 Main,2026-01-11 17:03:00,98.12,88.95,5.48566166666667,490.52,91.57,25.81,-12.66,18.17,82.04,5.93670533333333,490.93,114.14,32.55,-12.55,24.69,89.15,5.16747933333333,489.75,88.63,25.05,-6.4,21.04,95.67,5.29273533333333,490.88,83.41,-31.61,63.9
2026-01-11 17:04:59,XPQ-01 Main,2026-01-11 17:04:00,99.08,88.69,5.21232833333333,490.33,94.19,26.54,-13.36,17.09,78.8,6.03670533333333,490.86,112.67,32.12,-10.62,24.08,91.5,4.90081266666667,489.48,90.39,25.53,-5.41,17.98,95.76,5.259402,490.66,84.19,-29.38,59.15
2026-01-11 17:05:59,XPQ-01 Main,2026-01-11 17:05:00,106.37,82.44,4.94566166666667,490.49,95.88,27.03,-13.98,14.36,71.65,5.803372,491.34,120.84,34.48,-13.32,20.89,84.32,4.80081266666667,489.52,102.38,28.9,-7.51,16.86,91.35,4.92606866666667,490.63,90.41,-34.81,52.11
2026-01-11 17:06:59,XPQ-01 Main,2026-01-11 17:06:00,100.7,83.7,5.398995,490.88,93.91,26.5,-14.33,15.8,74.08,5.43670533333333,491.55,112.89,32.23,-14.68,22.95,84.24,5.40081266666667,489.97,95.29,26.93,-7.8,19.41,92.78,4.59273533333333,491.13,85.66,-36.81,58.16
2026-01-11 17:07:59,XPQ-01 Main,2026-01-11 17:07:00,108.22,83.34,4.97566166666667,490.99,94.53,26.65,-14.86,17.28,75.82,5.83670533333333,491.6,127.99,36.57,-16.66,24.02,82.18,4.90081266666667,490.5,102.15,28.88,-9.31,21.89,92.03,4.959402,490.87,92.11,-40.82,63.19
2026-01-11 17:08:59,XPQ-01 Main,2026-01-11 17:08:00,96.61,86.81,5.118995,490.5,81.21,22.88,-11.81,15.88,80.25,5.47003866666667,491.03,109.51,31.25,-14.74,23.13,84.34,5.00081266666667,489.95,99.11,28.0,-6.47,21.74,95.84,4.559402,490.52,82.13,-33.02,60.75
2026-01-11 17:09:59,XPQ-01 Main,2026-01-11 17:09:00,105.09,81.95,5.388995,490.87,94.59,26.67,-15.84,16.58,72.31,5.53670533333333,491.6,121.53,34.72,-17.16,24.32,81.71,5.20081266666667,490.26,99.15,28.02,-9.21,21.34,91.82,4.82606866666667,490.76,89.41,-42.2,62.24
2026-01-11 17:10:59,XPQ-01 Main,2026-01-11 17:10:00,97.6,83.92,5.43232833333333,490.64,89.09,25.12,-13.69,15.74,75.46,5.83670533333333,491.35,114.06,32.55,-13.98,21.87,84.26,5.30081266666667,489.81,89.66,25.33,-7.99,18.8,92.03,5.12606866666667,490.76,83.0,-35.66,56.41
2026-01-11 17:11:59,XPQ-01 Main,2026-01-11 17:11:00,91.64,88.83,4.14232833333333,490.46,84.24,23.74,-10.96,15.83,82.21,5.77003866666667,491.18,101.48,28.95,-12.35,22.5,87.67,4.16747933333333,489.65,89.2,25.19,-5.37,20.1,96.61,5.22606866666667,490.55,77.88,-28.68,58.43
2026-01-11 17:12:59,XPQ-01 Main,2026-01-11 17:12:00,101.37,87.06,4.198995,490.54,83.03,23.4,-11.27,16.55,82.67,4.503372,491.19,116.37,33.21,-14.95,22.63,83.43,3.90081266666667,489.88,104.72,29.58,-7.31,22.43,95.07,3.759402,490.55,86.19,-33.53,61.61
2026-01-11 17:13:59,XPQ-01 Main,2026-01-11 17:13:00,94.38,81.57,3.9556616666666704,490.5,90.82,25.6,-16.46,15.23,67.91,4.73670533333333,491.13,107.95,30.79,-15.02,23.91,84.67,3.834146,489.59,84.39,23.84,-7.64,18.09,92.12,3.959402,490.77,80.23,-39.12,57.22
2026-01-11 17:14:59,XPQ-01 Main,2026-01-11 17:14:00,90.23,83.87,4.26566166666667,490.42,87.86,24.76,-14.72,14.91,71.17,4.53670533333333,491.17,106.76,30.46,-12.17,22.27,87.75,4.06747933333333,489.59,76.07,21.48,-6.55,16.2,92.71,3.49273533333333,490.52,76.69,-33.44,53.38
2026-01-11 17:15:59,XPQ-01 Main,2026-01-11 17:15:00,96.17,84.4,4.05232833333333,490.08,95.32,26.84,-16.24,17.27,72.85,4.83670533333333,490.8,110.21,31.43,-14.01,25.26,87.45,4.034146,489.42,82.99,23.42,-7.6,19.05,92.89,3.89273533333333,490.03,81.68,-37.85,61.59
2026-01-11 17:16:59,XPQ-01 Main,2026-01-11 17:16:00,107.1,84.54,4.098995,490.28,95.91,27.02,-15.72,18.51,76.24,4.53670533333333,491.13,122.79,35.03,-17.23,26.5,83.84,3.96747933333333,489.55,102.6,28.95,-8.89,23.51,93.53,3.59273533333333,490.15,91.01,-41.84,68.53
2026-01-11 17:17:59,XPQ-01 Main,2026-01-11 17:17:00,94.54,82.94,4.098995,490.38,85.22,24.01,-13.88,14.21,71.52,4.603372,491.07,104.97,29.94,-13.37,21.31,84.71,4.16747933333333,489.61,93.42,26.38,-6.99,17.12,92.57,3.72606866666667,490.46,80.33,-34.25,52.64
2026-01-11 17:18:59,XPQ-01 Main,2026-01-11 17:18:00,86.08,84.24,4.02232833333333,489.9,82.21,23.14,-14.31,14.12,70.22,4.503372,490.61,100.24,28.57,-11.96,22.28,88.11,4.034146,489.17,75.78,21.38,-5.58,15.95,94.4,3.62606866666667,489.93,73.08,-31.84,52.34
2026-01-11 17:19:59,XPQ-01 Main,2026-01-11 17:19:00,105.68,85.16,4.55566166666667,490.01,86.79,24.43,-13.12,17.01,79.17,4.43670533333333,490.72,121.15,34.55,-18.59,25.51,80.81,4.734146,489.47,109.1,30.78,-7.93,25.57,95.51,3.59273533333333,489.84,89.76,-39.65,68.08
2026-01-11 17:20:59,XPQ-01 Main,2026-01-11 17:20:00,107.13,89.63,4.44566166666667,489.94,95.15,26.79,-13.51,20.34,83.3,5.03670533333333,490.7,122.38,34.88,-15.16,28.83,88.51,4.634146,489.15,103.85,29.29,-6.34,25.6,97.07,3.89273533333333,489.98,90.96,-35.0,74.78
2026-01-11 17:21:59,XPQ-01 Main,2026-01-11 17:21:00,104.6,85.75,4.398995,490.5,98.97,27.9,-16.96,18.64,73.98,4.803372,491.49,121.75,34.75,-14.89,28.12,88.37,4.36747933333333,489.62,93.07,26.27,-7.08,21.27,94.89,3.89273533333333,490.38,88.92,-38.93,68.04
2026-01-11 17:22:59,XPQ-01 Main,2026-01-11 17:22:00,109.83,83.98,4.35566166666667,490.15,88.68,24.97,-13.01,17.07,79.54,4.903372,490.9,126.17,35.99,-19.6,24.56,78.17,4.20081266666667,489.59,114.65,32.35,-9.26,26.09,94.24,3.92606866666667,489.97,93.31,-41.87,67.72
2026-01-11 17:23:59,XPQ-01 Main,2026-01-11 17:23:00,103.57,86.5,4.35566166666667,490.07,90.15,25.38,-13.37,18.16,80.52,4.97003866666667,490.92,117.08,33.4,-16.66,25.69,83.9,4.434146,489.48,103.48,29.19,-7.94,24.36,95.07,3.89273533333333,489.81,87.97,-37.98,68.21
2026-01-11 17:24:59,XPQ-01 Main,2026-01-11 17:24:00,93.02,87.33,4.218995,489.75,92.25,25.97,-15.8,16.7,72.63,4.703372,490.73,110.03,31.35,-10.11,25.85,93.13,4.334146,488.77,76.76,21.63,-4.54,16.07,96.23,3.92606866666667,489.75,78.96,-30.46,58.62
2026-01-11 17:25:59,XPQ-01 Main,2026-01-11 17:25:00,104.22,85.17,4.23232833333333,489.91,98.82,27.83,-16.39,16.21,70.3,4.83670533333333,490.88,119.67,34.11,-13.1,26.27,89.5,4.40081266666667,488.86,94.16,26.55,-5.48,18.08,95.7,3.49273533333333,490.0,88.48,-34.97,60.55
2026-01-11 17:26:59,XPQ-01 Main,2026-01-11 17:26:00,102.96,84.27,4.108995,489.78,96.48,27.14,-16.14,17.09,72.7,4.63670533333333,490.63,118.9,33.91,-14.87,25.68,86.54,4.20081266666667,489.29,93.5,26.36,-7.53,19.98,93.57,3.659402,489.41,87.4,-38.54,62.75
2026-01-11 17:27:59,XPQ-01 Main,2026-01-11 17:27:00,102.84,85.13,4.14232833333333,489.92,90.78,25.56,-13.16,17.16,79.35,4.57003866666667,490.78,113.25,32.28,-15.74,23.27,82.83,4.034146,489.06,104.49,29.47,-8.59,22.11,93.21,3.559402,489.92,87.31,-37.49,62.54
2026-01-11 17:28:59,XPQ-01 Main,2026-01-11 17:28:00,104.7,85.45,4.17566166666667,489.86,84.14,23.68,-12.07,17.17,81.8,4.63670533333333,490.81,117.62,33.54,-17.31,23.42,80.41,4.20081266666667,489.15,112.35,31.67,-8.76,24.43,94.13,3.759402,489.6,88.89,-38.14,65.01
2026-01-11 17:29:59,XPQ-01 Main,2026-01-11 17:29:00,82.43,83.31,4.24566166666667,489.54,80.74,22.72,-14.62,13.24,67.12,4.63670533333333,490.37,96.45,27.47,-10.89,21.44,89.17,4.36747933333333,488.63,70.11,19.75,-5.21,13.91,93.65,3.6927353333333297,489.62,69.94,-30.72,48.6
2026-01-11 17:30:59,XPQ-01 Main,2026-01-11 17:30:00,95.52,85.26,4.48566166666667,489.46,82.63,23.23,-11.14,15.69,81.54,4.53670533333333,490.14,103.84,29.58,-16.08,21.5,80.08,4.46747933333333,488.92,100.09,28.21,-8.05,22.49,94.16,3.8260686666666706,489.33,81.02,-35.26,59.69
2026-01-11 17:31:59,XPQ-01 Main,2026-01-11 17:31:00,96.52,84.96,4.24566166666667,489.63,79.84,22.45,-10.8,16.26,83.3,4.93670533333333,490.49,105.9,30.19,-17.06,21.32,78.08,4.46747933333333,489.12,103.82,29.26,-9.04,23.82,93.5,4.059402,489.27,81.9,-36.89,61.4
2026-01-11 17:32:59,XPQ-01 Main,2026-01-11 17:32:00,113.87,85.84,4.35566166666667,489.52,82.36,23.16,-11.38,17.16,83.34,4.703372,490.43,132.27,37.69,-16.08,22.08,80.83,4.46747933333333,488.92,126.98,35.77,-8.96,23.31,93.35,3.559402,489.22,96.63,-36.42,62.55
2026-01-11 17:33:59,XPQ-01 Main,2026-01-11 17:33:00,99.62,82.4,4.35566166666667,489.21,109.95,30.9,-13.96,13.0,68.15,4.73670533333333,489.9,109.42,31.15,-12.06,20.6,86.29,4.56747933333333,488.62,79.5,22.39,-6.02,14.96,92.77,3.859402,489.1,84.44,-32.05,48.56
2026-01-11 17:34:59,XPQ-01 Main,2026-01-11 17:34:00,83.33,85.55,4.17566166666667,489.69,87.99,24.76,-14.01,14.34,71.53,4.87003866666667,490.29,95.59,27.22,-9.06,21.19,91.94,4.16747933333333,488.87,66.41,18.73,-5.18,13.31,93.19,3.6260686666666704,489.91,70.71,-28.25,48.84
2026-01-11 17:35:59,XPQ-01 Main,2026-01-11 17:35:00,106.68,91.02,4.06566166666667,490.25,102.87,28.97,-12.13,20.87,86.45,4.703372,491.15,116.57,33.27,-11.64,25.79,91.15,4.06747933333333,489.59,100.58,28.38,-7.02,22.52,95.47,3.659402,490.01,90.62,-30.79,69.18
2026-01-11 17:36:59,XPQ-01 Main,2026-01-11 17:36:00,105.76,88.63,3.998995,490.53,90.74,25.57,-10.97,18.14,85.58,4.503372,491.08,117.92,33.65,-15.15,24.05,84.62,4.034146,489.97,108.63,30.69,-7.4,24.36,95.68,3.62606866666667,490.55,89.91,-33.51,66.55
2026-01-11 17:37:59,XPQ-01 Main,2026-01-11 17:37:00,99.06,85.6,3.88566166666667,490.42,89.29,25.16,-13.13,16.25,77.79,4.53670533333333,491.18,107.73,30.74,-13.96,22.77,85.26,3.834146,489.72,100.16,28.28,-7.4,19.96,93.76,3.42606866666667,490.37,84.18,-34.48,58.98
2026-01-11 17:38:59,XPQ-01 Main,2026-01-11 17:38:00,102.25,82.75,3.98566166666667,490.86,83.38,23.5,-12.45,15.01,76.98,4.47003866666667,491.57,117.9,33.69,-16.26,20.93,78.96,4.134146,490.42,105.46,29.8,-8.74,20.95,92.3,3.359402,490.58,86.99,-37.44,56.89
2026-01-11 17:39:59,XPQ-01 Main,2026-01-11 17:39:00,101.55,85.0,4.11232833333333,490.89,84.37,23.79,-11.1,14.82,80.04,4.303372,491.74,112.03,32.01,-15.42,20.98,80.57,4.134146,490.27,108.24,30.58,-7.45,21.3,94.4,3.52606866666667,490.67,86.39,-33.97,57.1
2026-01-11 17:40:59,XPQ-01 Main,2026-01-11 17:40:00,105.59,85.04,4.05566166666667,491.01,93.63,26.4,-12.02,16.89,81.46,4.67003866666667,491.69,114.61,32.75,-17.44,23.03,79.72,4.06747933333333,490.53,108.52,30.68,-8.86,24.3,93.95,3.52606866666667,490.81,89.84,-38.32,64.21
2026-01-11 17:41:59,XPQ-01 Main,2026-01-11 17:41:00,89.32,83.99,3.7856616666666705,491.04,89.57,25.27,-15.42,15.16,70.12,4.57003866666667,492.02,98.94,28.28,-10.46,22.23,90.49,3.90081266666667,490.37,79.45,22.45,-6.32,14.21,91.37,3.52606866666667,490.72,76.0,-32.2,51.61
2026-01-11 17:42:59,XPQ-01 Main,2026-01-11 17:42:00,109.76,80.16,4.11232833333333,491.94,102.63,29.0,-18.03,16.27,67.0,4.13670533333333,492.71,127.37,36.47,-15.96,24.66,83.96,4.134146,491.4,99.28,28.12,-9.15,18.39,89.53,3.32606866666667,491.7,93.58,-43.14,59.33
2026-01-11 17:43:59,XPQ-01 Main,2026-01-11 17:43:00,92.78,85.11,4.04232833333333,491.93,92.89,26.26,-13.95,14.01,70.85,4.63670533333333,492.67,106.04,30.35,-10.8,21.92,89.71,4.20081266666667,491.18,79.4,22.49,-5.06,15.03,94.77,3.559402,491.95,79.09,-29.82,50.96
2026-01-11 17:44:59,XPQ-01 Main,2026-01-11 17:44:00,86.98,83.83,4.08566166666667,491.94,87.99,24.87,-15.78,15.3,69.61,4.47003866666667,492.58,98.4,28.16,-11.55,23.13,89.47,4.234146,491.25,74.55,21.12,-6.34,15.32,92.4,3.459402,491.99,74.15,-33.66,53.76
2026-01-11 17:45:59,XPQ-01 Main,2026-01-11 17:45:00,88.02,86.19,4.16566166666667,491.97,77.48,21.9,-11.04,13.52,77.46,4.603372,492.72,101.38,29.02,-13.55,21.35,84.42,4.234146,491.25,85.21,24.13,-5.1,19.31,96.68,3.42606866666667,491.94,75.05,-29.69,54.17
2026-01-11 17:46:59,XPQ-01 Main,2026-01-11 17:46:00,104.22,84.16,4.14232833333333,492.65,94.49,26.75,-13.23,16.42,77.87,4.703372,493.5,116.72,33.45,-16.76,23.24,81.11,4.234146,491.8,101.46,28.77,-8.56,22.53,93.48,3.559402,492.66,88.98,-38.55,62.19
2026-01-11 17:47:59,XPQ-01 Main,2026-01-11 17:47:00,96.55,85.32,4.17566166666667,493.09,88.33,25.03,-13.84,16.62,76.83,4.83670533333333,493.96,111.73,32.05,-13.93,23.28,85.81,4.20081266666667,492.24,89.59,25.43,-7.6,19.75,93.33,3.359402,493.07,82.51,-35.38,59.65
2026-01-11 17:48:59,XPQ-01 Main,2026-01-11 17:48:00,100.23,85.92,4.11232833333333,493.04,92.82,26.28,-14.22,17.86,78.24,4.703372,493.65,108.35,31.09,-14.41,24.43,86.14,4.10081266666667,492.61,99.52,28.26,-8.04,20.98,93.38,3.62606866666667,492.87,85.63,-36.66,63.27
2026-01-11 17:49:59,XPQ-01 Main,2026-01-11 17:49:00,84.04,85.8,4.22232833333333,492.86,81.97,23.2,-13.76,14.0,71.33,4.603372,493.61,99.94,28.67,-10.14,21.94,90.77,4.334146,492.32,70.22,19.92,-4.66,14.65,95.3,3.6260686666666704,492.65,71.79,-28.55,50.59
2026-01-11 17:50:59,XPQ-01 Main,2026-01-11 17:50:00,103.12,85.63,4.26566166666667,490.13,89.27,25.12,-12.92,17.07,79.74,4.63670533333333,490.72,116.94,33.36,-17.35,24.85,81.99,4.46747933333333,489.75,103.14,29.11,-7.89,24.43,95.16,3.6927353333333297,489.94,87.6,-38.16,66.35
2026-01-11 17:51:59,XPQ-01 Main,2026-01-11 17:51:00,96.61,85.3,4.04566166666667,490.21,79.54,22.39,-11.43,15.94,81.26,4.803372,490.76,110.11,31.41,-17.86,23.25,79.31,4.134146,489.73,100.18,28.28,-7.81,24.7,95.34,3.52606866666667,490.14,82.08,-37.11,63.9
2026-01-11 17:52:59,XPQ-01 Main,2026-01-11 17:52:00,108.58,90.49,4.31232833333333,489.83,92.42,26.0,-12.4,19.16,83.95,4.53670533333333,490.33,127.42,36.31,-13.33,27.34,89.89,4.30081266666667,489.26,105.9,29.88,-5.26,23.67,97.62,3.459402,489.91,92.19,-30.98,70.16
2026-01-11 17:53:59,XPQ-01 Main,2026-01-11 17:53:00,113.33,85.78,4.05566166666667,490.48,102.46,28.86,-14.88,18.52,77.94,4.903372,491.14,128.96,36.81,-17.15,27.03,84.45,4.334146,489.96,108.58,30.67,-8.06,24.37,94.94,3.7260686666666705,490.35,96.34,-40.09,69.92
2026-01-11 17:54:59,XPQ-01 Main,2026-01-11 17:54:00,102.89,87.17,4.198995,490.21,103.62,29.18,-14.88,16.88,75.02,4.33670533333333,490.78,121.64,34.69,-11.47,25.13,90.97,4.30081266666667,489.62,83.4,23.54,-5.5,17.78,95.53,3.49273533333333,490.24,87.41,-31.85,59.79
2026-01-11 17:55:59,XPQ-01 Main,2026-01-11 17:55:00,95.92,86.65,3.798995,489.96,89.14,25.08,-14.11,14.9,72.62,4.603372,490.66,112.96,32.21,-10.35,23.25,91.36,3.9008126666666705,489.44,85.65,24.16,-4.56,15.6,95.98,3.6927353333333297,489.78,81.46,-29.02,53.75
2026-01-11 17:56:59,XPQ-01 Main,2026-01-11 17:56:00,107.32,86.18,4.508995,490.27,103.86,29.24,-17.02,18.25,73.12,4.303372,490.85,125.71,35.86,-12.49,27.22,90.89,4.70081266666667,489.71,92.4,26.09,-6.41,18.55,94.52,3.19273533333333,490.24,91.19,-35.92,64.01
2026-01-11 17:57:59,XPQ-01 Main,2026-01-11 17:57:00,117.31,88.44,4.05566166666667,490.23,100.82,28.38,-10.81,16.39,83.47,4.97003866666667,490.75,129.04,36.81,-14.31,23.36,85.27,4.16747933333333,489.82,122.06,34.46,-6.05,22.54,96.58,3.859402,490.12,99.66,-31.17,62.29
2026-01-11 17:58:59,XPQ-01 Main,2026-01-11 17:58:00,106.05,86.14,4.078995,490.31,103.65,29.19,-16.49,18.64,74.9,4.403372,491.1,122.02,34.83,-14.35,27.67,88.77,4.36747933333333,489.83,92.49,26.1,-7.08,20.96,94.74,3.59273533333333,490.02,90.12,-37.92,67.27
2026-01-11 17:59:59,XPQ-01 Main,2026-01-11 17:59:00,115.61,85.2,4.208995,489.96,111.74,31.43,-10.0,13.66,80.68,4.53670533333333,490.42,114.57,32.67,-14.11,19.17,80.54,4.234146,489.65,120.53,34.02,-6.87,19.67,94.4,3.32606866666667,489.81,98.12,-30.99,52.5
2026-01-11 18:00:59,XPQ-01 Main,2026-01-11 18:00:00,93.89,86.91,4.16566166666667,489.34,97.06,27.28,-12.09,14.31,76.38,4.703372,489.77,107.23,30.52,-10.19,20.58,89.63,4.234146,488.82,77.39,21.81,-5.28,15.58,94.72,3.6927353333333297,489.42,79.61,-27.55,50.47
2026-01-11 18:01:59,XPQ-01 Main,2026-01-11 18:01:00,84.54,86.33,4.05232833333333,489.36,77.84,21.87,-11.6,14.19,77.43,4.47003866666667,490.12,95.62,27.24,-11.94,20.67,86.59,4.26747933333333,488.89,80.16,22.58,-5.77,17.48,94.97,3.79273533333333,489.08,71.7,-29.3,52.34
2026-01-11 18:02:59,XPQ-01 Main,2026-01-11 18:02:00,106.82,85.1,4.198995,489.45,94.33,26.52,-13.16,19.48,82.87,4.403372,490.09,115.75,32.97,-17.61,23.99,80.61,4.334146,488.87,110.37,31.11,-10.88,25.24,91.83,3.49273533333333,489.37,90.59,-41.65,68.71
2026-01-11 18:03:59,XPQ-01 Main,2026-01-11 18:03:00,97.52,81.51,4.008995,489.15,88.27,24.79,-13.83,15.98,75.62,4.53670533333333,489.65,108.95,31.01,-16.84,21.48,78.7,4.06747933333333,488.74,95.35,26.86,-10.05,21.03,90.22,3.7260686666666705,489.06,82.67,-40.72,58.49
2026-01-11 18:04:59,XPQ-01 Main,2026-01-11 18:04:00,92.46,81.81,4.15566166666667,489.02,91.96,25.84,-17.33,15.95,67.74,4.503372,489.7,107.99,30.72,-14.49,24.68,86.23,4.334146,488.33,77.44,21.81,-7.8,17.62,91.45,3.459402,489.05,78.37,-39.61,58.25
2026-01-11 18:05:59,XPQ-01 Main,2026-01-11 18:05:00,89.9,83.38,4.06566166666667,489.07,89.78,25.24,-15.64,16.88,73.35,4.603372,489.82,99.85,28.41,-13.3,23.1,86.66,4.10081266666667,488.2,80.07,22.54,-8.51,17.73,90.15,3.52606866666667,489.19,76.19,-37.46,57.72
2026-01-11 18:06:59,XPQ-01 Main,2026-01-11 18:06:00,85.73,84.11,4.06566166666667,488.72,70.66,19.84,-10.63,14.46,80.56,4.603372,489.49,97.9,27.84,-15.99,19.98,78.06,4.20081266666667,487.99,88.64,24.94,-8.04,21.57,93.71,3.49273533333333,488.68,72.62,-34.66,56.0
2026-01-11 18:07:59,XPQ-01 Main,2026-01-11 18:07:00,84.55,86.62,3.96566166666667,488.26,71.58,20.07,-9.94,14.62,82.7,4.63670533333333,488.73,95.68,27.18,-14.85,20.82,81.42,3.96747933333333,487.8,86.4,24.3,-6.53,21.65,95.74,3.359402,488.25,71.55,-31.32,57.09
2026-01-11 18:08:59,XPQ-01 Main,2026-01-11 18:08:00,85.64,87.78,3.898995,487.93,72.57,20.34,-9.97,15.74,84.48,4.37003866666667,488.59,94.35,26.79,-13.93,21.15,83.51,3.80081266666667,487.33,89.99,25.28,-6.8,21.53,95.36,3.559402,487.87,72.41,-30.71,58.43
2026-01-11 18:09:59,XPQ-01 Main,2026-01-11 18:09:00,87.96,90.99,3.78566166666667,487.84,88.63,24.83,-12.85,19.42,83.4,4.37003866666667,488.45,98.66,28.01,-9.4,25.13,93.66,3.7008126666666703,487.35,76.57,21.51,-5.61,19.04,95.92,3.52606866666667,487.71,74.35,-27.86,63.6
2026-01-11 18:10:59,XPQ-01 Main,2026-01-11 18:10:00,86.96,84.04,3.918995,488.18,76.48,21.44,-12.26,13.91,75.03,4.37003866666667,488.91,101.84,28.94,-14.23,20.99,82.77,3.834146,487.63,82.56,23.2,-6.66,18.9,94.33,3.29273533333333,488.01,73.58,-33.14,53.81
2026-01-11 18:11:59,XPQ-01 Main,2026-01-11 18:11:00,90.27,85.13,4.098995,488.13,88.43,24.8,-15.31,16.49,73.28,4.503372,488.78,103.52,29.39,-11.63,23.51,89.63,4.10081266666667,487.36,78.86,22.17,-6.84,16.61,92.48,3.42606866666667,488.25,76.36,-33.78,56.61
2026-01-11 18:12:59,XPQ-01 Main,2026-01-11 18:12:00,93.8,83.01,4.07566166666667,488.64,88.11,24.73,-14.77,17.44,76.3,4.53670533333333,489.38,104.2,29.63,-15.67,22.9,82.53,4.134146,488.08,89.1,25.06,-9.9,20.68,90.2,3.659402,488.48,79.43,-40.34,61.02
2026-01-11 18:13:59,XPQ-01 Main,2026-01-11 18:13:00,88.18,82.96,3.93232833333333,488.48,86.24,24.21,-15.27,16.14,72.63,4.53670533333333,489.19,100.05,28.43,-13.54,22.57,85.75,3.834146,487.66,78.25,22.01,-8.28,17.64,90.51,3.559402,488.58,74.64,-37.1,56.34
2026-01-11 18:14:59,XPQ-01 Main,2026-01-11 18:14:00,93.57,82.98,4.03232833333333,488.09,90.06,25.25,-15.57,16.78,73.31,4.53670533333333,488.84,105.81,30.05,-14.81,23.54,84.64,4.06747933333333,487.41,84.84,23.84,-8.78,19.27,91.0,3.42606866666667,488.01,79.14,-39.16,59.59
2026-01-11 18:15:59,XPQ-01 Main,2026-01-11 18:15:00,84.71,82.37,4.198995,487.57,86.8,24.32,-16.03,15.23,68.89,4.57003866666667,488.16,97.42,27.63,-12.45,22.61,87.6,4.334146,486.86,69.9,19.63,-7.31,15.65,90.61,3.459402,487.7,71.57,-35.79,53.49
2026-01-11 18:16:59,XPQ-01 Main,2026-01-11 18:16:00,86.3,82.9,4.06566166666667,487.84,89.74,25.16,-17.26,15.75,67.41,4.703372,488.56,101.53,28.81,-12.19,24.43,89.48,3.934146,486.98,67.62,18.99,-6.7,15.52,91.82,3.559402,487.98,72.96,-36.14,55.7
2026-01-11 18:17:59,XPQ-01 Main,2026-01-11 18:17:00,76.5,83.29,4.078995,487.58,68.76,19.27,-12.11,12.33,71.36,4.77003866666667,488.49,90.13,25.57,-12.56,19.54,84.12,4.16747933333333,486.76,70.6,19.81,-5.65,16.15,94.38,3.49273533333333,487.49,64.65,-30.33,48.02
2026-01-11 18:18:59,XPQ-01 Main,2026-01-11 18:18:00,94.31,83.85,4.208995,487.81,80.46,22.54,-12.58,16.87,80.17,4.603372,488.39,105.14,29.84,-17.36,22.36,79.0,4.20081266666667,487.32,97.33,27.34,-9.69,23.4,92.39,3.459402,487.72,79.73,-39.63,62.63
2026-01-11 18:19:59,XPQ-01 Main,2026-01-11 18:19:00,89.72,86.21,4.118995,487.58,75.56,21.16,-10.66,16.1,83.39,4.67003866666667,488.16,100.17,28.42,-15.79,21.6,80.74,4.30081266666667,487.11,93.43,26.24,-7.94,22.93,94.5,3.759402,487.48,75.82,-34.38,60.64
2026-01-11 18:20:59,XPQ-01 Main,2026-01-11 18:20:00,82.72,83.76,4.25566166666667,487.56,69.05,19.34,-9.61,14.34,83.07,4.47003866666667,488.08,89.78,25.46,-15.16,17.9,76.31,4.334146,486.9,89.33,25.08,-8.84,20.62,91.9,3.59273533333333,487.7,69.89,-33.61,52.86
2026-01-11 18:21:59,XPQ-01 Main,2026-01-11 18:21:00,95.89,84.73,4.13232833333333,487.72,83.05,23.27,-11.74,17.23,82.64,4.67003866666667,488.19,105.63,29.97,-16.93,21.9,79.11,4.10081266666667,487.15,99.0,27.81,-9.78,23.72,92.45,3.759402,487.82,81.05,-38.45,62.86
2026-01-11 18:22:59,XPQ-01 Main,2026-01-11 18:22:00,98.9,85.12,4.35566166666667,487.51,89.77,25.15,-14.71,17.94,77.34,4.53670533333333,488.25,109.15,30.95,-15.11,24.59,85.2,4.30081266666667,486.7,97.78,27.44,-8.55,21.33,92.82,3.759402,487.57,83.55,-38.37,63.86
2026-01-11 18:23:59,XPQ-01 Main,2026-01-11 18:23:00,95.21,84.46,4.308995,487.7,93.24,26.13,-15.86,18.35,75.67,4.87003866666667,488.49,107.15,30.41,-14.4,24.73,86.41,4.56747933333333,487.02,85.24,23.93,-8.98,20.07,91.29,3.89273533333333,487.59,80.47,-39.24,63.15
2026-01-11 18:24:59,XPQ-01 Main,2026-01-11 18:24:00,86.4,88.99,4.21232833333333,487.51,87.2,24.43,-14.6,17.81,77.33,4.703372,488.32,101.0,28.65,-9.85,25.66,93.36,4.40081266666667,486.71,70.99,19.92,-4.87,17.34,96.28,3.659402,487.5,73.0,-29.32,60.8
2026-01-11 18:25:59,XPQ-01 Main,2026-01-11 18:25:00,95.26,89.55,4.498995,487.56,87.72,24.58,-14.12,18.37,79.28,4.47003866666667,488.21,112.08,31.79,-11.87,27.41,91.76,4.50081266666667,486.77,85.99,24.14,-4.6,20.64,97.6,3.759402,487.71,80.5,-30.6,66.42
2026-01-11 18:26:59,XPQ-01 Main,2026-01-11 18:26:00,97.02,85.61,4.17566166666667,487.61,83.05,23.26,-12.82,16.87,79.61,5.003372,488.24,111.72,31.7,-16.56,24.13,82.44,4.134146,487.06,96.3,27.04,-7.86,23.37,94.79,3.9927353333333295,487.53,82.0,-37.24,64.36
2026-01-11 18:27:59,XPQ-01 Main,2026-01-11 18:27:00,87.07,89.81,4.06566166666667,487.72,77.73,21.78,-11.56,15.83,80.77,4.63670533333333,488.36,103.55,29.38,-11.76,24.59,90.22,4.20081266666667,486.98,79.94,22.45,-3.6,20.09,98.43,3.759402,487.83,73.61,-26.91,60.51
2026-01-11 18:28:59,XPQ-01 Main,2026-01-11 18:28:00,94.95,90.36,4.098995,488.01,92.61,25.98,-14.52,19.11,79.63,4.73670533333333,488.89,112.27,31.87,-10.72,28.27,93.5,4.00081266666667,487.01,79.98,22.46,-4.13,20.08,97.94,3.259402,488.12,80.31,-29.38,67.46
2026-01-11 18:29:59,XPQ-01 Main,2026-01-11 18:29:00,86.07,84.35,4.03232833333333,488.3,73.7,20.68,-11.69,15.13,79.13,4.67003866666667,489.0,97.18,27.6,-15.39,20.91,80.53,4.16747933333333,487.5,87.32,24.55,-8.01,20.92,93.38,3.6260686666666704,488.39,72.83,-35.1,56.95
2026-01-11 18:30:59,XPQ-01 Main,2026-01-11 18:30:00,95.05,84.47,3.7756616666666702,487.77,83.64,23.45,-13.29,15.71,76.33,4.503372,488.5,109.91,31.19,-15.54,23.06,82.92,3.7008126666666703,486.95,91.59,25.72,-7.52,21.01,94.15,3.42606866666667,487.85,80.35,-36.35,59.78
2026-01-11 18:31:59,XPQ-01 Main,2026-01-11 18:31:00,104.07,85.91,3.9223283333333296,488.06,90.4,25.35,-12.48,16.35,79.5,4.17003866666667,488.77,124.92,35.46,-15.13,23.09,83.64,4.134146,487.25,96.88,27.22,-7.43,21.66,94.58,3.459402,488.17,88.04,-35.04,61.09
2026-01-11 18:32:59,XPQ-01 Main,2026-01-11 18:32:00,95.44,85.62,4.12232833333333,487.97,77.59,21.76,-11.58,16.05,81.11,4.303372,488.69,109.7,31.14,-15.34,21.81,81.8,3.96747933333333,487.18,99.03,27.82,-7.96,21.85,93.96,3.32606866666667,488.04,80.72,-34.88,59.72
2026-01-11 18:33:59,XPQ-01 Main,2026-01-11 18:33:00,97.39,80.61,4.26566166666667,488.34,88.7,24.9,-14.99,15.17,71.12,4.87003866666667,489.05,111.57,31.68,-17.14,22.46,79.5,4.00081266666667,487.39,91.91,25.84,-9.18,20.42,91.21,3.52606866666667,488.57,82.42,-41.31,58.05
2026-01-11 18:34:59,XPQ-01 Main,2026-01-11 18:34:00,89.93,85.11,4.41232833333333,488.24,80.32,22.53,-11.43,16.04,81.44,4.87003866666667,488.9,101.4,28.8,-14.74,20.64,81.38,4.36747933333333,487.54,88.08,24.76,-8.6,20.93,92.5,3.92606866666667,488.28,76.09,-34.76,57.61
2026-01-11 18:35:59,XPQ-01 Main,2026-01-11 18:35:00,99.5,81.54,4.76566166666667,488.8,85.27,23.95,-12.55,15.96,78.6,4.93670533333333,489.5,108.6,30.88,-18.03,20.71,75.42,4.70081266666667,488.01,104.61,29.44,-10.64,22.78,90.61,3.92606866666667,488.88,84.27,-41.22,59.45
2026-01-11 18:36:59,XPQ-01 Main,2026-01-11 18:36:00,101.78,86.95,4.48566166666667,488.64,98.89,27.78,-16.9,18.81,74.38,5.23670533333333,489.33,120.7,34.29,-13.29,28.55,90.66,4.36747933333333,487.62,85.75,24.13,-6.04,20.24,95.82,4.359402,488.97,86.2,-36.24,67.6
2026-01-11 18:37:59,XPQ-01 Main,2026-01-11 18:37:00,90.15,80.46,4.57566166666667,488.4,73.3,20.57,-11.88,13.77,75.7,5.13670533333333,489.12,103.37,29.37,-17.04,19.11,74.63,4.634146,487.66,93.8,26.37,-9.37,20.62,91.04,3.959402,488.43,76.31,-38.29,53.49
2026-01-11 18:38:59,XPQ-01 Main,2026-01-11 18:38:00,82.22,87.94,4.34232833333333,488.35,75.05,21.07,-12.01,14.97,77.99,5.13670533333333,489.32,96.32,27.37,-11.42,22.47,89.14,4.46747933333333,487.32,75.28,21.15,-4.74,17.96,96.69,3.959402,488.4,69.59,-28.17,55.4
2026-01-11 18:39:59,XPQ-01 Main,2026-01-11 18:39:00,86.82,82.75,4.44232833333333,488.6,75.24,21.12,-11.83,14.96,78.45,4.77003866666667,489.14,96.72,27.49,-16.4,20.25,77.72,4.46747933333333,487.94,88.49,24.9,-9.0,21.25,92.08,3.79273533333333,488.73,73.51,-37.23,56.46
2026-01-11 18:40:59,XPQ-01 Main,2026-01-11 18:40:00,94.96,88.19,4.75232833333333,488.58,80.95,22.73,-11.21,17.68,84.45,4.77003866666667,489.37,106.45,30.26,-15.18,23.93,84.44,4.734146,487.73,97.48,27.42,-7.24,23.86,95.7,4.09273533333333,488.64,80.4,-33.64,65.48
2026-01-11 18:41:59,XPQ-01 Main,2026-01-11 18:41:00,82.67,87.49,10.088995,488.37,77.11,21.64,-12.49,15.97,78.78,5.23670533333333,489.24,94.79,26.93,-11.62,22.39,88.76,9.334146,487.5,76.13,21.4,-6.02,18.2,94.94,4.29273533333333,488.39,69.97,-30.13,56.56
2026-01-11 18:42:59,XPQ-01 Main,2026-01-11 18:42:00,83.56,85.96,4.408995,488.56,82.96,23.3,-14.59,15.39,72.33,10.803372,489.42,97.91,27.82,-11.12,23.55,90.47,4.634146,487.52,69.82,19.63,-5.29,16.24,95.08,10.1260686666667,488.74,70.75,-30.99,55.17
2026-01-11 18:43:59,XPQ-01 Main,2026-01-11 18:43:00,75.98,85.35,4.188995,488.62,76.73,21.56,-13.82,13.55,70.0,4.83670533333333,489.41,90.14,25.61,-9.7,21.39,91.07,4.20081266666667,487.53,61.08,17.18,-4.52,13.73,94.99,3.759402,488.92,64.35,-28.05,48.67
2026-01-11 18:44:59,XPQ-01 Main,2026-01-11 18:44:00,86.28,87.08,4.398995,487.93,83.09,23.3,-14.28,16.06,74.74,4.703372,488.57,102.53,29.09,-11.17,24.16,90.77,4.434146,487.02,73.21,20.57,-5.19,17.21,95.74,3.659402,488.21,72.97,-30.64,57.43
2026-01-11 18:45:59,XPQ-01 Main,2026-01-11 18:45:00,86.99,82.84,3.96566166666667,488.33,88.54,24.85,-16.69,15.7,68.51,4.83670533333333,488.93,101.27,28.76,-12.98,24.09,88.04,3.96747933333333,487.43,71.15,20.01,-7.02,16.47,91.99,3.92606866666667,488.61,73.61,-36.69,56.26
2026-01-11 18:46:59,XPQ-01 Main,2026-01-11 18:46:00,84.65,86.51,3.97566166666667,488.33,72.48,20.34,-9.49,15.29,84.96,4.603372,489.03,92.68,26.33,-14.11,19.37,80.83,4.10081266666667,487.59,88.79,24.96,-7.8,21.0,93.74,3.32606866666667,488.37,71.63,-31.4,55.67
2026-01-11 18:47:59,XPQ-01 Main,2026-01-11 18:47:00,95.27,84.72,4.04232833333333,488.23,92.2,25.88,-16.44,16.81,71.48,4.33670533333333,489.08,111.46,31.65,-13.05,25.43,88.97,4.06747933333333,487.2,82.16,23.09,-6.69,17.94,93.69,3.49273533333333,488.42,80.62,-36.18,60.17
2026-01-11 18:48:59,XPQ-01 Main,2026-01-11 18:48:00,90.95,84.59,3.9556616666666704,487.85,88.09,24.7,-15.53,15.38,70.35,4.47003866666667,488.77,105.4,29.91,-12.12,23.94,89.22,4.134146,486.86,79.37,22.28,-5.88,16.5,94.21,3.59273533333333,487.91,76.9,-33.53,55.82
2026-01-11 18:49:59,XPQ-01 Main,2026-01-11 18:49:00,81.88,84.05,3.998995,488.1,77.1,21.62,-11.74,12.88,73.92,4.403372,489.0,95.99,27.27,-12.47,19.44,84.16,4.16747933333333,487.28,72.56,20.38,-5.99,16.59,94.06,3.32606866666667,488.01,69.27,-30.2,48.91
2026-01-11 18:50:59,XPQ-01 Main,2026-01-11 18:50:00,91.71,84.92,4.06566166666667,488.11,89.09,25.0,-15.88,16.44,71.92,4.47003866666667,488.81,106.51,30.23,-12.8,24.88,88.92,4.134146,487.17,79.53,22.35,-6.48,17.72,93.92,3.359402,488.35,77.58,-35.17,59.04
2026-01-11 18:51:59,XPQ-01 Main,2026-01-11 18:51:00,102.1,86.94,4.118995,488.07,101.94,28.58,-16.26,19.49,76.78,4.63670533333333,488.7,116.37,33.04,-12.99,27.13,90.19,4.16747933333333,487.39,88.0,24.73,-7.44,20.22,93.85,3.42606866666667,488.11,86.36,-36.69,66.84
2026-01-11 18:52:59,XPQ-01 Main,2026-01-11 18:52:00,103.89,86.75,4.05232833333333,487.84,89.38,25.05,-10.81,18.6,86.46,4.503372,488.46,113.86,32.31,-16.0,22.11,81.0,4.20081266666667,487.13,108.42,30.46,-9.85,24.51,92.78,3.6927353333333297,487.92,87.82,-36.67,65.22
2026-01-11 18:53:59,XPQ-01 Main,2026-01-11 18:53:00,102.05,88.04,4.198995,487.7,103.06,28.88,-14.99,19.35,79.06,4.503372,488.14,110.72,31.4,-11.08,25.45,91.69,4.30081266666667,487.01,92.38,25.95,-7.2,18.78,93.37,3.459402,487.95,86.23,-33.27,63.59
2026-01-11 18:54:59,XPQ-01 Main,2026-01-11 18:54:00,100.02,82.4,4.23232833333333,487.76,83.78,23.47,-11.67,15.84,80.5,4.63670533333333,488.33,109.91,31.2,-17.18,19.99,75.84,4.20081266666667,487.3,106.38,29.88,-10.3,22.39,90.85,3.659402,487.65,84.55,-39.15,58.23
2026-01-11 18:55:59,XPQ-01 Main,2026-01-11 18:55:00,95.84,86.61,3.808995,487.55,88.39,24.77,-14.55,15.23,72.3,4.603372,488.14,112.21,31.81,-9.99,23.44,91.99,3.80081266666667,486.7,86.93,24.41,-4.7,15.17,95.52,3.89273533333333,487.8,80.99,-29.24,53.84
2026-01-11 18:56:59,XPQ-01 Main,2026-01-11 18:56:00,107.62,90.99,4.04566166666667,487.77,100.28,28.13,-15.36,20.5,80.03,4.13670533333333,488.61,128.56,36.47,-9.21,29.09,95.34,4.134146,486.73,94.01,26.39,-4.28,19.15,97.59,3.49273533333333,487.98,90.98,-28.85,68.75
2026-01-11 18:57:59,XPQ-01 Main,2026-01-11 18:57:00,93.8,90.3,3.65566166666667,487.83,87.6,24.56,-13.05,16.98,79.29,4.57003866666667,488.55,109.58,31.1,-9.96,25.74,93.27,3.7674793333333296,487.04,84.2,23.65,-3.39,18.44,98.35,3.42606866666667,487.89,79.3,-26.39,61.16
2026-01-11 18:58:59,XPQ-01 Main,2026-01-11 18:58:00,91.19,85.05,3.7323283333333297,487.36,89.47,25.06,-15.78,15.0,68.89,3.93670533333333,488.19,103.52,29.35,-11.0,24.21,91.05,3.7674793333333296,486.46,80.58,22.6,-4.89,15.24,95.21,3.259402,487.42,77.01,-31.66,54.44
2026-01-11 18:59:59,XPQ-01 Main,2026-01-11 18:59:00,113.88,87.47,3.778995,488.11,107.75,30.22,-14.8,20.88,81.57,4.17003866666667,488.8,123.78,35.14,-15.13,27.07,87.3,3.7008126666666703,487.32,110.11,30.95,-9.04,23.91,93.53,3.259402,488.2,96.31,-38.98,71.86
2026-01-11 19:00:59,XPQ-01 Main,2026-01-11 19:00:00,84.12,88.48,3.898995,488.11,69.84,19.58,-10.42,14.09,80.39,4.23670533333333,489.02,98.06,27.86,-12.54,22.2,87.08,3.90081266666667,487.42,84.47,23.73,-4.01,19.65,97.98,3.39273533333333,487.89,71.17,-26.97,55.95
2026-01-11 19:01:59,XPQ-01 Main,2026-01-11 19:01:00,93.13,86.17,3.97566166666667,488.51,80.57,22.61,-11.3,17.11,83.43,4.43670533333333,489.34,102.81,29.23,-15.8,22.17,81.43,4.00081266666667,487.85,96.02,27.0,-8.69,23.17,93.64,3.359402,488.35,78.84,-35.79,62.45
2026-01-11 19:02:59,XPQ-01 Main,2026-01-11 19:02:00,95.61,82.94,3.7856616666666705,488.46,84.86,23.82,-14.01,15.41,73.99,4.503372,489.22,107.47,30.54,-15.92,22.74,81.92,3.7674793333333296,487.67,94.51,26.58,-8.14,20.44,92.91,3.42606866666667,488.48,80.93,-38.07,58.6
2026-01-11 19:03:59,XPQ-01 Main,2026-01-11 19:03:00,86.05,84.75,3.898995,488.69,84.56,23.75,-13.92,14.39,71.87,4.23670533333333,489.63,100.49,28.58,-12.65,22.66,87.32,4.00081266666667,487.81,73.08,20.55,-5.61,17.16,95.05,3.359402,488.63,72.88,-32.18,54.22
2026-01-11 19:04:59,XPQ-01 Main,2026-01-11 19:04:00,88.12,85.06,4.14232833333333,489.1,82.16,23.08,-11.59,15.38,79.86,4.33670533333333,489.86,95.47,27.17,-14.31,20.67,82.22,4.20081266666667,488.44,86.74,24.42,-7.88,20.14,93.12,3.359402,489.0,74.68,-33.78,56.18
2026-01-11 19:05:59,XPQ-01 Main,2026-01-11 19:05:00,85.64,86.12,4.05566166666667,489.26,81.09,22.8,-12.87,15.82,77.59,4.47003866666667,490.03,96.13,27.36,-12.98,22.4,86.52,4.134146,488.46,79.69,22.44,-6.72,18.94,94.25,3.759402,489.3,72.61,-32.57,57.16
2026-01-11 19:06:59,XPQ-01 Main,2026-01-11 19:06:00,90.36,83.67,3.8123283333333298,489.09,86.23,24.23,-15.16,15.99,72.57,4.503372,489.83,101.89,28.99,-13.08,22.88,86.81,3.96747933333333,488.31,82.97,23.36,-7.6,17.4,91.63,3.52606866666667,489.13,76.59,-35.84,56.27
2026-01-11 19:07:59,XPQ-01 Main,2026-01-11 19:07:00,93.13,84.71,3.898995,489.48,91.39,25.71,-16.0,17.35,73.51,4.203372,490.31,104.05,29.63,-12.84,24.52,88.59,3.96747933333333,488.56,83.95,23.65,-7.63,17.94,92.02,3.259402,489.56,78.99,-36.47,59.8
2026-01-11 19:08:59,XPQ-01 Main,2026-01-11 19:08:00,89.66,86.68,4.018995,489.22,76.06,21.38,-10.63,15.45,82.39,4.43670533333333,489.85,100.89,28.71,-13.66,20.61,83.35,4.00081266666667,488.55,92.02,25.92,-7.19,20.36,94.29,3.29273533333333,489.26,76.01,-31.48,56.41
2026-01-11 19:09:59,XPQ-01 Main,2026-01-11 19:09:00,94.62,83.57,3.83232833333333,489.51,93.15,26.2,-15.43,17.71,75.41,4.503372,490.06,104.69,29.8,-14.65,23.61,84.97,3.7674793333333296,488.76,86.02,24.25,-9.38,19.77,90.34,3.559402,489.7,80.25,-39.46,61.09
2026-01-11 19:10:59,XPQ-01 Main,2026-01-11 19:10:00,98.48,84.53,3.698995,489.67,87.77,24.69,-14.71,16.73,75.1,4.27003866666667,490.29,111.47,31.76,-14.1,23.6,85.85,3.634146,489.03,96.2,27.13,-7.88,19.37,92.63,3.459402,489.69,83.57,-36.69,59.71
2026-01-11 19:11:59,XPQ-01 Main,2026-01-11 19:11:00,95.73,84.26,4.58566166666667,490.18,88.44,24.91,-15.59,16.58,72.86,4.23670533333333,490.81,109.35,31.18,-13.34,24.02,87.42,4.534146,489.43,89.41,25.24,-7.44,18.12,92.51,3.22606866666667,490.29,81.32,-36.37,58.73
2026-01-11 19:12:59,XPQ-01 Main,2026-01-11 19:12:00,90.04,89.72,4.06566166666667,490.32,88.47,24.92,-13.92,17.87,78.9,5.17003866666667,491.12,105.12,29.99,-10.71,26.48,92.7,4.034146,489.6,76.52,21.6,-4.3,19.11,97.56,4.059402,490.24,76.51,-28.93,63.45
2026-01-11 19:13:59,XPQ-01 Main,2026-01-11 19:13:00,90.2,89.71,4.718995,490.44,87.35,24.61,-13.45,17.83,79.83,4.53670533333333,491.15,105.13,30.0,-11.06,25.98,92.0,4.86747933333333,489.69,78.12,22.06,-4.65,19.53,97.28,3.62606866666667,490.49,76.67,-29.17,63.34
2026-01-11 19:14:59,XPQ-01 Main,2026-01-11 19:14:00,102.5,85.73,4.72232833333333,490.4,92.1,25.95,-14.3,19.12,80.08,5.103372,491.23,114.13,32.57,-16.41,25.4,84.0,4.634146,489.67,101.25,28.58,-9.32,23.76,93.09,4.19273533333333,490.3,87.1,-40.02,68.28
2026-01-11 19:15:59,XPQ-01 Main,2026-01-11 19:15:00,93.38,81.21,4.55232833333333,490.74,82.89,23.36,-13.33,16.8,78.33,5.17003866666667,491.28,101.43,28.96,-17.75,20.91,76.24,4.50081266666667,490.23,95.82,27.08,-11.43,22.41,89.08,4.359402,490.7,79.41,-42.52,60.12
2026-01-11 19:16:59,XPQ-01 Main,2026-01-11 19:16:00,76.09,86.6,4.408995,490.42,74.08,20.88,-13.41,13.63,71.29,4.93670533333333,491.27,91.82,26.2,-10.1,22.52,91.25,4.434146,489.62,62.35,17.6,-3.58,14.99,97.26,4.22606866666667,490.36,64.68,-27.09,51.13
2026-01-11 19:17:59,XPQ-01 Main,2026-01-11 19:17:00,80.19,87.41,4.16566166666667,490.17,71.28,20.07,-10.45,13.46,78.98,4.903372,490.89,94.3,26.9,-11.37,20.01,86.94,4.034146,489.57,74.99,21.16,-4.83,17.26,96.3,3.89273533333333,490.04,68.13,-26.66,50.73
2026-01-11 19:18:59,XPQ-01 Main,2026-01-11 19:18:00,93.22,86.48,4.318995,490.22,83.2,23.42,-10.55,18.01,86.29,4.603372,490.79,97.87,27.92,-15.56,21.26,80.71,4.534146,489.74,98.6,27.84,-9.73,23.62,92.46,3.859402,490.14,79.18,-35.84,62.9
2026-01-11 19:19:59,XPQ-01 Main,2026-01-11 19:19:00,97.58,85.48,4.32232833333333,490.37,98.44,27.74,-17.88,18.52,71.95,4.57003866666667,491.29,113.87,32.49,-12.96,27.74,90.6,4.26747933333333,489.52,80.44,22.7,-6.81,18.59,93.89,3.859402,490.3,82.93,-37.65,64.85
2026-01-11 19:20:59,XPQ-01 Main,2026-01-11 19:20:00,98.58,85.31,3.96566166666667,490.46,94.91,26.74,-16.7,18.31,73.89,4.703372,491.11,113.08,32.27,-14.45,26.99,88.16,3.90081266666667,489.82,87.75,24.78,-7.48,20.4,93.89,3.9927353333333295,490.44,83.79,-38.62,65.7
2026-01-11 19:21:59,XPQ-01 Main,2026-01-11 19:21:00,87.94,85.83,4.14232833333333,490.03,78.36,22.05,-11.08,15.04,80.5,4.37003866666667,490.55,96.69,27.57,-13.69,20.46,83.1,4.10081266666667,489.61,88.78,25.06,-7.23,19.71,93.89,3.6260686666666704,489.94,74.68,-32.0,55.21
2026-01-11 19:22:59,XPQ-01 Main,2026-01-11 19:22:00,84.42,86.89,4.17566166666667,490.35,76.26,21.49,-10.77,14.79,80.84,4.53670533333333,490.95,94.74,27.02,-12.74,20.5,84.93,4.16747933333333,489.58,82.26,23.23,-6.34,19.06,94.89,3.79273533333333,490.51,71.74,-29.85,54.35
2026-01-11 19:23:59,XPQ-01 Main,2026-01-11 19:23:00,84.45,83.53,4.12232833333333,490.28,79.27,22.32,-13.21,13.89,72.47,4.63670533333333,491.0,95.09,27.14,-13.46,21.22,84.45,4.16747933333333,489.84,79.0,22.3,-6.54,17.48,93.66,3.72606866666667,490.0,71.76,-33.2,52.6
2026-01-11 19:24:59,XPQ-01 Main,2026-01-11 19:24:00,100.76,82.14,4.35566166666667,490.5,97.35,27.43,-18.31,17.3,68.67,4.703372,491.36,118.88,33.93,-15.01,26.11,86.69,4.46747933333333,489.78,86.05,24.29,-8.44,18.59,91.06,3.49273533333333,490.36,85.66,-41.76,62.0
2026-01-11 19:25:59,XPQ-01 Main,2026-01-11 19:25:00,103.1,87.24,4.15232833333333,490.29,92.56,26.07,-12.75,19.8,84.08,4.703372,490.99,112.11,31.97,-16.33,25.15,83.86,3.96747933333333,489.53,104.63,29.54,-9.35,25.24,93.77,3.89273533333333,490.36,87.59,-38.43,70.19
2026-01-11 19:26:59,XPQ-01 Main,2026-01-11 19:26:00,82.93,82.63,4.14232833333333,490.27,75.98,21.41,-11.96,12.47,72.17,4.603372,490.85,94.55,26.96,-13.15,19.07,82.34,4.26747933333333,489.45,78.25,22.09,-6.36,16.59,93.37,3.89273533333333,490.51,70.46,-31.46,48.13
2026-01-11 19:27:59,XPQ-01 Main,2026-01-11 19:27:00,105.11,87.38,4.13232833333333,490.49,97.2,27.39,-15.47,19.95,79.01,4.57003866666667,491.08,120.13,34.27,-15.58,28.49,87.74,4.20081266666667,489.77,98.01,27.69,-7.54,23.96,95.39,3.59273533333333,490.62,89.35,-38.58,72.4
2026-01-11 19:28:59,XPQ-01 Main,2026-01-11 19:28:00,106.08,87.65,4.83232833333333,490.07,95.27,26.82,-13.72,20.08,82.58,4.57003866666667,490.9,119.81,34.17,-16.86,27.4,85.16,4.80081266666667,489.4,103.16,29.1,-8.37,26.05,95.2,3.62606866666667,489.91,90.09,-38.95,73.53
2026-01-11 19:29:59,XPQ-01 Main,2026-01-11 19:29:00,105.44,92.8,4.818995,489.81,104.28,29.34,-15.6,22.93,82.68,5.33670533333333,490.5,126.92,36.17,-9.28,33.6,96.39,4.76747933333333,489.13,85.12,24.01,-2.57,22.35,99.34,4.359402,489.8,89.52,-27.46,78.88
2026-01-11 19:30:59,XPQ-01 Main,2026-01-11 19:30:00,106.97,86.39,4.45566166666667,490.0,96.64,27.2,-15.41,20.18,79.48,5.33670533333333,490.58,121.86,34.73,-17.38,28.25,85.17,4.634146,489.32,102.42,28.9,-8.83,25.56,94.51,4.359402,490.1,90.84,-41.62,73.99
2026-01-11 19:31:59,XPQ-01 Main,2026-01-11 19:31:00,92.45,89.36,4.16566166666667,489.98,94.42,26.57,-15.82,18.34,75.71,4.83670533333333,490.54,110.4,31.47,-9.55,27.97,94.63,4.234146,489.38,72.55,20.47,-3.78,17.42,97.72,3.89273533333333,490.03,78.52,-29.16,63.73
2026-01-11 19:32:59,XPQ-01 Main,2026-01-11 19:32:00,74.78,83.62,4.25566166666667,489.44,72.23,20.31,-13.88,11.54,63.93,4.77003866666667,490.22,88.56,25.23,-9.64,20.74,90.67,4.16747933333333,488.79,63.53,17.9,-3.45,12.26,96.25,3.49273533333333,489.32,63.44,-26.98,44.54
2026-01-11 19:33:59,XPQ-01 Main,2026-01-11 19:33:00,99.93,88.27,4.26566166666667,490.56,99.78,28.12,-18.03,19.74,73.82,4.87003866666667,491.34,120.81,34.49,-11.76,31.03,93.51,4.40081266666667,489.86,79.2,22.36,-4.5,19.62,97.46,3.7260686666666705,490.49,84.97,-34.3,70.39
2026-01-11 19:34:59,XPQ-01 Main,2026-01-11 19:34:00,103.63,87.05,4.23232833333333,490.72,97.65,27.54,-15.72,19.54,77.93,4.903372,491.59,120.46,34.4,-14.83,27.87,88.28,4.40081266666667,489.93,92.77,26.2,-7.48,22.61,94.94,3.49273533333333,490.65,88.14,-38.02,70.02
2026-01-11 19:35:59,XPQ-01 Main,2026-01-11 19:35:00,95.68,88.46,4.26566166666667,490.34,98.16,27.66,-16.27,17.95,74.1,4.603372,491.19,113.15,32.28,-10.01,27.71,94.05,4.26747933333333,489.53,75.74,21.37,-4.12,17.11,97.23,3.6927353333333297,490.31,81.32,-30.39,62.77
2026-01-11 19:36:59,XPQ-01 Main,2026-01-11 19:36:00,103.35,81.7,4.15566166666667,490.25,100.95,28.41,-11.7,14.55,77.94,4.57003866666667,490.76,107.14,30.57,-16.09,19.13,76.53,4.30081266666667,489.87,101.95,28.79,-9.5,20.37,90.64,3.959402,490.13,87.77,-37.28,54.05
2026-01-11 19:37:59,XPQ-01 Main,2026-01-11 19:37:00,101.94,97.78,4.01232833333333,489.67,94.65,26.63,-6.75,20.92,95.17,4.63670533333333,490.59,114.53,32.64,-5.16,29.47,98.5,3.934146,488.86,96.64,27.23,1.95,23.3,99.65,3.52606866666667,489.57,86.5,-9.96,73.7
2026-01-11 19:38:59,XPQ-01 Main,2026-01-11 19:38:00,83.28,85.35,4.208995,489.92,78.28,22.03,-8.38,14.1,85.97,4.67003866666667,490.84,84.97,24.23,-12.88,16.34,78.55,4.26747933333333,489.26,86.58,24.41,-8.28,18.81,91.53,3.42606866666667,489.65,70.68,-29.53,49.25
2026-01-11 19:39:59,XPQ-01 Main,2026-01-11 19:39:00,83.8,83.59,4.208995,490.05,77.54,21.82,-12.4,13.71,74.16,4.77003866666667,490.81,92.7,26.45,-13.14,20.04,83.63,4.134146,489.6,81.14,22.89,-6.83,17.26,92.98,3.59273533333333,489.72,71.16,-32.37,51.02
2026-01-11 19:40:59,XPQ-01 Main,2026-01-11 19:40:00,76.49,81.91,4.308995,489.85,67.67,19.04,-12.11,11.09,67.53,4.77003866666667,490.82,89.17,25.43,-12.54,18.98,83.43,4.30081266666667,489.16,72.64,20.47,-5.11,15.19,94.78,3.7260686666666705,489.58,64.95,-29.76,45.26
2026-01-11 19:41:59,XPQ-01 Main,2026-01-11 19:41:00,108.94,82.78,4.28566166666667,490.06,108.97,30.67,-14.69,18.25,77.9,4.83670533333333,490.76,114.35,32.62,-16.88,23.12,80.76,4.134146,489.58,103.48,29.2,-11.02,22.34,89.68,3.79273533333333,489.84,92.48,-42.59,63.71
2026-01-11 19:42:59,XPQ-01 Main,2026-01-11 19:42:00,110.47,86.15,3.808995,489.91,108.66,30.58,-17.85,19.98,74.57,4.703372,490.69,125.82,35.88,-14.96,29.57,89.24,3.56747933333333,489.29,96.94,27.34,-7.48,21.94,94.65,4.02606866666667,489.74,93.79,-40.28,71.49
2026-01-11 19:43:59,XPQ-01 Main,2026-01-11 19:43:00,106.75,84.49,3.93232833333333,490.02,92.96,26.16,-13.21,18.54,81.43,4.303372,490.86,117.33,33.47,-17.01,23.16,80.6,4.06747933333333,489.5,109.95,31.01,-10.55,23.83,91.43,3.559402,489.68,90.65,-40.78,65.52
2026-01-11 19:44:59,XPQ-01 Main,2026-01-11 19:44:00,84.79,85.53,3.908995,489.27,83.88,23.57,-15.28,14.66,69.23,4.403372,490.21,102.28,29.13,-11.35,24.52,90.75,3.934146,488.64,68.21,19.2,-4.27,15.93,96.59,3.32606866666667,488.94,71.91,-30.89,55.11
2026-01-11 19:45:59,XPQ-01 Main,2026-01-11 19:45:00,92.17,86.28,3.82232833333333,489.73,82.79,23.29,-11.06,16.41,82.92,4.403372,490.75,100.96,28.79,-14.6,21.22,82.38,3.834146,489.09,92.77,26.14,-8.15,21.54,93.52,3.39273533333333,489.36,78.22,-33.82,59.17
2026-01-11 19:46:59,XPQ-01 Main,2026-01-11 19:46:00,89.18,81.75,3.96566166666667,489.72,80.8,22.73,-10.28,14.06,80.72,4.33670533333333,490.59,92.94,26.5,-16.3,17.78,73.72,4.034146,489.16,93.79,26.43,-9.59,20.82,90.82,3.29273533333333,489.41,75.66,-36.17,52.66
2026-01-11 19:47:59,XPQ-01 Main,2026-01-11 19:47:00,99.73,86.18,4.01232833333333,489.51,97.5,27.43,-16.32,16.29,70.64,4.403372,490.44,113.65,32.37,-11.39,26.18,91.69,3.934146,488.59,88.03,24.8,-4.73,16.67,96.21,3.459402,489.5,84.6,-32.44,59.14
2026-01-11 19:48:59,XPQ-01 Main,2026-01-11 19:48:00,90.22,85.84,3.7223283333333295,489.34,79.58,22.36,-8.45,15.35,87.61,4.53670533333333,490.07,91.45,26.05,-14.73,17.95,77.3,3.80081266666667,488.94,99.63,28.07,-8.87,21.75,92.6,3.559402,489.0,76.48,-32.04,55.05
2026-01-11 19:49:59,XPQ-01 Main,2026-01-11 19:49:00,88.42,82.79,3.608995,489.48,77.42,21.77,-10.5,14.81,81.58,4.203372,490.4,95.27,27.15,-15.44,18.18,76.22,3.60081266666667,488.91,92.58,26.08,-9.59,20.49,90.57,3.159402,489.12,75.0,-35.53,53.48
2026-01-11 19:50:59,XPQ-01 Main,2026-01-11 19:50:00,101.85,83.2,3.85232833333333,489.22,105.7,29.71,-16.95,15.82,68.23,4.17003866666667,490.21,110.51,31.47,-13.0,24.79,88.56,3.834146,488.54,89.33,25.15,-6.68,16.65,92.81,3.059402,488.9,86.33,-36.63,57.25
2026-01-11 19:51:59,XPQ-01 Main,2026-01-11 19:51:00,101.55,84.8,3.9556616666666704,488.84,99.83,28.04,-16.55,16.04,69.61,4.43670533333333,489.55,117.57,33.44,-12.13,25.39,90.23,4.10081266666667,488.12,87.26,24.56,-5.72,16.63,94.56,3.29273533333333,488.85,86.03,-34.41,58.06
2026-01-11 19:52:59,XPQ-01 Main,2026-01-11 19:52:00,103.48,87.9,3.698995,488.96,95.09,26.7,-11.63,18.87,85.13,4.33670533333333,489.72,109.92,31.28,-14.47,23.29,84.94,3.734146,488.45,105.43,29.68,-8.7,23.2,93.64,3.42606866666667,488.7,87.66,-34.8,65.36
2026-01-11 19:53:59,XPQ-01 Main,2026-01-11 19:53:00,106.55,84.69,3.6423283333333294,488.9,107.27,30.13,-15.52,17.35,74.53,4.17003866666667,489.74,113.1,32.18,-14.53,25.02,86.48,3.56747933333333,488.26,99.29,27.94,-7.86,20.01,93.08,3.19273533333333,488.71,90.25,-37.91,62.38
2026-01-11 19:54:59,XPQ-01 Main,2026-01-11 19:54:00,108.42,84.35,3.7756616666666702,488.86,110.31,30.98,-17.67,16.71,68.72,4.203372,489.79,122.87,34.97,-13.52,27.1,89.48,3.634146,488.17,92.07,25.9,-6.02,18.01,94.84,3.159402,488.62,91.85,-37.21,61.82
2026-01-11 19:55:59,XPQ-01 Main,2026-01-11 19:55:00,114.35,84.96,3.68566166666667,489.02,105.57,29.66,-12.8,17.98,81.47,4.303372,490.03,124.96,35.57,-16.55,22.98,81.15,3.734146,488.32,112.52,31.66,-9.8,23.44,92.26,3.39273533333333,488.7,96.9,-39.15,64.41
2026-01-11 19:56:59,XPQ-01 Main,2026-01-11 19:56:00,95.84,80.41,3.6756616666666706,489.1,91.66,25.75,-10.45,11.63,74.37,4.23670533333333,489.8,98.77,28.11,-15.11,17.03,74.8,3.634146,488.47,97.07,27.33,-7.67,18.08,92.06,3.09273533333333,489.03,81.2,-33.23,46.74
2026-01-11 19:57:59,XPQ-01 Main,2026-01-11 19:57:00,89.14,83.11,3.74232833333333,488.95,83.87,23.55,-8.67,11.5,79.86,4.103372,489.64,99.26,28.25,-13.38,15.86,76.43,3.80081266666667,488.4,84.3,23.73,-6.88,17.46,93.05,3.29273533333333,488.8,75.53,-28.93,44.83
2026-01-11 19:58:59,XPQ-01 Main,2026-01-11 19:58:00,92.51,82.65,3.56566166666667,488.69,87.19,24.48,-13.05,12.86,70.21,4.27003866666667,489.55,102.56,29.17,-12.37,19.87,84.9,3.56747933333333,487.99,87.78,24.69,-6.21,15.53,92.85,3.159402,488.52,78.34,-31.62,48.26
2026-01-11 19:59:59,XPQ-01 Main,2026-01-11 19:59:00,115.01,89.13,3.8556616666666703,488.91,118.82,33.39,-17.6,21.29,77.08,4.07003866666667,489.76,131.99,37.55,-11.61,31.1,93.69,3.934146,488.05,94.21,26.51,-5.49,20.64,96.64,3.059402,488.91,97.44,-34.7,73.03
2026-01-11 20:00:59,XPQ-01 Main,2026-01-11 20:00:00,93.74,85.78,3.8556616666666703,488.62,89.39,25.1,-13.57,13.68,70.99,4.403372,489.58,108.62,30.89,-10.8,22.33,90.02,3.834146,487.79,83.2,23.39,-4.26,15.33,96.34,3.22606866666667,488.5,79.38,-28.64,51.33
2026-01-11 20:01:59,XPQ-01 Main,2026-01-11 20:01:00,122.57,90.55,3.7423283333333295,488.95,114.85,32.25,-13.09,22.24,86.18,4.37003866666667,489.86,137.16,39.05,-15.12,29.37,88.92,3.80081266666667,488.39,115.69,32.55,-7.29,27.11,96.57,3.359402,488.6,103.85,-35.5,78.72
2026-01-11 20:02:59,XPQ-01 Main,2026-01-11 20:02:00,94.92,89.36,3.84232833333333,488.46,91.29,25.62,-14.41,18.15,78.31,4.203372,489.15,111.39,31.65,-11.14,27.03,92.46,3.7674793333333296,487.69,82.08,23.08,-4.6,19.41,97.31,3.22606866666667,488.53,80.35,-30.15,64.59
2026-01-11 20:03:59,XPQ-01 Main,2026-01-11 20:03:00,91.4,85.66,3.74232833333333,488.77,87.55,24.59,-11.75,13.33,75.03,4.43670533333333,489.52,106.89,30.4,-11.84,20.4,86.49,3.80081266666667,488.03,79.78,22.45,-5.22,16.68,95.44,3.32606866666667,488.76,77.43,-28.8,50.41
2026-01-11 20:04:59,XPQ-01 Main,2026-01-11 20:04:00,111.92,87.7,4.01232833333333,488.94,103.38,29.05,-17.66,18.75,72.8,4.27003866666667,489.73,133.91,38.09,-11.07,29.25,93.52,4.034146,488.11,98.48,27.72,-4.68,17.96,96.77,3.159402,489.0,94.86,-33.41,65.95
2026-01-11 20:05:59,XPQ-01 Main,2026-01-11 20:05:00,119.66,87.86,3.91232833333333,488.88,110.89,31.15,-15.93,21.12,79.84,4.603372,489.62,136.73,38.89,-16.22,30.08,88.02,3.96747933333333,488.14,111.34,31.34,-7.7,25.44,95.71,3.39273533333333,488.87,101.38,-39.85,76.65
2026-01-11 20:06:59,XPQ-01 Main,2026-01-11 20:06:00,102.48,86.12,3.808995,488.63,107.28,30.14,-19.38,18.55,69.15,4.47003866666667,489.62,125.38,35.64,-12.04,30.27,92.92,3.934146,487.55,74.78,21.03,-4.98,17.71,96.27,3.29273533333333,488.73,86.8,-36.39,66.53
2026-01-11 20:07:59,XPQ-01 Main,2026-01-11 20:07:00,89.99,87.53,3.9423283333333297,488.88,86.06,24.16,-13.79,15.78,75.3,4.203372,489.69,106.33,30.27,-11.7,24.65,90.34,4.134146,488.38,77.58,21.83,-4.57,18.08,96.95,3.29273533333333,488.57,76.26,-30.06,58.51
2026-01-11 20:08:59,XPQ-01 Main,2026-01-11 20:08:00,76.58,82.91,3.9556616666666704,488.76,76.63,21.53,-14.8,11.78,62.25,4.47003866666667,489.77,93.2,26.51,-11.15,22.31,89.45,4.00081266666667,487.88,59.9,16.84,-3.41,13.66,97.02,3.22606866666667,488.64,64.88,-29.37,47.75
2026-01-11 20:09:59,XPQ-01 Main,2026-01-11 20:09:00,78.37,82.34,3.8556616666666703,488.71,69.68,19.56,-12.7,11.37,66.7,4.47003866666667,489.69,93.93,26.73,-12.61,20.08,84.68,3.96747933333333,488.18,71.51,20.11,-4.71,15.41,95.63,3.39273533333333,488.24,66.4,-30.02,46.87
2026-01-11 20:10:59,XPQ-01 Main,2026-01-11 20:10:00,108.26,85.12,4.078995,489.3,102.29,28.74,-16.24,20.04,77.69,4.303372,489.95,121.08,34.48,-16.55,27.04,85.3,3.934146,488.84,101.42,28.58,-9.74,23.48,92.36,3.29273533333333,489.12,91.8,-42.54,70.57
2026-01-11 20:11:59,XPQ-01 Main,2026-01-11 20:11:00,99.46,86.61,3.7223283333333295,489.33,105.26,29.6,-16.62,17.79,73.09,4.53670533333333,490.19,114.0,32.46,-12.06,27.1,91.37,3.70081266666667,488.48,79.12,22.28,-5.72,18.19,95.39,3.759402,489.32,84.34,-34.4,63.08
2026-01-11 20:12:59,XPQ-01 Main,2026-01-11 20:12:00,84.51,86.06,3.9423283333333297,489.17,90.28,25.38,-13.2,13.85,72.41,4.203372,490.04,95.8,27.27,-10.26,21.54,90.28,3.96747933333333,488.39,67.46,18.99,-4.64,14.91,95.49,3.259402,489.08,71.64,-28.09,50.3
2026-01-11 20:13:59,XPQ-01 Main,2026-01-11 20:13:00,94.05,85.3,3.9556616666666704,488.87,97.68,27.43,-17.18,16.56,69.4,4.63670533333333,489.82,110.49,31.44,-11.74,26.45,91.4,3.96747933333333,488.17,73.99,20.81,-5.37,16.51,95.11,3.22606866666667,488.61,79.69,-34.29,59.53
2026-01-11 20:14:59,XPQ-01 Main,2026-01-11 20:14:00,110.53,85.12,4.12232833333333,489.52,101.72,28.61,-14.92,19.03,78.69,4.403372,490.2,125.37,35.71,-15.97,25.19,84.47,4.00081266666667,488.84,104.5,29.46,-9.54,22.69,92.19,3.49273533333333,489.52,93.77,-40.43,66.92
2026-01-11 20:15:59,XPQ-01 Main,2026-01-11 20:15:00,103.41,88.54,3.998995,489.51,101.46,28.54,-16.04,19.78,77.68,4.67003866666667,490.39,119.28,33.98,-11.85,28.25,92.22,4.134146,488.76,89.5,25.22,-6.06,20.04,95.72,3.6927353333333297,489.39,87.73,-33.94,68.08
2026-01-11 20:16:59,XPQ-01 Main,2026-01-11 20:16:00,88.32,82.17,3.9423283333333297,488.99,87.62,24.61,-11.99,12.63,72.53,4.47003866666667,489.81,94.59,26.92,-13.01,18.59,81.93,3.934146,488.35,82.76,23.29,-6.92,16.28,92.03,3.39273533333333,488.81,74.83,-31.92,47.5
2026-01-11 20:17:59,XPQ-01 Main,2026-01-11 20:17:00,107.94,86.58,4.198995,488.6,89.03,24.98,-9.39,13.34,81.76,4.303372,489.24,114.99,32.7,-12.59,18.63,82.86,4.46747933333333,488.09,119.79,33.7,-5.97,18.44,95.14,3.59273533333333,488.47,91.38,-27.95,50.41
2026-01-11 20:18:59,XPQ-01 Main,2026-01-11 20:18:00,113.51,82.2,4.02232833333333,489.03,103.52,29.1,-14.07,12.67,66.92,4.403372,489.99,118.92,33.84,-12.38,20.87,86.02,4.334146,488.14,118.08,33.23,-5.65,15.11,93.66,3.7260686666666705,488.97,96.17,-32.09,48.65
2026-01-11 20:19:59,XPQ-01 Main,2026-01-11 20:19:00,117.36,87.49,4.14232833333333,488.95,100.38,28.19,-13.6,20.61,83.45,4.43670533333333,489.83,129.56,36.88,-15.8,26.04,85.5,4.26747933333333,488.41,122.14,34.37,-9.42,24.86,93.51,3.29273533333333,488.62,99.44,-38.82,71.5
2026-01-11 20:20:59,XPQ-01 Main,2026-01-11 20:20:00,104.45,82.91,4.16566166666667,488.64,107.9,30.3,-16.59,14.72,66.37,4.63670533333333,489.42,122.16,34.73,-12.13,23.86,89.14,4.16747933333333,487.87,83.3,23.43,-5.91,15.22,93.23,3.52606866666667,488.63,88.46,-34.63,53.81
2026-01-11 20:21:59,XPQ-01 Main,2026-01-11 20:21:00,119.27,84.73,3.8123283333333298,488.86,115.3,32.39,-16.6,17.29,72.13,4.503372,489.8,137.03,38.99,-12.98,25.49,89.12,3.8674793333333297,488.08,105.48,29.67,-7.15,18.0,92.94,3.8260686666666706,488.7,101.05,-36.72,60.77
2026-01-11 20:22:59,XPQ-01 Main,2026-01-11 20:22:00,105.99,83.43,4.23232833333333,489.04,107.41,30.19,-17.94,16.14,66.88,4.403372,490.02,120.11,34.19,-12.47,25.91,90.11,4.26747933333333,488.22,90.45,25.45,-6.2,16.06,93.29,3.159402,488.89,89.83,-36.61,58.11
2026-01-11 20:23:59,XPQ-01 Main,2026-01-11 20:23:00,107.83,96.0,4.098995,488.75,91.32,25.63,-5.45,18.2,95.8,4.83670533333333,489.54,118.17,33.62,-9.17,22.96,92.87,4.20081266666667,488.22,114.0,32.07,-2.71,23.36,99.33,3.59273533333333,488.49,91.33,-17.33,64.51
2026-01-11 20:24:59,XPQ-01 Main,2026-01-11 20:24:00,113.9,85.64,4.108995,488.96,104.0,29.22,-10.72,15.46,82.18,4.57003866666667,489.85,119.17,33.91,-14.11,19.96,81.66,4.234146,488.23,118.52,33.35,-8.01,20.38,93.07,3.52606866666667,488.81,96.48,-32.84,55.8
2026-01-11 20:25:59,XPQ-01 Main,2026-01-11 20:25:00,109.89,86.17,4.098995,488.84,108.74,30.53,-11.65,13.28,75.17,4.47003866666667,489.53,116.4,33.11,-11.1,20.26,87.7,4.26747933333333,488.26,104.54,29.42,-4.92,16.07,95.63,3.62606866666667,488.72,93.07,-27.67,49.61
2026-01-11 20:26:59,XPQ-01 Main,2026-01-11 20:26:00,115.59,86.21,3.9423283333333297,489.5,106.5,29.94,-12.53,19.38,83.98,4.403372,490.14,125.41,35.72,-16.68,23.89,81.99,4.00081266666667,488.98,114.86,32.38,-10.11,24.87,92.64,3.6260686666666704,489.37,98.04,-39.32,68.14
2026-01-11 20:27:59,XPQ-01 Main,2026-01-11 20:27:00,134.97,86.7,3.988995,489.49,111.68,31.41,-16.05,20.34,78.5,4.403372,490.5,149.56,42.61,-15.25,27.92,87.76,4.10081266666667,488.67,143.67,40.47,-8.49,23.09,93.86,3.42606866666667,489.3,114.49,-39.8,71.35
2026-01-11 20:28:59,XPQ-01 Main,2026-01-11 20:28:00,108.65,88.74,3.788995,488.99,90.89,25.54,-9.55,13.59,81.83,4.57003866666667,489.87,123.02,35.01,-12.99,21.85,85.95,3.90081266666667,488.24,112.05,31.53,-3.64,20.36,98.44,3.29273533333333,488.86,92.08,-26.17,55.79
2026-01-11 20:29:59,XPQ-01 Main,2026-01-11 20:29:00,140.59,87.78,3.96566166666667,489.46,132.59,37.29,-18.81,20.07,72.97,4.13670533333333,490.38,158.82,45.24,-11.91,31.35,93.48,3.834146,488.66,130.36,36.72,-4.96,19.38,96.88,3.32606866666667,489.34,119.25,-35.68,70.81
2026-01-11 20:30:59,XPQ-01 Main,2026-01-11 20:30:00,119.45,88.29,3.96566166666667,489.3,109.47,30.77,-15.1,20.63,80.68,4.47003866666667,490.0,132.71,37.78,-14.87,28.59,88.72,4.134146,488.64,116.17,32.73,-7.48,24.01,95.47,3.59273533333333,489.26,101.28,-37.46,73.23
2026-01-11 20:31:59,XPQ-01 Main,2026-01-11 20:31:00,108.38,85.22,3.8656616666666705,489.14,112.1,31.52,-19.65,17.54,66.6,4.47003866666667,490.05,128.16,36.47,-11.23,29.2,93.33,3.934146,488.15,84.87,23.89,-4.77,15.81,95.74,3.29273533333333,489.21,91.88,-35.65,62.55
2026-01-11 20:32:59,XPQ-01 Main,2026-01-11 20:32:00,109.6,87.15,3.63232833333333,489.03,105.74,29.72,-14.96,15.36,71.64,4.33670533333333,489.69,125.12,35.59,-10.74,25.45,92.14,3.70081266666667,488.21,97.92,27.57,-3.63,16.49,97.66,3.32606866666667,489.19,92.88,-29.33,57.3
2026-01-11 20:33:59,XPQ-01 Main,2026-01-11 20:33:00,119.53,88.72,3.93232833333333,489.31,123.53,34.75,-16.59,18.5,74.46,4.003372,490.05,132.31,37.65,-10.28,28.72,94.15,3.90081266666667,488.34,102.75,28.94,-4.04,17.87,97.54,3.19273533333333,489.53,101.34,-30.91,65.09
2026-01-11 20:34:59,XPQ-01 Main,2026-01-11 20:34:00,119.71,92.51,4.098995,489.1,117.5,33.03,-13.92,23.17,85.72,4.33670533333333,489.97,134.32,38.22,-11.68,31.45,93.75,4.034146,488.19,107.3,30.21,-4.98,24.94,98.07,3.559402,489.14,101.46,-30.57,79.57
2026-01-11 20:35:59,XPQ-01 Main,2026-01-11 20:35:00,120.09,92.25,4.178995,488.7,115.72,32.48,-14.72,23.96,85.2,4.603372,489.22,136.02,38.67,-12.11,32.49,93.7,4.30081266666667,488.12,108.54,30.55,-5.39,25.58,97.85,3.659402,488.77,101.7,-32.23,82.03
2026-01-11 20:36:59,XPQ-01 Main,2026-01-11 20:36:00,97.44,86.29,4.16566166666667,488.59,91.38,25.64,-12.71,13.48,72.76,4.503372,489.12,112.11,31.87,-10.34,21.32,89.98,4.16747933333333,488.1,88.84,25.0,-4.35,15.17,96.12,3.7260686666666705,488.54,82.51,-27.4,49.97
2026-01-11 20:37:59,XPQ-01 Main,2026-01-11 20:37:00,103.31,85.43,3.96566166666667,488.86,87.87,24.67,-10.48,17.35,85.58,4.73670533333333,489.53,110.64,31.48,-16.37,20.73,78.48,3.90081266666667,488.35,111.41,31.36,-9.97,23.8,92.24,3.59273533333333,488.7,87.51,-36.82,61.88
2026-01-11 20:38:59,XPQ-01 Main,2026-01-11 20:38:00,110.3,87.42,4.178995,488.86,107.33,30.15,-16.56,20.7,78.09,4.47003866666667,489.65,123.51,35.12,-13.63,28.36,90.13,4.10081266666667,488.0,100.05,28.15,-7.85,21.71,94.04,3.52606866666667,488.94,93.43,-38.05,70.77
2026-01-11 20:39:59,XPQ-01 Main,2026-01-11 20:39:00,106.81,83.43,4.13232833333333,488.92,100.14,28.12,-15.5,18.42,76.51,4.703372,489.51,117.62,33.46,-17.04,24.86,82.48,4.20081266666667,488.35,102.66,28.91,-10.14,22.68,91.29,3.7260686666666705,488.9,90.49,-42.68,65.96
2026-01-11 20:40:59,XPQ-01 Main,2026-01-11 20:40:00,98.52,82.74,4.25232833333333,488.67,88.04,24.7,-11.83,15.4,79.31,4.47003866666667,489.36,105.53,30.02,-15.94,19.85,77.98,4.26747933333333,488.32,101.98,28.69,-9.55,20.89,90.94,3.7260686666666705,488.34,83.42,-37.32,56.14
2026-01-11 20:41:59,XPQ-01 Main,2026-01-11 20:41:00,88.18,83.91,4.198995,488.87,81.77,22.97,-13.88,13.12,68.71,4.67003866666667,489.57,103.21,29.36,-11.46,21.46,88.21,4.06747933333333,488.13,79.54,22.39,-5.01,14.96,94.82,3.8260686666666706,488.9,74.71,-30.35,49.54
2026-01-11 20:42:59,XPQ-01 Main,2026-01-11 20:42:00,77.95,82.56,4.76566166666667,488.51,71.14,19.96,-12.51,11.99,69.22,4.73670533333333,489.22,90.32,25.68,-12.29,19.42,84.49,4.834146,487.95,72.4,20.36,-5.56,15.3,93.98,3.79273533333333,488.36,66.0,-30.36,46.71
2026-01-11 20:43:59,XPQ-01 Main,2026-01-11 20:43:00,99.6,87.81,3.88566166666667,488.61,100.2,28.14,-16.43,19.28,76.12,5.23670533333333,489.39,112.56,31.99,-11.57,27.62,92.24,4.06747933333333,487.63,86.03,24.2,-6.18,18.97,95.07,4.22606866666667,488.79,84.33,-34.18,65.87
2026-01-11 20:44:59,XPQ-01 Main,2026-01-11 20:44:00,86.14,83.76,4.36566166666667,489.02,87.13,24.49,-16.48,14.29,65.52,4.27003866666667,490.0,103.72,29.51,-11.57,24.49,90.42,4.40081266666667,488.04,67.55,19.01,-4.71,14.88,95.35,3.32606866666667,489.03,73.02,-32.75,53.67
2026-01-11 20:45:59,XPQ-01 Main,2026-01-11 20:45:00,109.31,87.73,4.098995,489.22,99.22,27.88,-15.31,20.79,80.52,4.97003866666667,490.02,124.66,35.5,-15.81,28.7,87.59,4.10081266666667,488.67,104.04,29.3,-8.08,24.81,95.08,3.7260686666666705,488.96,92.68,-39.2,74.3
2026-01-11 20:46:59,XPQ-01 Main,2026-01-11 20:46:00,75.67,83.53,3.998995,488.75,72.98,20.49,-12.73,11.93,68.39,4.67003866666667,489.65,87.28,24.83,-11.17,19.86,87.16,4.06747933333333,488.1,66.74,18.77,-4.69,14.35,95.05,3.52606866666667,488.49,64.1,-28.59,46.14
2026-01-11 20:47:59,XPQ-01 Main,2026-01-11 20:47:00,73.41,84.46,3.9556616666666704,488.81,70.59,19.83,-13.3,12.36,68.09,4.503372,489.83,88.39,25.15,-10.68,21.0,89.14,3.80081266666667,488.02,61.26,17.23,-4.06,14.21,96.15,3.42606866666667,488.59,62.21,-28.04,47.57
2026-01-11 20:48:59,XPQ-01 Main,2026-01-11 20:48:00,100.69,84.52,4.24232833333333,489.31,99.4,27.94,-18.16,17.91,70.21,4.57003866666667,490.15,116.81,33.26,-14.14,27.93,89.22,4.334146,488.59,85.85,24.18,-6.87,19.15,94.13,3.49273533333333,489.18,85.38,-39.17,64.98
2026-01-11 20:49:59,XPQ-01 Main,2026-01-11 20:49:00,92.0,85.28,4.25566166666667,489.0,88.39,24.85,-14.3,15.82,74.19,4.63670533333333,490.03,102.61,29.2,-12.84,23.34,87.62,4.36747933333333,488.01,85.0,23.92,-6.53,18.05,94.05,3.759402,488.97,77.96,-33.66,57.21
2026-01-11 20:50:59,XPQ-01 Main,2026-01-11 20:50:00,76.1,83.84,4.08566166666667,488.92,74.46,20.93,-14.5,12.3,64.7,4.703372,489.77,92.96,26.44,-10.4,21.94,90.36,4.134146,487.92,60.87,17.13,-3.65,13.38,96.48,3.6927353333333297,489.08,64.5,-28.55,47.62
2026-01-11 20:51:59,XPQ-01 Main,2026-01-11 20:51:00,96.04,87.68,4.03232833333333,488.97,83.23,23.37,-10.24,17.31,86.07,4.57003866666667,489.63,106.45,30.29,-15.43,22.25,82.17,3.96747933333333,488.44,98.42,27.71,-8.03,23.89,94.79,3.559402,488.84,81.38,-33.7,63.45
2026-01-11 20:52:59,XPQ-01 Main,2026-01-11 20:52:00,83.64,86.26,3.8123283333333298,488.71,78.73,22.11,-10.13,12.6,77.95,4.47003866666667,489.45,96.25,27.36,-11.98,19.12,84.74,3.834146,487.85,75.94,21.37,-4.97,17.22,96.08,3.659402,488.84,70.84,-27.07,48.94
2026-01-11 20:53:59,XPQ-01 Main,2026-01-11 20:53:00,95.51,86.69,4.118995,489.14,97.12,27.3,-16.57,17.48,72.58,4.37003866666667,489.93,112.58,32.04,-11.63,26.91,91.79,4.16747933333333,488.38,76.83,21.63,-5.33,17.61,95.71,3.22606866666667,489.11,80.97,-33.53,62.0
2026-01-11 20:54:59,XPQ-01 Main,2026-01-11 20:54:00,91.93,85.21,4.13232833333333,488.76,80.4,22.58,-9.92,16.01,85.0,4.57003866666667,489.48,99.77,28.37,-15.52,19.49,78.23,4.16747933333333,488.05,95.62,26.91,-9.22,22.27,92.4,3.62606866666667,488.76,77.86,-34.66,57.77
2026-01-11 20:55:59,XPQ-01 Main,2026-01-11 20:55:00,107.29,85.95,4.13232833333333,488.93,104.57,29.37,-15.54,19.83,78.72,4.63670533333333,489.49,118.23,33.63,-15.01,26.15,86.73,4.20081266666667,488.29,99.06,27.9,-9.21,22.23,92.39,3.59273533333333,489.02,90.89,-39.75,68.21
2026-01-11 20:56:59,XPQ-01 Main,2026-01-11 20:56:00,84.15,84.46,4.298995,488.79,83.87,23.57,-12.34,11.38,67.79,4.603372,489.73,93.08,26.47,-10.17,19.79,88.93,4.334146,487.79,75.49,21.23,-3.58,13.48,96.65,3.59273533333333,488.85,71.27,-26.09,44.65
2026-01-11 20:57:59,XPQ-01 Main,2026-01-11 20:57:00,117.1,84.42,4.098995,488.81,111.76,31.39,-17.47,20.29,75.78,4.703372,489.65,126.14,35.88,-16.26,27.48,86.07,4.16747933333333,488.01,113.41,31.91,-10.0,22.54,91.41,3.859402,488.78,99.18,-43.73,70.32
2026-01-11 20:58:59,XPQ-01 Main,2026-01-11 20:58:00,82.05,88.85,4.118995,488.09,82.0,22.99,-13.72,14.78,73.3,4.503372,488.81,98.88,28.08,-8.27,24.17,94.61,4.26747933333333,487.4,65.28,18.34,-2.41,14.52,98.65,3.6260686666666704,488.07,69.42,-24.4,53.47
2026-01-11 20:59:59,XPQ-01 Main,2026-01-11 20:59:00,89.43,86.71,4.11232833333333,488.01,77.15,21.63,-11.97,12.54,72.33,4.53670533333333,488.88,103.5,29.4,-10.25,21.19,90.01,4.26747933333333,487.4,87.64,24.61,-3.23,15.13,97.8,3.559402,487.76,75.65,-25.45,48.86
2026-01-11 21:00:59,XPQ-01 Main,2026-01-11 21:00:00,89.42,87.49,4.378995,487.96,85.69,24.02,-14.36,14.56,71.2,4.403372,488.85,107.45,30.52,-9.74,24.63,93.0,4.36747933333333,487.26,75.12,21.1,-2.9,15.35,98.26,3.659402,487.76,75.64,-26.99,54.54
2026-01-11 21:01:59,XPQ-01 Main,2026-01-11 21:01:00,106.04,84.8,4.03232833333333,488.45,93.3,26.17,-11.99,16.74,81.3,4.803372,489.04,117.39,33.36,-17.41,22.75,79.42,4.06747933333333,487.88,107.44,30.22,-8.97,24.07,93.7,3.959402,488.42,89.76,-38.37,63.55
2026-01-11 21:02:59,XPQ-01 Main,2026-01-11 21:02:00,92.94,87.9,4.15232833333333,488.29,82.05,23.02,-11.44,16.05,81.42,4.33670533333333,488.99,104.42,29.66,-14.31,23.67,85.58,4.334146,487.48,92.34,25.96,-5.8,21.98,96.7,3.6927353333333297,488.41,78.64,-31.54,61.7
2026-01-11 21:03:59,XPQ-01 Main,2026-01-11 21:03:00,95.54,84.95,4.098995,488.62,94.68,26.58,-15.89,15.59,70.03,4.503372,489.68,113.13,32.18,-12.3,24.94,89.68,4.26747933333333,487.84,78.82,22.16,-5.46,16.85,95.13,3.6260686666666704,488.34,80.92,-33.66,57.39
2026-01-11 21:04:59,XPQ-01 Main,2026-01-11 21:04:00,92.31,86.8,3.998995,488.58,86.98,24.42,-15.12,16.31,73.35,4.43670533333333,489.56,109.25,31.08,-12.0,25.67,90.59,4.16747933333333,487.9,80.69,22.69,-4.91,17.97,96.46,3.59273533333333,488.29,78.18,-32.03,59.96
2026-01-11 21:05:59,XPQ-01 Main,2026-01-11 21:05:00,86.76,83.7,4.34232833333333,488.23,90.12,25.3,-17.11,15.46,67.04,4.43670533333333,489.4,101.9,28.95,-10.76,24.28,91.42,4.46747933333333,487.21,68.26,19.17,-5.76,14.19,92.65,3.39273533333333,488.09,73.42,-33.63,53.93
2026-01-11 21:06:59,XPQ-01 Main,2026-01-11 21:06:00,86.5,85.61,4.03232833333333,488.14,92.18,25.86,-17.46,16.83,69.41,4.83670533333333,489.16,103.71,29.46,-10.34,26.16,93.0,4.20081266666667,487.28,63.6,17.86,-5.27,15.07,94.4,3.7260686666666705,487.98,73.19,-33.06,58.06
2026-01-11 21:07:59,XPQ-01 Main,2026-01-11 21:07:00,81.68,87.35,4.01232833333333,487.74,75.75,21.23,-11.1,14.84,80.08,4.33670533333333,488.52,92.78,26.33,-11.45,20.41,87.22,4.10081266666667,486.97,76.52,21.48,-5.94,17.63,94.76,3.559402,487.72,69.04,-28.49,52.87
2026-01-11 21:08:59,XPQ-01 Main,2026-01-11 21:08:00,116.46,90.92,4.34232833333333,487.93,110.65,31.02,-14.18,25.69,87.55,4.37003866666667,488.89,126.04,35.8,-14.77,30.84,90.19,4.40081266666667,487.18,112.69,31.64,-9.3,28.34,95.02,3.559402,487.71,98.46,-38.25,84.87
2026-01-11 21:09:59,XPQ-01 Main,2026-01-11 21:09:00,85.65,82.79,4.24232833333333,487.56,84.26,23.61,-14.76,14.24,69.44,5.07003866666667,488.55,93.43,26.51,-11.7,21.25,87.6,4.50081266666667,486.63,79.27,22.24,-6.65,14.92,91.34,3.559402,487.49,72.36,-33.11,50.41
2026-01-11 21:10:59,XPQ-01 Main,2026-01-11 21:10:00,84.71,83.1,4.31232833333333,487.41,75.18,21.05,-12.28,13.89,74.9,4.73670533333333,488.18,94.36,26.77,-13.07,19.34,82.85,4.30081266666667,486.74,84.58,23.73,-7.49,17.05,91.56,3.49273533333333,487.31,71.55,-32.85,50.28
2026-01-11 21:11:59,XPQ-01 Main,2026-01-11 21:11:00,71.25,79.39,4.08566166666667,487.71,68.1,19.09,-13.0,11.27,65.51,4.73670533333333,488.7,82.97,23.55,-12.47,17.93,82.1,4.06747933333333,486.75,62.68,17.59,-6.53,13.94,90.55,3.89273533333333,487.69,60.23,-32.01,43.15
2026-01-11 21:12:59,XPQ-01 Main,2026-01-11 21:12:00,109.42,87.88,4.108995,487.79,100.38,28.14,-14.05,21.09,83.23,4.77003866666667,488.79,119.5,33.92,-16.02,27.22,86.19,4.06747933333333,486.93,108.37,30.42,-9.08,25.51,94.2,3.42606866666667,487.66,92.48,-39.15,73.82
2026-01-11 21:13:59,XPQ-01 Main,2026-01-11 21:13:00,77.73,84.05,4.108995,487.06,65.76,18.39,-10.46,12.84,77.53,4.73670533333333,487.81,87.3,24.75,-13.26,18.33,81.01,4.30081266666667,486.58,80.13,22.47,-6.65,17.72,93.62,3.52606866666667,486.8,65.61,-30.37,48.89
2026-01-11 21:14:59,XPQ-01 Main,2026-01-11 21:14:00,94.25,84.79,4.298995,490.29,90.6,25.51,-15.13,17.1,74.89,4.47003866666667,491.11,105.55,30.12,-14.01,24.28,86.62,4.16747933333333,489.72,86.61,24.44,-7.75,19.4,92.87,3.559402,490.06,80.08,-36.88,60.78
2026-01-11 21:15:59,XPQ-01 Main,2026-01-11 21:15:00,103.62,87.29,4.03232833333333,490.31,95.46,26.89,-14.54,20.35,81.36,4.83670533333333,491.36,116.6,33.29,-15.72,27.01,86.43,3.834146,489.66,98.82,27.88,-8.76,24.33,94.09,3.89273533333333,489.91,88.05,-39.02,71.69
2026-01-11 21:16:59,XPQ-01 Main,2026-01-11 21:16:00,76.62,82.53,4.14566166666667,489.88,75.48,21.25,-13.75,13.33,69.6,4.803372,490.84,88.8,25.31,-11.91,20.18,86.12,4.26747933333333,488.96,65.57,18.48,-6.41,14.92,91.88,3.459402,489.83,65.05,-32.07,48.43
2026-01-11 21:17:59,XPQ-01 Main,2026-01-11 21:17:00,81.69,85.9,3.9223283333333296,489.53,86.34,24.3,-15.56,16.42,72.59,4.703372,490.58,94.5,26.92,-9.85,23.6,92.28,3.7674793333333296,488.58,64.21,18.08,-5.94,14.83,92.83,3.459402,489.44,69.3,-31.35,54.86
2026-01-11 21:18:59,XPQ-01 Main,2026-01-11 21:18:00,84.36,84.5,3.988995,489.7,75.12,21.12,-11.14,15.04,80.35,4.53670533333333,490.52,90.49,25.8,-13.57,19.17,81.61,4.134146,489.21,87.46,24.65,-8.32,18.93,91.55,3.459402,489.36,71.58,-33.03,53.13
2026-01-11 21:19:59,XPQ-01 Main,2026-01-11 21:19:00,75.32,84.64,4.33232833333333,489.57,64.68,18.2,-10.08,12.96,78.95,4.503372,490.4,84.37,24.03,-12.54,17.8,81.75,4.40081266666667,488.77,76.92,21.68,-6.69,17.23,93.22,3.32606866666667,489.53,63.91,-29.31,47.99
2026-01-11 21:20:59,XPQ-01 Main,2026-01-11 21:20:00,100.52,87.54,3.8756616666666703,490.0,89.47,25.18,-11.72,19.86,86.12,5.003372,490.85,107.52,30.67,-16.5,24.37,82.8,4.06747933333333,489.39,104.57,29.49,-9.64,25.88,93.7,3.59273533333333,489.78,85.34,-37.87,70.11
2026-01-11 21:21:59,XPQ-01 Main,2026-01-11 21:21:00,98.55,86.59,3.788995,489.87,100.65,28.34,-17.36,20.26,75.95,4.47003866666667,490.97,112.59,32.1,-12.7,27.83,90.97,3.80081266666667,488.95,82.4,23.22,-7.86,19.66,92.86,3.09273533333333,489.68,83.66,-37.91,67.76
2026-01-11 21:22:59,XPQ-01 Main,2026-01-11 21:22:00,95.91,85.9,3.97566166666667,489.9,83.6,23.53,-11.29,18.55,85.41,4.37003866666667,490.98,102.1,29.12,-16.63,22.15,79.97,4.034146,489.1,102.02,28.75,-10.25,24.62,92.32,3.19273533333333,489.61,81.41,-38.18,65.31
2026-01-11 21:23:59,XPQ-01 Main,2026-01-11 21:23:00,78.06,88.05,4.06566166666667,489.7,68.65,19.32,-8.51,14.14,85.69,4.67003866666667,490.7,85.79,24.45,-12.0,18.24,83.53,3.934146,488.82,79.76,22.47,-6.24,18.87,94.94,3.22606866666667,489.59,66.24,-26.75,51.24
2026-01-11 21:24:59,XPQ-01 Main,2026-01-11 21:24:00,97.43,89.62,4.198995,489.43,83.73,23.54,-9.89,19.25,88.95,4.703372,490.31,106.27,30.27,-15.72,24.36,84.02,4.30081266666667,488.71,102.3,28.82,-7.81,26.39,95.89,3.559402,489.26,82.63,-33.42,70.01
2026-01-11 21:25:59,XPQ-01 Main,2026-01-11 21:25:00,91.4,86.95,3.7756616666666702,489.95,78.5,22.1,-10.96,16.93,83.94,4.37003866666667,491.09,101.3,28.89,-15.58,22.49,82.2,3.7674793333333296,489.1,94.39,26.6,-7.91,23.34,94.71,3.92606866666667,489.65,77.6,-34.45,62.76
2026-01-11 21:26:59,XPQ-01 Main,2026-01-11 21:26:00,73.53,81.92,3.9423283333333297,490.0,73.19,20.61,-13.91,11.98,65.24,4.37003866666667,491.15,86.98,24.82,-10.59,19.59,87.97,4.06747933333333,489.19,60.43,17.03,-5.2,12.71,92.57,3.19273533333333,489.67,62.46,-29.7,44.28
2026-01-11 21:27:59,XPQ-01 Main,2026-01-11 21:27:00,71.91,85.42,3.888995,489.67,69.02,19.43,-12.31,12.78,72.03,4.43670533333333,490.64,82.49,23.5,-9.55,19.47,89.79,3.934146,488.62,64.23,18.1,-4.71,13.52,94.44,3.32606866666667,489.76,61.03,-26.56,45.77
2026-01-11 21:28:59,XPQ-01 Main,2026-01-11 21:28:00,87.63,86.19,4.37566166666667,489.66,78.34,22.04,-12.93,15.99,77.76,4.27003866666667,490.8,102.4,29.19,-13.7,23.08,85.99,4.234146,488.84,82.14,23.13,-6.65,19.86,94.82,3.459402,489.34,74.37,-33.29,58.93
2026-01-11 21:29:59,XPQ-01 Main,2026-01-11 21:29:00,91.38,87.98,4.108995,489.85,82.59,23.24,-13.18,16.36,77.88,4.803372,490.64,104.8,29.88,-11.16,23.55,90.36,4.26747933333333,489.21,86.76,24.46,-5.43,17.9,95.69,4.09273533333333,489.7,77.58,-29.78,57.81
2026-01-11 21:30:59,XPQ-01 Main,2026-01-11 21:30:00,105.02,96.83,4.02232833333333,489.48,98.29,27.63,-7.77,22.12,94.34,4.57003866666667,490.47,114.98,32.77,-7.9,28.6,96.39,4.06747933333333,488.94,101.79,28.67,-1.72,24.94,99.76,3.49273533333333,489.04,89.08,-17.39,75.65
2026-01-11 21:31:59,XPQ-01 Main,2026-01-11 21:31:00,105.59,98.1,4.27566166666667,489.37,97.34,27.36,-6.43,23.89,96.56,4.37003866666667,490.12,116.32,33.13,-6.66,30.71,97.73,4.20081266666667,488.83,103.12,29.05,-0.11,26.87,100.0,3.62606866666667,489.17,89.54,-13.2,81.47
2026-01-11 21:32:59,XPQ-01 Main,2026-01-11 21:32:00,114.53,97.51,4.11232833333333,489.69,105.62,29.71,-7.82,25.18,95.5,4.603372,490.47,124.35,35.43,-8.24,33.11,97.04,4.10081266666667,488.99,113.62,32.03,-0.52,28.89,99.98,4.02606866666667,489.61,97.18,-16.59,87.18
2026-01-11 21:33:59,XPQ-01 Main,2026-01-11 21:33:00,107.94,98.71,4.378995,489.37,94.65,26.62,-3.84,24.68,98.81,4.57003866666667,490.45,116.54,33.2,-7.29,31.0,97.35,4.40081266666667,488.57,112.63,31.71,0.47,30.15,99.99,3.659402,489.09,91.53,-10.66,85.82
2026-01-11 21:34:59,XPQ-01 Main,2026-01-11 21:34:00,74.97,97.65,3.898995,489.04,71.89,20.2,-5.92,16.71,94.26,4.903372,489.87,86.83,24.71,-1.68,23.43,99.74,3.934146,488.31,66.18,18.63,2.34,15.98,98.94,3.8260686666666706,488.94,63.54,-5.26,56.12
2026-01-11 21:35:59,XPQ-01 Main,2026-01-11 21:35:00,120.19,96.77,4.23232833333333,488.85,108.5,30.49,-9.44,25.87,93.94,4.33670533333333,490.02,134.37,38.23,-9.84,35.65,96.39,4.26747933333333,487.87,117.7,33.1,-0.52,30.47,99.99,3.42606866666667,488.64,101.82,-19.8,91.98
2026-01-11 21:36:59,XPQ-01 Main,2026-01-11 21:36:00,82.06,99.16,4.25566166666667,488.77,77.7,21.83,-3.66,19.99,98.37,4.67003866666667,489.73,88.94,25.3,-3.17,23.56,99.1,4.234146,487.88,79.54,22.37,0.08,20.87,100.0,3.759402,488.7,69.5,-6.75,64.43
2026-01-11 21:37:59,XPQ-01 Main,2026-01-11 21:37:00,81.42,98.12,4.32232833333333,489.04,75.75,21.29,-5.66,18.4,95.58,4.603372,489.91,93.19,26.52,-3.49,24.83,99.03,4.30081266666667,488.22,75.32,21.2,1.4,19.27,99.74,3.92606866666667,489.0,69.01,-7.74,62.5
2026-01-11 21:38:59,XPQ-01 Main,2026-01-11 21:38:00,84.8,97.2,4.078995,488.92,79.18,22.24,-7.22,18.78,93.34,4.93670533333333,489.81,98.3,27.98,-4.81,26.04,98.34,4.00081266666667,488.28,76.92,21.64,0.7,19.84,99.94,3.7260686666666705,488.66,71.86,-11.33,64.66
2026-01-11 21:39:59,XPQ-01 Main,2026-01-11 21:39:00,103.32,98.69,4.27566166666667,488.63,91.46,25.67,-2.79,24.3,99.35,4.63670533333333,489.56,107.95,30.71,-7.47,28.66,96.76,4.234146,488.01,110.55,31.09,-0.79,29.92,99.97,3.59273533333333,488.32,87.46,-11.05,82.88
2026-01-11 21:40:59,XPQ-01 Main,2026-01-11 21:40:00,90.1,97.49,4.14232833333333,488.77,86.35,24.26,-8.11,21.1,93.35,4.83670533333333,489.96,105.86,30.12,-3.3,28.67,99.34,4.134146,487.77,78.1,21.96,1.34,20.22,99.78,3.759402,488.58,76.33,-10.07,69.99
2026-01-11 21:41:59,XPQ-01 Main,2026-01-11 21:41:00,100.78,97.47,4.14232833333333,488.75,93.19,26.16,-8.12,22.59,94.11,4.67003866666667,489.56,116.03,33.02,-5.63,31.24,98.42,4.134146,488.24,93.14,26.2,1.1,24.19,99.9,3.6260686666666704,488.45,85.37,-12.64,78.02
2026-01-11 21:42:59,XPQ-01 Main,2026-01-11 21:42:00,98.86,97.9,3.9523283333333294,488.57,88.77,24.92,-6.47,21.87,95.89,4.53670533333333,489.48,110.54,31.44,-6.18,29.25,97.84,3.90081266666667,487.87,97.25,27.34,0.55,24.71,99.98,3.759402,488.36,83.7,-12.1,75.83
2026-01-11 21:43:59,XPQ-01 Main,2026-01-11 21:43:00,88.93,96.68,3.908995,488.91,79.92,22.45,-7.5,18.1,92.38,4.503372,489.97,102.63,29.22,-5.61,25.56,97.67,3.8674793333333297,488.18,84.22,23.69,0.3,19.72,99.99,3.459402,488.58,75.36,-12.81,63.38
2026-01-11 21:44:59,XPQ-01 Main,2026-01-11 21:44:00,88.89,98.33,4.47566166666667,489.05,81.16,22.79,-4.27,20.59,97.92,4.27003866666667,489.72,93.85,26.72,-5.91,24.52,97.22,4.40081266666667,488.59,91.65,25.81,-1.23,23.48,99.86,3.59273533333333,488.84,75.32,-11.41,68.59
2026-01-11 21:45:59,XPQ-01 Main,2026-01-11 21:45:00,95.75,98.44,4.17566166666667,488.88,87.49,24.56,-3.89,22.63,98.55,5.13670533333333,489.72,100.12,28.5,-6.67,26.37,96.95,4.10081266666667,488.35,99.63,28.04,-1.56,26.38,99.83,3.89273533333333,488.55,81.1,-12.12,75.38
2026-01-11 21:46:59,XPQ-01 Main,2026-01-11 21:46:00,91.66,98.37,4.34232833333333,488.6,84.01,23.57,-4.68,21.0,97.6,4.703372,489.5,97.46,27.73,-5.71,25.49,97.58,4.40081266666667,488.05,93.51,26.3,-0.88,23.64,99.93,3.7260686666666705,488.25,77.6,-11.26,70.12
2026-01-11 21:47:59,XPQ-01 Main,2026-01-11 21:47:00,115.41,97.31,3.998995,489.05,98.71,27.74,-7.61,24.79,95.6,4.87003866666667,490.03,130.96,37.28,-9.58,34.44,96.34,4.134146,488.29,116.57,32.8,0.35,30.68,99.99,3.759402,488.83,97.82,-16.83,89.91
2026-01-11 21:48:59,XPQ-01 Main,2026-01-11 21:48:00,99.14,97.29,4.46566166666667,488.73,87.06,24.45,-7.18,20.84,94.54,4.403372,489.64,113.39,32.25,-6.84,29.61,97.43,4.36747933333333,487.91,96.96,27.27,1.08,24.38,99.9,3.459402,488.66,83.97,-12.95,74.84
2026-01-11 21:49:59,XPQ-01 Main,2026-01-11 21:49:00,97.74,97.58,4.488995,489.1,87.28,24.53,-7.13,21.04,94.71,5.13670533333333,490.02,110.96,31.58,-5.7,28.88,98.11,4.46747933333333,488.25,94.99,26.74,0.85,23.19,99.93,3.89273533333333,489.01,82.85,-11.98,73.12
2026-01-11 21:50:59,XPQ-01 Main,2026-01-11 21:50:00,100.47,97.77,4.34232833333333,489.02,97.48,27.37,-6.2,21.37,96.04,5.13670533333333,489.65,105.98,30.17,-6.52,27.48,97.3,4.30081266666667,488.69,97.95,27.58,-0.6,24.16,99.97,3.859402,488.73,85.12,-13.33,73.02
2026-01-11 21:51:59,XPQ-01 Main,2026-01-11 21:51:00,95.34,97.56,4.26566166666667,489.03,86.44,24.29,-6.14,20.38,95.75,4.83670533333333,490.09,105.47,30.03,-6.97,27.51,96.93,4.30081266666667,488.33,94.11,26.48,0.08,24.15,100.0,3.89273533333333,488.67,80.8,-13.04,72.03
2026-01-11 21:52:59,XPQ-01 Main,2026-01-11 21:52:00,92.79,97.97,4.28566166666667,489.3,83.19,23.39,-6.16,20.06,95.6,4.83670533333333,490.22,105.78,30.12,-4.63,27.93,98.66,4.334146,488.46,89.4,25.17,1.85,22.12,99.65,3.659402,489.22,78.69,-8.93,70.12
2026-01-11 21:53:59,XPQ-01 Main,2026-01-11 21:53:00,90.2,98.12,3.83232833333333,489.03,85.44,23.99,-6.01,20.19,95.85,4.67003866666667,489.8,100.82,28.71,-4.57,26.62,98.56,3.90081266666667,488.65,84.33,23.74,0.73,21.64,99.94,3.859402,488.64,76.44,-9.84,68.45
2026-01-11 21:54:59,XPQ-01 Main,2026-01-11 21:54:00,93.53,98.21,4.21232833333333,489.01,87.99,24.71,-4.85,22.88,97.83,4.23670533333333,489.84,97.04,27.63,-6.0,25.56,97.35,4.134146,488.49,95.57,26.9,-2.6,24.7,99.45,3.359402,488.72,79.24,-13.44,73.15
2026-01-11 21:55:59,XPQ-01 Main,2026-01-11 21:55:00,70.72,97.05,4.85232833333333,489.04,66.99,18.82,-6.48,15.96,92.65,4.77003866666667,489.94,81.28,23.14,-3.71,21.22,98.51,4.76747933333333,488.43,63.9,17.98,-0.21,15.83,99.99,3.72606866666667,488.76,59.94,-10.4,53.02
2026-01-11 21:56:59,XPQ-01 Main,2026-01-11 21:56:00,136.03,98.73,4.76566166666667,488.74,125.77,35.3,4.96,33.55,98.92,4.87003866666667,489.55,140.95,40.1,2.56,38.33,99.78,4.66747933333333,488.16,141.38,39.78,8.46,37.08,97.5,4.92606866666667,488.5,115.18,15.97,108.96
2026-01-11 21:57:59,XPQ-01 Main,2026-01-11 21:57:00,201.74,95.79,4.47566166666667,487.52,192.74,53.99,11.89,51.9,97.47,5.17003866666667,488.46,215.49,61.15,15.25,58.24,96.74,4.46747933333333,486.78,197.0,55.27,19.8,50.71,93.15,4.459402,487.34,170.41,46.95,160.85
2026-01-11 21:58:59,XPQ-01 Main,2026-01-11 21:58:00,240.23,96.9,4.65566166666667,487.85,230.17,64.46,15.06,62.06,97.18,4.87003866666667,488.62,246.64,70.07,13.53,67.75,98.06,4.76747933333333,487.55,243.87,68.49,20.17,64.6,95.46,4.09273533333333,487.37,203.02,48.76,194.42
2026-01-11 21:59:59,XPQ-01 Main,2026-01-11 21:59:00,223.09,95.65,4.42232833333333,487.66,212.18,59.41,14.65,56.78,96.83,4.97003866666667,488.42,234.93,66.71,16.29,63.43,96.86,4.50081266666667,487.3,222.15,62.37,22.07,57.13,93.28,4.22606866666667,487.27,188.48,53.02,177.35
2026-01-11 22:00:59,XPQ-01 Main,2026-01-11 22:00:00,235.34,96.36,4.14566166666667,487.73,227.22,63.63,16.55,60.77,96.49,4.903372,488.58,239.63,68.05,14.67,65.68,97.6,4.16747933333333,487.27,239.18,67.15,20.76,63.18,95.0,3.859402,487.33,198.83,51.98,189.63
2026-01-11 22:01:59,XPQ-01 Main,2026-01-11 22:01:00,229.41,96.55,4.04232833333333,487.92,222.08,62.24,14.28,59.48,97.24,4.73670533333333,488.55,234.3,66.52,15.12,63.79,97.3,4.16747933333333,487.33,231.85,65.14,19.3,59.36,95.1,3.52606866666667,487.88,193.9,48.7,182.63
2026-01-11 22:02:59,XPQ-01 Main,2026-01-11 22:02:00,220.86,95.96,4.178995,487.78,213.2,59.75,14.54,57.09,96.91,4.603372,488.73,229.64,65.19,15.91,62.26,96.89,4.16747933333333,487.01,219.73,61.68,20.5,56.95,94.09,3.359402,487.61,186.63,50.95,176.3
2026-01-11 22:03:59,XPQ-01 Main,2026-01-11 22:03:00,215.52,96.42,4.71232833333333,487.94,207.06,58.03,12.46,55.62,97.58,4.703372,488.6,226.27,64.25,14.57,61.56,97.31,4.76747933333333,487.37,213.23,59.91,19.39,55.28,94.36,3.659402,487.86,182.19,46.43,172.47
2026-01-11 22:04:59,XPQ-01 Main,2026-01-11 22:04:00,228.84,96.46,4.598995,488.16,221.94,62.21,15.19,59.71,96.91,5.03670533333333,489.13,233.93,66.51,14.88,64.23,97.42,4.66747933333333,487.71,230.64,64.79,19.82,60.62,95.05,4.32606866666667,487.64,193.51,49.88,184.55
2026-01-11 22:05:59,XPQ-01 Main,2026-01-11 22:05:00,211.04,96.01,4.188995,487.88,206.13,57.79,14.08,55.02,96.88,5.03670533333333,489.05,217.55,61.8,15.54,58.71,96.67,4.30081266666667,487.06,209.44,58.77,18.78,54.14,94.48,4.09273533333333,487.52,178.36,48.4,167.86
2026-01-11 22:06:59,XPQ-01 Main,2026-01-11 22:06:00,219.68,96.9,4.388995,487.68,209.86,58.76,12.74,56.15,97.52,4.67003866666667,488.73,227.17,64.54,12.43,62.41,98.07,4.50081266666667,487.25,222.0,62.29,18.83,58.0,95.11,3.59273533333333,487.06,185.59,44.0,176.55
2026-01-11 22:07:59,XPQ-01 Main,2026-01-11 22:07:00,207.88,96.18,4.218995,488.01,198.89,55.77,13.48,53.51,96.97,5.13670533333333,489.03,216.06,61.38,13.97,59.01,97.31,4.16747933333333,487.26,208.68,58.6,19.24,54.33,94.26,3.52606866666667,487.74,175.74,46.69,166.85
2026-01-11 22:08:59,XPQ-01 Main,2026-01-11 22:08:00,221.83,96.55,4.318995,488.16,212.53,59.59,13.44,56.88,97.32,4.603372,489.06,230.53,65.51,13.81,63.17,97.69,4.16747933333333,487.55,222.42,62.49,19.86,58.17,94.64,3.89273533333333,487.87,187.6,47.12,178.22
2026-01-11 22:09:59,XPQ-01 Main,2026-01-11 22:09:00,161.71,94.58,4.198995,488.3,154.56,43.32,12.85,40.11,95.23,4.87003866666667,489.27,167.09,47.53,12.7,44.68,96.19,4.334146,487.99,163.46,45.93,17.21,41.32,92.31,3.92606866666667,487.65,136.79,42.76,126.11
2026-01-11 22:10:59,XPQ-01 Main,2026-01-11 22:10:00,148.6,93.38,4.11232833333333,488.57,144.53,40.54,14.03,37.37,93.62,4.67003866666667,489.38,151.14,43.0,13.43,40.24,94.86,4.00081266666667,488.18,150.12,42.22,16.63,38.16,91.67,3.59273533333333,488.16,125.76,44.09,115.77
2026-01-11 22:11:59,XPQ-01 Main,2026-01-11 22:11:00,166.99,93.74,4.16566166666667,488.95,163.6,45.92,16.03,42.01,93.43,4.703372,489.65,167.59,47.71,14.23,44.53,95.26,4.134146,488.62,169.76,47.79,17.82,43.52,92.54,3.62606866666667,488.58,141.42,48.08,130.06
2026-01-11 22:12:59,XPQ-01 Main,2026-01-11 22:12:00,174.84,94.06,4.088995,488.78,168.04,47.15,16.42,43.29,93.5,4.83670533333333,489.47,176.01,50.09,13.57,47.0,96.08,4.10081266666667,488.49,180.46,50.79,18.84,46.26,92.62,3.52606866666667,488.39,148.03,48.83,136.56
2026-01-11 22:13:59,XPQ-01 Main,2026-01-11 22:13:00,143.24,89.89,4.43232833333333,489.03,133.28,37.43,14.02,33.7,92.32,4.57003866666667,489.99,153.37,43.68,16.45,39.41,92.28,4.56747933333333,488.5,143.06,40.26,20.59,33.34,85.08,3.59273533333333,488.6,121.37,51.07,106.44
2026-01-11 22:14:59,XPQ-01 Main,2026-01-11 22:14:00,168.22,91.84,4.24232833333333,489.59,157.78,44.35,15.84,40.22,93.04,4.83670533333333,490.22,176.3,50.25,16.63,46.12,94.07,4.16747933333333,489.25,170.59,48.09,21.77,41.2,88.42,3.89273533333333,489.29,142.69,54.24,127.53
2026-01-11 22:15:59,XPQ-01 Main,2026-01-11 22:15:00,172.59,89.79,4.23232833333333,488.98,169.02,47.48,20.08,42.09,90.26,4.73670533333333,489.9,174.98,49.8,20.15,44.47,91.09,4.16747933333333,488.28,173.78,48.9,22.58,41.87,88.01,3.8260686666666706,488.75,146.19,62.81,128.43
2026-01-11 22:16:59,XPQ-01 Main,2026-01-11 22:16:00,176.89,89.21,3.8223283333333296,488.84,172.92,48.55,21.57,42.32,89.09,4.77003866666667,489.52,178.07,50.65,20.61,44.45,90.72,4.00081266666667,488.24,179.67,50.57,23.35,42.86,87.81,3.759402,488.76,149.78,65.53,129.63
2026-01-11 22:17:59,XPQ-01 Main,2026-01-11 22:17:00,207.36,88.76,3.96566166666667,488.74,199.4,55.96,24.55,49.13,89.45,4.37003866666667,489.3,213.21,60.64,24.9,53.92,90.79,4.134146,488.25,209.46,58.96,29.41,49.65,86.04,3.09273533333333,488.68,175.56,78.86,152.7
2026-01-11 22:18:59,XPQ-01 Main,2026-01-11 22:18:00,213.5,89.48,4.24232833333333,488.53,205.97,57.77,24.18,51.1,90.39,4.57003866666667,489.3,220.37,62.69,24.93,56.39,91.46,4.334146,488.13,214.15,60.23,29.71,51.44,86.6,3.19273533333333,488.17,180.69,78.82,158.93
2026-01-11 22:19:59,XPQ-01 Main,2026-01-11 22:19:00,196.6,88.99,4.52232833333333,488.7,189.72,53.23,22.9,46.76,89.81,4.67003866666667,489.43,202.49,57.61,23.48,51.21,90.9,4.534146,488.32,197.59,55.6,27.53,46.96,86.27,3.7260686666666705,488.36,166.44,73.91,144.93
2026-01-11 22:20:59,XPQ-01 Main,2026-01-11 22:20:00,445.26,77.64,4.85566166666667,485.94,442.05,123.35,75.12,91.84,77.4,5.07003866666667,486.65,444.45,125.72,73.44,95.12,79.16,4.66747933333333,485.5,449.26,125.7,77.52,91.69,76.36,3.959402,485.69,374.77,226.08,278.66
2026-01-11 22:21:59,XPQ-01 Main,2026-01-11 22:21:00,280.38,89.02,4.388995,488.17,277.33,77.72,34.74,68.64,89.23,5.27003866666667,488.69,282.64,80.31,34.2,71.5,90.21,4.46747933333333,487.86,281.18,79.06,37.67,68.48,87.61,4.62606866666667,487.97,237.09,106.61,208.62
2026-01-11 22:22:59,XPQ-01 Main,2026-01-11 22:22:00,270.05,90.45,4.34566166666667,488.48,264.98,74.31,30.39,66.58,90.97,4.83670533333333,489.23,274.4,78.05,30.61,70.4,91.71,4.56747933333333,488.16,270.77,76.15,34.57,66.3,88.67,3.859402,488.06,228.5,95.58,203.29
2026-01-11 22:23:59,XPQ-01 Main,2026-01-11 22:23:00,270.45,89.92,4.098995,488.77,262.17,73.6,30.63,65.61,90.61,4.703372,489.57,277.68,79.0,31.27,70.23,91.35,4.26747933333333,488.15,271.51,76.39,35.64,65.35,87.79,3.759402,488.59,228.99,97.54,201.18
2026-01-11 22:24:59,XPQ-01 Main,2026-01-11 22:24:00,266.41,90.18,4.14232833333333,488.46,258.84,72.57,29.63,64.04,90.76,4.57003866666667,489.17,274.51,78.09,29.82,69.13,91.82,4.134146,488.2,265.86,74.77,34.83,64.43,87.97,3.459402,488.01,225.42,94.28,197.6
2026-01-11 22:25:59,XPQ-01 Main,2026-01-11 22:25:00,340.02,88.48,4.26566166666667,487.54,332.55,93.04,44.41,80.38,87.53,4.63670533333333,488.37,337.46,95.85,39.69,86.18,90.83,4.06747933333333,487.33,350.05,98.24,47.89,84.84,87.08,3.659402,486.92,287.13,131.99,251.4
2026-01-11 22:26:59,XPQ-01 Main,2026-01-11 22:26:00,329.99,87.09,4.27566166666667,487.43,317.12,88.73,42.42,76.22,87.38,4.73670533333333,488.16,337.75,95.87,41.87,84.79,89.66,4.26747933333333,487.12,335.12,94.04,50.24,78.47,84.22,3.9927353333333295,487.01,278.64,134.54,239.49
2026-01-11 22:27:59,XPQ-01 Main,2026-01-11 22:27:00,353.13,84.81,4.47566166666667,487.08,354.3,99.06,51.21,83.71,85.3,4.97003866666667,487.69,354.93,100.65,51.66,85.06,85.47,4.50081266666667,486.81,350.16,98.22,53.35,81.46,83.66,3.59273533333333,486.74,297.92,156.22,250.23
2026-01-11 22:28:59,XPQ-01 Main,2026-01-11 22:28:00,308.64,89.56,4.35232833333333,487.75,303.42,84.96,37.34,75.31,89.59,4.803372,488.52,311.89,88.57,36.02,79.14,91.01,4.334146,487.37,310.62,87.22,40.88,76.05,88.08,4.12606866666667,487.36,260.76,114.24,230.5
2026-01-11 22:29:59,XPQ-01 Main,2026-01-11 22:29:00,272.86,91.96,4.82232833333333,488.54,264.67,74.26,27.67,68.03,92.63,4.77003866666667,489.54,279.33,79.47,28.07,73.61,93.44,4.86747933333333,487.98,274.58,77.19,33.53,68.47,89.81,3.959402,488.11,230.92,89.27,210.11
2026-01-11 22:30:59,XPQ-01 Main,2026-01-11 22:30:00,332.1,86.66,4.05566166666667,487.77,329.46,92.29,44.7,78.68,86.95,5.33670533333333,488.31,334.07,94.81,44.4,82.36,88.02,4.16747933333333,487.27,332.78,93.49,48.51,78.28,85.0,4.259402,487.73,280.59,137.62,239.32
2026-01-11 22:31:59,XPQ-01 Main,2026-01-11 22:31:00,346.18,88.68,4.01232833333333,487.63,339.38,94.98,42.28,83.72,89.26,4.503372,488.19,352.46,100.07,42.8,89.39,90.19,4.10081266666667,487.45,346.69,97.37,48.29,83.55,86.58,3.49273533333333,487.26,292.41,133.38,256.65
2026-01-11 22:32:59,XPQ-01 Main,2026-01-11 22:32:00,364.14,89.52,4.16566166666667,487.42,360.62,100.94,43.28,89.43,90.01,4.47003866666667,488.04,366.94,104.08,43.63,93.69,90.65,4.16747933333333,486.92,364.88,102.42,48.08,88.65,87.9,3.459402,487.31,307.44,134.99,271.77
2026-01-11 22:33:59,XPQ-01 Main,2026-01-11 22:33:00,367.14,89.63,4.188995,487.69,363.68,101.85,41.1,88.55,90.7,4.67003866666667,488.59,376.46,106.91,43.57,93.96,90.72,4.10081266666667,487.18,361.27,101.4,47.98,86.54,87.46,3.659402,487.29,310.16,132.65,269.05
2026-01-11 22:34:59,XPQ-01 Main,2026-01-11 22:34:00,377.99,91.29,4.488995,487.9,373.56,104.68,39.92,92.8,91.86,4.83670533333333,488.72,380.19,107.98,40.38,98.61,92.54,4.46747933333333,487.32,380.23,106.79,46.3,92.71,89.46,3.62606866666667,487.66,319.44,126.61,284.12
2026-01-11 22:35:59,XPQ-01 Main,2026-01-11 22:35:00,385.82,91.12,4.07566166666667,487.29,377.56,105.64,40.87,95.06,91.87,5.103372,487.95,396.02,112.32,42.08,101.44,92.37,4.06747933333333,486.84,383.9,107.72,48.05,94.44,89.13,3.89273533333333,487.08,325.68,131.0,290.93
2026-01-11 22:36:59,XPQ-01 Main,2026-01-11 22:36:00,395.87,91.29,4.12232833333333,487.59,391.63,109.69,42.58,97.74,91.68,4.53670533333333,488.43,402.54,114.24,42.36,103.04,92.49,4.10081266666667,486.96,393.45,110.43,48.2,97.77,89.69,3.62606866666667,487.38,334.36,133.14,298.55
2026-01-11 22:37:59,XPQ-01 Main,2026-01-11 22:37:00,367.96,90.58,4.178995,487.83,351.4,98.46,39.62,88.29,91.24,4.73670533333333,488.69,377.28,107.14,40.12,95.8,92.24,4.20081266666667,487.24,375.21,105.35,47.46,89.06,88.25,3.52606866666667,487.55,310.95,127.19,273.15
2026-01-11 22:38:59,XPQ-01 Main,2026-01-11 22:38:00,360.83,91.52,3.84566166666667,487.74,351.28,98.35,37.57,89.13,92.15,4.77003866666667,488.4,370.11,105.1,37.93,96.12,93.02,3.90081266666667,487.42,361.11,101.42,44.98,89.75,89.4,3.559402,487.39,304.87,120.49,275.0
2026-01-11 22:39:59,XPQ-01 Main,2026-01-11 22:39:00,370.73,89.35,4.408995,487.77,365.1,102.25,45.06,89.24,89.26,4.303372,488.64,375.27,106.59,43.23,92.99,90.68,4.46747933333333,487.36,371.82,104.39,48.37,90.06,88.1,3.32606866666667,487.31,313.23,136.67,272.29
2026-01-11 22:40:59,XPQ-01 Main,2026-01-11 22:40:00,373.44,90.26,4.24566166666667,487.75,367.45,102.91,42.82,92.05,90.67,4.93670533333333,488.62,377.82,107.31,42.72,96.79,91.49,4.30081266666667,487.3,375.04,105.29,47.96,91.84,88.64,3.8260686666666706,487.34,315.51,133.5,280.68
2026-01-11 22:41:59,XPQ-01 Main,2026-01-11 22:41:00,360.67,88.35,4.218995,487.92,359.18,100.63,46.84,87.28,88.11,4.73670533333333,488.68,358.09,101.71,44.87,87.23,88.93,4.234146,487.46,364.72,102.45,46.62,86.45,88.02,3.6927353333333297,487.61,304.8,138.32,260.96
2026-01-11 22:42:59,XPQ-01 Main,2026-01-11 22:42:00,309.62,94.81,4.03232833333333,487.97,300.48,84.23,24.37,78.59,95.51,4.67003866666667,488.66,319.28,90.65,25.01,84.84,95.92,4.00081266666667,487.3,309.1,86.85,31.29,79.12,92.99,3.759402,487.93,261.73,80.67,242.55
2026-01-11 22:43:59,XPQ-01 Main,2026-01-11 22:43:00,330.0,93.77,4.16566166666667,487.89,324.31,90.88,31.61,84.17,93.61,4.503372,488.73,329.7,93.64,29.21,87.31,94.83,4.234146,487.32,336.0,94.36,34.18,85.5,92.86,3.59273533333333,487.62,278.88,95.0,256.98
2026-01-11 22:44:59,XPQ-01 Main,2026-01-11 22:44:00,312.6,94.1,4.118995,488.1,305.08,85.51,25.59,77.99,95.01,4.57003866666667,488.82,320.31,91.01,27.11,84.37,95.2,4.20081266666667,487.62,312.4,87.79,32.92,77.65,92.07,3.6927353333333297,487.85,264.31,85.63,240.0
2026-01-11 22:45:59,XPQ-01 Main,2026-01-11 22:45:00,329.18,94.14,4.31232833333333,487.75,315.6,88.41,27.65,81.8,94.73,4.403372,488.4,338.59,96.11,27.41,89.82,95.65,4.26747933333333,487.21,333.36,93.63,35.58,83.77,92.04,3.759402,487.65,278.14,90.65,255.4
2026-01-11 22:46:59,XPQ-01 Main,2026-01-11 22:46:00,313.6,93.56,4.008995,487.96,310.03,86.87,28.92,80.24,94.08,4.87003866666667,488.87,318.72,90.57,29.32,84.09,94.43,4.234146,487.5,312.05,87.63,33.51,79.61,92.17,3.79273533333333,487.51,265.07,91.75,243.94
2026-01-11 22:47:59,XPQ-01 Main,2026-01-11 22:47:00,327.11,94.38,4.17566166666667,487.75,319.55,89.46,28.3,83.56,94.71,4.57003866666667,488.36,331.41,94.11,27.58,88.59,95.48,4.30081266666667,487.48,330.37,92.8,33.5,84.43,92.95,3.22606866666667,487.42,276.37,89.38,256.57
2026-01-11 22:48:59,XPQ-01 Main,2026-01-11 22:48:00,324.94,94.0,3.998995,487.6,323.69,90.61,29.84,83.71,94.19,4.57003866666667,488.18,326.18,92.57,29.09,86.27,94.76,4.20081266666667,487.25,324.94,91.25,32.81,83.39,93.06,3.659402,487.39,274.44,91.75,253.38
2026-01-11 22:49:59,XPQ-01 Main,2026-01-11 22:49:00,322.51,94.91,3.8223283333333296,487.64,307.89,86.2,24.1,79.39,95.69,4.503372,488.41,335.1,95.15,24.4,88.4,96.4,3.934146,487.25,324.54,91.11,33.11,81.43,92.64,3.29273533333333,487.27,272.45,81.61,249.22
2026-01-11 22:50:59,XPQ-01 Main,2026-01-11 22:50:00,613.16,52.31,3.9556616666666704,482.3,612.36,169.49,139.35,85.93,52.49,4.27003866666667,483.17,613.77,172.46,139.7,89.58,53.98,3.80081266666667,482.07,613.36,170.28,141.58,82.77,50.47,3.259402,481.67,512.23,420.64,258.28
2026-01-11 22:51:59,XPQ-01 Main,2026-01-11 22:51:00,401.0,91.77,4.018995,486.63,397.05,110.92,41.03,100.85,92.63,4.43670533333333,487.41,411.79,116.69,43.14,105.84,92.6,3.90081266666667,486.27,394.17,110.43,47.56,98.7,90.09,3.6260686666666704,486.22,338.04,131.72,305.39
2026-01-11 22:52:59,XPQ-01 Main,2026-01-11 22:52:00,419.27,89.89,4.06566166666667,486.07,412.65,115.17,47.08,102.6,90.89,4.57003866666667,487.02,431.17,122.05,49.64,108.29,90.9,4.16747933333333,485.59,413.99,115.8,54.43,100.2,87.87,3.59273533333333,485.59,353.03,151.16,311.08
2026-01-11 22:53:59,XPQ-01 Main,2026-01-11 22:53:00,481.14,91.31,4.188995,485.75,475.9,132.7,51.41,120.17,91.94,4.43670533333333,486.18,489.63,138.4,52.78,124.87,92.11,4.234146,485.39,477.89,133.73,57.62,118.05,89.87,3.59273533333333,485.67,404.84,161.8,363.09
2026-01-11 22:54:59,XPQ-01 Main,2026-01-11 22:54:00,501.29,90.7,4.94566166666667,485.29,491.91,137.01,55.47,123.26,91.19,4.67003866666667,485.92,510.1,144.14,55.75,130.33,91.94,4.834146,485.06,501.86,140.25,63.18,123.06,88.96,3.659402,484.88,421.4,174.41,376.65
2026-01-11 22:55:59,XPQ-01 Main,2026-01-11 22:55:00,449.11,90.71,4.518995,485.77,443.38,123.62,49.05,111.47,91.53,5.303372,486.35,457.1,129.28,51.03,117.4,91.71,4.30081266666667,485.52,446.87,125.02,56.51,109.6,88.88,3.959402,485.44,377.91,156.59,338.46
2026-01-11 22:56:59,XPQ-01 Main,2026-01-11 22:56:00,483.78,90.28,4.93232833333333,485.62,474.53,132.3,55.08,119.08,90.76,5.47003866666667,486.4,490.85,138.79,55.37,125.71,91.52,4.834146,485.23,485.96,135.86,62.29,118.8,88.56,4.49273533333333,485.23,406.95,172.74,363.6
2026-01-11 22:57:59,XPQ-01 Main,2026-01-11 22:57:00,492.06,91.56,4.45232833333333,485.24,485.66,135.33,52.43,123.83,92.09,5.203372,485.95,499.16,140.98,53.06,129.19,92.5,4.20081266666667,484.72,491.35,137.28,59.0,122.51,90.1,3.959402,485.05,413.59,164.49,375.54
2026-01-11 22:58:59,XPQ-01 Main,2026-01-11 22:58:00,505.72,91.61,4.26566166666667,485.23,498.98,139.02,52.62,127.98,92.49,4.97003866666667,485.83,517.12,146.03,55.41,134.06,92.42,4.134146,484.77,501.05,140.01,60.86,125.1,89.92,3.6927353333333297,485.09,425.07,168.89,387.13
2026-01-11 22:59:59,XPQ-01 Main,2026-01-11 22:59:00,485.1,90.69,4.598995,485.38,479.45,133.65,53.33,121.15,91.53,5.23670533333333,486.08,495.27,139.91,55.6,126.85,91.59,4.36747933333333,484.83,480.56,134.3,60.9,118.68,88.97,4.19273533333333,485.22,407.86,169.83,366.68
2026-01-11 23:00:59,XPQ-01 Main,2026-01-11 23:00:00,486.03,91.39,4.72232833333333,485.27,478.04,133.21,51.5,121.78,92.1,5.303372,486.02,495.9,140.09,53.26,127.06,92.22,4.50081266666667,484.8,484.17,135.27,58.42,119.49,89.84,4.359402,485.0,408.56,163.19,368.33
2026-01-11 23:01:59,XPQ-01 Main,2026-01-11 23:01:00,521.67,91.06,4.37566166666667,484.9,515.44,143.52,56.36,131.42,91.91,5.003372,485.56,531.77,150.08,59.09,136.88,91.81,4.034146,484.43,517.78,144.58,64.07,128.2,89.45,4.09273533333333,484.71,438.18,179.52,396.5
2026-01-11 23:02:59,XPQ-01 Main,2026-01-11 23:02:00,607.2,87.32,4.35232833333333,483.86,606.2,168.27,80.07,146.87,87.8,5.03670533333333,484.39,613.11,172.77,80.87,150.76,88.12,4.234146,483.81,602.3,167.86,85.21,143.88,86.04,3.79273533333333,483.36,508.9,246.15,441.51
2026-01-11 23:03:59,XPQ-01 Main,2026-01-11 23:03:00,651.47,89.82,4.63232833333333,484.83,652.11,181.43,76.94,163.37,90.47,5.17003866666667,485.49,657.38,185.62,79.15,166.99,90.36,4.70081266666667,484.66,644.92,180.06,82.96,158.83,88.64,4.02606866666667,484.35,547.1,239.04,489.19
2026-01-11 23:04:59,XPQ-01 Main,2026-01-11 23:04:00,740.72,89.62,4.578995,483.83,741.63,205.92,90.15,184.38,89.84,5.303372,484.28,741.74,208.9,89.3,187.94,90.32,4.30081266666667,483.65,738.8,205.93,94.68,181.99,88.71,4.12606866666667,483.57,620.75,274.12,554.31
2026-01-11 23:05:59,XPQ-01 Main,2026-01-11 23:05:00,725.98,89.55,4.418995,484.2,727.31,202.05,89.2,180.87,89.69,5.203372,484.52,725.36,204.44,87.8,183.77,90.23,4.20081266666667,484.14,725.27,202.37,92.9,178.81,88.74,3.859402,483.95,608.86,269.9,543.44
2026-01-11 23:06:59,XPQ-01 Main,2026-01-11 23:06:00,767.99,89.17,4.45566166666667,483.74,765.7,212.63,94.44,190.18,89.57,4.97003866666667,484.32,772.64,217.55,94.84,195.22,89.95,4.36747933333333,483.4,765.62,213.32,101.06,187.14,87.99,4.02606866666667,483.51,643.5,290.33,572.54
2026-01-11 23:07:59,XPQ-01 Main,2026-01-11 23:07:00,769.68,89.54,4.24232833333333,484.06,767.0,213.05,93.53,190.68,89.78,4.87003866666667,484.46,772.82,217.75,92.66,196.07,90.41,4.16747933333333,483.9,769.22,214.54,99.79,188.98,88.43,3.6927353333333297,483.81,645.33,285.98,575.74
2026-01-11 23:08:59,XPQ-01 Main,2026-01-11 23:08:00,710.5,91.44,4.65566166666667,484.41,708.53,197.03,77.85,180.12,91.79,5.203372,485.06,713.5,201.2,77.96,184.84,92.14,4.50081266666667,484.03,709.46,197.91,84.03,177.68,90.4,4.259402,484.13,596.14,239.84,542.64
2026-01-11 23:09:59,XPQ-01 Main,2026-01-11 23:09:00,710.44,88.74,4.47566166666667,484.27,704.78,195.86,88.46,173.79,89.12,5.03670533333333,484.64,717.39,202.2,88.57,180.3,89.76,4.40081266666667,484.09,709.15,197.88,96.01,172.16,87.34,3.9927353333333295,484.08,595.94,273.04,526.26
2026-01-11 23:10:59,XPQ-01 Main,2026-01-11 23:10:00,676.58,88.83,4.17566166666667,484.73,674.24,187.63,83.82,166.09,89.28,4.93670533333333,485.37,678.79,191.53,84.49,170.61,89.61,3.80081266666667,484.34,676.7,188.9,89.9,163.28,87.6,3.79273533333333,484.49,568.06,258.21,499.97
2026-01-11 23:11:59,XPQ-01 Main,2026-01-11 23:11:00,725.47,89.46,4.698995,484.17,719.68,200.04,86.86,179.19,89.99,5.13670533333333,484.57,734.48,206.9,88.12,185.08,90.29,4.734146,483.77,722.26,201.49,94.61,176.17,88.1,4.22606866666667,484.15,608.42,269.59,540.44
2026-01-11 23:12:59,XPQ-01 Main,2026-01-11 23:12:00,721.47,89.45,4.45566166666667,483.82,718.84,199.58,85.9,179.05,90.16,4.87003866666667,484.47,730.41,205.8,88.67,184.64,90.14,4.50081266666667,483.63,715.15,199.25,94.12,174.68,88.03,3.9927353333333295,483.35,604.63,268.7,538.37
2026-01-11 23:13:59,XPQ-01 Main,2026-01-11 23:13:00,734.53,89.39,4.098995,484.38,730.63,203.03,89.13,181.77,89.79,4.77003866666667,484.89,740.25,208.8,89.39,187.78,90.29,3.96747933333333,484.33,732.71,204.45,96.52,179.6,88.09,3.559402,483.93,616.28,275.04,549.14
2026-01-11 23:14:59,XPQ-01 Main,2026-01-11 23:14:00,761.99,88.75,3.97566166666667,483.62,760.13,211.05,94.9,187.78,89.25,4.803372,484.19,767.65,216.06,96.11,192.84,89.5,3.60081266666667,483.22,758.17,211.19,101.9,184.27,87.51,3.52606866666667,483.45,638.31,292.91,564.88
2026-01-11 23:15:59,XPQ-01 Main,2026-01-11 23:15:00,769.79,89.35,4.15566166666667,483.78,764.66,212.24,93.23,189.94,89.77,4.63670533333333,484.39,776.05,218.66,93.7,196.74,90.28,4.00081266666667,483.7,768.66,214.16,101.41,187.79,87.99,3.8260686666666706,483.26,645.06,288.34,574.48
2026-01-11 23:16:59,XPQ-01 Main,2026-01-11 23:16:00,789.5,89.26,4.16566166666667,483.48,785.89,218.08,96.4,194.36,89.59,4.703372,483.93,796.2,224.04,96.29,200.29,90.13,4.00081266666667,483.23,786.4,219.04,103.48,192.37,88.07,3.79273533333333,483.28,661.17,296.17,587.03
2026-01-11 23:17:59,XPQ-01 Main,2026-01-11 23:17:00,776.2,90.17,4.75566166666667,483.62,770.87,213.93,89.34,193.78,90.81,5.503372,484.14,786.56,221.47,91.73,200.65,90.95,4.50081266666667,483.43,771.19,214.83,98.71,189.98,88.74,4.259402,483.27,650.23,279.77,584.41
2026-01-11 23:18:59,XPQ-01 Main,2026-01-11 23:18:00,754.39,88.72,4.34232833333333,483.34,756.87,209.85,95.56,186.02,88.95,5.07003866666667,483.74,754.57,212.36,94.85,188.78,89.36,4.134146,483.34,751.74,209.35,99.54,183.08,87.85,3.8260686666666706,482.93,631.56,289.95,557.88
2026-01-11 23:19:59,XPQ-01 Main,2026-01-11 23:19:00,743.19,89.41,4.33232833333333,483.75,736.08,204.42,88.5,183.62,90.08,4.803372,484.28,753.98,212.27,90.88,190.84,90.28,4.134146,483.36,739.52,206.08,97.97,180.13,87.85,4.059402,483.62,622.76,277.35,554.59
2026-01-11 23:20:59,XPQ-01 Main,2026-01-11 23:20:00,808.92,88.79,4.53232833333333,482.96,807.55,223.84,100.95,199.01,89.18,5.13670533333333,483.65,812.36,228.47,101.42,203.8,89.53,4.434146,482.7,806.84,224.38,107.38,195.63,87.66,4.02606866666667,482.53,676.69,309.75,598.44
2026-01-11 23:21:59,XPQ-01 Main,2026-01-11 23:21:00,814.18,90.3,4.36566166666667,483.58,809.06,224.42,95.81,201.94,90.35,4.93670533333333,484.02,815.78,229.73,93.03,208.79,91.34,4.234146,483.61,817.7,227.82,102.47,202.45,89.22,3.92606866666667,483.12,681.97,291.31,613.19
2026-01-11 23:22:59,XPQ-01 Main,2026-01-11 23:22:00,839.54,89.64,4.01232833333333,482.98,837.46,232.03,101.88,207.86,89.79,4.83670533333333,483.47,841.16,236.58,100.2,213.59,90.53,3.634146,482.96,840.0,233.72,108.13,206.69,88.61,3.559402,482.51,702.33,310.22,628.14
2026-01-11 23:23:59,XPQ-01 Main,2026-01-11 23:23:00,768.28,90.39,4.44566166666667,483.84,758.84,210.65,88.87,190.03,90.58,5.13670533333333,484.29,774.81,218.27,87.17,198.64,91.57,4.30081266666667,483.76,771.19,214.97,97.53,190.61,89.02,3.89273533333333,483.49,643.89,273.57,579.28
2026-01-11 23:24:59,XPQ-01 Main,2026-01-11 23:24:00,751.43,89.92,4.18566166666667,484.23,746.43,207.49,88.79,186.1,90.25,4.87003866666667,484.99,755.79,213.1,88.55,193.15,90.9,3.90081266666667,483.87,752.07,209.67,96.7,184.87,88.61,3.79273533333333,483.82,630.26,274.04,564.11
2026-01-11 23:25:59,XPQ-01 Main,2026-01-11 23:25:00,778.93,90.25,4.62232833333333,484.18,770.45,214.15,91.05,192.92,90.43,5.17003866666667,484.75,784.45,221.07,89.43,201.08,91.37,4.434146,483.82,781.89,218.05,99.35,193.2,88.93,4.259402,483.98,653.27,279.83,587.21
2026-01-11 23:26:59,XPQ-01 Main,2026-01-11 23:26:00,796.72,90.19,4.598995,484.57,792.98,220.59,93.78,198.98,90.46,5.13670533333333,485.26,800.17,225.73,93.06,204.95,91.05,4.30081266666667,484.2,797.02,222.39,100.75,197.37,89.07,4.359402,484.24,668.71,287.58,601.3
2026-01-11 23:27:59,XPQ-01 Main,2026-01-11 23:27:00,824.8,89.49,4.04232833333333,484.08,820.34,227.96,100.19,203.74,89.74,4.73670533333333,484.75,829.24,233.7,99.29,210.42,90.44,3.90081266666667,483.74,824.82,229.93,107.56,202.42,88.31,3.49273533333333,483.75,691.59,307.04,616.58
2026-01-11 23:28:59,XPQ-01 Main,2026-01-11 23:28:00,776.76,90.39,4.17566166666667,484.63,766.4,213.15,89.59,192.65,90.67,4.93670533333333,485.17,784.77,221.42,88.64,201.54,91.54,3.90081266666667,484.42,779.1,217.49,98.96,192.65,88.95,3.6927353333333297,484.31,652.06,277.2,586.84
2026-01-11 23:29:59,XPQ-01 Main,2026-01-11 23:29:00,777.59,89.72,4.318995,484.79,775.11,215.7,94.06,193.63,89.95,4.97003866666667,485.43,779.93,220.1,93.12,198.9,90.57,4.10081266666667,484.45,777.74,217.14,100.16,191.9,88.65,3.89273533333333,484.49,652.95,287.34,584.43
2026-01-11 23:30:59,XPQ-01 Main,2026-01-11 23:30:00,769.19,90.82,4.218995,484.66,762.33,212.12,86.61,192.33,91.18,4.903372,485.42,776.02,218.97,86.45,200.02,91.79,4.16747933333333,484.24,769.22,214.65,95.33,191.12,89.48,3.59273533333333,484.33,645.74,268.39,583.46
2026-01-11 23:31:59,XPQ-01 Main,2026-01-11 23:31:00,758.67,90.21,4.14232833333333,484.92,750.34,208.81,88.02,188.71,90.63,4.83670533333333,485.71,766.75,216.57,88.3,197.07,91.26,3.8674793333333297,484.69,758.91,211.87,97.4,187.48,88.74,3.7260686666666705,484.36,637.25,273.71,573.26
2026-01-11 23:32:59,XPQ-01 Main,2026-01-11 23:32:00,801.77,89.46,4.108995,484.57,796.76,221.6,99.19,197.34,89.35,4.73670533333333,485.26,801.14,226.05,95.29,203.64,90.57,4.034146,484.27,807.4,225.28,104.62,198.45,88.46,3.559402,484.16,672.93,299.11,599.43
2026-01-11 23:33:59,XPQ-01 Main,2026-01-11 23:33:00,809.97,90.17,4.03232833333333,484.85,805.05,223.94,96.58,201.1,90.14,4.53670533333333,485.28,810.05,228.67,93.21,207.7,91.23,3.7674793333333296,484.77,814.8,227.6,102.63,201.9,89.14,3.79273533333333,484.48,680.21,292.42,610.7
2026-01-11 23:34:59,XPQ-01 Main,2026-01-11 23:34:00,795.59,89.2,4.698995,484.45,793.06,220.47,99.45,195.65,89.14,5.303372,484.88,793.21,223.69,96.22,200.68,90.17,4.36747933333333,484.28,800.51,223.42,104.1,195.65,88.28,4.42606866666667,484.18,667.58,299.77,591.97
2026-01-11 23:35:59,XPQ-01 Main,2026-01-11 23:35:00,730.17,89.04,4.53232833333333,485.02,725.53,201.85,91.08,179.29,89.16,4.93670533333333,485.58,732.31,206.89,89.26,185.46,90.11,4.534146,485.03,732.67,204.68,97.29,178.98,87.86,4.12606866666667,484.45,613.42,277.63,543.73
2026-01-11 23:36:59,XPQ-01 Main,2026-01-11 23:36:00,754.14,89.84,4.45566166666667,485.27,747.97,208.37,91.14,186.65,89.86,5.07003866666667,485.98,755.76,213.52,88.4,192.91,90.91,4.16747933333333,484.89,758.68,211.99,97.06,187.03,88.76,4.12606866666667,484.93,633.88,276.6,566.59
2026-01-11 23:37:59,XPQ-01 Main,2026-01-11 23:37:00,765.33,90.24,4.35232833333333,485.14,763.24,212.46,90.98,191.19,90.3,4.903372,485.5,765.38,216.12,88.6,196.11,91.13,4.36747933333333,484.98,767.36,214.52,96.17,190.62,89.28,3.79273533333333,484.93,643.1,275.75,577.92
2026-01-11 23:38:59,XPQ-01 Main,2026-01-11 23:38:00,773.91,88.65,4.01232833333333,484.25,775.17,215.34,99.0,190.18,88.7,4.57003866666667,484.73,772.65,217.89,96.83,194.08,89.48,3.934146,484.23,773.9,215.88,103.1,188.8,87.77,3.52606866666667,483.77,649.11,298.92,573.06
2026-01-11 23:39:59,XPQ-01 Main,2026-01-11 23:39:00,747.61,88.58,4.388995,485.04,748.39,208.23,96.55,182.49,88.39,5.07003866666667,485.49,740.21,209.08,92.55,186.82,89.61,4.334146,485.05,754.23,210.75,100.01,183.04,87.76,3.759402,484.56,628.06,289.11,552.35
2026-01-11 23:40:59,XPQ-01 Main,2026-01-11 23:40:00,722.06,88.83,4.34566166666667,485.11,722.18,200.95,92.07,177.75,88.79,4.87003866666667,485.61,720.81,203.67,89.34,181.91,89.76,4.334146,485.15,723.19,202.09,96.02,177.27,87.93,3.8260686666666706,484.55,606.7,277.43,536.92
2026-01-11 23:41:59,XPQ-01 Main,2026-01-11 23:41:00,745.51,90.67,4.55566166666667,484.17,743.74,206.58,85.17,187.36,91.04,5.17003866666667,484.95,750.06,211.6,85.56,192.01,91.34,4.36747933333333,484.13,742.73,207.04,91.22,184.35,89.63,4.12606866666667,483.43,625.22,261.94,563.73
2026-01-11 23:42:59,XPQ-01 Main,2026-01-11 23:42:00,738.71,89.27,4.43232833333333,484.48,734.95,204.33,90.81,182.43,89.52,4.97003866666667,485.3,742.35,209.51,90.15,187.83,90.15,4.334146,484.27,738.84,206.06,96.91,180.68,88.12,3.9927353333333295,483.86,619.91,277.87,550.94
2026-01-11 23:43:59,XPQ-01 Main,2026-01-11 23:43:00,640.94,87.25,4.27566166666667,485.42,636.49,177.26,85.42,154.44,87.51,4.97003866666667,486.03,644.67,182.27,84.82,160.18,88.37,4.20081266666667,485.35,641.67,179.38,91.46,153.27,85.87,3.659402,484.87,538.91,261.69,467.89
2026-01-11 23:44:59,XPQ-01 Main,2026-01-11 23:44:00,633.67,85.67,4.66566166666667,485.23,637.77,177.65,91.68,151.53,85.56,5.203372,486.0,629.12,177.76,89.09,153.29,86.46,4.634146,484.89,634.14,177.15,93.12,150.17,84.99,4.159402,484.8,532.56,273.89,454.99
2026-01-11 23:45:59,XPQ-01 Main,2026-01-11 23:45:00,634.12,84.98,4.36566166666667,485.37,628.57,175.1,92.37,147.28,84.72,5.103372,486.13,633.23,179.01,89.05,153.54,86.5,4.06747933333333,485.12,640.57,179.0,97.16,148.64,83.71,3.92606866666667,484.85,533.1,278.58,449.46
2026-01-11 23:46:59,XPQ-01 Main,2026-01-11 23:46:00,705.8,86.09,4.378995,485.12,705.72,196.42,100.54,168.07,85.82,4.87003866666667,485.78,700.71,198.02,96.56,171.92,87.19,4.434146,485.08,710.96,198.61,103.21,168.47,85.27,3.8260686666666706,484.5,593.04,300.32,508.47
2026-01-11 23:47:59,XPQ-01 Main,2026-01-11 23:47:00,632.24,87.31,4.63232833333333,485.83,630.27,175.7,86.19,152.42,87.05,5.303372,486.44,629.88,178.21,82.45,156.58,88.48,4.40081266666667,485.69,636.58,178.11,89.26,153.17,86.4,4.19273533333333,485.37,532.02,257.9,462.16
2026-01-11 23:48:59,XPQ-01 Main,2026-01-11 23:48:00,631.32,90.78,4.18566166666667,486.4,622.24,173.75,71.42,157.18,91.04,4.93670533333333,487.04,637.41,180.48,70.41,164.35,91.92,3.96747933333333,486.03,634.3,177.67,78.87,157.23,89.38,3.659402,486.13,531.9,220.7,478.75
2026-01-11 23:49:59,XPQ-01 Main,2026-01-11 23:49:00,623.93,90.61,4.398995,486.23,615.65,171.89,70.56,155.1,91.02,5.07003866666667,487.09,631.6,178.81,70.67,162.4,91.7,4.26747933333333,485.73,624.54,174.79,78.63,154.32,89.1,3.859402,485.87,525.5,219.86,471.82
2026-01-11 23:50:59,XPQ-01 Main,2026-01-11 23:50:00,645.25,90.48,4.398995,486.31,639.34,178.55,74.66,160.85,90.7,5.103372,487.1,650.21,184.08,73.64,166.17,91.42,4.30081266666667,485.8,646.19,180.91,80.55,159.94,89.31,3.79273533333333,486.04,543.53,228.86,486.96
2026-01-11 23:51:59,XPQ-01 Main,2026-01-11 23:51:00,661.34,91.51,4.208995,486.38,652.22,182.06,71.22,166.85,91.97,4.903372,486.99,670.52,189.9,71.63,174.59,92.52,4.16747933333333,486.17,661.29,185.24,80.09,165.76,90.04,3.559402,485.99,557.19,222.94,507.21
2026-01-11 23:52:59,XPQ-01 Main,2026-01-11 23:52:00,681.68,90.13,4.55232833333333,485.99,680.36,189.73,81.4,170.36,90.23,5.103372,486.67,682.08,193.07,79.62,174.91,91.01,4.46747933333333,485.86,682.61,191.03,86.15,169.53,89.15,4.09273533333333,485.45,573.82,247.16,514.8
2026-01-11 23:53:59,XPQ-01 Main,2026-01-11 23:53:00,516.53,88.31,5.02232833333333,487.26,510.72,142.85,64.12,126.14,89.14,5.73670533333333,488.06,525.56,149.14,66.48,132.17,89.34,4.934146,486.94,513.32,143.98,71.79,123.49,86.45,4.39273533333333,486.76,435.97,202.4,381.81
2026-01-11 23:54:59,XPQ-01 Main,2026-01-11 23:54:00,443.87,84.45,5.05232833333333,488.17,436.36,122.36,63.08,102.7,85.21,5.53670533333333,488.92,449.31,127.65,64.69,107.17,85.61,4.934146,487.54,445.94,125.33,68.61,100.26,82.53,4.69273533333333,488.03,375.33,196.38,310.13
2026-01-11 23:55:59,XPQ-01 Main,2026-01-11 23:55:00,435.38,86.15,4.898995,488.47,426.87,119.72,58.45,103.38,87.05,5.503372,489.05,445.36,126.61,60.61,108.45,87.29,4.834146,488.04,433.9,122.07,64.88,100.84,84.1,4.359402,488.31,368.39,183.94,312.67
2026-01-11 23:56:59,XPQ-01 Main,2026-01-11 23:56:00,427.82,84.21,5.04232833333333,487.63,419.38,117.43,62.41,97.76,84.29,5.63670533333333,488.58,432.28,122.77,61.43,104.33,86.17,4.934146,487.18,431.8,121.17,68.43,98.69,82.18,4.559402,487.13,361.37,192.28,300.79
2026-01-11 23:57:59,XPQ-01 Main,2026-01-11 23:57:00,421.62,84.83,5.588995,487.95,413.65,115.93,59.12,98.56,85.75,6.13670533333333,488.71,429.58,122.0,61.23,103.83,86.14,5.634146,487.38,421.64,118.45,65.66,96.24,82.61,4.99273533333333,487.76,356.38,186.02,298.62
2026-01-11 23:58:59,XPQ-01 Main,2026-01-11 23:58:00,438.5,84.94,5.098995,488.0,426.4,119.5,62.38,100.58,84.98,5.63670533333333,489.05,442.97,125.9,61.09,108.64,87.16,5.06747933333333,487.46,446.14,125.27,69.62,102.33,82.68,4.59273533333333,487.5,370.67,193.09,311.54
2026-01-11 23:59:59,XPQ-01 Main,2026-01-11 23:59:00,443.23,85.36,5.03232833333333,487.87,431.72,120.92,62.26,102.52,85.47,5.703372,488.64,448.88,127.52,61.21,109.82,87.35,5.06747933333333,487.5,449.08,126.13,68.98,103.66,83.25,4.32606866666667,487.48,374.57,192.45,316.0
2026-01-12 00:00:59,XPQ-01 Main,2026-01-12 00:00:00,458.93,86.08,5.05566166666667,487.97,451.12,126.37,64.61,107.1,85.62,5.603372,488.67,459.1,130.43,61.13,112.34,87.84,5.034146,487.62,466.58,131.09,68.34,109.27,84.78,4.52606866666667,487.62,387.9,194.09,328.71
2026-01-12 00:01:59,XPQ-01 Main,2026-01-12 00:01:00,455.87,85.28,5.34232833333333,487.76,449.86,126.03,65.13,106.89,85.4,5.93670533333333,488.61,458.31,130.13,64.16,111.84,86.74,5.334146,487.17,459.43,128.99,69.83,106.79,83.69,4.759402,487.51,385.15,199.13,325.52
2026-01-12 00:02:59,XPQ-01 Main,2026-01-12 00:02:00,556.23,82.5,4.45566166666667,486.92,557.09,155.7,87.64,127.98,82.51,5.07003866666667,487.85,554.73,157.36,86.07,130.97,83.57,4.36747933333333,486.66,556.88,156.06,90.32,126.66,81.42,3.92606866666667,486.26,469.12,264.03,385.61
2026-01-12 00:03:59,XPQ-01 Main,2026-01-12 00:03:00,989.86,74.04,4.65232833333333,481.13,997.97,275.54,179.96,199.99,74.34,4.97003866666667,481.97,985.79,276.29,179.55,201.99,74.74,4.70081266666667,480.95,985.81,273.05,181.71,194.41,73.06,4.29273533333333,480.47,824.88,541.22,596.4
2026-01-12 00:04:59,XPQ-01 Main,2026-01-12 00:04:00,615.22,81.8,4.13232833333333,485.9,614.42,171.34,98.13,139.74,81.84,4.703372,486.47,615.23,174.05,96.64,143.47,82.94,3.90081266666667,485.69,616.01,172.39,101.51,138.33,80.62,3.79273533333333,485.54,517.78,296.28,421.54
2026-01-12 00:05:59,XPQ-01 Main,2026-01-12 00:05:00,605.9,80.05,4.15232833333333,485.31,609.44,169.72,101.43,135.28,80.01,4.67003866666667,486.09,602.3,170.28,99.54,137.28,80.96,4.134146,485.17,605.96,169.29,102.98,133.54,79.19,3.659402,484.67,509.3,303.96,406.09
2026-01-12 00:06:59,XPQ-01 Main,2026-01-12 00:06:00,619.13,83.41,4.16566166666667,485.47,615.8,171.58,93.86,142.88,83.58,4.87003866666667,486.34,621.02,175.63,93.04,148.12,84.68,4.034146,485.22,620.57,173.41,99.03,141.67,81.96,3.59273533333333,484.84,520.61,285.93,432.66
2026-01-12 00:07:59,XPQ-01 Main,2026-01-12 00:07:00,638.96,81.64,4.098995,484.58,644.87,179.39,102.5,145.48,81.75,4.73670533333333,485.42,635.19,179.26,101.22,146.81,82.33,3.934146,484.23,636.81,177.63,103.93,142.68,80.83,3.6260686666666704,484.08,536.27,307.64,434.96
2026-01-12 00:08:59,XPQ-01 Main,2026-01-12 00:08:00,632.7,82.67,4.02232833333333,484.35,635.8,176.72,98.64,145.82,82.83,4.603372,485.26,631.68,178.27,97.71,148.17,83.48,3.90081266666667,484.16,630.63,175.8,101.11,143.19,81.69,3.559402,483.63,530.79,297.46,437.18
2026-01-12 00:09:59,XPQ-01 Main,2026-01-12 00:09:00,628.86,83.24,4.098995,484.04,628.68,174.71,96.47,145.05,83.27,4.703372,484.86,627.84,176.96,94.87,148.64,84.29,4.06747933333333,483.65,630.05,175.56,99.71,143.64,82.15,3.52606866666667,483.62,527.23,291.06,437.33
2026-01-12 00:10:59,XPQ-01 Main,2026-01-12 00:10:00,612.4,81.72,4.308995,483.67,617.26,171.34,98.34,139.8,81.79,4.903372,484.23,609.32,171.59,96.8,140.71,82.39,4.20081266666667,483.46,610.62,170.1,99.25,137.07,81.0,3.8260686666666706,483.33,513.03,294.4,417.58
2026-01-12 00:11:59,XPQ-01 Main,2026-01-12 00:11:00,697.38,74.16,4.23232833333333,482.41,700.53,193.98,129.66,143.85,74.28,5.003372,483.06,695.33,195.3,128.57,146.28,75.11,4.134146,482.13,696.28,193.43,131.48,140.88,73.11,3.559402,482.05,582.71,389.71,431.0
2026-01-12 00:12:59,XPQ-01 Main,2026-01-12 00:12:00,795.86,78.65,4.25232833333333,481.52,802.9,221.76,136.28,174.72,78.85,4.83670533333333,482.19,793.22,222.54,135.34,176.22,79.31,4.06747933333333,481.55,791.45,219.45,137.8,170.6,77.79,3.859402,480.8,663.74,409.42,521.54
2026-01-12 00:13:59,XPQ-01 Main,2026-01-12 00:13:00,781.23,79.14,4.05566166666667,481.78,785.77,217.13,132.41,171.86,79.22,4.67003866666667,482.48,778.05,218.43,130.82,174.53,80.02,4.00081266666667,481.86,779.87,216.35,134.7,169.01,78.2,3.49273533333333,481.01,651.91,397.93,515.4
2026-01-12 00:14:59,XPQ-01 Main,2026-01-12 00:14:00,752.12,77.84,4.02232833333333,481.85,754.3,208.64,130.26,162.43,78.01,4.53670533333333,482.64,750.9,210.69,129.49,165.85,78.82,4.00081266666667,481.51,751.17,208.38,133.46,159.42,76.68,3.52606866666667,481.4,627.72,393.21,487.7
2026-01-12 00:15:59,XPQ-01 Main,2026-01-12 00:15:00,730.6,76.11,4.14232833333333,482.06,731.67,202.46,131.42,153.61,75.98,4.903372,482.79,726.59,203.95,129.19,157.7,77.36,3.934146,481.75,733.56,203.6,134.4,152.41,75.0,3.59273533333333,481.64,610.02,395.01,463.71
2026-01-12 00:16:59,XPQ-01 Main,2026-01-12 00:16:00,753.99,77.36,4.218995,482.19,756.83,209.45,132.57,161.92,77.38,4.87003866666667,483.04,750.78,210.88,130.87,165.24,78.39,4.234146,481.95,754.37,209.39,135.25,159.73,76.32,3.559402,481.59,629.72,398.69,486.89
2026-01-12 00:17:59,XPQ-01 Main,2026-01-12 00:17:00,849.99,76.19,4.37566166666667,481.1,852.05,235.11,151.87,179.15,76.28,4.83670533333333,481.64,848.55,237.8,150.63,183.5,77.29,4.16747933333333,481.18,849.35,235.37,155.47,176.35,75.01,4.12606866666667,480.5,708.29,457.97,539.0
2026-01-12 00:18:59,XPQ-01 Main,2026-01-12 00:18:00,870.0,76.73,4.088995,480.53,868.78,239.54,152.98,183.99,76.89,4.53670533333333,481.51,870.48,243.79,152.45,190.0,78.0,4.034146,480.42,870.74,240.79,158.37,181.28,75.31,3.6927353333333297,479.66,724.12,463.81,555.27
2026-01-12 00:19:59,XPQ-01 Main,2026-01-12 00:19:00,917.89,78.58,4.088995,480.33,920.13,253.69,155.77,199.99,78.89,4.603372,481.12,918.62,256.96,155.9,204.2,79.48,4.00081266666667,480.03,914.93,253.01,160.22,195.54,77.35,3.659402,479.83,763.65,471.89,599.73
2026-01-12 00:20:59,XPQ-01 Main,2026-01-12 00:20:00,897.2,78.28,3.988995,480.38,899.92,248.12,153.18,195.03,78.64,4.57003866666667,481.19,898.06,251.27,153.61,198.85,79.14,3.90081266666667,480.13,893.63,247.14,157.35,190.29,77.07,3.49273533333333,479.83,746.52,464.13,584.18
2026-01-12 00:21:59,XPQ-01 Main,2026-01-12 00:21:00,892.98,79.81,4.05566166666667,480.77,890.55,245.65,146.93,196.64,80.11,4.63670533333333,481.56,895.73,250.89,147.16,202.97,80.96,4.10081266666667,480.67,892.66,247.09,153.42,193.47,78.35,3.42606866666667,480.09,743.63,447.51,593.08
2026-01-12 00:22:59,XPQ-01 Main,2026-01-12 00:22:00,868.74,76.17,4.36566166666667,480.86,870.9,240.3,154.03,184.22,76.72,4.903372,481.71,871.82,244.25,155.75,188.12,77.03,4.36747933333333,480.73,863.49,239.02,158.69,178.63,74.76,3.8260686666666706,480.16,723.57,468.46,550.98
2026-01-12 00:23:59,XPQ-01 Main,2026-01-12 00:23:00,932.04,78.44,4.03232833333333,480.8,932.78,257.25,158.1,202.6,78.84,4.53670533333333,481.65,934.41,261.85,158.93,207.84,79.44,3.96747933333333,480.83,928.91,257.09,163.8,198.05,77.06,3.59273533333333,479.91,776.18,480.83,608.49
2026-01-12 00:24:59,XPQ-01 Main,2026-01-12 00:24:00,903.77,76.48,4.088995,480.34,909.61,250.75,160.17,192.86,76.93,4.603372,480.92,904.17,252.87,160.91,195.06,77.14,3.96747933333333,480.14,897.51,248.3,163.06,187.03,75.38,3.6927353333333297,479.96,751.92,484.14,574.95
2026-01-12 00:25:59,XPQ-01 Main,2026-01-12 00:25:00,793.34,78.17,4.388995,482.14,794.58,219.83,135.86,172.55,78.57,5.103372,482.97,795.08,223.34,136.49,176.48,79.1,4.20081266666667,482.0,790.35,219.36,140.26,168.4,76.84,3.859402,481.45,662.52,412.61,517.42
2026-01-12 00:26:59,XPQ-01 Main,2026-01-12 00:26:00,806.47,78.13,4.33232833333333,482.05,809.0,223.66,138.95,175.11,78.33,4.903372,482.5,805.97,226.3,138.3,178.7,79.08,4.26747933333333,482.16,804.45,223.4,142.43,171.78,76.98,3.8260686666666706,481.48,673.36,419.69,525.58
2026-01-12 00:27:59,XPQ-01 Main,2026-01-12 00:27:00,798.04,78.07,4.478995,482.27,798.61,221.1,137.1,173.07,78.39,4.903372,483.31,799.08,224.52,137.26,177.36,79.08,4.56747933333333,481.92,796.42,221.01,141.48,169.34,76.74,3.959402,481.59,666.63,415.83,519.78
2026-01-12 00:28:59,XPQ-01 Main,2026-01-12 00:28:00,791.56,78.26,4.14232833333333,482.33,793.7,219.51,136.5,171.4,78.22,4.803372,482.89,788.08,221.49,134.5,175.43,79.36,4.034146,482.53,792.91,220.28,139.67,169.61,77.2,3.59273533333333,481.58,661.28,410.67,516.45
2026-01-12 00:29:59,XPQ-01 Main,2026-01-12 00:29:00,808.89,76.94,4.24232833333333,482.05,813.39,225.06,143.63,172.78,76.9,4.903372,482.79,804.29,225.77,141.45,175.67,77.89,4.334146,481.76,808.99,224.54,145.6,170.42,76.03,3.49273533333333,481.6,675.37,430.69,518.87
2026-01-12 00:30:59,XPQ-01 Main,2026-01-12 00:30:00,808.26,77.27,4.42232833333333,482.0,814.15,225.22,143.01,173.86,77.23,4.83670533333333,482.55,802.99,225.32,140.64,175.9,78.1,4.534146,481.77,807.66,224.23,144.32,171.24,76.46,3.89273533333333,481.68,674.77,427.97,521.0
2026-01-12 00:31:59,XPQ-01 Main,2026-01-12 00:31:00,781.13,76.2,4.198995,482.12,785.43,217.38,140.94,165.06,76.05,4.77003866666667,483.01,775.19,217.68,138.16,167.86,77.21,4.134146,481.79,782.76,217.22,142.57,163.28,75.33,3.6927353333333297,481.58,652.28,421.66,496.2
2026-01-12 00:32:59,XPQ-01 Main,2026-01-12 00:32:00,775.73,75.02,4.03232833333333,482.49,779.76,215.78,143.28,161.24,74.75,4.63670533333333,483.02,770.09,216.44,139.94,164.16,76.1,3.8674793333333297,482.59,777.34,216.04,144.58,160.06,74.21,3.59273533333333,481.86,648.26,427.81,485.46
2026-01-12 00:33:59,XPQ-01 Main,2026-01-12 00:33:00,786.23,75.59,4.08566166666667,482.02,790.11,218.53,143.39,164.59,75.4,4.67003866666667,482.52,780.35,219.0,140.48,167.7,76.66,4.134146,481.89,788.23,218.86,145.16,163.13,74.71,3.459402,481.65,656.4,429.03,495.42
2026-01-12 00:34:59,XPQ-01 Main,2026-01-12 00:34:00,798.74,75.19,4.23232833333333,481.9,806.38,222.89,146.77,167.58,75.23,4.83670533333333,482.36,793.7,222.76,144.92,168.89,75.89,4.134146,481.96,796.15,221.03,147.34,164.24,74.44,3.7260686666666705,481.38,666.68,439.03,500.71
2026-01-12 00:35:59,XPQ-01 Main,2026-01-12 00:35:00,785.64,76.01,4.16566166666667,482.02,789.94,218.48,141.94,165.57,75.92,4.503372,482.91,780.41,219.2,139.57,168.78,77.06,4.26747933333333,481.9,786.57,218.22,144.07,163.66,75.06,3.72606866666667,481.25,655.9,425.58,498.01
2026-01-12 00:36:59,XPQ-01 Main,2026-01-12 00:36:00,771.28,75.16,3.8556616666666703,482.27,776.58,214.79,141.68,161.15,75.1,4.33670533333333,482.68,766.5,215.29,139.44,163.47,76.08,3.934146,482.4,770.76,214.17,143.1,158.79,74.29,3.29273533333333,481.75,644.26,424.21,483.41
2026-01-12 00:37:59,XPQ-01 Main,2026-01-12 00:37:00,784.45,75.67,4.178995,482.11,788.41,218.13,142.34,164.63,75.65,4.73670533333333,482.97,780.14,219.11,140.43,167.92,76.71,4.06747933333333,481.89,784.81,217.79,144.71,162.43,74.67,3.7260686666666705,481.45,655.03,427.49,494.98
2026-01-12 00:38:59,XPQ-01 Main,2026-01-12 00:38:00,804.69,75.99,4.318995,482.05,808.9,223.72,145.75,169.47,75.82,4.87003866666667,482.45,798.9,224.19,142.87,172.51,77.02,4.16747933333333,481.95,806.27,223.93,147.52,167.91,75.13,3.92606866666667,481.74,671.85,436.14,509.89
2026-01-12 00:39:59,XPQ-01 Main,2026-01-12 00:39:00,791.78,75.6,4.24566166666667,482.32,794.88,219.81,144.22,165.58,75.41,4.63670533333333,482.86,786.84,221.15,141.39,169.29,76.75,4.134146,482.56,793.64,220.48,146.46,164.31,74.65,3.959402,481.53,661.44,432.07,499.18
2026-01-12 00:40:59,XPQ-01 Main,2026-01-12 00:40:00,786.12,76.21,3.978995,481.96,789.86,218.45,141.42,166.19,76.16,4.703372,482.54,782.09,219.48,139.34,169.13,77.18,3.834146,481.79,786.41,218.3,143.37,163.96,75.28,3.39273533333333,481.55,656.23,424.13,499.28
2026-01-12 00:41:59,XPQ-01 Main,2026-01-12 00:41:00,782.57,75.38,4.03232833333333,481.83,785.66,217.13,143.03,163.26,75.22,4.33670533333333,482.2,777.93,218.27,140.38,166.68,76.49,4.20081266666667,481.9,784.1,217.7,145.13,161.79,74.44,3.559402,481.4,653.09,428.54,491.73
2026-01-12 00:42:59,XPQ-01 Main,2026-01-12 00:42:00,807.95,75.6,4.14566166666667,481.81,810.76,224.11,147.02,168.68,75.38,4.703372,482.67,802.43,225.31,144.1,172.85,76.81,4.00081266666667,481.76,810.65,224.83,149.65,167.62,74.6,3.7260686666666705,481.01,674.24,440.77,509.15
2026-01-12 00:43:59,XPQ-01 Main,2026-01-12 00:43:00,791.33,75.12,4.27566166666667,482.26,794.3,219.88,145.69,164.24,74.81,4.97003866666667,482.92,784.99,220.4,142.18,167.87,76.31,4.16747933333333,481.96,794.69,220.7,147.54,163.47,74.23,3.6927353333333297,481.91,660.99,435.41,495.58
2026-01-12 00:44:59,XPQ-01 Main,2026-01-12 00:44:00,781.3,74.08,4.21232833333333,482.08,779.93,215.69,145.26,159.34,73.9,4.63670533333333,482.71,778.42,218.61,142.99,165.09,75.59,4.16747933333333,482.09,785.56,218.09,149.56,158.59,72.75,3.8260686666666706,481.44,652.38,437.81,483.02
2026-01-12 00:45:59,XPQ-01 Main,2026-01-12 00:45:00,786.23,74.8,4.14566166666667,481.42,784.31,216.73,143.99,161.7,74.68,4.63670533333333,482.3,783.78,219.8,141.95,167.71,76.33,4.334146,481.14,790.59,219.06,148.75,160.74,73.4,3.459402,480.8,655.59,434.69,490.15
2026-01-12 00:46:59,XPQ-01 Main,2026-01-12 00:46:00,770.77,74.59,4.37566166666667,482.08,774.1,214.12,141.52,160.36,74.98,4.83670533333333,482.85,771.43,216.65,141.93,163.33,75.48,4.26747933333333,481.97,766.79,212.82,144.71,156.04,73.32,4.02606866666667,481.42,643.59,428.16,479.73
2026-01-12 00:47:59,XPQ-01 Main,2026-01-12 00:47:00,805.99,75.39,4.23232833333333,481.9,806.47,223.1,146.13,168.09,75.47,4.87003866666667,482.7,804.46,225.75,144.96,172.69,76.59,4.10081266666667,481.54,807.06,223.9,150.04,165.61,74.11,3.72606866666667,481.45,672.75,441.12,506.39
2026-01-12 00:48:59,XPQ-01 Main,2026-01-12 00:48:00,779.75,75.25,4.26566166666667,481.88,782.71,216.46,141.22,163.57,75.69,4.83670533333333,482.77,780.82,219.2,141.91,166.45,76.1,4.26747933333333,481.65,775.72,215.16,144.53,158.82,73.96,3.6927353333333297,481.23,650.82,427.66,488.84
2026-01-12 00:49:59,XPQ-01 Main,2026-01-12 00:49:00,764.69,76.02,4.06566166666667,481.97,764.21,211.44,136.76,160.74,76.16,4.53670533333333,482.83,764.43,214.58,136.08,165.6,77.26,4.06747933333333,481.63,765.43,212.36,141.03,158.19,74.64,3.59273533333333,481.46,638.37,413.87,484.54
2026-01-12 00:50:59,XPQ-01 Main,2026-01-12 00:50:00,779.2,73.53,4.108995,481.91,783.31,216.68,145.51,160.27,74.04,4.53670533333333,482.66,780.33,218.98,146.46,162.51,74.28,4.26747933333333,481.62,773.96,214.74,148.28,155.06,72.27,3.52606866666667,481.44,650.4,440.25,477.84
2026-01-12 00:51:59,XPQ-01 Main,2026-01-12 00:51:00,758.59,75.48,4.288995,482.41,761.14,210.69,136.71,159.85,76.0,4.903372,483.2,760.51,213.74,137.87,162.95,76.34,4.16747933333333,482.29,754.11,209.44,140.4,154.91,74.1,3.79273533333333,481.75,633.86,414.97,477.72
2026-01-12 00:52:59,XPQ-01 Main,2026-01-12 00:52:00,763.12,75.38,4.46566166666667,482.39,760.34,210.37,138.28,157.81,75.21,4.87003866666667,483.0,761.24,213.94,136.15,164.22,76.98,4.534146,482.47,767.77,213.3,143.24,157.33,73.94,3.9927353333333295,481.71,637.61,417.67,479.36
2026-01-12 00:53:59,XPQ-01 Main,2026-01-12 00:53:00,864.63,76.35,4.21232833333333,481.59,864.57,238.93,152.85,183.23,76.79,4.77003866666667,482.29,867.2,243.24,153.94,188.0,77.37,4.10081266666667,481.41,862.13,239.07,157.98,178.54,74.89,3.759402,481.06,721.24,464.78,549.76
2026-01-12 00:54:59,XPQ-01 Main,2026-01-12 00:54:00,913.99,75.89,3.84232833333333,481.07,917.01,253.07,163.2,193.0,76.36,4.33670533333333,481.83,916.29,256.84,164.33,196.91,76.78,3.734146,481.06,908.67,251.68,167.71,187.54,74.54,3.459402,480.33,761.59,495.23,577.45
2026-01-12 00:55:59,XPQ-01 Main,2026-01-12 00:55:00,945.68,78.98,3.788995,480.57,946.68,260.9,158.75,206.82,79.33,4.23670533333333,481.13,947.9,265.39,159.21,211.82,79.94,3.834146,480.7,942.47,260.89,164.07,202.33,77.67,3.29273533333333,479.89,787.18,482.03,620.97
2026-01-12 00:56:59,XPQ-01 Main,2026-01-12 00:56:00,934.2,78.21,3.8556616666666703,481.02,935.3,258.12,161.0,201.53,78.13,4.47003866666667,481.54,930.67,260.68,158.4,206.64,79.36,3.834146,480.93,936.63,259.52,164.91,199.85,77.13,3.259402,480.58,778.32,484.31,608.02
2026-01-12 00:57:59,XPQ-01 Main,2026-01-12 00:57:00,941.05,78.49,3.988995,481.08,941.67,259.97,160.33,204.23,78.66,4.53670533333333,481.87,940.36,263.52,159.49,209.53,79.57,3.96747933333333,480.89,941.13,260.66,165.33,201.14,77.25,3.459402,480.48,784.14,485.15,614.9
2026-01-12 00:58:59,XPQ-01 Main,2026-01-12 00:58:00,966.43,78.66,4.06566166666667,480.7,970.12,267.56,163.87,211.1,78.99,4.63670533333333,481.46,966.58,270.68,164.05,214.96,79.49,3.934146,480.59,962.59,266.41,168.27,206.24,77.48,3.6260686666666704,480.03,804.65,496.2,632.3
2026-01-12 00:59:59,XPQ-01 Main,2026-01-12 00:59:00,1003.44,79.3,3.898995,480.24,1011.4,278.62,168.38,221.84,79.65,4.77003866666667,480.67,1002.26,280.27,168.44,223.69,79.88,3.66747933333333,480.24,996.66,275.77,171.13,215.89,78.37,3.259402,479.81,834.66,507.95,661.42
2026-01-12 01:00:59,XPQ-01 Main,2026-01-12 01:00:00,974.28,78.26,3.96566166666667,480.11,983.22,270.86,166.93,213.04,78.72,4.63670533333333,480.78,973.67,272.27,167.66,214.25,78.75,3.80081266666667,480.0,965.95,267.07,169.26,206.41,77.32,3.459402,479.56,810.2,503.85,633.7
2026-01-12 01:01:59,XPQ-01 Main,2026-01-12 01:01:00,1002.91,79.37,3.7856616666666705,480.76,1009.58,278.59,167.87,221.98,79.76,4.27003866666667,481.5,1002.36,280.61,168.28,224.36,80.0,3.60081266666667,480.48,996.78,275.93,171.33,215.93,78.34,3.49273533333333,480.31,835.13,507.48,662.27
2026-01-12 01:02:59,XPQ-01 Main,2026-01-12 01:02:00,1017.35,79.44,3.688995,479.96,1023.58,281.79,170.11,224.5,79.7,4.303372,480.39,1016.0,283.96,169.6,227.3,80.15,3.60081266666667,479.99,1012.47,279.98,173.44,219.43,78.45,3.159402,479.48,845.73,513.14,671.24
2026-01-12 01:03:59,XPQ-01 Main,2026-01-12 01:03:00,973.21,79.29,3.84232833333333,479.73,974.17,268.01,163.34,212.22,79.24,4.43670533333333,480.19,969.89,271.02,160.73,217.68,80.45,3.8674793333333297,479.87,975.55,269.63,167.9,210.54,78.18,3.22606866666667,479.15,808.66,491.98,640.44
2026-01-12 01:04:59,XPQ-01 Main,2026-01-12 01:04:00,924.06,79.09,3.718995,479.88,926.53,254.98,155.63,201.83,79.19,4.23670533333333,480.34,922.52,257.86,154.26,206.28,80.09,3.7008126666666703,480.0,923.14,255.22,159.64,198.9,77.99,3.22606866666667,479.29,768.06,469.52,607.01
2026-01-12 01:05:59,XPQ-01 Main,2026-01-12 01:05:00,947.27,77.97,3.8656616666666705,479.38,950.3,261.38,163.36,203.82,78.03,4.43670533333333,479.98,943.99,263.54,161.55,208.04,78.98,3.8674793333333297,479.27,947.51,261.6,167.09,201.03,76.9,3.29273533333333,478.88,786.52,492.0,612.89
2026-01-12 01:06:59,XPQ-01 Main,2026-01-12 01:06:00,969.68,78.97,3.84232833333333,479.6,976.96,268.81,164.14,212.79,79.18,4.27003866666667,480.07,966.59,269.92,163.14,214.86,79.64,3.80081266666667,479.53,965.49,266.76,166.5,208.12,78.09,3.459402,479.19,805.49,493.78,635.78
2026-01-12 01:07:59,XPQ-01 Main,2026-01-12 01:07:00,942.56,78.94,3.94566166666667,479.92,942.11,259.32,159.44,204.05,78.8,4.503372,480.55,938.88,262.53,156.44,210.26,80.23,3.9008126666666705,479.99,946.71,261.65,164.25,203.36,77.79,3.42606866666667,479.21,783.5,480.12,617.67
2026-01-12 01:08:59,XPQ-01 Main,2026-01-12 01:08:00,924.08,78.65,3.8656616666666705,480.11,927.93,255.59,157.51,201.1,78.73,4.403372,480.72,920.97,257.53,155.85,204.87,79.59,3.8674793333333297,480.05,923.36,255.32,160.78,198.11,77.65,3.32606866666667,479.56,768.44,474.13,604.08
2026-01-12 01:09:59,XPQ-01 Main,2026-01-12 01:09:00,966.54,78.81,3.7523283333333297,479.74,972.06,267.51,163.78,211.45,79.06,4.33670533333333,480.23,964.8,269.54,163.18,214.31,79.56,3.734146,479.74,962.76,266.08,166.96,206.89,77.82,3.19273533333333,479.25,803.13,493.92,632.65
2026-01-12 01:10:59,XPQ-01 Main,2026-01-12 01:10:00,967.63,78.59,4.14566166666667,479.49,973.05,267.62,164.51,210.98,78.86,4.93670533333333,479.96,966.08,269.77,164.12,213.97,79.35,4.134146,479.53,963.75,266.22,167.92,206.3,77.56,3.359402,478.98,803.62,496.55,631.26
2026-01-12 01:11:59,XPQ-01 Main,2026-01-12 01:11:00,928.79,78.31,3.8556616666666703,479.78,929.57,255.83,158.41,200.82,78.51,4.503372,480.35,929.16,259.66,157.85,205.9,79.36,3.90081266666667,479.79,927.66,256.35,163.29,197.42,77.06,3.159402,479.2,771.84,479.56,604.14
2026-01-12 01:12:59,XPQ-01 Main,2026-01-12 01:12:00,945.06,79.3,4.15566166666667,479.8,942.18,259.25,157.54,205.71,79.39,4.87003866666667,480.31,945.51,264.27,156.3,212.61,80.57,4.134146,479.92,947.5,261.88,163.81,203.8,77.94,3.459402,479.18,785.4,477.64,622.12
2026-01-12 01:13:59,XPQ-01 Main,2026-01-12 01:13:00,967.93,78.49,4.06566166666667,479.68,970.28,267.05,163.97,210.57,78.9,4.703372,480.33,969.54,270.86,164.7,214.92,79.37,4.134146,479.56,963.98,266.29,169.15,205.47,77.2,3.359402,479.15,804.2,497.82,630.96
2026-01-12 01:14:59,XPQ-01 Main,2026-01-12 01:14:00,952.27,79.45,3.908995,479.65,952.22,261.94,158.17,208.54,79.68,4.47003866666667,480.17,953.07,266.3,157.8,214.26,80.52,3.90081266666667,479.75,951.52,262.9,163.89,205.28,78.15,3.359402,479.03,791.14,479.86,628.08
2026-01-12 01:15:59,XPQ-01 Main,2026-01-12 01:15:00,951.09,77.79,4.18566166666667,480.06,955.63,263.22,163.88,205.82,78.23,4.803372,480.66,952.04,266.16,164.7,208.84,78.52,4.26747933333333,479.95,945.6,261.44,167.81,200.14,76.63,3.49273533333333,479.56,790.82,496.38,614.8
2026-01-12 01:16:59,XPQ-01 Main,2026-01-12 01:16:00,914.26,77.97,4.12232833333333,480.43,912.64,251.46,157.11,196.21,78.06,4.77003866666667,480.91,914.53,255.92,155.98,202.45,79.22,4.06747933333333,480.52,915.62,253.41,162.6,194.03,76.64,3.52606866666667,479.84,760.79,475.7,592.69
2026-01-12 01:17:59,XPQ-01 Main,2026-01-12 01:17:00,811.85,75.07,4.27566166666667,480.95,812.37,224.14,148.17,168.08,75.01,4.803372,481.43,808.89,226.55,146.16,172.77,76.35,4.234146,480.92,814.31,225.61,151.93,166.43,73.85,3.79273533333333,480.49,676.29,446.25,507.28
2026-01-12 01:18:59,XPQ-01 Main,2026-01-12 01:18:00,794.27,76.99,4.22232833333333,481.49,791.85,218.73,140.34,167.3,76.62,4.73670533333333,482.18,789.64,221.49,136.7,173.85,78.61,4.26747933333333,481.44,801.33,222.17,144.9,168.17,75.76,3.659402,480.84,662.39,421.94,509.32
2026-01-12 01:19:59,XPQ-01 Main,2026-01-12 01:19:00,793.6,74.47,3.918995,481.61,796.37,220.03,145.87,164.07,74.73,4.63670533333333,482.02,793.57,222.53,145.53,166.81,75.35,3.7674793333333296,481.6,790.86,219.45,148.6,160.21,73.32,3.359402,481.21,662.01,440.0,491.09
2026-01-12 01:20:59,XPQ-01 Main,2026-01-12 01:20:00,790.46,74.3,4.398995,481.55,791.25,218.55,145.88,162.23,74.36,5.003372,482.07,789.14,221.35,144.67,166.6,75.5,4.534146,481.6,790.99,219.4,149.49,159.91,73.05,3.659402,480.98,659.31,440.04,488.74
2026-01-12 01:21:59,XPQ-01 Main,2026-01-12 01:21:00,766.07,75.32,4.308995,481.61,764.58,211.29,139.57,158.29,75.01,4.803372,482.17,762.01,213.7,136.46,163.73,76.82,4.234146,481.48,771.64,214.05,143.19,158.24,74.15,3.89273533333333,481.19,639.04,419.23,480.27
2026-01-12 01:22:59,XPQ-01 Main,2026-01-12 01:22:00,788.93,74.83,4.18566166666667,481.46,788.47,217.83,144.42,162.68,74.78,4.97003866666667,482.21,786.48,220.58,142.67,167.91,76.21,4.20081266666667,481.33,791.84,219.5,148.65,161.2,73.51,3.39273533333333,480.84,657.9,435.74,491.79
2026-01-12 01:23:59,XPQ-01 Main,2026-01-12 01:23:00,781.64,73.8,4.26566166666667,481.46,787.16,217.48,147.1,159.81,73.58,4.73670533333333,482.04,774.79,217.21,143.95,162.31,74.82,4.40081266666667,481.3,782.98,217.11,148.15,158.25,73.0,3.659402,481.03,651.8,439.2,480.36
2026-01-12 01:24:59,XPQ-01 Main,2026-01-12 01:24:00,763.6,73.0,4.15566166666667,481.92,771.34,213.25,145.69,155.31,72.93,4.703372,482.52,757.48,212.63,143.33,156.63,73.77,4.26747933333333,481.91,761.97,211.48,145.93,152.65,72.28,3.49273533333333,481.34,637.37,434.96,464.58
2026-01-12 01:25:59,XPQ-01 Main,2026-01-12 01:25:00,854.85,74.21,4.77566166666667,480.44,856.21,235.95,159.0,174.01,73.82,5.103372,481.03,848.62,237.51,154.91,178.09,75.45,4.834146,480.49,859.73,237.89,160.85,173.67,73.37,4.39273533333333,479.81,711.36,474.75,525.77
2026-01-12 01:26:59,XPQ-01 Main,2026-01-12 01:26:00,845.52,73.98,4.088995,480.6,849.78,234.26,157.85,172.34,73.74,4.503372,481.23,839.34,235.0,154.69,176.08,75.13,4.26747933333333,480.62,847.45,234.55,159.84,171.05,73.06,3.49273533333333,479.94,703.81,472.38,519.47
2026-01-12 01:27:59,XPQ-01 Main,2026-01-12 01:27:00,877.58,75.29,4.078995,480.84,880.13,242.76,159.94,182.11,75.14,4.47003866666667,481.46,872.6,244.42,157.18,186.56,76.48,4.134146,480.83,880.01,243.69,162.99,180.71,74.26,3.6260686666666704,480.23,730.87,480.1,549.38
2026-01-12 01:28:59,XPQ-01 Main,2026-01-12 01:28:00,896.28,75.62,4.16566166666667,480.6,901.3,248.47,162.42,187.54,75.59,4.83670533333333,481.09,890.57,249.27,160.14,190.65,76.57,4.06747933333333,480.63,896.97,248.34,164.67,184.97,74.69,3.59273533333333,480.09,746.08,487.22,563.16
2026-01-12 01:29:59,XPQ-01 Main,2026-01-12 01:29:00,903.06,77.07,3.8756616666666703,480.56,905.01,249.43,158.81,191.76,77.02,4.603372,481.04,899.49,251.78,156.6,196.57,78.21,3.7008126666666703,480.67,904.68,250.46,162.59,190.0,75.98,3.32606866666667,479.99,751.67,477.99,578.32
2026-01-12 01:30:59,XPQ-01 Main,2026-01-12 01:30:00,942.26,77.77,4.14566166666667,480.64,942.54,259.87,163.0,201.41,77.73,4.803372,481.17,939.13,262.9,160.71,206.26,78.88,4.10081266666667,480.64,945.1,261.66,166.92,199.46,76.69,3.52606866666667,480.11,784.43,490.63,607.13
2026-01-12 01:31:59,XPQ-01 Main,2026-01-12 01:31:00,973.14,78.25,3.9556616666666704,480.48,979.03,269.82,166.65,211.3,78.52,4.63670533333333,480.88,971.47,271.79,166.16,213.73,78.95,3.934146,480.52,968.92,268.24,169.53,206.44,77.28,3.29273533333333,480.04,809.86,502.34,631.47
2026-01-12 01:32:59,XPQ-01 Main,2026-01-12 01:32:00,919.17,77.02,3.97566166666667,480.74,921.08,253.93,162.55,194.79,76.78,4.503372,481.18,913.08,255.69,158.98,199.63,78.23,3.934146,480.89,923.36,255.74,165.68,194.12,76.06,3.49273533333333,480.15,765.35,487.2,588.54
2026-01-12 01:33:59,XPQ-01 Main,2026-01-12 01:33:00,961.58,77.38,3.8456616666666705,480.03,966.08,266.03,166.88,206.52,77.78,4.53670533333333,480.6,961.3,268.77,167.5,209.7,78.13,3.8674793333333297,480.02,957.36,264.7,170.8,201.22,76.24,3.12606866666667,479.48,799.5,505.18,617.44
2026-01-12 01:34:59,XPQ-01 Main,2026-01-12 01:34:00,917.08,78.71,3.97566166666667,481.13,919.89,253.88,155.48,200.3,78.99,4.67003866666667,481.6,917.44,257.05,155.35,204.01,79.56,4.00081266666667,481.13,913.91,253.31,159.49,195.98,77.56,3.259402,480.65,764.25,470.32,600.29
2026-01-12 01:35:59,XPQ-01 Main,2026-01-12 01:35:00,921.76,79.49,3.898995,480.8,921.64,254.12,153.04,201.91,79.69,4.503372,481.3,922.34,258.32,152.54,207.4,80.56,4.034146,480.92,921.29,255.17,158.51,198.9,78.2,3.159402,480.18,767.62,464.09,608.21
2026-01-12 01:36:59,XPQ-01 Main,2026-01-12 01:36:00,937.79,78.18,3.788995,480.37,940.39,259.11,159.95,203.02,78.55,4.37003866666667,480.75,939.62,262.83,160.42,206.92,79.03,3.90081266666667,480.43,933.36,258.34,164.51,198.26,76.96,3.09273533333333,479.93,780.28,484.89,608.19
2026-01-12 01:37:59,XPQ-01 Main,2026-01-12 01:37:00,921.27,79.21,4.06566166666667,480.86,920.73,254.04,154.11,200.95,79.35,4.73670533333333,481.54,920.98,257.94,153.04,206.41,80.33,3.9008126666666705,480.72,922.11,255.33,159.38,198.36,77.96,3.559402,480.32,767.32,466.53,605.73
2026-01-12 01:38:59,XPQ-01 Main,2026-01-12 01:38:00,978.4,80.51,3.83232833333333,480.9,981.05,270.58,158.49,218.73,80.98,4.33670533333333,481.44,981.3,274.89,159.78,223.1,81.3,3.834146,480.98,972.86,269.5,164.1,213.21,79.24,3.32606866666667,480.28,814.97,482.37,655.04
2026-01-12 01:39:59,XPQ-01 Main,2026-01-12 01:39:00,986.61,76.56,3.888995,480.01,988.76,272.22,172.98,205.86,76.56,4.47003866666667,480.55,984.65,275.32,171.04,211.05,77.69,3.90081266666667,480.07,986.41,272.73,177.11,203.4,75.42,3.29273533333333,479.41,820.27,521.13,620.32
2026-01-12 01:40:59,XPQ-01 Main,2026-01-12 01:40:00,1006.49,76.16,3.83232833333333,479.31,1006.49,276.74,178.19,211.37,76.46,4.303372,479.84,1008.15,281.43,178.37,217.12,77.27,3.8674793333333297,479.31,1004.82,277.43,184.03,207.12,74.75,3.32606866666667,478.79,835.6,540.59,635.6
2026-01-12 01:41:59,XPQ-01 Main,2026-01-12 01:41:00,1025.15,76.39,3.918995,479.58,1028.84,283.01,179.89,218.12,77.15,4.603372,480.12,1031.68,288.19,183.28,221.66,77.07,4.10081266666667,479.64,1014.92,280.38,185.39,209.91,74.95,3.059402,478.99,851.58,548.56,649.68
2026-01-12 01:42:59,XPQ-01 Main,2026-01-12 01:42:00,925.46,73.63,3.9456616666666706,480.89,922.11,254.47,171.36,187.3,73.78,4.23670533333333,481.57,926.19,259.38,171.04,193.83,74.98,4.00081266666667,480.7,928.08,257.0,177.02,184.29,72.12,3.59273533333333,480.39,770.85,519.42,565.41
2026-01-12 01:43:59,XPQ-01 Main,2026-01-12 01:43:00,956.95,72.87,4.018995,480.6,955.33,263.38,179.88,191.22,72.84,4.57003866666667,481.11,955.19,267.35,178.13,197.7,74.29,4.06747933333333,480.6,960.34,265.86,185.07,189.23,71.49,3.42606866666667,480.08,796.59,543.08,578.14
2026-01-12 01:44:59,XPQ-01 Main,2026-01-12 01:44:00,934.0,72.8,4.378995,480.62,930.4,256.58,176.25,186.05,72.6,4.97003866666667,481.29,931.67,260.81,173.84,193.57,74.4,4.534146,480.5,939.92,260.13,181.7,185.24,71.39,3.6260686666666704,480.07,777.53,531.78,564.86
2026-01-12 01:45:59,XPQ-01 Main,2026-01-12 01:45:00,1022.44,75.82,3.96566166666667,480.52,1023.43,282.09,181.96,215.11,76.35,4.403372,481.0,1026.94,287.38,183.76,220.02,76.75,3.934146,480.55,1016.94,281.51,187.87,208.99,74.37,3.559402,480.01,850.98,553.59,644.11
2026-01-12 01:46:59,XPQ-01 Main,2026-01-12 01:46:00,1045.09,77.2,4.198995,480.49,1044.57,287.94,181.22,222.72,77.57,4.83670533333333,481.22,1048.48,293.49,182.04,229.3,78.32,4.234146,480.42,1042.23,288.35,188.17,218.03,75.7,3.52606866666667,479.83,869.78,551.42,670.05
2026-01-12 01:47:59,XPQ-01 Main,2026-01-12 01:47:00,1034.54,77.14,4.07566166666667,480.2,1034.1,284.88,179.79,220.41,77.49,4.703372,480.83,1037.54,290.2,180.51,226.26,78.17,4.00081266666667,480.14,1031.99,285.4,185.82,215.64,75.75,3.52606866666667,479.63,860.48,546.12,662.32
2026-01-12 01:48:59,XPQ-01 Main,2026-01-12 01:48:00,1050.97,77.35,3.8656616666666705,480.22,1053.11,290.19,181.68,224.31,77.71,4.47003866666667,480.82,1054.1,294.76,182.36,229.81,78.33,3.734146,480.07,1045.7,289.23,187.47,219.25,76.0,3.39273533333333,479.79,874.18,551.52,673.37
2026-01-12 01:49:59,XPQ-01 Main,2026-01-12 01:49:00,1051.02,77.59,3.8556616666666703,479.74,1049.61,288.74,181.16,224.04,77.76,4.403372,480.38,1052.32,294.19,180.58,231.39,78.84,3.8674793333333297,479.9,1051.12,290.41,187.93,220.99,76.18,3.29273533333333,478.93,873.33,549.66,676.42
2026-01-12 01:51:59,XPQ-01 Main,2026-01-12 01:51:00,1063.88,76.41,3.698995,480.24,1068.08,294.35,187.79,226.12,76.93,4.27003866666667,480.99,1066.4,298.28,189.46,229.92,77.17,3.66747933333333,480.07,1057.18,292.33,192.63,219.35,75.14,3.159402,479.68,884.96,569.88,675.38
2026-01-12 01:52:59,XPQ-01 Main,2026-01-12 01:52:00,1014.99,75.48,3.698995,480.57,1018.99,280.83,182.09,212.71,75.97,4.303372,481.31,1016.44,284.68,183.6,216.96,76.34,3.56747933333333,480.69,1009.54,279.35,186.96,206.58,74.14,3.22606866666667,479.7,844.86,552.65,636.25
2026-01-12 01:53:59,XPQ-01 Main,2026-01-12 01:53:00,1033.89,75.34,3.65232833333333,480.26,1039.66,286.53,186.27,217.16,75.9,4.17003866666667,481.01,1035.48,289.66,188.14,220.02,76.0,3.634146,480.09,1026.53,283.86,190.25,209.96,74.1,3.159402,479.69,860.05,564.66,647.14
2026-01-12 01:54:59,XPQ-01 Main,2026-01-12 01:54:00,1004.96,75.73,3.9456616666666706,480.57,1006.43,277.45,181.28,209.47,75.62,4.303372,481.19,1000.44,280.07,178.63,215.43,76.98,4.10081266666667,480.56,1008.0,278.99,185.57,207.89,74.6,3.42606866666667,479.96,836.5,545.48,632.79
2026-01-12 01:55:59,XPQ-01 Main,2026-01-12 01:55:00,1008.74,75.73,4.008995,480.61,1010.92,278.61,181.67,210.57,75.72,4.67003866666667,481.28,1005.81,281.71,179.72,215.92,76.86,4.10081266666667,480.75,1009.48,279.39,185.72,208.13,74.61,3.259402,479.79,839.71,547.11,634.62
2026-01-12 01:56:59,XPQ-01 Main,2026-01-12 01:56:00,989.34,75.26,4.03232833333333,481.11,989.35,272.97,180.37,204.52,75.0,4.73670533333333,481.82,983.92,275.87,176.82,211.08,76.66,3.96747933333333,481.23,994.75,275.58,184.73,204.06,74.13,3.39273533333333,480.29,824.42,541.92,619.66
2026-01-12 01:57:59,XPQ-01 Main,2026-01-12 01:57:00,1046.79,74.79,4.05566166666667,480.39,1053.73,290.26,192.09,217.34,74.93,4.77003866666667,480.87,1043.48,292.02,190.77,220.38,75.61,3.90081266666667,480.57,1043.16,288.7,194.44,212.81,73.83,3.49273533333333,479.72,870.98,577.3,650.53
2026-01-12 01:58:59,XPQ-01 Main,2026-01-12 01:58:00,1042.24,75.23,3.9556616666666704,480.7,1051.92,290.09,189.06,219.34,75.75,4.603372,481.39,1041.73,291.71,190.19,220.32,75.7,4.134146,480.66,1033.07,285.97,191.02,211.74,74.25,3.12606866666667,480.06,867.77,570.27,651.39
2026-01-12 01:59:59,XPQ-01 Main,2026-01-12 01:59:00,1014.24,75.78,3.978995,480.47,1017.33,280.38,181.88,212.47,75.97,4.53670533333333,481.1,1012.21,283.31,181.19,217.09,76.77,4.034146,480.49,1013.18,280.36,186.02,208.41,74.6,3.359402,479.84,844.06,549.09,637.97
2026-01-12 02:00:59,XPQ-01 Main,2026-01-12 02:00:00,1014.46,74.96,4.14232833333333,481.06,1019.5,281.33,184.95,211.19,75.23,4.803372,481.67,1012.67,283.76,184.64,214.71,75.82,4.234146,481.05,1011.22,280.17,188.34,206.25,73.84,3.39273533333333,480.45,845.27,557.93,632.14
2026-01-12 02:01:59,XPQ-01 Main,2026-01-12 02:01:00,1009.14,76.55,4.03232833333333,481.61,1010.46,279.15,179.57,213.42,76.52,4.503372,482.22,1005.97,282.22,177.38,218.85,77.69,4.10081266666667,481.62,1010.99,280.44,183.65,211.1,75.45,3.49273533333333,481.0,841.8,540.61,643.38
2026-01-12 02:02:59,XPQ-01 Main,2026-01-12 02:02:00,1050.44,74.72,3.788995,481.04,1057.63,291.8,191.64,219.47,75.32,4.23670533333333,481.61,1052.94,295.06,193.7,221.99,75.35,3.80081266666667,481.11,1040.76,288.37,195.41,211.77,73.49,3.32606866666667,480.39,875.22,580.75,653.24
2026-01-12 02:03:59,XPQ-01 Main,2026-01-12 02:03:00,1026.26,76.42,3.878995,480.67,1027.04,283.08,182.24,216.03,76.43,4.33670533333333,481.17,1024.59,286.91,180.33,221.54,77.56,3.934146,480.83,1027.16,284.42,186.78,213.46,75.26,3.359402,480.01,854.41,549.35,651.03
2026-01-12 02:04:59,XPQ-01 Main,2026-01-12 02:04:00,1007.31,76.23,3.8456616666666705,481.18,1009.07,278.42,180.59,211.63,76.07,4.403372,481.62,1002.41,280.97,177.54,217.28,77.44,3.8674793333333297,481.35,1010.46,280.13,184.48,210.33,75.18,3.259402,480.56,839.52,542.62,639.23
2026-01-12 02:05:59,XPQ-01 Main,2026-01-12 02:05:00,1041.21,75.73,3.9423283333333297,480.58,1038.81,286.31,186.5,216.72,75.8,4.43670533333333,481.18,1040.28,291.27,185.21,223.79,77.04,3.96747933333333,480.69,1044.54,289.12,192.65,214.27,74.36,3.42606866666667,479.89,866.71,564.37,654.78
2026-01-12 02:06:59,XPQ-01 Main,2026-01-12 02:06:00,1064.82,75.0,3.8756616666666703,480.82,1068.61,294.71,191.97,223.08,75.8,4.43670533333333,481.38,1071.15,300.0,195.82,226.79,75.69,3.7674793333333296,480.88,1054.7,292.11,197.65,214.31,73.51,3.42606866666667,480.2,886.82,585.44,664.18
2026-01-12 02:07:59,XPQ-01 Main,2026-01-12 02:07:00,1013.91,74.82,3.898995,481.2,1018.53,281.1,184.87,211.24,75.25,4.403372,481.78,1015.53,284.68,185.84,214.83,75.63,4.06747933333333,481.28,1007.67,279.29,188.9,205.19,73.57,3.22606866666667,480.54,845.07,559.61,631.26
2026-01-12 02:08:59,XPQ-01 Main,2026-01-12 02:08:00,1026.16,74.86,3.998995,481.08,1029.72,284.11,185.84,214.11,75.52,4.63670533333333,481.74,1030.91,288.97,188.6,217.88,75.61,4.10081266666667,481.17,1017.86,282.0,190.9,206.55,73.44,3.259402,480.34,855.08,565.34,638.54
2026-01-12 02:09:59,XPQ-01 Main,2026-01-12 02:09:00,1020.4,76.13,3.7223283333333295,481.14,1023.27,282.32,181.87,215.54,76.43,4.303372,481.71,1021.08,286.25,182.01,220.12,77.07,3.7674793333333296,481.3,1016.86,281.81,186.41,210.79,74.91,3.09273533333333,480.41,850.37,550.3,646.45
2026-01-12 02:10:59,XPQ-01 Main,2026-01-12 02:10:00,1038.82,74.66,4.088995,480.49,1042.55,287.31,188.41,216.57,75.44,4.67003866666667,481.0,1045.34,292.56,192.01,220.03,75.35,4.16747933333333,480.58,1028.56,284.7,193.78,208.14,73.19,3.42606866666667,479.9,864.57,574.19,644.74
2026-01-12 02:11:59,XPQ-01 Main,2026-01-12 02:11:00,914.26,72.97,4.888995,481.7,915.12,252.88,172.86,183.8,72.84,5.17003866666667,482.25,910.9,255.55,170.61,189.14,74.26,5.26747933333333,481.66,916.77,254.37,176.53,182.09,71.8,4.22606866666667,481.18,762.79,520.0,555.03
2026-01-12 02:12:59,XPQ-01 Main,2026-01-12 02:12:00,1038.17,77.48,3.86566166666667,481.24,1037.85,286.39,181.07,221.33,77.4,4.47003866666667,481.76,1035.63,290.37,178.53,228.06,78.74,4.00081266666667,481.43,1041.03,288.6,186.17,219.82,76.31,3.12606866666667,480.55,865.36,545.77,669.21
2026-01-12 02:13:59,XPQ-01 Main,2026-01-12 02:13:00,1011.21,72.21,3.708995,480.9,1016.09,280.36,190.62,204.43,73.14,4.203372,481.44,1018.42,285.18,194.85,206.78,72.78,3.8674793333333297,480.8,999.11,276.77,195.05,195.05,70.71,3.059402,480.46,842.31,580.52,606.26
2026-01-12 02:14:59,XPQ-01 Main,2026-01-12 02:14:00,974.01,74.39,3.7756616666666702,480.76,974.83,268.8,178.59,200.24,74.63,4.43670533333333,481.49,974.35,272.96,178.62,205.72,75.51,3.934146,480.82,972.85,269.3,183.55,196.31,73.05,2.959402,479.97,811.06,540.77,602.27
2026-01-12 02:15:59,XPQ-01 Main,2026-01-12 02:15:00,1001.02,73.4,4.08566166666667,480.75,1004.09,277.01,185.73,205.12,74.13,4.67003866666667,481.39,1005.86,281.59,188.71,208.39,74.12,4.30081266666667,480.57,993.11,274.96,190.4,197.25,71.95,3.29273533333333,480.29,833.55,564.84,610.75
2026-01-12 02:16:59,XPQ-01 Main,2026-01-12 02:16:00,922.12,76.52,3.93232833333333,482.19,925.07,255.9,162.37,196.64,77.11,4.43670533333333,482.86,925.93,260.08,164.33,200.55,77.35,3.934146,482.15,915.38,254.17,167.46,190.51,75.11,3.42606866666667,481.56,770.15,494.16,587.7
2026-01-12 02:17:59,XPQ-01 Main,2026-01-12 02:17:00,892.61,77.6,3.978995,482.27,893.37,247.2,155.02,191.98,77.8,4.43670533333333,483.02,892.21,250.67,154.52,196.86,78.66,4.034146,482.16,892.25,247.75,159.66,188.64,76.33,3.459402,481.63,745.62,469.2,577.48
2026-01-12 02:18:59,XPQ-01 Main,2026-01-12 02:18:00,936.16,76.8,3.62232833333333,481.85,936.68,259.03,162.96,200.49,77.6,4.03670533333333,482.6,943.1,264.66,166.54,205.35,77.67,3.66747933333333,481.63,928.7,257.65,169.73,193.32,75.15,3.159402,481.33,781.35,499.23,599.16
2026-01-12 02:19:59,XPQ-01 Main,2026-01-12 02:19:00,903.53,75.96,3.918995,481.65,908.7,251.07,162.04,191.33,76.31,4.503372,482.06,903.26,253.32,162.14,193.65,76.67,3.934146,481.66,898.64,249.38,164.68,186.21,74.91,3.32606866666667,481.23,753.77,488.86,571.19
2026-01-12 02:20:59,XPQ-01 Main,2026-01-12 02:20:00,906.54,78.29,3.908995,481.88,909.81,251.56,155.95,196.69,78.36,4.47003866666667,482.64,903.45,253.6,154.33,200.62,79.26,3.90081266666667,481.72,906.35,251.46,159.34,193.83,77.25,3.359402,481.27,756.63,469.62,591.14
2026-01-12 02:21:59,XPQ-01 Main,2026-01-12 02:21:00,924.8,78.76,4.15566166666667,481.45,928.25,256.4,156.72,201.84,78.99,4.903372,482.15,924.24,259.21,156.23,205.44,79.6,4.10081266666667,481.36,921.91,255.59,160.25,197.74,77.69,3.459402,480.85,771.2,473.2,605.02
2026-01-12 02:22:59,XPQ-01 Main,2026-01-12 02:22:00,937.05,78.91,3.88566166666667,481.65,938.62,259.19,159.06,204.35,78.91,4.403372,482.2,934.75,262.37,157.16,209.58,80.0,4.06747933333333,481.9,937.77,260.17,163.24,202.27,77.82,3.19273533333333,480.86,781.73,479.47,616.2
2026-01-12 02:23:59,XPQ-01 Main,2026-01-12 02:23:00,952.81,78.99,3.85232833333333,481.53,953.23,263.29,160.66,208.02,79.14,4.67003866666667,482.2,952.77,267.29,159.75,213.38,80.05,3.734146,481.53,952.41,264.1,165.61,204.97,77.78,3.159402,480.85,794.68,486.02,626.37
2026-01-12 02:24:59,XPQ-01 Main,2026-01-12 02:24:00,962.08,78.36,3.988995,481.27,964.93,266.42,164.41,209.15,78.62,4.67003866666667,481.98,961.56,269.59,164.03,213.37,79.28,4.134146,481.21,959.76,265.97,168.86,205.0,77.19,3.159402,480.63,801.99,497.3,627.52
2026-01-12 02:25:59,XPQ-01 Main,2026-01-12 02:25:00,980.44,79.02,3.6556616666666706,480.95,983.0,271.13,165.55,214.4,79.15,4.27003866666667,481.43,978.77,274.2,164.34,219.06,79.99,3.7674793333333296,481.06,979.56,271.4,169.96,211.19,77.91,2.92606866666667,480.35,816.74,499.85,644.65
2026-01-12 02:26:59,XPQ-01 Main,2026-01-12 02:26:00,953.93,76.62,4.04232833333333,480.68,956.76,263.76,169.04,202.17,76.72,4.53670533333333,481.23,952.06,266.59,167.8,206.56,77.62,4.10081266666667,480.77,952.95,263.85,172.69,198.95,75.52,3.49273533333333,480.05,794.21,509.54,607.68
2026-01-12 02:27:59,XPQ-01 Main,2026-01-12 02:27:00,1056.95,75.55,3.8556616666666703,479.65,1062.09,292.14,188.81,222.15,76.2,4.47003866666667,480.21,1061.53,296.64,191.5,225.63,76.24,3.96747933333333,479.79,1047.24,289.33,193.71,214.4,74.2,3.12606866666667,478.95,878.11,574.02,662.18
2026-01-12 02:28:59,XPQ-01 Main,2026-01-12 02:28:00,1099.75,77.92,3.7656616666666705,479.31,1100.72,302.43,187.93,236.38,78.28,4.17003866666667,479.83,1102.85,308.06,188.84,242.63,78.92,3.834146,479.64,1095.68,302.53,194.43,231.43,76.56,3.29273533333333,478.46,913.02,571.2,710.43
2026-01-12 02:29:59,XPQ-01 Main,2026-01-12 02:29:00,1136.85,78.64,4.008995,478.63,1139.57,312.71,191.06,247.26,79.13,4.53670533333333,479.08,1140.9,318.13,192.9,252.36,79.45,4.06747933333333,478.87,1130.07,311.63,197.33,240.69,77.33,3.42606866666667,477.93,942.47,581.29,740.31
2026-01-12 02:30:59,XPQ-01 Main,2026-01-12 02:30:00,1113.8,78.01,3.898995,479.27,1118.19,307.31,190.65,240.3,78.34,4.303372,479.69,1114.39,311.09,190.91,244.77,78.85,4.00081266666667,479.43,1108.82,306.2,195.6,234.83,76.84,3.39273533333333,478.69,924.6,577.16,719.9
2026-01-12 02:31:59,XPQ-01 Main,2026-01-12 02:31:00,1131.53,78.54,3.85232833333333,479.27,1138.55,312.99,191.61,247.16,79.03,4.43670533333333,479.76,1133.23,316.3,193.13,250.13,79.15,3.80081266666667,479.31,1122.82,310.03,195.89,239.75,77.44,3.32606866666667,478.76,939.33,580.64,737.03
2026-01-12 02:32:59,XPQ-01 Main,2026-01-12 02:32:00,1140.1,77.88,3.8123283333333298,479.21,1146.31,315.1,194.99,247.16,78.51,4.37003866666667,479.69,1144.33,319.35,197.68,250.2,78.47,3.8674793333333297,479.22,1129.67,311.87,199.95,238.73,76.66,3.19273533333333,478.72,946.32,592.61,736.09
2026-01-12 02:33:59,XPQ-01 Main,2026-01-12 02:33:00,1089.23,77.88,3.9223283333333296,479.49,1089.19,299.64,186.07,234.32,78.31,4.67003866666667,480.17,1093.44,305.38,187.49,240.29,78.84,3.96747933333333,479.39,1085.06,299.61,192.59,228.65,76.48,3.12606866666667,478.92,904.64,566.16,703.26
2026-01-12 02:34:59,XPQ-01 Main,2026-01-12 02:34:00,1106.65,78.51,3.598995,479.4,1107.07,304.3,186.56,239.99,78.95,4.07003866666667,480.0,1111.11,310.42,188.06,246.31,79.48,3.66747933333333,479.62,1101.77,304.22,193.51,234.32,77.1,3.059402,478.59,918.94,568.13,720.62
2026-01-12 02:35:59,XPQ-01 Main,2026-01-12 02:35:00,1118.81,78.9,3.598995,479.64,1116.42,307.22,187.15,243.05,79.23,4.03670533333333,480.47,1122.5,313.7,187.86,250.71,80.03,3.60081266666667,479.54,1117.5,308.57,195.01,238.6,77.43,3.159402,478.92,929.49,570.01,732.36
2026-01-12 02:36:59,XPQ-01 Main,2026-01-12 02:36:00,1096.35,78.89,3.808995,479.39,1092.95,300.46,184.27,236.97,78.94,4.53670533333333,479.93,1096.99,306.38,182.75,245.28,80.19,3.80081266666667,479.52,1099.11,303.51,191.38,234.93,77.53,3.09273533333333,478.72,910.36,558.4,717.19
2026-01-12 02:37:59,XPQ-01 Main,2026-01-12 02:37:00,1115.35,77.76,3.82232833333333,479.92,1118.48,308.07,190.71,241.51,78.48,4.33670533333333,480.57,1122.07,313.55,194.23,245.65,78.44,3.80081266666667,479.68,1105.49,305.54,196.97,232.86,76.35,3.32606866666667,479.51,927.16,581.91,720.02
2026-01-12 02:38:59,XPQ-01 Main,2026-01-12 02:38:00,1155.79,78.23,3.7556616666666702,480.02,1156.3,318.44,195.0,251.37,79.01,4.27003866666667,480.79,1164.8,325.75,199.36,257.26,79.04,3.90081266666667,479.94,1146.26,316.8,203.32,242.64,76.65,3.09273533333333,479.34,960.99,597.68,751.27
2026-01-12 02:39:59,XPQ-01 Main,2026-01-12 02:39:00,1137.09,79.14,3.918995,479.8,1133.37,311.8,189.39,247.37,79.4,4.603372,480.41,1141.01,319.01,189.55,255.73,80.34,4.06747933333333,479.97,1136.9,314.17,197.47,243.71,77.7,3.09273533333333,479.01,944.99,576.42,746.81
2026-01-12 02:40:59,XPQ-01 Main,2026-01-12 02:40:00,1042.13,76.42,3.998995,480.62,1039.32,286.62,183.35,219.75,76.78,4.53670533333333,481.39,1045.93,292.83,184.34,227.05,77.63,4.10081266666667,480.47,1041.13,288.1,190.73,215.29,74.85,3.359402,480.01,867.56,558.41,662.08
2026-01-12 02:41:59,XPQ-01 Main,2026-01-12 02:41:00,1003.0,76.07,4.34232833333333,481.28,1003.15,276.97,178.8,211.09,76.3,4.77003866666667,481.94,1004.08,281.5,178.8,217.0,77.18,4.534146,481.24,1001.77,277.65,184.2,207.14,74.73,3.7260686666666705,480.66,836.11,541.8,635.23
2026-01-12 02:42:59,XPQ-01 Main,2026-01-12 02:42:00,976.64,77.34,4.198995,481.57,976.52,269.69,169.83,209.21,77.64,4.803372,482.17,978.64,274.59,170.16,215.05,78.42,4.10081266666667,481.69,974.77,270.36,175.6,205.16,75.97,3.6927353333333297,480.85,814.64,515.59,629.41
2026-01-12 02:43:59,XPQ-01 Main,2026-01-12 02:43:00,985.4,78.29,4.24232833333333,481.47,982.35,271.27,167.43,212.54,78.55,4.83670533333333,482.21,988.35,277.31,167.66,219.91,79.53,4.234146,481.54,985.5,273.21,174.73,209.4,76.78,3.659402,480.67,821.78,509.83,641.85
2026-01-12 02:44:59,XPQ-01 Main,2026-01-12 02:44:00,934.66,77.02,4.198995,482.26,931.46,257.65,162.13,199.31,77.57,4.67003866666667,482.99,940.69,264.36,164.43,206.25,78.19,4.16747933333333,482.31,931.83,258.74,169.99,194.46,75.29,3.759402,481.48,780.75,496.56,600.01
2026-01-12 02:45:59,XPQ-01 Main,2026-01-12 02:45:00,898.81,77.12,4.408995,479.09,899.16,246.97,156.65,190.23,77.19,5.03670533333333,479.64,897.62,250.61,155.45,195.65,78.3,4.36747933333333,479.35,899.64,248.25,161.46,188.07,75.87,3.8260686666666706,478.27,745.83,473.56,573.95
2026-01-12 02:46:59,XPQ-01 Main,2026-01-12 02:46:00,873.95,74.72,4.26566166666667,480.0,873.7,240.38,159.32,178.61,74.62,4.77003866666667,480.44,871.59,243.8,157.42,184.67,76.1,4.234146,480.36,876.57,242.4,163.99,177.47,73.44,3.79273533333333,479.19,726.59,480.73,540.75
2026-01-12 02:47:59,XPQ-01 Main,2026-01-12 02:47:00,819.41,70.33,4.03232833333333,480.39,821.72,226.35,160.12,159.35,70.54,4.603372,480.76,818.87,229.13,159.92,162.95,71.37,3.96747933333333,480.61,817.63,226.31,163.21,155.87,69.07,3.52606866666667,479.8,681.8,483.25,478.17
2026-01-12 02:48:59,XPQ-01 Main,2026-01-12 02:48:00,915.35,76.54,4.198995,480.06,917.46,252.57,160.93,194.23,77.0,4.77003866666667,480.38,917.88,256.6,162.23,198.22,77.39,4.20081266666667,480.22,910.72,251.95,165.6,189.17,75.24,3.62606866666667,479.57,761.12,488.76,581.62
2026-01-12 02:49:59,XPQ-01 Main,2026-01-12 02:49:00,624.0,75.0,4.22232833333333,483.17,621.89,172.36,115.06,127.2,74.16,4.83670533333333,483.81,617.26,173.76,110.47,132.67,76.85,4.10081266666667,483.19,632.85,176.08,117.84,129.6,73.99,3.7260686666666705,482.51,522.2,343.37,389.47
2026-01-12 02:50:59,XPQ-01 Main,2026-01-12 02:50:00,691.79,76.18,4.21232833333333,483.2,692.52,191.97,124.18,145.88,76.15,4.703372,483.7,689.86,194.12,122.68,149.65,77.33,4.30081266666667,483.17,692.98,192.89,127.06,144.34,75.06,3.6260686666666704,482.74,578.98,373.92,439.87
2026-01-12 02:51:59,XPQ-01 Main,2026-01-12 02:51:00,723.64,77.23,4.05566166666667,482.6,724.89,200.72,126.34,155.14,77.54,4.803372,483.17,724.61,203.64,126.5,158.59,78.18,4.10081266666667,482.51,721.41,200.53,129.91,151.85,75.99,3.259402,482.13,604.89,382.76,465.59
2026-01-12 02:52:59,XPQ-01 Main,2026-01-12 02:52:00,692.95,78.85,4.15566166666667,482.99,690.5,191.32,117.52,149.96,78.71,4.603372,483.6,691.96,194.67,115.48,154.95,80.18,4.10081266666667,482.95,696.4,193.71,121.22,149.43,77.66,3.759402,482.43,579.71,354.22,454.34
2026-01-12 02:53:59,XPQ-01 Main,2026-01-12 02:53:00,688.85,77.97,4.35566166666667,483.3,689.08,191.06,119.03,148.75,78.08,4.93670533333333,484.03,688.27,193.8,118.19,152.77,79.09,4.434146,483.25,689.19,191.78,122.54,146.71,76.75,3.6927353333333297,482.62,576.64,359.76,448.23
2026-01-12 02:54:59,XPQ-01 Main,2026-01-12 02:54:00,734.11,77.91,3.96566166666667,483.24,733.47,203.23,126.99,158.35,78.01,4.33670533333333,483.79,733.76,206.61,126.13,163.13,79.11,3.96747933333333,483.45,735.1,204.61,131.29,156.55,76.62,3.59273533333333,482.48,614.45,384.41,478.02
2026-01-12 02:55:59,XPQ-01 Main,2026-01-12 02:55:00,774.29,76.51,4.05566166666667,482.56,775.79,214.69,137.54,164.6,76.74,4.63670533333333,483.0,774.11,217.59,137.3,168.49,77.52,4.034146,482.7,772.97,214.89,141.28,161.58,75.28,3.49273533333333,481.97,647.16,416.13,494.67
2026-01-12 02:56:59,XPQ-01 Main,2026-01-12 02:56:00,757.25,77.17,4.318995,482.94,755.83,209.38,132.89,161.17,77.16,4.83670533333333,483.69,755.82,212.71,131.42,166.73,78.54,4.434146,482.98,760.09,211.34,137.59,160.05,75.83,3.6927353333333297,482.16,633.43,401.9,487.95
2026-01-12 02:57:59,XPQ-01 Main,2026-01-12 02:57:00,777.79,76.88,4.35566166666667,482.91,778.49,215.71,137.2,166.17,77.11,4.803372,483.52,777.83,218.75,136.99,170.27,77.91,4.30081266666667,482.8,777.04,216.11,141.24,163.13,75.6,3.959402,482.42,650.57,415.43,499.57
2026-01-12 02:58:59,XPQ-01 Main,2026-01-12 02:58:00,738.05,77.93,4.35566166666667,482.81,738.48,204.46,127.92,159.21,77.96,4.97003866666667,483.4,736.85,207.29,126.58,163.62,79.1,4.36747933333333,482.95,738.84,205.45,131.6,157.5,76.74,3.7260686666666705,482.08,617.21,386.09,480.34
2026-01-12 02:59:59,XPQ-01 Main,2026-01-12 02:59:00,757.59,77.53,4.298995,482.7,755.49,209.11,132.81,161.16,77.17,4.83670533333333,483.18,753.25,211.83,129.46,167.25,79.08,4.434146,482.88,764.03,212.44,137.07,161.92,76.32,3.6260686666666704,482.04,633.39,399.34,490.33
2026-01-12 03:00:59,XPQ-01 Main,2026-01-12 03:00:00,771.97,77.49,4.37566166666667,482.74,771.06,213.49,135.01,164.92,77.38,4.803372,483.42,769.36,216.42,132.89,170.32,78.84,4.40081266666667,482.82,775.48,215.56,139.27,164.17,76.26,3.92606866666667,481.98,645.46,407.18,499.41
2026-01-12 03:01:59,XPQ-01 Main,2026-01-12 03:01:00,747.98,78.05,4.398995,482.58,745.24,206.27,128.4,161.04,78.19,5.003372,483.2,749.22,210.66,127.89,166.97,79.39,4.36747933333333,482.67,749.47,208.3,133.77,159.25,76.57,3.8260686666666706,481.89,625.22,390.06,487.26
2026-01-12 03:02:59,XPQ-01 Main,2026-01-12 03:02:00,706.31,73.33,4.44232833333333,482.73,704.44,195.09,131.52,143.64,73.75,4.73670533333333,483.3,709.14,199.37,132.58,148.22,74.54,4.534146,482.68,705.37,196.11,136.27,140.15,71.7,4.059402,482.2,590.57,400.36,432.01
2026-01-12 03:03:59,XPQ-01 Main,2026-01-12 03:03:00,713.5,72.79,4.35566166666667,482.29,713.33,197.32,135.1,143.47,72.8,5.03670533333333,482.82,712.44,200.15,134.12,148.07,74.11,4.40081266666667,482.37,714.72,198.54,138.74,141.7,71.45,3.62606866666667,481.66,596.02,407.97,433.23
2026-01-12 03:04:59,XPQ-01 Main,2026-01-12 03:04:00,680.17,75.56,4.398995,482.27,674.79,186.7,123.42,139.74,74.95,4.87003866666667,482.93,676.06,189.93,119.76,147.04,77.54,4.534146,482.21,689.67,191.53,128.17,141.79,74.18,3.79273533333333,481.66,568.16,371.36,428.57
2026-01-12 03:05:59,XPQ-01 Main,2026-01-12 03:05:00,698.27,68.95,4.53232833333333,481.09,696.45,192.23,138.55,132.99,69.25,5.27003866666667,481.77,699.75,196.11,139.17,137.72,70.34,4.434146,481.03,698.59,193.52,142.96,129.97,67.27,3.89273533333333,480.47,581.86,420.68,400.68
2026-01-12 03:06:59,XPQ-01 Main,2026-01-12 03:06:00,715.42,71.87,4.55232833333333,480.38,712.06,196.2,136.43,140.71,71.79,4.83670533333333,480.91,715.14,200.1,135.35,146.79,73.52,4.60081266666667,480.42,719.07,198.96,141.33,139.74,70.31,4.22606866666667,479.81,595.27,413.1,427.25
2026-01-12 03:07:59,XPQ-01 Main,2026-01-12 03:07:00,748.76,72.99,4.308995,480.68,746.05,205.72,140.06,150.43,73.19,4.803372,481.25,750.29,210.07,140.16,155.97,74.38,4.434146,480.68,749.92,207.61,145.14,147.96,71.39,3.6927353333333297,480.11,623.4,425.36,454.36
2026-01-12 03:08:59,XPQ-01 Main,2026-01-12 03:08:00,736.07,72.55,4.33232833333333,480.59,731.81,201.74,138.89,146.07,72.47,4.63670533333333,481.14,735.68,205.94,137.84,152.68,74.23,4.50081266666667,480.61,740.71,205.04,144.27,145.24,70.95,3.859402,480.02,612.72,420.99,444.0
2026-01-12 03:09:59,XPQ-01 Main,2026-01-12 03:09:00,717.7,72.37,4.34232833333333,480.11,715.76,197.14,135.36,142.84,72.59,5.07003866666667,480.71,719.18,201.13,135.46,148.0,73.77,4.434146,480.1,718.16,198.57,140.15,140.3,70.75,3.52606866666667,479.53,596.84,410.96,431.14
2026-01-12 03:10:59,XPQ-01 Main,2026-01-12 03:10:00,704.57,71.34,4.41232833333333,481.01,705.26,194.66,134.98,139.67,71.91,4.803372,481.74,707.71,198.3,136.55,143.32,72.4,4.70081266666667,480.87,700.74,194.06,138.95,135.11,69.71,3.7260686666666705,480.4,587.01,410.48,418.1
2026-01-12 03:11:59,XPQ-01 Main,2026-01-12 03:11:00,695.73,70.75,4.47566166666667,481.15,693.09,191.37,135.43,134.81,70.55,5.13670533333333,481.93,693.88,194.49,133.76,140.45,72.41,4.46747933333333,480.99,700.23,193.96,139.56,134.13,69.29,3.8260686666666706,480.53,579.82,408.76,409.39
2026-01-12 03:12:59,XPQ-01 Main,2026-01-12 03:12:00,604.52,78.75,4.62232833333333,483.08,598.85,166.03,102.13,130.54,78.76,5.203372,483.75,606.13,170.52,101.07,136.77,80.42,4.70081266666667,482.87,608.59,169.29,107.7,130.25,77.07,3.959402,482.62,505.84,310.9,397.56
2026-01-12 03:13:59,XPQ-01 Main,2026-01-12 03:13:00,579.6,78.66,4.398995,483.06,578.49,160.32,98.99,125.58,78.53,5.03670533333333,483.75,577.9,162.63,97.17,129.68,80.03,4.534146,483.01,582.4,161.99,102.16,125.0,77.43,3.62606866666667,482.44,484.95,298.32,380.26
2026-01-12 03:14:59,XPQ-01 Main,2026-01-12 03:14:00,573.18,78.96,4.13232833333333,483.27,571.14,158.34,98.07,123.94,78.42,4.703372,483.73,568.82,160.08,94.52,128.61,80.58,4.16747933333333,483.24,579.58,161.35,100.83,125.25,77.89,3.52606866666667,482.83,479.77,293.43,377.8
2026-01-12 03:15:59,XPQ-01 Main,2026-01-12 03:15:00,603.72,76.76,4.37566166666667,483.42,602.25,167.07,107.14,127.69,76.61,4.97003866666667,484.09,601.8,169.44,105.3,132.19,78.22,4.56747933333333,483.26,607.1,168.99,110.67,127.29,75.47,3.59273533333333,482.92,505.5,323.11,387.17
2026-01-12 03:16:59,XPQ-01 Main,2026-01-12 03:16:00,590.8,78.07,4.65566166666667,483.49,590.51,163.78,102.04,127.53,78.08,5.303372,484.17,589.0,165.91,100.86,131.27,79.3,4.634146,483.49,592.89,165.06,105.11,126.2,76.84,4.02606866666667,482.82,494.76,308.01,384.99
2026-01-12 03:17:59,XPQ-01 Main,2026-01-12 03:17:00,687.5,76.34,4.32232833333333,482.34,690.44,191.01,122.96,145.77,76.44,4.83670533333333,482.78,685.28,192.51,121.91,148.47,77.29,4.36747933333333,482.41,686.78,190.84,125.32,143.34,75.28,3.759402,481.83,574.36,370.2,437.59
2026-01-12 03:18:59,XPQ-01 Main,2026-01-12 03:18:00,603.99,78.72,4.41232833333333,483.57,601.8,167.0,102.14,131.83,79.05,4.97003866666667,484.27,606.42,170.79,102.38,136.06,79.9,4.46747933333333,483.38,603.75,168.1,106.58,129.44,77.2,3.79273533333333,483.06,505.9,311.1,397.33
2026-01-12 03:19:59,XPQ-01 Main,2026-01-12 03:19:00,621.41,79.86,4.34232833333333,483.02,620.36,171.94,102.32,137.83,80.29,5.203372,483.67,624.3,175.63,102.99,141.68,80.89,4.334146,482.87,619.56,172.32,106.67,134.78,78.41,3.49273533333333,482.51,519.9,311.98,414.29
2026-01-12 03:20:59,XPQ-01 Main,2026-01-12 03:20:00,625.78,80.8,4.188995,483.13,624.22,173.06,100.56,140.33,81.28,4.73670533333333,483.8,629.01,176.99,101.44,144.44,81.83,4.16747933333333,482.96,624.11,173.63,105.39,137.16,79.29,3.659402,482.63,523.67,307.4,421.93
2026-01-12 03:21:59,XPQ-01 Main,2026-01-12 03:21:00,620.21,80.36,4.098995,483.13,618.35,171.42,101.21,138.02,80.64,4.67003866666667,483.73,622.27,175.09,101.11,142.07,81.47,4.134146,483.01,620.01,172.51,105.47,135.76,78.97,3.49273533333333,482.66,519.01,307.79,415.85
2026-01-12 03:22:59,XPQ-01 Main,2026-01-12 03:22:00,655.41,81.57,4.298995,482.76,652.77,180.83,103.35,148.08,82.0,4.97003866666667,483.33,659.47,185.39,104.06,152.96,82.68,4.334146,482.62,654.0,181.84,108.84,145.3,80.04,3.59273533333333,482.33,548.06,316.25,446.34
2026-01-12 03:23:59,XPQ-01 Main,2026-01-12 03:23:00,636.05,82.32,4.208995,482.54,634.81,175.76,98.69,145.16,82.7,4.703372,483.04,638.97,179.53,99.03,149.08,83.3,4.30081266666667,482.42,634.36,176.32,103.24,142.37,80.96,3.6260686666666704,482.15,531.61,300.96,436.62
2026-01-12 03:24:59,XPQ-01 Main,2026-01-12 03:24:00,656.89,81.59,4.118995,482.27,652.92,180.72,103.1,148.03,82.06,4.53670533333333,482.93,661.78,185.86,103.99,153.11,82.72,4.16747933333333,482.03,655.98,182.17,109.01,145.24,79.98,3.659402,481.83,548.74,316.1,446.38
2026-01-12 03:25:59,XPQ-01 Main,2026-01-12 03:25:00,656.17,83.14,4.298995,482.21,657.69,181.95,100.33,151.58,83.39,4.87003866666667,482.78,656.45,184.36,99.84,154.59,84.0,4.16747933333333,482.13,654.38,181.74,103.77,148.87,82.04,3.859402,481.72,548.05,303.94,455.05
2026-01-12 03:26:59,XPQ-01 Main,2026-01-12 03:26:00,648.41,80.91,4.37566166666667,481.72,642.92,177.71,103.47,144.2,81.25,5.103372,482.27,652.62,183.07,103.73,150.4,82.32,4.46747933333333,481.6,649.69,180.26,109.99,142.46,79.15,3.559402,481.3,541.04,317.19,437.06
2026-01-12 03:27:59,XPQ-01 Main,2026-01-12 03:27:00,658.39,81.21,4.23232833333333,481.88,662.37,183.12,107.09,148.32,81.08,4.903372,482.29,653.74,183.41,104.51,150.26,82.1,4.234146,481.81,659.06,182.97,108.5,146.93,80.45,3.559402,481.53,549.51,320.09,445.52
2026-01-12 03:28:59,XPQ-01 Main,2026-01-12 03:28:00,673.52,81.9,4.188995,481.68,666.17,184.14,104.36,151.49,82.35,4.73670533333333,482.24,680.06,190.74,105.23,158.56,83.32,4.234146,481.51,674.34,187.08,112.03,149.46,80.02,3.59273533333333,481.29,561.95,321.63,459.51
2026-01-12 03:29:59,XPQ-01 Main,2026-01-12 03:29:00,621.21,81.37,3.8756616666666703,481.97,620.71,171.68,98.67,140.26,81.79,4.63670533333333,482.63,623.95,175.13,99.15,143.83,82.33,3.934146,481.78,618.96,171.78,102.92,137.21,80.0,3.059402,481.51,518.6,300.74,421.3
2026-01-12 03:30:59,XPQ-01 Main,2026-01-12 03:30:00,649.79,81.71,4.408995,482.4,645.43,178.73,101.39,146.89,82.3,5.003372,483.07,656.13,184.28,102.86,152.3,82.87,4.56747933333333,482.07,647.82,179.95,107.86,143.62,79.96,3.659402,482.07,542.96,312.11,442.8
2026-01-12 03:31:59,XPQ-01 Main,2026-01-12 03:31:00,549.54,77.61,4.378995,482.97,548.23,152.01,94.64,118.59,78.16,4.97003866666667,483.63,553.18,155.54,95.66,122.02,78.7,4.334146,482.6,547.21,152.18,98.78,115.38,75.96,3.8260686666666706,482.68,459.73,289.08,355.99
2026-01-12 03:32:59,XPQ-01 Main,2026-01-12 03:32:00,583.37,76.81,4.34232833333333,482.78,576.69,159.78,101.41,123.11,77.19,4.903372,483.41,587.55,165.18,102.06,129.32,78.5,4.334146,482.59,585.87,162.88,107.82,121.35,74.76,3.79273533333333,482.34,487.84,311.29,373.78
2026-01-12 03:33:59,XPQ-01 Main,2026-01-12 03:33:00,526.49,81.01,4.498995,483.35,516.44,143.32,82.98,116.38,81.42,5.03670533333333,483.9,532.92,149.91,83.61,123.97,82.91,4.46747933333333,482.93,530.13,147.58,90.75,115.76,78.7,3.9927353333333295,483.21,440.81,257.34,356.11
2026-01-12 03:34:59,XPQ-01 Main,2026-01-12 03:34:00,572.69,75.52,4.508995,482.63,567.79,157.28,103.8,117.71,75.0,4.97003866666667,483.23,569.98,160.17,100.9,123.93,77.55,4.534146,482.37,580.31,161.29,108.25,119.14,74.01,4.02606866666667,482.29,478.74,312.95,360.78
2026-01-12 03:35:59,XPQ-01 Main,2026-01-12 03:35:00,667.31,79.71,4.33232833333333,482.28,663.62,183.69,109.89,146.85,80.06,4.83670533333333,482.8,670.89,188.36,110.3,152.05,80.94,4.40081266666667,482.04,667.42,185.41,115.45,144.44,78.11,3.759402,482.0,557.45,335.64,443.34
2026-01-12 03:36:59,XPQ-01 Main,2026-01-12 03:36:00,652.72,79.43,4.32232833333333,482.3,648.8,179.57,108.29,142.83,79.69,4.87003866666667,482.79,655.18,183.97,108.19,148.27,80.78,4.20081266666667,482.12,654.18,181.75,113.83,141.04,77.82,3.89273533333333,481.98,545.28,330.3,432.14
2026-01-12 03:37:59,XPQ-01 Main,2026-01-12 03:37:00,618.58,80.8,4.588995,483.21,617.74,171.25,101.09,137.81,80.63,5.37003866666667,483.84,616.15,173.43,98.76,142.18,82.13,4.46747933333333,483.15,621.86,173.04,104.52,137.62,79.64,3.92606866666667,482.64,517.72,304.37,417.61
2026-01-12 03:38:59,XPQ-01 Main,2026-01-12 03:38:00,644.65,79.67,4.34566166666667,482.98,639.86,177.31,106.52,141.31,79.86,4.87003866666667,483.56,647.15,182.03,106.18,147.39,81.14,4.36747933333333,482.88,646.93,179.95,112.33,140.14,78.03,3.79273533333333,482.49,539.29,325.03,428.84
2026-01-12 03:39:59,XPQ-01 Main,2026-01-12 03:39:00,639.97,79.2,4.64566166666667,482.97,640.2,177.45,107.07,141.05,79.65,5.27003866666667,483.68,642.34,180.68,107.83,144.47,80.14,4.56747933333333,482.76,637.37,177.24,111.14,137.64,77.8,4.09273533333333,482.47,535.37,326.03,423.16
2026-01-12 03:40:59,XPQ-01 Main,2026-01-12 03:40:00,598.27,76.2,4.44232833333333,482.63,595.58,164.92,105.85,126.1,76.59,5.103372,483.23,601.05,168.96,106.58,130.8,77.52,4.36747933333333,482.57,598.16,166.26,110.68,123.6,74.5,3.859402,482.11,500.14,323.11,380.5
2026-01-12 03:41:59,XPQ-01 Main,2026-01-12 03:41:00,574.31,79.38,4.38566166666667,483.17,572.27,158.64,96.1,125.54,79.41,4.97003866666667,483.79,574.08,161.56,94.99,129.98,80.74,4.30081266666667,483.09,576.59,160.43,100.04,124.62,77.98,3.89273533333333,482.64,480.64,291.13,380.14
2026-01-12 03:42:59,XPQ-01 Main,2026-01-12 03:42:00,517.68,79.8,4.54232833333333,483.7,515.21,143.03,86.58,113.15,79.42,5.17003866666667,484.38,514.07,144.8,83.87,117.71,81.44,4.634146,483.45,523.75,145.87,89.9,114.09,78.54,3.8260686666666706,483.27,433.7,260.35,344.94
2026-01-12 03:43:59,XPQ-01 Main,2026-01-12 03:43:00,1049.49,52.05,4.14566166666667,475.2,1075.77,293.1,235.01,141.3,51.53,4.703372,475.8,1001.58,277.38,231.5,146.53,53.48,4.10081266666667,475.39,1071.13,293.14,235.93,140.39,51.13,3.62606866666667,474.4,863.62,702.45,428.22
2026-01-12 03:44:59,XPQ-01 Main,2026-01-12 03:44:00,682.64,75.16,4.088995,480.77,685.48,189.09,125.31,141.1,74.77,4.63670533333333,481.36,675.86,189.23,121.88,144.45,76.43,4.20081266666667,480.65,686.59,190.11,127.04,140.96,74.28,3.42606866666667,480.29,568.43,374.23,426.51
2026-01-12 03:45:59,XPQ-01 Main,2026-01-12 03:45:00,737.54,77.89,3.93232833333333,480.61,733.71,202.34,127.81,156.51,77.45,4.403372,481.18,733.05,205.16,124.08,163.1,79.59,4.00081266666667,480.47,745.87,206.46,132.43,157.91,76.62,3.39273533333333,480.18,613.97,384.32,477.52
2026-01-12 03:46:59,XPQ-01 Main,2026-01-12 03:46:00,741.59,77.93,3.82232833333333,480.23,740.18,203.99,127.9,158.72,77.86,4.43670533333333,480.83,739.29,206.73,125.88,163.6,79.25,3.934146,480.03,745.29,206.12,132.02,157.71,76.68,3.09273533333333,479.83,616.85,385.8,480.03
2026-01-12 03:47:59,XPQ-01 Main,2026-01-12 03:47:00,733.46,78.67,3.978995,480.54,737.79,203.45,125.22,160.02,78.75,4.47003866666667,481.24,730.18,204.36,123.83,162.37,79.51,3.90081266666667,480.36,732.4,202.65,127.35,157.33,77.73,3.559402,480.03,610.47,376.4,479.72
2026-01-12 03:48:59,XPQ-01 Main,2026-01-12 03:48:00,705.39,75.45,3.96566166666667,481.17,706.34,194.98,127.61,147.22,75.56,4.503372,481.65,704.36,197.36,126.72,150.89,76.58,3.934146,481.13,705.46,195.53,130.86,144.93,74.22,3.459402,480.72,587.88,385.19,443.04
2026-01-12 03:49:59,XPQ-01 Main,2026-01-12 03:49:00,705.39,75.45,4.33232833333333,481.17,706.34,194.98,127.61,147.22,75.56,4.87003866666667,481.65,704.36,197.36,126.72,150.89,76.58,4.30081266666667,481.13,705.46,195.53,130.86,144.93,74.22,3.8260686666666706,480.72,587.88,385.19,443.04
2026-01-12 03:50:59,XPQ-01 Main,2026-01-12 03:50:00,689.4,76.96,4.26566166666667,481.5,689.31,190.42,121.47,146.11,76.9,4.97003866666667,482.15,687.24,192.75,119.83,150.41,78.21,4.234146,481.42,691.65,191.78,124.81,144.88,75.77,3.59273533333333,480.92,574.95,366.11,441.41
2026-01-12 03:51:59,XPQ-01 Main,2026-01-12 03:51:00,618.6,81.36,4.33232833333333,482.68,615.63,170.45,99.99,137.57,80.89,4.97003866666667,483.28,614.67,172.83,96.24,142.96,82.95,4.334146,482.68,625.51,173.87,103.57,139.19,80.23,3.6927353333333297,482.07,517.16,299.8,419.71
2026-01-12 03:52:59,XPQ-01 Main,2026-01-12 03:52:00,649.56,82.22,4.388995,482.23,645.33,178.56,102.03,146.13,81.99,5.17003866666667,482.81,647.73,181.91,99.23,152.09,83.75,4.16747933333333,482.12,655.62,182.09,106.75,147.03,80.92,3.8260686666666706,481.77,542.55,308.01,445.25
2026-01-12 03:53:59,XPQ-01 Main,2026-01-12 03:53:00,655.52,83.45,4.188995,481.6,652.08,180.17,99.88,149.6,83.17,4.803372,482.18,652.94,183.15,96.53,155.08,84.9,4.20081266666667,481.53,661.53,183.49,104.05,150.68,82.29,3.559402,481.09,546.8,300.46,455.36
2026-01-12 03:54:59,XPQ-01 Main,2026-01-12 03:54:00,665.85,82.04,4.38566166666667,480.62,667.72,184.12,105.28,150.74,81.98,5.203372,481.02,662.89,185.49,103.19,153.62,83.01,4.20081266666667,480.56,666.94,184.68,107.77,149.48,81.12,3.759402,480.28,554.3,316.24,453.84
2026-01-12 03:55:59,XPQ-01 Main,2026-01-12 03:55:00,715.15,76.22,7.16566166666667,480.09,716.83,197.44,127.11,150.83,76.47,7.403372,480.53,714.88,199.83,126.76,154.05,77.22,7.00081266666667,480.03,713.75,197.41,130.4,147.76,74.98,7.09273533333333,479.71,594.68,384.26,452.63
2026-01-12 03:56:59,XPQ-01 Main,2026-01-12 03:56:00,728.11,78.48,4.36566166666667,479.65,724.17,199.25,124.26,155.5,78.12,5.003372,480.11,724.93,202.5,120.93,161.94,80.12,4.26747933333333,479.65,735.24,203.15,128.97,156.56,77.18,3.8260686666666706,479.19,604.9,374.16,474.0
2026-01-12 03:57:59,XPQ-01 Main,2026-01-12 03:57:00,713.7,78.45,4.13232833333333,479.57,706.75,194.44,120.45,152.34,78.44,4.73670533333333,480.09,715.43,199.82,119.21,159.93,80.18,4.20081266666667,479.53,718.92,198.59,127.17,152.22,76.74,3.459402,479.1,592.85,366.83,464.49
2026-01-12 03:58:59,XPQ-01 Main,2026-01-12 03:58:00,726.72,80.28,4.17566166666667,479.69,718.86,197.87,117.49,158.8,80.39,4.83670533333333,480.34,729.91,203.91,116.74,166.84,81.93,4.30081266666667,479.53,731.41,202.04,124.98,158.4,78.51,3.39273533333333,479.19,603.82,359.21,484.05
2026-01-12 03:59:59,XPQ-01 Main,2026-01-12 03:59:00,805.22,80.11,4.198995,479.22,803.27,220.93,130.88,177.68,80.52,4.903372,479.8,808.48,225.57,131.5,182.83,81.18,4.30081266666667,478.98,803.92,221.88,136.79,174.12,78.64,3.39273533333333,478.89,668.39,399.17,534.64
2026-01-12 04:00:59,XPQ-01 Main,2026-01-12 04:00:00,795.76,80.77,4.34566166666667,479.28,789.33,217.05,127.6,175.19,80.83,5.13670533333333,479.8,797.39,222.56,126.24,182.64,82.26,4.134146,479.2,800.55,221.0,134.52,174.57,79.21,3.759402,478.83,660.61,388.37,532.4
2026-01-12 04:01:59,XPQ-01 Main,2026-01-12 04:01:00,761.42,80.66,3.8756616666666703,479.16,752.66,206.96,121.69,167.03,80.83,4.403372,479.77,765.46,213.59,121.14,175.51,82.3,3.96747933333333,478.97,766.15,211.41,129.77,166.44,78.86,3.259402,478.72,631.95,372.6,508.99
2026-01-12 04:02:59,XPQ-01 Main,2026-01-12 04:02:00,727.02,80.32,3.9123283333333294,479.81,717.94,197.61,117.45,158.6,80.36,4.503372,480.34,730.3,204.09,116.31,167.26,82.1,3.9008126666666705,479.78,732.81,202.52,125.34,158.79,78.49,3.32606866666667,479.3,604.22,359.1,484.65
2026-01-12 04:03:59,XPQ-01 Main,2026-01-12 04:03:00,757.2,80.72,4.03232833333333,479.64,753.18,207.34,121.48,167.66,80.98,4.57003866666667,480.23,760.55,212.38,121.32,173.67,81.98,4.00081266666667,479.36,757.88,209.36,127.61,165.5,79.19,3.52606866666667,479.32,629.08,370.41,506.83
2026-01-12 04:04:59,XPQ-01 Main,2026-01-12 04:04:00,803.03,80.53,3.97566166666667,479.43,802.52,220.8,129.23,178.76,81.04,4.57003866666667,479.92,806.98,225.22,130.53,183.24,81.45,3.834146,479.22,799.58,220.82,134.87,174.38,79.1,3.52606866666667,479.14,666.85,394.63,536.38
2026-01-12 04:05:59,XPQ-01 Main,2026-01-12 04:05:00,755.51,81.57,4.198995,479.31,748.33,205.79,118.86,167.16,81.5,4.77003866666667,479.96,756.29,211.15,116.82,175.15,83.19,4.36747933333333,479.22,761.92,210.3,125.74,167.7,80.01,3.459402,478.76,627.24,361.41,510.02
2026-01-12 04:06:59,XPQ-01 Main,2026-01-12 04:06:00,756.75,79.93,3.7856616666666705,479.84,753.05,207.34,122.92,166.37,80.43,4.503372,480.37,762.04,212.91,124.12,172.07,81.1,3.7674793333333296,479.7,755.17,208.72,129.61,162.94,78.26,3.09273533333333,479.45,628.97,376.65,501.37
2026-01-12 04:07:59,XPQ-01 Main,2026-01-12 04:07:00,763.98,81.89,3.85232833333333,479.43,755.46,207.83,118.67,170.23,82.03,4.603372,480.04,767.73,214.35,117.84,178.66,83.48,3.834146,479.28,768.74,212.26,126.7,169.91,80.17,3.12606866666667,478.97,634.44,363.21,518.8
2026-01-12 04:08:59,XPQ-01 Main,2026-01-12 04:08:00,752.38,81.3,3.7656616666666705,479.24,747.82,205.56,119.87,166.51,81.16,4.403372,479.77,751.6,209.82,117.38,173.29,82.79,3.8674793333333297,479.29,757.71,209.16,125.44,166.88,79.93,3.02606866666667,478.67,624.54,362.69,506.68
2026-01-12 04:09:59,XPQ-01 Main,2026-01-12 04:09:00,723.33,78.0,4.008995,482.33,721.74,199.67,124.12,156.17,78.28,4.63670533333333,482.8,725.12,203.7,124.13,160.87,79.17,3.96747933333333,482.37,723.12,200.93,129.02,153.47,76.54,3.42606866666667,481.82,604.3,377.27,470.52
2026-01-12 04:10:59,XPQ-01 Main,2026-01-12 04:10:00,702.11,78.74,3.94566166666667,482.73,703.6,194.83,119.78,153.14,78.77,4.403372,483.12,700.36,196.87,118.28,156.73,79.82,4.034146,482.74,702.36,195.35,122.83,151.34,77.64,3.39273533333333,482.32,587.04,360.89,461.21
2026-01-12 04:11:59,XPQ-01 Main,2026-01-12 04:11:00,699.53,75.57,3.85232833333333,482.71,700.11,193.91,126.55,146.66,75.71,4.403372,483.34,698.43,196.36,125.68,150.17,76.69,3.90081266666667,482.6,700.04,194.6,129.84,144.24,74.32,3.259402,482.2,584.87,382.08,441.07
2026-01-12 04:12:59,XPQ-01 Main,2026-01-12 04:12:00,691.8,75.32,3.93232833333333,482.49,689.07,190.76,126.63,141.87,74.61,4.303372,482.97,685.75,192.66,121.9,147.88,77.17,4.00081266666667,482.4,700.58,194.72,130.16,143.96,74.18,3.49273533333333,482.12,578.13,378.68,433.71
2026-01-12 04:13:59,XPQ-01 Main,2026-01-12 04:13:00,755.82,80.47,3.82232833333333,481.99,753.28,208.37,124.08,166.52,80.19,4.37003866666667,482.54,751.92,210.99,120.61,172.4,81.94,3.934146,481.74,762.25,211.62,128.48,167.12,79.28,3.159402,481.7,630.98,373.17,506.04
2026-01-12 04:14:59,XPQ-01 Main,2026-01-12 04:14:00,610.28,84.09,4.288995,484.25,605.86,168.28,91.86,140.42,83.68,4.87003866666667,484.68,607.32,171.28,87.97,146.07,85.66,4.26747933333333,484.27,617.65,172.32,95.89,142.35,82.94,3.7260686666666705,483.79,511.87,275.73,428.84
2026-01-12 04:15:59,XPQ-01 Main,2026-01-12 04:15:00,603.49,79.66,4.508995,483.8,601.83,167.1,101.8,131.99,79.18,5.17003866666667,484.5,599.0,168.78,98.1,136.37,81.18,4.434146,483.56,609.64,169.82,104.61,133.07,78.62,3.92606866666667,483.34,505.7,304.51,401.43
2026-01-12 04:16:59,XPQ-01 Main,2026-01-12 04:16:00,613.06,83.32,4.25566166666667,483.89,609.52,169.18,94.61,139.78,82.81,4.87003866666667,484.41,608.93,171.62,90.32,145.28,84.93,4.06747933333333,483.89,620.74,173.02,98.25,141.91,82.22,3.8260686666666706,483.38,513.82,283.18,426.97
2026-01-12 04:17:59,XPQ-01 Main,2026-01-12 04:17:00,629.36,81.3,4.54566166666667,483.81,629.69,174.76,102.63,140.79,80.81,5.003372,484.36,623.53,175.72,98.46,144.59,82.66,4.434146,483.81,634.84,176.9,104.75,141.8,80.43,4.19273533333333,483.27,527.38,305.83,427.18
2026-01-12 04:18:59,XPQ-01 Main,2026-01-12 04:18:00,615.1,82.99,4.44232833333333,484.18,616.36,171.3,95.33,141.23,82.89,5.003372,484.97,610.9,172.27,92.99,144.37,84.07,4.40081266666667,483.89,618.04,172.27,97.97,140.47,82.02,3.92606866666667,483.7,515.84,286.3,426.08
2026-01-12 04:19:59,XPQ-01 Main,2026-01-12 04:19:00,576.13,82.69,4.24566166666667,484.14,571.39,158.74,89.9,130.31,82.31,4.67003866666667,484.85,573.68,161.78,86.5,136.15,84.4,4.134146,483.96,583.33,162.6,94.32,132.0,81.36,3.92606866666667,483.6,483.12,270.72,398.45
2026-01-12 04:20:59,XPQ-01 Main,2026-01-12 04:20:00,583.85,84.1,4.53232833333333,484.22,579.82,161.15,87.84,134.41,83.71,5.17003866666667,484.86,580.79,163.74,84.13,139.59,85.65,4.434146,483.92,590.95,164.79,91.63,136.02,82.94,3.9927353333333295,483.9,489.68,263.6,410.02
2026-01-12 04:21:59,XPQ-01 Main,2026-01-12 04:21:00,590.37,82.29,4.15566166666667,484.33,586.0,162.9,93.42,132.87,81.8,4.97003866666667,484.86,585.92,165.2,89.34,137.64,83.88,4.034146,484.05,599.18,167.15,96.67,134.51,81.2,3.459402,484.07,495.25,279.44,405.01
2026-01-12 04:22:59,XPQ-01 Main,2026-01-12 04:22:00,580.7,83.92,4.35566166666667,484.5,579.4,161.04,88.59,134.08,83.43,5.03670533333333,484.92,576.44,162.62,84.5,138.13,85.31,4.234146,484.47,586.24,163.64,91.0,135.51,83.02,3.79273533333333,484.12,487.31,264.08,407.72
2026-01-12 04:23:59,XPQ-01 Main,2026-01-12 04:23:00,612.81,82.46,4.17566166666667,484.58,611.31,169.97,96.34,139.53,82.29,4.803372,485.04,611.43,172.51,93.75,143.06,83.64,4.134146,484.46,615.68,171.87,99.2,139.2,81.44,3.59273533333333,484.25,514.35,289.29,421.8
2026-01-12 04:24:59,XPQ-01 Main,2026-01-12 04:24:00,586.14,81.89,4.288995,484.53,584.61,162.59,93.03,132.29,81.8,4.83670533333333,485.34,584.69,165.01,91.03,136.44,83.18,4.234146,484.24,589.11,164.31,96.6,131.94,80.69,3.79273533333333,484.02,491.91,280.65,400.67
2026-01-12 04:25:59,XPQ-01 Main,2026-01-12 04:25:00,600.16,84.1,4.388995,484.88,594.56,165.55,88.9,139.0,84.24,4.97003866666667,485.72,602.77,170.16,87.88,144.94,85.51,4.234146,484.35,603.16,168.35,94.65,138.46,82.56,3.959402,484.57,504.06,271.43,422.41
2026-01-12 04:26:59,XPQ-01 Main,2026-01-12 04:26:00,590.33,82.12,4.108995,485.02,585.39,162.94,92.47,133.5,82.21,4.63670533333333,485.86,592.09,167.31,91.39,139.21,83.59,3.934146,484.82,593.52,165.7,97.79,133.03,80.57,3.759402,484.38,495.94,281.65,405.73
2026-01-12 04:27:59,XPQ-01 Main,2026-01-12 04:27:00,550.18,82.25,4.62232833333333,485.31,545.71,151.95,86.39,124.32,82.12,5.103372,485.8,549.92,155.41,84.39,129.82,83.84,4.634146,485.22,554.91,155.13,91.02,124.78,80.79,4.12606866666667,484.92,462.48,261.8,378.92
2026-01-12 04:28:59,XPQ-01 Main,2026-01-12 04:28:00,562.71,82.62,4.24232833333333,485.7,558.36,155.63,87.35,128.26,82.65,4.93670533333333,486.47,563.69,159.49,86.03,133.54,84.07,4.16747933333333,485.5,566.09,158.29,92.19,127.97,81.14,3.6260686666666704,485.13,473.4,265.57,389.77
2026-01-12 04:29:59,XPQ-01 Main,2026-01-12 04:29:00,580.61,79.85,4.64232833333333,485.74,574.58,160.16,96.74,127.01,79.55,5.17003866666667,486.54,580.13,164.17,94.15,133.23,81.67,4.634146,485.55,587.12,164.17,101.62,128.08,78.34,4.12606866666667,485.11,488.49,292.51,388.32
2026-01-12 04:30:59,XPQ-01 Main,2026-01-12 04:30:00,555.73,79.98,4.54232833333333,485.94,549.51,153.24,92.52,121.28,79.51,5.303372,486.64,554.36,156.9,89.27,127.32,81.88,4.26747933333333,485.73,563.31,157.61,96.92,123.02,78.55,4.059402,485.45,467.75,278.71,371.63
2026-01-12 04:31:59,XPQ-01 Main,2026-01-12 04:31:00,552.44,78.83,4.488995,485.73,553.67,154.39,94.64,121.1,78.79,4.903372,486.5,550.81,155.79,93.06,123.78,79.93,4.46747933333333,485.35,552.85,154.6,96.85,119.75,77.75,4.09273533333333,485.33,464.78,284.55,364.63
2026-01-12 04:32:59,XPQ-01 Main,2026-01-12 04:32:00,567.29,76.06,4.77566166666667,485.38,564.35,157.24,102.82,118.49,75.53,5.33670533333333,486.01,563.61,159.27,99.6,123.71,77.89,4.934146,485.07,573.9,160.41,106.26,119.62,74.76,4.059402,485.07,476.92,308.68,361.83
2026-01-12 04:33:59,XPQ-01 Main,2026-01-12 04:33:00,557.55,76.38,4.54232833333333,485.87,550.9,153.67,100.06,115.95,75.71,4.97003866666667,486.65,554.51,156.88,96.5,122.46,78.54,4.60081266666667,485.47,567.25,158.66,104.49,118.04,74.88,4.059402,485.49,469.21,301.05,356.45
2026-01-12 04:34:59,XPQ-01 Main,2026-01-12 04:34:00,561.64,76.24,4.678995,485.9,560.29,156.29,100.96,118.85,76.21,5.07003866666667,486.68,560.6,158.62,99.71,122.73,77.61,4.90081266666667,485.54,564.03,157.77,104.21,117.78,74.89,4.059402,485.47,472.68,304.88,359.36
2026-01-12 04:35:59,XPQ-01 Main,2026-01-12 04:35:00,555.5,77.79,4.83232833333333,486.12,555.01,154.87,96.92,120.17,77.84,5.403372,486.58,555.69,157.22,95.7,123.02,78.93,4.934146,485.81,555.8,155.64,99.47,118.56,76.61,4.159402,485.95,467.73,292.09,361.74
2026-01-12 04:36:59,XPQ-01 Main,2026-01-12 04:36:00,563.33,76.38,4.73232833333333,486.1,557.85,155.6,101.31,117.61,75.77,5.17003866666667,486.64,560.71,158.72,97.93,123.77,78.42,4.734146,485.97,571.43,159.98,105.48,119.43,74.95,4.29273533333333,485.68,474.3,304.73,360.81
2026-01-12 04:37:59,XPQ-01 Main,2026-01-12 04:37:00,552.54,78.71,4.918995,486.49,547.67,152.92,94.78,119.44,78.33,5.47003866666667,486.93,551.34,156.12,92.04,124.99,80.52,4.90081266666667,486.23,558.6,156.55,98.91,120.46,77.29,4.39273533333333,486.3,465.59,285.73,364.88
2026-01-12 04:38:59,XPQ-01 Main,2026-01-12 04:38:00,566.78,78.11,4.32232833333333,486.17,563.12,157.2,98.56,121.76,77.73,4.83670533333333,486.81,564.04,159.6,95.74,127.02,79.86,4.50081266666667,485.7,573.19,160.48,102.42,122.63,76.75,3.62606866666667,486.01,477.28,296.72,371.41
2026-01-12 04:39:59,XPQ-01 Main,2026-01-12 04:39:00,563.48,77.46,4.64232833333333,486.17,561.79,156.8,99.85,120.02,76.88,5.303372,487.0,557.62,157.87,96.15,124.11,79.05,4.634146,485.78,571.02,159.8,102.2,121.16,76.44,3.9927353333333295,485.73,474.48,298.2,365.29
2026-01-12 04:40:59,XPQ-01 Main,2026-01-12 04:40:00,609.03,69.71,4.778995,485.29,608.7,169.52,121.69,117.14,69.35,5.27003866666667,486.22,605.77,171.3,119.3,121.08,71.23,4.90081266666667,485.1,612.62,171.09,123.94,116.67,68.54,4.159402,484.56,511.92,364.93,354.88
2026-01-12 04:41:59,XPQ-01 Main,2026-01-12 04:41:00,609.25,79.48,4.518995,486.11,612.27,170.82,101.97,136.54,80.12,5.103372,486.63,612.35,173.29,103.38,138.43,80.12,4.50081266666667,485.85,603.12,168.87,105.09,131.78,78.18,3.959402,485.84,512.98,310.44,406.76
2026-01-12 04:42:59,XPQ-01 Main,2026-01-12 04:42:00,592.08,79.05,4.63232833333333,486.1,587.17,163.82,100.24,128.76,78.91,5.103372,486.87,592.18,167.65,98.34,134.78,80.78,4.56747933333333,485.8,596.87,167.03,105.35,129.0,77.45,4.22606866666667,485.62,498.51,303.93,392.54
2026-01-12 04:43:59,XPQ-01 Main,2026-01-12 04:43:00,715.05,73.69,4.698995,484.2,720.72,200.17,135.62,147.1,73.52,5.303372,484.61,709.23,199.98,132.86,148.88,74.61,4.734146,484.23,715.19,199.52,136.23,145.29,72.95,4.059402,483.77,599.67,404.72,441.26
2026-01-12 04:44:59,XPQ-01 Main,2026-01-12 04:44:00,719.09,70.21,4.47566166666667,484.25,724.13,201.22,143.75,140.28,69.84,5.03670533333333,484.98,711.49,200.7,140.32,142.81,71.33,4.60081266666667,484.1,721.64,201.19,144.45,139.44,69.45,3.79273533333333,483.67,603.11,428.52,422.53
2026-01-12 04:45:59,XPQ-01 Main,2026-01-12 04:45:00,691.37,74.74,4.388995,484.39,688.48,191.29,128.75,141.15,73.88,5.003372,484.97,684.28,193.09,123.48,147.41,76.66,4.56747933333333,484.41,701.35,195.66,131.99,143.84,73.68,3.59273533333333,483.8,580.04,384.22,432.4
2026-01-12 04:46:59,XPQ-01 Main,2026-01-12 04:46:00,711.38,72.21,4.44566166666667,483.82,714.19,198.27,137.06,143.03,72.2,4.903372,484.42,708.11,199.52,135.51,145.98,73.29,4.434146,483.69,711.85,198.35,139.22,140.89,71.13,3.9927353333333295,483.36,596.14,411.79,429.9
2026-01-12 04:47:59,XPQ-01 Main,2026-01-12 04:47:00,716.21,75.64,4.488995,484.08,715.03,198.55,130.49,149.38,75.31,4.93670533333333,484.53,712.19,200.77,127.45,154.4,77.12,4.534146,484.08,721.42,201.19,133.8,149.42,74.5,3.9927353333333295,483.63,600.5,391.74,453.19
2026-01-12 04:48:59,XPQ-01 Main,2026-01-12 04:48:00,725.81,72.29,4.398995,483.79,731.1,202.92,140.32,146.31,72.17,4.97003866666667,484.3,720.62,203.02,137.92,148.33,73.24,4.36747933333333,483.73,725.71,202.23,141.24,144.23,71.45,3.859402,483.34,608.18,419.47,438.87
2026-01-12 04:49:59,XPQ-01 Main,2026-01-12 04:49:00,707.55,74.24,4.33232833333333,483.86,709.54,197.01,132.53,145.22,73.86,4.903372,484.51,701.62,197.7,129.22,149.07,75.56,4.16747933333333,483.67,711.48,198.24,134.5,144.9,73.29,3.92606866666667,483.4,592.96,396.25,439.2
2026-01-12 04:50:59,XPQ-01 Main,2026-01-12 04:50:00,715.11,71.94,4.75232833333333,483.8,717.98,199.29,138.17,143.16,71.96,5.303372,484.36,712.28,200.69,136.76,146.28,73.05,4.734146,483.72,715.09,199.26,140.34,140.8,70.83,4.22606866666667,483.31,599.24,415.27,430.25
2026-01-12 04:51:59,XPQ-01 Main,2026-01-12 04:51:00,701.01,73.08,4.34232833333333,483.43,705.05,195.53,133.1,142.64,73.11,4.87003866666667,484.06,697.77,196.5,131.63,145.16,74.08,4.234146,483.4,700.21,194.94,134.89,140.12,72.04,3.92606866666667,482.83,586.97,399.62,427.92
2026-01-12 04:52:59,XPQ-01 Main,2026-01-12 04:52:00,711.37,74.88,4.34566166666667,483.6,706.8,196.07,131.11,145.41,74.27,4.87003866666667,484.16,707.11,199.19,127.01,152.17,76.77,4.46747933333333,483.59,720.2,200.6,135.39,147.14,73.59,3.6927353333333297,483.03,595.85,393.51,444.72
2026-01-12 04:53:59,XPQ-01 Main,2026-01-12 04:53:00,721.09,73.63,4.44232833333333,483.76,719.75,199.73,134.26,147.57,73.97,4.93670533333333,484.23,723.32,203.78,134.73,152.09,74.85,4.46747933333333,483.75,720.21,200.71,138.74,144.22,72.07,3.92606866666667,483.29,604.21,407.73,443.88
2026-01-12 04:54:59,XPQ-01 Main,2026-01-12 04:54:00,720.23,73.95,4.44566166666667,483.8,716.96,199.0,133.81,147.02,73.95,4.93670533333333,484.37,720.57,203.03,132.78,152.97,75.52,4.46747933333333,483.73,723.17,201.51,138.81,145.59,72.38,3.92606866666667,483.31,603.55,405.4,445.58
2026-01-12 04:55:59,XPQ-01 Main,2026-01-12 04:55:00,695.42,73.68,4.478995,483.77,692.24,192.2,130.88,140.43,73.16,5.103372,484.46,690.96,194.66,127.46,146.72,75.49,4.30081266666667,483.51,703.05,195.83,134.85,141.44,72.38,4.02606866666667,483.33,582.69,393.19,428.6
2026-01-12 04:56:59,XPQ-01 Main,2026-01-12 04:56:00,722.67,75.34,4.44232833333333,484.06,717.28,199.31,131.61,149.26,75.01,4.93670533333333,484.81,720.24,203.01,128.79,156.39,77.19,4.434146,483.71,730.48,203.58,136.93,149.89,73.83,3.959402,483.66,605.9,397.33,455.53
2026-01-12 04:57:59,XPQ-01 Main,2026-01-12 04:57:00,710.02,72.41,4.278995,483.96,710.31,197.25,135.16,143.02,72.68,4.83670533333333,484.76,710.41,200.3,135.15,147.05,73.63,4.30081266666667,483.8,709.34,197.62,138.89,139.78,70.93,3.6927353333333297,483.31,595.18,409.2,429.84
2026-01-12 04:58:59,XPQ-01 Main,2026-01-12 04:58:00,721.89,73.79,4.408995,484.16,719.93,199.97,134.83,147.27,73.76,5.03670533333333,484.76,721.25,203.4,133.53,152.76,75.29,4.20081266666667,484.12,724.49,202.01,139.24,145.81,72.32,3.9927353333333295,483.6,605.38,407.6,445.84
2026-01-12 04:59:59,XPQ-01 Main,2026-01-12 04:59:00,702.61,73.34,4.518995,484.74,701.66,195.11,132.51,142.75,73.29,5.07003866666667,485.52,701.38,198.12,131.12,147.7,74.78,4.56747933333333,484.71,704.81,196.68,136.33,141.22,71.95,3.92606866666667,483.98,589.91,399.96,431.68
2026-01-12 05:00:59,XPQ-01 Main,2026-01-12 05:00:00,642.18,76.34,4.488995,485.73,635.4,177.1,113.98,135.35,76.49,5.23670533333333,486.41,645.51,182.62,113.81,142.43,78.12,4.40081266666667,485.58,645.61,180.58,120.55,134.24,74.4,3.8260686666666706,485.22,540.3,348.33,412.02
2026-01-12 05:01:59,XPQ-01 Main,2026-01-12 05:01:00,623.82,75.5,4.45232833333333,485.31,619.08,172.4,112.39,130.34,75.73,5.13670533333333,485.94,626.78,177.15,112.49,135.89,77.03,4.40081266666667,485.16,625.61,174.85,117.69,128.44,73.73,3.8260686666666706,484.85,524.4,342.58,394.67
2026-01-12 05:02:59,XPQ-01 Main,2026-01-12 05:02:00,660.06,74.16,4.388995,484.82,652.87,181.67,120.79,135.21,74.58,5.03670533333333,485.62,665.26,187.86,122.01,142.28,75.91,4.40081266666667,484.54,662.03,184.77,127.98,132.79,72.0,3.72606866666667,484.28,554.3,370.78,410.28
2026-01-12 05:03:59,XPQ-01 Main,2026-01-12 05:03:00,637.19,73.56,4.62232833333333,484.63,636.63,177.04,119.09,130.53,73.87,5.33670533333333,485.14,638.51,180.17,119.24,133.97,74.7,4.634146,484.45,636.42,177.66,122.58,127.55,72.1,3.89273533333333,484.29,534.87,360.9,392.05
2026-01-12 05:04:59,XPQ-01 Main,2026-01-12 05:04:00,634.74,74.42,4.42232833333333,485.0,629.91,175.39,116.06,130.95,74.84,4.97003866666667,485.67,638.53,180.28,116.95,136.74,76.0,4.36747933333333,484.58,635.78,177.56,122.16,128.32,72.43,3.92606866666667,484.74,533.23,355.18,396.01
2026-01-12 05:05:59,XPQ-01 Main,2026-01-12 05:05:00,632.67,73.89,4.48566166666667,482.45,635.81,175.97,118.65,129.69,73.78,5.13670533333333,482.82,628.95,176.67,116.68,132.23,74.98,4.334146,482.43,633.24,176.03,120.25,128.13,72.91,3.9927353333333295,482.11,528.67,355.58,390.04
2026-01-12 05:06:59,XPQ-01 Main,2026-01-12 05:06:00,660.45,74.0,4.608995,482.09,661.5,182.95,122.43,135.74,74.26,5.203372,482.59,660.71,185.49,122.29,139.0,75.08,4.50081266666667,482.04,659.15,183.04,125.59,132.82,72.66,4.12606866666667,481.63,551.49,370.3,407.56
2026-01-12 05:07:59,XPQ-01 Main,2026-01-12 05:07:00,638.23,73.86,4.388995,481.8,636.85,176.03,118.64,129.75,73.8,5.03670533333333,482.26,637.25,178.78,117.3,134.2,75.29,4.46747933333333,481.74,640.59,177.79,122.27,128.64,72.48,3.659402,481.39,532.61,358.22,392.59
2026-01-12 05:08:59,XPQ-01 Main,2026-01-12 05:08:00,590.48,70.67,4.63232833333333,481.67,590.79,163.3,115.23,115.09,70.67,5.203372,482.25,588.53,165.08,114.18,118.51,72.01,4.40081266666667,481.49,592.11,164.25,117.91,113.43,69.33,4.29273533333333,481.26,492.62,347.33,347.02
2026-01-12 05:09:59,XPQ-01 Main,2026-01-12 05:09:00,580.22,73.31,4.35566166666667,481.89,579.33,160.22,109.15,116.82,73.07,4.903372,482.35,577.97,162.12,107.18,120.87,74.82,4.36747933333333,481.65,583.36,161.95,112.0,116.32,72.03,3.79273533333333,481.68,484.29,328.33,354.01
2026-01-12 05:10:59,XPQ-01 Main,2026-01-12 05:10:00,577.58,71.6,4.56566166666667,482.07,577.9,159.87,111.92,113.56,71.22,5.13670533333333,482.64,573.79,161.07,109.35,117.22,73.12,4.30081266666667,481.89,581.07,161.33,114.15,113.34,70.46,4.259402,481.67,482.26,335.42,344.12
2026-01-12 05:11:59,XPQ-01 Main,2026-01-12 05:11:00,585.33,72.96,4.288995,481.53,584.6,161.6,110.86,117.28,72.67,4.93670533333333,482.07,582.28,163.2,108.64,121.33,74.5,4.20081266666667,481.17,589.11,163.39,113.71,116.95,71.7,3.72606866666667,481.35,488.19,333.2,355.55
2026-01-12 05:12:59,XPQ-01 Main,2026-01-12 05:12:00,597.18,72.66,4.34232833333333,481.77,595.9,164.77,113.23,119.3,72.53,4.903372,482.46,595.02,166.94,111.64,123.68,74.23,4.134146,481.52,600.62,166.61,116.79,118.51,71.23,3.9927353333333295,481.32,498.31,341.66,361.49
2026-01-12 05:13:59,XPQ-01 Main,2026-01-12 05:13:00,574.17,70.64,4.55232833333333,481.87,574.2,158.79,112.7,111.54,70.34,5.203372,482.55,570.42,160.08,110.67,115.4,72.18,4.40081266666667,481.66,577.89,160.35,115.28,111.13,69.4,4.059402,481.41,479.22,338.65,338.07
2026-01-12 05:14:59,XPQ-01 Main,2026-01-12 05:14:00,593.15,74.02,4.38566166666667,481.67,594.02,164.23,110.26,121.21,73.97,5.103372,482.33,590.88,165.72,108.73,124.41,75.3,4.20081266666667,481.4,594.54,164.91,112.89,119.85,72.79,3.859402,481.3,494.85,331.89,365.47
2026-01-12 05:15:59,XPQ-01 Main,2026-01-12 05:15:00,568.26,71.63,4.47566166666667,481.47,564.14,155.9,108.71,111.4,71.57,5.103372,482.15,568.68,159.43,107.94,116.87,73.46,4.334146,481.18,571.98,158.58,113.31,110.66,69.87,3.9927353333333295,481.1,473.91,329.96,338.93
2026-01-12 05:16:59,XPQ-01 Main,2026-01-12 05:16:00,613.03,73.98,4.28566166666667,481.1,612.24,169.04,113.66,124.77,73.93,5.003372,481.63,611.65,171.33,112.27,128.85,75.4,4.16747933333333,480.88,615.2,170.48,116.98,123.6,72.63,3.6927353333333297,480.79,510.84,342.91,377.22
2026-01-12 05:17:59,XPQ-01 Main,2026-01-12 05:17:00,633.34,73.81,4.398995,480.83,635.09,175.23,117.88,129.53,73.96,5.203372,481.29,632.19,176.97,117.2,132.27,74.85,4.30081266666667,480.68,632.74,175.26,120.31,127.06,72.61,3.6927353333333297,480.51,527.46,355.39,388.86
2026-01-12 05:18:59,XPQ-01 Main,2026-01-12 05:18:00,620.08,74.43,4.808995,480.93,621.68,171.59,114.68,127.22,74.28,5.37003866666667,481.46,616.57,172.64,112.54,130.19,75.65,4.834146,480.7,622.0,172.29,116.74,126.06,73.37,4.22606866666667,480.61,516.52,343.96,383.46
2026-01-12 05:19:59,XPQ-01 Main,2026-01-12 05:19:00,491.99,81.4,4.68566166666667,483.18,490.55,136.04,78.45,110.81,81.61,5.403372,483.77,492.9,138.66,77.98,113.97,82.53,4.50081266666667,482.91,492.51,137.05,81.75,109.18,80.05,4.159402,482.85,411.75,238.19,333.96
2026-01-12 05:20:59,XPQ-01 Main,2026-01-12 05:20:00,520.35,84.79,4.508995,483.58,514.17,142.72,75.35,121.02,84.89,5.27003866666667,484.15,523.1,147.26,74.21,126.81,86.31,4.46747933333333,483.28,523.78,145.88,80.85,121.12,83.17,3.79273533333333,483.31,435.86,230.41,368.95
2026-01-12 05:21:59,XPQ-01 Main,2026-01-12 05:21:00,496.94,83.8,4.308995,483.47,491.07,136.26,72.04,115.3,84.81,5.003372,483.9,506.06,142.41,74.88,120.63,84.96,4.06747933333333,483.2,493.7,137.51,79.17,111.89,81.63,3.859402,483.3,416.18,226.09,347.82
2026-01-12 05:22:59,XPQ-01 Main,2026-01-12 05:22:00,467.31,79.39,4.308995,483.58,463.08,128.57,76.55,102.98,80.25,5.103372,484.21,473.7,133.35,78.62,107.23,80.65,4.20081266666667,483.17,465.16,129.53,82.04,99.82,77.26,3.6260686666666704,483.36,391.45,237.21,310.02
2026-01-12 05:23:59,XPQ-01 Main,2026-01-12 05:23:00,525.0,81.73,4.42232833333333,483.52,517.1,143.53,81.67,117.72,82.16,5.17003866666667,483.99,530.62,149.32,82.24,124.22,83.38,4.40081266666667,483.19,527.26,146.86,88.58,116.68,79.65,3.6927353333333297,483.38,439.71,252.49,358.62
2026-01-12 05:24:59,XPQ-01 Main,2026-01-12 05:24:00,485.36,81.58,4.27566166666667,483.56,481.71,133.73,76.7,109.2,81.83,4.803372,484.03,487.73,137.25,76.43,113.45,82.93,4.234146,483.16,486.64,135.56,81.11,108.05,79.97,3.79273533333333,483.5,406.53,234.25,330.69
2026-01-12 05:25:59,XPQ-01 Main,2026-01-12 05:25:00,491.15,80.31,4.378995,483.97,487.6,135.49,80.06,109.09,80.62,5.03670533333333,484.64,493.6,139.06,80.07,113.45,81.7,4.46747933333333,483.54,492.25,137.18,84.65,107.63,78.6,3.62606866666667,483.73,411.73,244.78,330.17
2026-01-12 05:26:59,XPQ-01 Main,2026-01-12 05:26:00,502.27,82.23,4.46566166666667,484.19,496.97,138.15,77.73,113.87,82.59,5.23670533333333,484.81,506.12,142.64,77.87,119.07,83.69,4.26747933333333,483.76,503.72,140.45,83.24,112.61,80.41,3.89273533333333,484.01,421.25,238.84,345.54
2026-01-12 05:27:59,XPQ-01 Main,2026-01-12 05:27:00,516.99,81.08,4.95566166666667,483.71,514.8,142.94,83.13,116.14,81.31,5.603372,484.22,518.63,146.02,82.77,119.91,82.3,4.66747933333333,483.4,517.54,144.2,87.01,114.58,79.64,4.59273533333333,483.52,433.15,252.91,350.63
2026-01-12 05:28:59,XPQ-01 Main,2026-01-12 05:28:00,535.22,81.48,4.288995,483.45,533.98,148.24,84.13,121.66,82.25,4.903372,484.29,540.58,152.17,86.11,125.02,82.36,4.234146,482.97,531.11,147.8,88.86,117.74,79.82,3.7260686666666705,483.1,448.2,259.1,364.42
2026-01-12 05:29:59,XPQ-01 Main,2026-01-12 05:29:00,536.39,81.35,4.36566166666667,483.29,533.57,148.05,84.77,121.15,81.94,4.97003866666667,483.85,541.16,152.22,85.94,125.3,82.47,4.30081266666667,482.87,534.43,148.76,89.77,118.27,79.65,3.8260686666666706,483.13,449.02,260.48,364.73
2026-01-12 05:30:59,XPQ-01 Main,2026-01-12 05:30:00,499.5,82.09,4.35232833333333,483.44,497.11,137.95,77.29,113.8,82.72,5.07003866666667,483.86,504.1,141.83,78.52,117.52,83.15,4.134146,483.11,497.28,138.5,82.06,110.92,80.39,3.859402,483.34,418.27,237.87,342.24
2026-01-12 05:31:59,XPQ-01 Main,2026-01-12 05:31:00,497.22,82.71,4.53232833333333,483.09,493.59,136.9,75.21,113.46,83.35,5.203372,483.89,502.22,141.27,76.46,117.68,83.86,4.40081266666667,482.65,495.85,137.89,80.47,110.86,80.93,3.9927353333333295,482.75,416.07,232.14,342.0
2026-01-12 05:32:59,XPQ-01 Main,2026-01-12 05:32:00,506.28,80.29,4.41232833333333,482.63,506.18,140.25,82.45,113.08,80.8,4.87003866666667,483.37,508.65,142.94,83.22,115.88,81.23,4.36747933333333,482.24,504.01,140.04,85.97,110.17,78.84,3.9927353333333295,482.28,423.23,251.63,339.14
2026-01-12 05:33:59,XPQ-01 Main,2026-01-12 05:33:00,522.01,82.18,4.35232833333333,482.46,521.25,144.31,80.9,119.14,82.73,4.97003866666667,482.96,525.58,147.64,81.87,122.27,83.09,4.234146,482.3,519.22,144.29,84.94,116.13,80.71,3.859402,482.11,436.24,247.71,357.55
2026-01-12 05:34:59,XPQ-01 Main,2026-01-12 05:34:00,595.17,73.51,4.55566166666667,480.85,595.51,164.37,110.48,121.39,73.95,5.103372,481.48,596.98,167.13,111.16,124.38,74.56,4.50081266666667,480.53,593.03,164.21,113.73,117.99,72.0,4.059402,480.53,495.7,335.37,363.76
2026-01-12 05:35:59,XPQ-01 Main,2026-01-12 05:35:00,615.07,76.58,4.308995,480.55,616.01,169.82,108.07,130.27,76.96,4.903372,481.02,616.42,172.5,108.34,133.13,77.56,3.96747933333333,480.52,612.78,169.64,111.28,127.04,75.22,4.059402,480.13,511.96,327.7,390.45
2026-01-12 05:36:59,XPQ-01 Main,2026-01-12 05:36:00,663.8,76.75,4.16566166666667,480.26,664.59,183.11,115.78,141.41,77.37,4.63670533333333,480.85,667.38,186.69,117.32,144.61,77.66,4.00081266666667,480.24,659.41,182.39,120.01,136.98,75.22,3.859402,479.7,552.19,353.11,423.0
2026-01-12 05:37:59,XPQ-01 Main,2026-01-12 05:37:00,679.74,77.99,4.24232833333333,479.57,681.8,187.69,115.53,147.43,78.71,4.77003866666667,480.27,683.42,190.83,117.52,149.92,78.7,4.06747933333333,479.26,674.02,186.12,119.49,142.23,76.56,3.89273533333333,479.18,564.64,352.55,439.58
2026-01-12 05:38:59,XPQ-01 Main,2026-01-12 05:38:00,640.53,78.45,4.37566166666667,479.7,643.07,177.05,108.82,139.32,78.81,5.07003866666667,480.31,640.8,178.97,108.93,141.66,79.27,4.30081266666667,479.43,637.73,176.18,111.67,135.91,77.26,3.759402,479.36,532.2,329.42,416.89
2026-01-12 05:39:59,XPQ-01 Main,2026-01-12 05:39:00,620.85,78.12,4.678995,480.13,621.57,171.23,106.33,133.62,78.25,5.27003866666667,480.81,619.9,173.37,105.52,137.06,79.24,4.434146,479.99,621.09,171.7,109.57,131.71,76.88,4.32606866666667,479.57,516.31,321.41,402.39
2026-01-12 05:40:59,XPQ-01 Main,2026-01-12 05:40:00,611.69,76.93,4.34566166666667,479.68,615.73,169.52,108.01,129.97,76.91,4.77003866666667,480.2,607.96,169.76,106.3,131.74,77.82,4.234146,479.38,611.39,168.92,109.32,128.02,76.05,4.02606866666667,479.45,508.2,323.64,389.73
2026-01-12 05:41:59,XPQ-01 Main,2026-01-12 05:41:00,667.9,77.59,4.16566166666667,479.7,671.58,184.82,114.63,144.44,78.33,4.63670533333333,480.12,671.24,187.48,116.5,146.06,78.18,4.034146,479.66,660.87,182.64,117.87,138.96,76.26,3.8260686666666706,479.32,554.95,349.0,429.46
2026-01-12 05:42:59,XPQ-01 Main,2026-01-12 05:42:00,590.88,77.43,4.33232833333333,478.79,591.61,162.54,103.45,124.62,76.94,5.03670533333333,479.45,585.03,163.13,100.02,128.29,78.87,4.20081266666667,478.57,596.0,164.31,105.5,125.21,76.47,3.759402,478.33,489.99,308.97,378.12
2026-01-12 05:43:59,XPQ-01 Main,2026-01-12 05:43:00,688.51,72.48,4.41232833333333,478.08,694.25,190.37,130.43,138.46,72.79,5.13670533333333,478.33,686.71,191.15,130.06,139.53,73.15,4.234146,478.17,684.56,188.6,131.61,134.64,71.51,3.859402,477.73,570.12,392.1,412.63
2026-01-12 05:44:59,XPQ-01 Main,2026-01-12 05:44:00,720.11,74.6,4.208995,477.71,724.6,198.58,129.9,149.67,75.52,4.73670533333333,478.07,724.25,201.43,132.66,150.9,75.1,4.134146,477.71,711.48,195.83,133.13,142.98,73.19,3.759402,477.33,595.84,395.68,443.54
2026-01-12 05:45:59,XPQ-01 Main,2026-01-12 05:45:00,628.68,72.33,4.308995,478.25,633.68,173.83,121.42,123.95,71.44,5.003372,478.9,617.65,172.1,116.1,126.62,73.71,4.20081266666667,478.23,634.71,174.8,121.4,125.38,71.84,3.7260686666666705,477.61,520.73,358.92,375.95
2026-01-12 05:46:59,XPQ-01 Main,2026-01-12 05:46:00,851.29,75.11,4.31232833333333,476.44,858.3,234.64,153.82,176.81,75.44,4.803372,476.79,849.12,235.49,153.56,178.12,75.74,4.134146,476.36,846.44,232.37,155.62,172.03,74.16,3.9927353333333295,476.17,702.5,463.0,526.96
2026-01-12 05:47:59,XPQ-01 Main,2026-01-12 05:47:00,957.28,74.2,5.06566166666667,474.9,960.36,261.66,171.74,197.17,75.41,5.63670533333333,475.28,967.99,267.61,177.62,199.73,74.73,4.46747933333333,474.86,943.48,258.18,177.67,186.85,72.47,5.09273533333333,474.56,787.45,527.03,583.75
2026-01-12 05:48:59,XPQ-01 Main,2026-01-12 05:48:00,979.44,72.23,4.44566166666667,474.42,982.92,267.5,184.46,193.71,72.42,5.07003866666667,474.83,977.75,270.12,183.79,197.71,73.24,4.20081266666667,474.46,977.65,267.21,187.97,189.7,71.03,4.059402,473.96,804.83,556.22,581.12
2026-01-12 05:49:59,XPQ-01 Main,2026-01-12 05:49:00,958.14,72.69,4.118995,474.59,956.25,260.39,174.86,192.15,73.96,4.53670533333333,475.1,971.87,268.56,181.61,196.94,73.51,4.20081266666667,474.49,946.32,258.71,182.77,182.22,70.6,3.6260686666666704,474.16,787.66,539.24,571.31
2026-01-12 05:50:59,XPQ-01 Main,2026-01-12 05:50:00,917.94,69.87,4.508995,474.55,923.76,251.45,179.94,175.25,69.77,4.93670533333333,475.24,912.04,252.19,177.64,178.72,70.92,4.434146,474.58,918.03,250.84,181.63,172.76,68.92,4.159402,473.83,754.48,539.21,526.73
2026-01-12 05:51:59,XPQ-01 Main,2026-01-12 05:51:00,991.51,70.84,4.37566166666667,474.31,994.31,270.64,187.8,194.17,71.88,4.67003866666667,474.98,999.62,276.12,192.69,197.29,71.54,4.234146,474.16,980.6,267.83,193.37,184.87,69.1,4.22606866666667,473.79,814.59,573.86,576.33
2026-01-12 05:52:59,XPQ-01 Main,2026-01-12 05:52:00,922.61,69.45,4.188995,475.18,926.19,252.49,180.72,174.98,69.56,4.67003866666667,475.85,919.52,254.54,179.77,178.95,70.55,4.16747933333333,475.13,922.11,252.31,183.82,171.63,68.24,3.72606866666667,474.57,759.34,544.31,525.56
2026-01-12 05:53:59,XPQ-01 Main,2026-01-12 05:53:00,890.15,70.24,4.17566166666667,475.47,893.21,243.64,172.11,171.58,70.6,4.803372,475.8,890.24,246.41,172.51,174.91,71.2,4.00081266666667,475.43,887.01,243.04,175.43,166.89,68.93,3.72606866666667,475.18,733.09,520.05,513.39
2026-01-12 05:54:59,XPQ-01 Main,2026-01-12 05:54:00,908.71,70.12,4.06566166666667,475.4,910.83,248.37,175.31,174.96,70.64,4.403372,475.64,911.56,252.28,176.85,178.75,71.09,4.134146,475.46,903.73,247.62,179.58,169.42,68.62,3.659402,475.11,748.27,531.74,523.13
2026-01-12 05:55:59,XPQ-01 Main,2026-01-12 05:55:00,872.73,68.56,4.34232833333333,475.62,872.61,238.16,171.75,163.86,69.03,4.87003866666667,476.01,875.46,242.36,173.21,168.46,69.72,4.06747933333333,475.45,870.11,238.45,176.64,159.07,66.92,4.09273533333333,475.4,718.97,521.6,491.39
2026-01-12 05:56:59,XPQ-01 Main,2026-01-12 05:56:00,860.5,66.74,4.05566166666667,475.7,859.95,234.8,172.23,158.09,67.62,4.37003866666667,476.37,866.66,240.05,175.9,162.2,67.79,4.10081266666667,475.44,854.87,234.18,177.61,151.14,64.81,3.6927353333333297,475.29,709.02,525.73,471.43
2026-01-12 05:57:59,XPQ-01 Main,2026-01-12 05:57:00,885.75,69.18,4.24566166666667,475.79,883.71,241.29,170.27,170.25,70.71,4.703372,476.45,900.25,249.43,177.88,174.34,70.0,4.20081266666667,475.61,873.28,239.27,177.8,159.71,66.82,3.8260686666666706,475.29,729.99,525.95,504.3
2026-01-12 05:58:59,XPQ-01 Main,2026-01-12 05:58:00,978.22,71.21,4.12232833333333,474.92,976.56,266.05,183.64,191.92,72.25,4.67003866666667,475.52,988.61,273.49,189.02,197.01,72.16,3.96747933333333,474.93,969.49,265.18,191.15,183.37,69.23,3.7260686666666705,474.31,804.72,563.81,572.3
2026-01-12 05:59:59,XPQ-01 Main,2026-01-12 05:59:00,908.06,70.17,4.14232833333333,475.28,909.61,247.99,175.22,174.28,70.52,4.603372,475.97,909.02,251.72,176.02,178.95,71.29,4.30081266666667,475.28,905.56,247.83,179.73,169.97,68.71,3.52606866666667,474.6,747.54,530.96,523.2
2026-01-12 06:00:59,XPQ-01 Main,2026-01-12 06:00:00,941.68,71.04,4.16566166666667,474.74,942.79,256.65,177.94,184.07,71.9,4.43670533333333,475.01,948.66,262.25,181.79,187.79,71.85,4.234146,474.92,933.6,255.44,183.23,176.5,69.38,3.8260686666666706,474.29,774.34,542.96,548.36
2026-01-12 06:01:59,XPQ-01 Main,2026-01-12 06:01:00,1037.84,71.23,3.998995,474.4,1042.96,283.67,198.73,202.57,71.41,4.303372,474.71,1034.96,286.0,197.95,206.31,72.16,4.10081266666667,474.7,1035.6,283.11,201.77,198.49,70.13,3.59273533333333,473.8,852.78,598.45,607.36
2026-01-12 06:02:59,XPQ-01 Main,2026-01-12 06:02:00,1030.12,73.37,4.33232833333333,474.61,1032.14,280.84,189.07,206.82,73.81,4.73670533333333,475.04,1033.06,285.67,190.57,211.6,74.31,4.46747933333333,474.9,1025.18,280.33,194.17,201.39,71.99,3.79273533333333,473.9,846.83,573.82,619.81
2026-01-12 06:03:59,XPQ-01 Main,2026-01-12 06:03:00,1050.57,73.74,4.188995,473.5,1050.88,285.28,190.24,212.12,74.45,4.503372,473.94,1057.28,291.67,193.82,217.29,74.63,4.36747933333333,473.77,1043.54,284.68,196.78,205.01,72.14,3.6927353333333297,472.8,861.63,580.84,634.43
2026-01-12 06:04:59,XPQ-01 Main,2026-01-12 06:04:00,1058.47,73.6,4.34232833333333,473.82,1058.72,287.62,191.89,213.41,74.36,4.903372,474.26,1066.22,294.31,195.81,218.52,74.48,4.20081266666667,474.05,1050.46,286.77,198.62,205.85,71.96,3.92606866666667,473.16,868.7,586.32,637.79
2026-01-12 06:05:59,XPQ-01 Main,2026-01-12 06:05:00,1054.08,73.11,4.308995,473.96,1055.26,286.76,193.1,211.16,73.8,4.77003866666667,474.38,1059.92,292.65,196.37,215.85,73.97,4.134146,474.19,1047.07,285.93,199.11,203.97,71.56,4.02606866666667,473.3,865.34,588.58,630.98
2026-01-12 06:06:59,XPQ-01 Main,2026-01-12 06:06:00,1026.88,72.55,4.31232833333333,473.94,1027.67,279.26,189.76,203.99,73.22,4.57003866666667,474.36,1032.61,285.1,192.81,208.81,73.47,4.60081266666667,474.16,1020.35,278.63,195.73,197.19,70.97,3.759402,473.3,842.99,578.3,609.99
2026-01-12 06:07:59,XPQ-01 Main,2026-01-12 06:07:00,1071.66,73.96,4.178995,474.24,1072.45,291.64,193.4,217.73,74.77,4.603372,474.66,1079.58,298.21,197.43,222.19,74.75,4.16747933333333,474.41,1062.96,290.44,199.84,209.58,72.37,3.759402,473.64,880.3,590.67,649.5
2026-01-12 06:08:59,XPQ-01 Main,2026-01-12 06:08:00,1095.84,74.64,4.25232833333333,474.21,1099.04,298.8,196.85,224.13,75.13,4.63670533333333,474.58,1099.06,303.6,198.65,228.51,75.47,4.36747933333333,474.47,1089.44,297.7,202.12,217.83,73.3,3.759402,473.59,900.1,597.63,670.47
2026-01-12 06:09:59,XPQ-01 Main,2026-01-12 06:09:00,1090.37,74.46,4.36566166666667,473.31,1090.85,296.04,195.94,221.34,74.88,4.87003866666667,473.8,1093.45,301.53,197.36,227.09,75.48,4.36747933333333,473.52,1086.8,296.33,202.08,216.06,73.03,3.859402,472.61,893.9,595.38,664.5
2026-01-12 06:10:59,XPQ-01 Main,2026-01-12 06:10:00,1047.63,73.85,4.47566166666667,474.17,1050.77,285.65,191.64,211.25,74.06,5.07003866666667,474.62,1046.73,289.18,191.34,215.91,74.84,4.46747933333333,474.42,1045.4,285.57,195.92,207.08,72.64,3.89273533333333,473.45,860.4,578.89,634.24
2026-01-12 06:11:59,XPQ-01 Main,2026-01-12 06:11:00,1056.16,74.07,4.078995,473.45,1058.99,287.53,190.38,214.93,74.86,4.53670533333333,473.92,1063.29,293.23,194.18,218.8,74.79,4.034146,473.57,1046.22,285.37,196.02,206.69,72.56,3.659402,472.85,866.13,580.58,640.43
2026-01-12 06:12:59,XPQ-01 Main,2026-01-12 06:12:00,1117.23,75.78,4.37566166666667,473.37,1119.09,303.75,194.82,232.42,76.64,4.63670533333333,473.85,1126.88,310.77,199.63,237.05,76.49,4.334146,473.58,1105.72,301.55,201.78,223.41,74.21,4.159402,472.69,916.06,596.23,692.89
2026-01-12 06:13:59,XPQ-01 Main,2026-01-12 06:13:00,1105.63,76.11,4.188995,473.86,1111.19,301.97,194.08,230.71,76.53,4.77003866666667,474.4,1106.77,305.53,194.99,234.16,76.84,4.36747933333333,473.99,1098.92,299.96,198.2,224.46,74.96,3.42606866666667,473.21,907.46,587.26,689.33
2026-01-12 06:14:59,XPQ-01 Main,2026-01-12 06:14:00,1099.17,75.92,4.298995,473.44,1098.93,298.41,190.97,228.69,76.76,4.73670533333333,473.93,1108.88,305.76,195.56,234.2,76.76,4.30081266666667,473.49,1089.69,297.21,198.74,220.16,74.23,3.859402,472.9,901.38,585.27,683.06
2026-01-12 06:15:59,XPQ-01 Main,2026-01-12 06:15:00,1149.97,76.67,4.008995,473.56,1151.27,312.66,197.21,242.15,77.54,4.33670533333333,474.05,1160.26,320.06,202.3,247.15,77.38,4.16747933333333,473.69,1138.38,310.56,204.8,232.77,75.08,3.52606866666667,472.94,943.28,604.31,722.07
2026-01-12 06:16:59,XPQ-01 Main,2026-01-12 06:16:00,1133.76,75.99,4.11232833333333,473.59,1135.02,308.38,194.7,239.06,77.54,4.403372,474.04,1153.82,318.14,205.08,242.97,76.42,4.234146,473.55,1112.43,303.55,203.97,224.47,74.01,3.6927353333333297,473.17,930.06,603.74,706.49
2026-01-12 06:17:59,XPQ-01 Main,2026-01-12 06:17:00,1166.97,76.34,4.408995,473.68,1170.59,318.13,200.83,246.54,77.53,4.93670533333333,474.25,1180.44,325.62,208.34,250.09,76.83,4.534146,473.6,1149.89,313.74,208.65,234.12,74.66,3.759402,473.2,957.49,617.81,730.76
2026-01-12 06:18:59,XPQ-01 Main,2026-01-12 06:18:00,1152.86,76.0,4.03232833333333,473.93,1155.0,314.03,201.25,240.68,76.71,4.23670533333333,474.49,1159.87,320.14,204.82,245.62,76.8,4.00081266666667,473.9,1143.7,312.21,208.05,232.33,74.5,3.859402,473.4,946.38,614.12,718.64
2026-01-12 06:19:59,XPQ-01 Main,2026-01-12 06:19:00,1094.08,76.78,4.198995,473.92,1093.24,297.13,186.86,230.86,77.73,4.77003866666667,474.47,1105.98,305.34,192.41,236.78,77.61,4.234146,474.03,1083.02,295.66,195.51,221.67,75.0,3.59273533333333,473.27,898.14,574.78,689.31
2026-01-12 06:20:59,XPQ-01 Main,2026-01-12 06:20:00,1062.65,75.72,3.888995,473.74,1061.95,288.37,188.41,218.2,75.69,4.303372,474.23,1060.62,292.83,186.51,225.19,77.01,3.7674793333333296,474.07,1065.38,290.74,193.84,216.27,74.47,3.59273533333333,472.91,871.94,568.76,659.66
2026-01-12 06:21:59,XPQ-01 Main,2026-01-12 06:21:00,1171.16,76.9,4.17566166666667,473.25,1173.94,318.85,199.43,248.47,77.99,4.803372,473.88,1183.63,326.14,206.16,252.59,77.47,4.034146,473.02,1155.91,315.06,207.28,236.85,75.25,3.6927353333333297,472.85,960.04,612.86,737.91
2026-01-12 06:22:59,XPQ-01 Main,2026-01-12 06:22:00,1154.0,77.07,4.108995,473.09,1156.79,314.0,194.35,246.52,78.53,4.703372,473.49,1172.43,322.87,204.15,249.87,77.44,4.06747933333333,472.98,1132.78,308.8,203.2,232.06,75.23,3.559402,472.79,945.66,601.7,728.46
2026-01-12 06:23:59,XPQ-01 Main,2026-01-12 06:23:00,1116.71,76.47,3.94566166666667,473.52,1118.2,303.73,194.07,233.21,76.87,4.53670533333333,474.2,1119.05,308.72,195.28,238.86,77.42,3.96747933333333,473.52,1112.87,303.45,200.11,227.68,75.11,3.32606866666667,472.83,915.89,589.46,699.75
2026-01-12 06:24:59,XPQ-01 Main,2026-01-12 06:24:00,1107.28,76.39,4.06566166666667,473.55,1108.15,300.87,191.75,231.44,77.0,4.703372,474.18,1113.29,307.26,194.68,237.23,77.3,3.934146,473.78,1100.39,300.11,198.79,224.55,74.87,3.559402,472.7,908.24,585.22,693.21
2026-01-12 06:25:59,XPQ-01 Main,2026-01-12 06:25:00,1069.0,77.74,4.11232833333333,473.98,1069.25,290.68,177.69,229.64,79.09,4.603372,474.5,1085.68,299.72,186.26,234.25,78.27,4.134146,474.05,1052.07,287.26,186.94,217.57,75.85,3.59273533333333,473.4,877.66,550.89,681.46
2026-01-12 06:26:59,XPQ-01 Main,2026-01-12 06:26:00,1081.46,76.44,4.16566166666667,474.68,1086.97,295.9,187.3,228.95,77.4,4.503372,475.02,1089.8,301.24,192.43,231.51,76.9,4.26747933333333,474.82,1067.62,292.03,192.98,218.86,75.01,3.72606866666667,474.2,889.17,572.71,679.32
2026-01-12 06:27:59,XPQ-01 Main,2026-01-12 06:27:00,1025.63,77.46,4.05566166666667,474.94,1027.91,279.91,172.75,219.77,78.62,4.57003866666667,475.5,1038.43,287.37,179.48,223.66,77.99,3.934146,475.16,1010.56,276.47,180.18,209.23,75.78,3.659402,474.17,843.75,532.41,652.66
2026-01-12 06:28:59,XPQ-01 Main,2026-01-12 06:28:00,1027.66,78.57,3.988995,474.87,1026.91,279.6,172.17,219.91,78.74,4.57003866666667,475.47,1027.94,284.46,171.73,226.48,79.68,3.7674793333333296,475.06,1028.12,281.19,178.26,217.06,77.28,3.62606866666667,474.06,845.25,522.16,663.45
2026-01-12 06:29:59,XPQ-01 Main,2026-01-12 06:29:00,999.03,75.61,4.298995,474.38,998.75,271.52,178.79,204.02,75.21,4.903372,474.88,991.94,274.31,174.64,211.18,77.06,4.16747933333333,474.82,1006.4,275.0,183.17,204.9,74.55,3.8260686666666706,473.44,820.83,536.6,620.1
2026-01-12 06:30:59,XPQ-01 Main,2026-01-12 06:30:00,1094.22,75.7,3.9456616666666706,473.18,1097.59,297.72,191.16,228.06,76.64,4.43670533333333,473.42,1103.06,304.0,196.15,231.66,76.32,3.934146,473.5,1082.01,295.1,197.78,218.58,74.15,3.459402,472.61,896.82,585.08,678.3
2026-01-12 06:31:59,XPQ-01 Main,2026-01-12 06:31:00,1073.41,76.99,3.898995,473.6,1072.92,291.32,184.88,224.68,77.22,4.37003866666667,474.16,1074.35,296.51,184.76,231.36,78.14,3.8674793333333297,473.85,1072.95,292.69,191.45,221.18,75.61,3.459402,472.79,880.53,561.1,677.22
2026-01-12 06:32:59,XPQ-01 Main,2026-01-12 06:32:00,1124.44,75.81,4.36566166666667,472.95,1129.42,306.3,194.97,235.94,77.09,4.73670533333333,473.38,1137.83,313.46,202.77,238.53,76.19,4.30081266666667,473.13,1106.08,301.39,202.11,223.34,74.15,4.059402,472.33,921.16,599.85,697.8
2026-01-12 06:33:59,XPQ-01 Main,2026-01-12 06:33:00,1050.95,76.21,4.15566166666667,473.66,1053.21,285.95,182.57,219.71,76.91,4.803372,474.0,1057.69,291.87,185.95,224.33,76.99,4.06747933333333,474.01,1041.96,284.42,188.85,212.37,74.73,3.59273533333333,472.97,862.23,557.36,656.42
2026-01-12 06:34:59,XPQ-01 Main,2026-01-12 06:34:00,1079.54,76.18,3.898995,473.58,1081.67,293.89,185.97,226.87,77.34,4.43670533333333,474.11,1092.03,301.15,192.89,230.73,76.72,3.834146,473.52,1064.91,290.53,193.48,215.92,74.48,3.42606866666667,473.13,885.56,572.34,673.53
2026-01-12 06:35:59,XPQ-01 Main,2026-01-12 06:35:00,1043.28,75.28,3.7656616666666705,474.09,1046.15,284.48,185.93,214.71,75.6,4.103372,474.61,1043.37,288.1,186.35,219.16,76.18,3.7674793333333296,474.13,1040.34,284.11,190.47,209.89,74.05,3.42606866666667,473.54,856.7,562.74,643.76
2026-01-12 06:36:59,XPQ-01 Main,2026-01-12 06:36:00,1039.06,75.85,3.908995,473.58,1038.72,281.96,183.13,213.96,75.97,4.403372,473.85,1038.74,286.57,182.5,220.29,77.01,4.034146,473.93,1039.71,283.78,188.68,211.13,74.56,3.29273533333333,472.95,852.31,554.31,645.39
2026-01-12 06:37:59,XPQ-01 Main,2026-01-12 06:37:00,1106.13,76.01,4.03232833333333,473.23,1105.5,299.93,193.04,229.21,76.49,4.43670533333333,473.87,1111.32,306.52,195.32,235.77,77.01,4.00081266666667,473.5,1101.59,300.23,200.04,223.59,74.53,3.659402,472.33,906.68,588.4,688.57
2026-01-12 06:38:59,XPQ-01 Main,2026-01-12 06:38:00,1106.78,75.83,4.21232833333333,473.75,1108.16,301.05,195.81,228.5,75.93,4.703372,474.29,1105.11,305.03,194.81,234.6,76.93,4.234146,473.91,1107.08,302.11,200.93,225.31,74.63,3.6927353333333297,473.06,908.19,591.55,688.41
2026-01-12 06:39:59,XPQ-01 Main,2026-01-12 06:39:00,1148.39,75.15,4.16566166666667,473.5,1153.65,313.19,205.24,236.4,75.51,4.803372,473.79,1148.4,316.71,205.98,240.37,75.93,4.16747933333333,473.77,1143.12,311.94,209.62,230.59,74.0,3.52606866666667,472.96,941.84,620.83,707.37
2026-01-12 06:40:59,XPQ-01 Main,2026-01-12 06:40:00,1126.5,75.07,4.098995,473.63,1128.12,306.28,200.78,231.06,75.48,4.67003866666667,474.12,1129.31,311.7,202.32,236.72,76.02,4.134146,473.96,1122.07,306.16,206.83,225.51,73.7,3.49273533333333,472.8,924.14,609.94,693.29
2026-01-12 06:41:59,XPQ-01 Main,2026-01-12 06:41:00,1139.72,76.41,4.02232833333333,473.82,1136.89,308.81,197.89,236.75,76.73,4.43670533333333,474.3,1143.33,315.66,198.85,244.65,77.6,4.06747933333333,474.12,1138.94,310.9,205.81,232.72,74.91,3.559402,473.06,935.38,602.55,714.11
2026-01-12 06:42:59,XPQ-01 Main,2026-01-12 06:42:00,1140.94,75.57,4.14232833333333,473.22,1139.75,309.24,199.66,235.92,76.33,4.603372,473.55,1150.2,317.03,204.04,242.25,76.48,4.16747933333333,473.44,1132.88,308.94,208.01,228.04,73.88,3.659402,472.66,935.2,611.72,706.21
2026-01-12 06:43:59,XPQ-01 Main,2026-01-12 06:43:00,1057.68,74.26,4.11232833333333,473.74,1054.9,286.58,190.93,213.41,74.53,4.57003866666667,474.39,1060.21,292.69,191.68,220.97,75.54,4.034146,473.88,1057.93,288.62,198.03,209.69,72.7,3.7260686666666705,472.95,867.89,580.65,644.08
2026-01-12 06:44:59,XPQ-01 Main,2026-01-12 06:44:00,1113.79,75.67,4.31232833333333,472.86,1111.96,301.52,194.74,229.83,76.29,4.803372,473.37,1120.84,308.77,197.91,236.63,76.71,4.36747933333333,473.01,1108.59,301.96,202.91,223.38,74.02,3.759402,472.19,912.24,595.56,689.84
2026-01-12 06:45:59,XPQ-01 Main,2026-01-12 06:45:00,990.76,73.44,4.61232833333333,474.13,988.64,268.81,180.24,198.95,74.11,5.07003866666667,474.54,998.27,275.65,183.52,205.09,74.52,4.60081266666667,474.25,985.37,269.2,187.49,192.73,71.68,4.159402,473.6,813.66,551.25,596.77
2026-01-12 06:46:59,XPQ-01 Main,2026-01-12 06:46:00,1022.28,71.58,4.34232833333333,473.83,1019.5,277.01,191.83,199.41,72.07,4.73670533333333,474.37,1027.25,283.6,194.1,206.3,72.83,4.234146,474.01,1020.09,278.41,199.16,194.29,69.83,4.059402,473.12,839.02,585.1,599.99
2026-01-12 06:47:59,XPQ-01 Main,2026-01-12 06:47:00,1021.45,72.13,4.54232833333333,473.95,1019.47,277.02,190.25,200.99,72.62,5.103372,474.37,1026.07,283.32,192.32,207.55,73.35,4.36747933333333,474.2,1018.82,278.2,197.43,195.78,70.41,4.159402,473.28,838.54,580.0,604.32
2026-01-12 06:48:59,XPQ-01 Main,2026-01-12 06:48:00,1117.85,75.32,4.06566166666667,473.57,1119.66,304.16,196.44,231.96,76.31,4.63670533333333,473.93,1128.12,311.03,202.05,236.21,75.99,3.96747933333333,473.56,1105.78,301.76,203.97,222.06,73.65,3.59273533333333,473.21,916.95,602.46,690.23
2026-01-12 06:49:59,XPQ-01 Main,2026-01-12 06:49:00,1176.8,76.33,4.22232833333333,472.97,1181.37,320.49,202.14,248.44,77.57,4.83670533333333,473.38,1190.89,327.98,210.12,251.18,76.7,4.16747933333333,473.02,1158.16,315.63,209.47,235.57,74.73,3.659402,472.51,964.1,621.74,735.19
2026-01-12 06:50:59,XPQ-01 Main,2026-01-12 06:50:00,1175.77,76.97,4.06566166666667,471.89,1178.09,318.78,200.19,246.92,77.68,4.53670533333333,472.46,1183.1,325.29,204.02,252.14,77.74,4.06747933333333,472.04,1166.11,316.96,207.5,238.91,75.5,3.59273533333333,471.16,961.03,611.72,737.97
2026-01-12 06:51:59,XPQ-01 Main,2026-01-12 06:51:00,1133.99,74.07,3.96566166666667,471.9,1131.89,306.31,201.35,230.3,75.28,4.47003866666667,472.18,1150.29,316.06,209.22,235.87,74.81,3.934146,472.06,1119.78,304.56,210.59,219.19,72.11,3.49273533333333,471.47,926.93,621.16,685.36
2026-01-12 06:52:59,XPQ-01 Main,2026-01-12 06:52:00,1049.42,69.63,4.908995,472.79,1048.07,284.18,199.1,202.52,71.31,5.303372,473.01,1068.66,294.14,209.09,206.12,70.2,4.70081266666667,472.93,1031.53,281.12,207.34,189.02,67.37,4.72606866666667,472.43,859.43,615.53,597.66
2026-01-12 06:53:59,XPQ-01 Main,2026-01-12 06:53:00,1009.2,68.39,3.83232833333333,474.01,1004.31,272.9,196.78,188.87,69.25,4.303372,474.3,1019.69,281.54,201.75,195.73,69.63,3.66747933333333,474.34,1003.61,274.17,205.08,181.55,66.29,3.52606866666667,473.39,828.61,603.61,566.16
2026-01-12 06:54:59,XPQ-01 Main,2026-01-12 06:54:00,947.76,72.54,4.85566166666667,475.77,952.89,259.95,177.22,189.49,73.04,5.17003866666667,476.23,949.34,263.13,178.29,191.98,73.28,4.70081266666667,475.97,941.06,257.94,180.49,183.54,71.3,4.69273533333333,475.12,781.02,536.0,565.02
2026-01-12 06:55:59,XPQ-01 Main,2026-01-12 06:55:00,991.95,70.99,5.608995,474.98,999.01,272.23,188.25,195.79,72.08,6.103372,475.45,999.29,276.37,193.1,196.47,71.32,5.434146,474.92,977.56,267.49,191.66,185.58,69.56,5.29273533333333,474.56,816.09,573.01,577.85
2026-01-12 06:56:59,XPQ-01 Main,2026-01-12 06:56:00,964.05,73.87,5.53232833333333,475.0,959.55,261.27,176.5,192.35,73.68,5.93670533333333,475.53,961.81,266.26,174.35,200.87,75.52,5.234146,475.3,970.78,265.62,183.07,192.17,72.4,5.42606866666667,474.16,793.15,533.91,585.39
2026-01-12 06:57:59,XPQ-01 Main,2026-01-12 06:57:00,1049.48,72.92,5.06566166666667,474.75,1051.58,286.17,193.04,210.87,73.76,5.57003866666667,474.93,1057.11,292.29,197.26,214.83,73.66,4.86747933333333,475.11,1039.77,284.55,199.0,202.62,71.34,4.759402,474.2,863.0,589.3,628.32
2026-01-12 06:58:59,XPQ-01 Main,2026-01-12 06:58:00,1069.06,73.92,5.05566166666667,473.74,1074.42,291.83,193.93,217.35,74.62,5.53670533333333,474.15,1072.93,296.1,196.84,220.51,74.6,4.86747933333333,473.97,1059.83,289.29,198.87,209.66,72.55,4.759402,473.1,877.23,589.63,647.52
2026-01-12 06:59:59,XPQ-01 Main,2026-01-12 06:59:00,965.56,75.31,4.998995,474.51,964.12,262.32,171.81,197.66,75.47,5.37003866666667,474.74,966.55,267.05,171.24,203.16,76.46,4.90081266666667,474.67,966.01,264.22,176.94,194.72,74.01,4.72606866666667,474.11,793.58,519.99,595.54
2026-01-12 07:00:59,XPQ-01 Main,2026-01-12 07:00:00,1047.56,73.15,5.55232833333333,473.61,1052.87,285.96,190.96,212.7,74.41,6.203372,473.82,1058.96,291.98,197.84,214.4,73.49,5.334146,473.76,1030.84,281.42,196.38,201.13,71.55,5.12606866666667,473.26,859.37,585.18,628.23
2026-01-12 07:01:59,XPQ-01 Main,2026-01-12 07:01:00,1011.23,75.21,5.398995,473.13,1011.47,274.35,178.52,206.99,75.73,5.73670533333333,473.51,1016.08,280.06,180.38,211.84,76.14,5.26747933333333,473.39,1006.13,274.3,184.32,201.4,73.77,5.19273533333333,472.5,828.71,543.22,620.24
2026-01-12 07:02:59,XPQ-01 Main,2026-01-12 07:02:00,1003.52,74.97,5.33232833333333,471.81,1003.96,271.59,177.38,204.59,75.56,5.67003866666667,472.2,1009.06,277.32,179.75,209.52,75.9,5.234146,472.0,997.55,271.19,183.52,198.75,73.47,5.09273533333333,471.22,820.1,540.65,612.86
2026-01-12 07:03:59,XPQ-01 Main,2026-01-12 07:03:00,990.87,73.07,5.21232833333333,475.63,990.16,270.08,181.11,198.63,73.89,5.703372,476.07,999.92,277.0,185.28,204.11,74.04,5.234146,475.76,982.54,269.24,188.36,191.42,71.28,4.69273533333333,475.05,816.33,554.76,594.17
2026-01-12 07:04:59,XPQ-01 Main,2026-01-12 07:04:00,961.56,72.54,5.218995,475.57,959.99,261.77,178.6,190.22,72.9,5.73670533333333,475.98,965.66,267.52,179.62,195.93,73.71,5.00081266666667,475.79,959.05,262.8,184.41,185.96,71.01,4.92606866666667,474.95,792.08,542.62,572.1
2026-01-12 07:05:59,XPQ-01 Main,2026-01-12 07:05:00,950.35,71.58,5.36566166666667,475.68,950.8,259.36,178.79,185.94,72.08,5.83670533333333,476.08,954.65,264.49,180.55,190.84,72.64,5.234146,475.83,945.6,259.17,184.24,180.7,70.02,5.02606866666667,475.14,783.02,543.59,557.49
2026-01-12 07:06:59,XPQ-01 Main,2026-01-12 07:06:00,939.68,72.22,5.498995,476.4,939.2,256.54,176.75,184.73,72.26,5.83670533333333,476.89,939.39,260.75,175.62,190.16,73.46,5.26747933333333,476.61,940.44,258.1,181.07,182.24,70.94,5.39273533333333,475.69,775.38,533.44,557.14
2026-01-12 07:07:59,XPQ-01 Main,2026-01-12 07:07:00,982.16,72.33,5.44232833333333,475.88,980.88,267.63,182.4,194.57,72.96,5.83670533333333,476.31,989.11,274.21,185.2,199.73,73.33,5.26747933333333,476.12,976.49,267.73,188.43,188.46,70.72,5.22606866666667,475.2,809.57,556.03,582.76
2026-01-12 07:08:59,XPQ-01 Main,2026-01-12 07:08:00,1001.39,73.02,5.388995,475.39,999.83,272.52,183.88,199.52,73.53,5.73670533333333,475.84,1006.53,278.76,186.02,205.14,74.08,5.134146,475.61,997.83,273.3,190.05,194.1,71.45,5.29273533333333,474.71,824.57,559.95,598.76
2026-01-12 07:09:59,XPQ-01 Main,2026-01-12 07:09:00,1006.17,73.46,5.82232833333333,475.61,1007.48,274.76,183.8,202.88,74.11,5.97003866666667,476.14,1012.14,280.47,186.49,206.66,74.24,5.76747933333333,475.8,998.88,273.66,188.69,195.98,72.04,5.72606866666667,474.9,828.89,558.98,605.52
2026-01-12 07:10:59,XPQ-01 Main,2026-01-12 07:10:00,945.18,73.41,5.17566166666667,476.38,938.55,256.33,173.16,188.17,73.59,5.37003866666667,476.88,949.63,263.6,173.46,196.09,74.9,5.16747933333333,476.64,947.37,259.99,180.25,185.64,71.74,4.99273533333333,475.62,779.91,526.87,569.9
2026-01-12 07:11:59,XPQ-01 Main,2026-01-12 07:11:00,972.15,71.83,5.14566166666667,475.83,968.05,264.16,180.38,191.34,72.76,5.47003866666667,476.31,984.76,272.95,185.52,197.65,72.91,5.134146,475.98,963.63,264.15,188.53,183.79,69.8,4.82606866666667,475.21,801.26,554.43,572.78
2026-01-12 07:12:59,XPQ-01 Main,2026-01-12 07:12:00,971.46,72.26,5.06566166666667,475.9,968.06,264.17,180.82,191.4,72.69,5.43670533333333,476.43,977.41,271.0,182.43,197.51,73.46,4.934146,476.07,968.9,265.61,187.1,186.69,70.63,4.82606866666667,475.19,800.78,550.35,575.61
2026-01-12 07:13:59,XPQ-01 Main,2026-01-12 07:13:00,980.14,72.55,5.02232833333333,475.09,976.74,266.06,181.22,193.83,73.05,5.33670533333333,475.6,986.68,273.12,183.4,200.22,73.74,5.00081266666667,475.31,976.99,267.38,187.95,188.72,70.85,4.72606866666667,474.36,806.57,552.57,582.77
2026-01-12 07:14:59,XPQ-01 Main,2026-01-12 07:14:00,981.29,77.21,5.27566166666667,475.24,975.88,265.81,169.49,204.32,76.97,5.73670533333333,475.74,979.2,271.23,166.47,213.14,78.81,5.034146,475.6,988.78,270.71,176.08,204.88,75.84,5.059402,474.39,807.75,512.04,622.34
2026-01-12 07:15:59,XPQ-01 Main,2026-01-12 07:15:00,1173.6,78.89,5.32232833333333,474.4,1172.05,318.77,192.21,253.81,79.72,5.77003866666667,474.79,1185.54,327.63,197.33,260.68,79.73,5.20081266666667,474.64,1163.22,317.99,201.88,245.32,77.22,4.99273533333333,473.79,964.39,591.42,759.81
2026-01-12 07:16:59,XPQ-01 Main,2026-01-12 07:16:00,1182.26,79.05,5.588995,474.21,1177.55,320.18,193.01,255.06,79.74,6.17003866666667,474.61,1193.63,329.7,197.09,263.19,80.04,5.46747933333333,474.38,1175.61,321.23,203.23,248.13,77.36,5.12606866666667,473.63,971.11,593.33,766.39
2026-01-12 07:17:59,XPQ-01 Main,2026-01-12 07:17:00,1286.05,77.44,5.15566166666667,473.06,1283.46,348.04,216.47,272.15,78.26,5.47003866666667,473.47,1299.21,358.08,222.18,279.25,78.25,5.034146,473.39,1275.48,347.69,226.18,262.81,75.79,4.959402,472.33,1053.8,664.83,814.21
2026-01-12 07:18:59,XPQ-01 Main,2026-01-12 07:18:00,1177.46,76.93,5.188995,474.41,1179.13,320.81,201.21,249.17,77.8,5.37003866666667,474.89,1188.11,328.31,206.47,254.27,77.63,5.16747933333333,474.54,1165.16,318.45,209.13,239.7,75.35,5.02606866666667,473.79,967.56,616.81,743.14
2026-01-12 07:19:59,XPQ-01 Main,2026-01-12 07:19:00,1177.99,78.36,5.43232833333333,474.05,1175.6,319.6,194.59,253.12,79.28,5.87003866666667,474.39,1191.18,328.81,200.49,259.98,79.19,5.26747933333333,474.15,1167.18,318.86,204.7,244.03,76.61,5.159402,473.61,967.28,599.78,757.13
2026-01-12 07:20:59,XPQ-01 Main,2026-01-12 07:20:00,1137.01,79.06,4.108995,475.02,1131.95,308.24,188.23,243.85,79.16,4.503372,475.33,1138.63,315.05,187.22,252.92,80.38,4.10081266666667,475.32,1140.45,312.22,196.36,242.06,77.66,3.72606866666667,474.4,935.51,571.81,738.82
2026-01-12 07:21:59,XPQ-01 Main,2026-01-12 07:21:00,1270.04,76.64,4.63232833333333,473.01,1269.42,344.34,216.36,267.51,77.75,5.003372,473.38,1285.62,354.12,224.25,273.63,77.34,4.46747933333333,473.14,1255.07,342.11,226.77,255.81,74.83,4.42606866666667,472.52,1040.58,667.38,796.94
2026-01-12 07:22:59,XPQ-01 Main,2026-01-12 07:22:00,1231.02,75.57,4.33232833333333,473.44,1224.89,332.41,215.68,252.29,76.01,4.63670533333333,473.82,1239.53,341.9,218.01,261.38,76.79,4.40081266666667,473.76,1228.63,335.2,225.26,247.08,73.9,3.959402,472.74,1009.51,658.95,760.75
2026-01-12 07:23:59,XPQ-01 Main,2026-01-12 07:23:00,1280.75,77.73,4.44232833333333,473.38,1279.15,347.1,215.19,271.79,78.4,4.903372,473.76,1290.36,355.86,219.32,279.2,78.64,4.434146,473.68,1272.74,347.2,224.73,264.05,76.15,3.9927353333333295,472.71,1050.16,659.24,815.04
2026-01-12 07:24:59,XPQ-01 Main,2026-01-12 07:24:00,1309.88,78.71,3.998995,473.33,1310.28,355.45,217.07,281.26,79.17,4.37003866666667,473.6,1314.95,362.58,219.19,288.34,79.61,3.90081266666667,473.7,1304.39,355.89,225.36,274.98,77.34,3.7260686666666705,472.7,1073.91,661.62,844.58
2026-01-12 07:25:59,XPQ-01 Main,2026-01-12 07:25:00,1304.45,79.75,4.16566166666667,473.34,1300.32,352.84,210.25,282.84,80.26,4.53670533333333,473.84,1312.3,361.93,213.02,292.2,80.81,4.10081266666667,473.56,1300.72,354.72,220.95,277.07,78.18,3.859402,472.6,1069.48,644.23,852.11
2026-01-12 07:26:59,XPQ-01 Main,2026-01-12 07:26:00,1402.25,79.27,4.05566166666667,473.09,1403.28,380.59,226.67,305.15,80.28,4.43670533333333,473.51,1417.64,390.7,234.65,311.72,79.89,4.06747933333333,473.33,1385.84,377.8,237.87,293.17,77.65,3.659402,472.44,1149.09,699.19,910.04
2026-01-12 07:27:59,XPQ-01 Main,2026-01-12 07:27:00,1343.01,79.58,3.64232833333333,473.83,1342.74,364.8,218.01,292.15,80.14,4.03670533333333,474.2,1350.43,372.66,221.18,299.31,80.42,3.66747933333333,474.0,1335.86,364.78,227.1,284.78,78.18,3.22606866666667,473.3,1102.25,666.3,876.24
2026-01-12 07:28:59,XPQ-01 Main,2026-01-12 07:28:00,1325.69,77.98,4.08566166666667,473.38,1325.72,359.59,219.81,284.27,79.11,4.63670533333333,473.61,1342.97,370.39,228.55,290.51,78.59,4.034146,473.85,1308.39,357.03,230.75,271.88,76.24,3.59273533333333,472.67,1087.01,679.1,846.66
2026-01-12 07:29:59,XPQ-01 Main,2026-01-12 07:29:00,1359.55,78.75,3.8556616666666703,473.5,1359.97,369.1,222.21,294.29,79.81,4.27003866666667,473.64,1375.99,379.39,230.57,300.53,79.34,3.7674793333333296,473.81,1342.69,366.56,233.03,282.03,77.09,3.52606866666667,473.05,1115.05,685.8,876.86
2026-01-12 07:30:59,XPQ-01 Main,2026-01-12 07:30:00,1320.3,78.59,4.02232833333333,473.49,1317.83,357.72,218.8,282.54,79.07,4.303372,473.87,1326.94,365.99,221.39,290.98,79.58,4.00081266666667,473.74,1316.13,359.12,228.33,276.54,77.11,3.759402,472.87,1082.83,668.51,850.06
2026-01-12 07:31:59,XPQ-01 Main,2026-01-12 07:31:00,1352.73,78.56,3.91232833333333,474.26,1352.06,367.33,225.35,289.41,78.9,4.37003866666667,474.66,1356.94,375.16,226.81,297.98,79.57,4.00081266666667,474.88,1349.19,368.72,234.21,284.45,77.2,3.359402,473.24,1111.21,686.37,871.84
2026-01-12 07:32:59,XPQ-01 Main,2026-01-12 07:32:00,1345.94,78.48,3.91232833333333,474.45,1346.24,366.01,224.53,288.51,78.92,4.303372,474.57,1351.41,373.46,226.63,295.84,79.38,4.16747933333333,474.93,1340.16,366.62,232.84,282.36,77.15,3.259402,473.85,1106.08,684.0,866.72
2026-01-12 07:33:59,XPQ-01 Main,2026-01-12 07:33:00,1342.24,78.65,3.83232833333333,474.21,1339.42,364.03,223.51,287.04,78.9,4.203372,474.51,1345.41,371.69,223.98,296.18,79.76,3.7008126666666703,474.61,1341.89,366.77,232.37,283.08,77.29,3.59273533333333,473.52,1102.49,679.86,866.29
2026-01-12 07:34:59,XPQ-01 Main,2026-01-12 07:34:00,1275.44,74.79,3.6656616666666704,473.08,1276.42,346.1,225.71,261.87,75.75,4.303372,473.5,1287.38,354.88,232.19,267.68,75.54,3.56747933333333,473.44,1262.53,344.16,234.76,251.36,73.08,3.12606866666667,472.3,1045.15,692.66,780.91
2026-01-12 07:35:59,XPQ-01 Main,2026-01-12 07:35:00,1309.87,75.93,3.55566166666667,472.94,1310.93,355.32,229.75,270.7,76.24,4.03670533333333,473.36,1311.54,361.48,230.75,277.84,76.93,3.56747933333333,473.38,1307.13,356.21,236.97,265.69,74.63,3.059402,472.1,1073.01,697.48,814.23
2026-01-12 07:36:59,XPQ-01 Main,2026-01-12 07:36:00,1400.01,76.67,3.74566166666667,473.14,1397.49,378.74,241.36,291.67,77.04,4.53670533333333,473.37,1405.19,387.5,243.33,300.92,77.76,3.734146,473.82,1397.36,381.1,250.91,286.33,75.21,2.959402,472.22,1147.34,735.61,878.91
2026-01-12 07:37:59,XPQ-01 Main,2026-01-12 07:37:00,1352.7,76.92,3.54232833333333,472.97,1352.43,366.77,229.98,285.46,77.87,4.003372,473.21,1365.83,376.13,236.83,292.04,77.67,3.7008126666666703,473.15,1339.83,365.29,240.47,274.61,75.23,2.92606866666667,472.55,1108.19,707.28,852.11
2026-01-12 07:38:59,XPQ-01 Main,2026-01-12 07:38:00,1349.84,76.04,3.7656616666666705,472.76,1347.85,365.21,231.6,282.3,77.31,4.303372,472.86,1369.98,377.15,241.71,289.02,76.71,4.06747933333333,473.14,1331.7,363.02,243.48,268.78,74.11,2.92606866666667,472.28,1105.38,716.79,840.1
2026-01-12 07:39:59,XPQ-01 Main,2026-01-12 07:39:00,1351.68,75.57,3.55566166666667,472.49,1347.03,364.87,234.71,279.27,76.55,3.93670533333333,472.72,1368.26,376.48,242.3,287.59,76.48,3.734146,472.77,1339.76,364.91,246.37,268.59,73.69,2.99273533333333,471.99,1106.26,723.38,835.44
2026-01-12 07:40:59,XPQ-01 Main,2026-01-12 07:40:00,1343.43,75.75,3.498995,472.3,1341.19,362.85,234.17,276.56,76.32,3.9367053333333297,472.48,1351.29,371.92,237.73,284.72,76.76,3.434146,472.95,1337.8,364.25,243.73,269.54,74.17,3.12606866666667,471.46,1099.02,715.63,830.82
2026-01-12 07:41:59,XPQ-01 Main,2026-01-12 07:41:00,1330.54,74.72,3.6656616666666704,472.5,1324.83,358.64,235.26,270.62,75.47,4.07003866666667,472.59,1343.35,369.76,240.89,280.04,75.81,3.634146,473.07,1323.45,360.57,246.77,262.57,72.87,3.29273533333333,471.83,1088.96,722.92,813.23
2026-01-12 07:42:59,XPQ-01 Main,2026-01-12 07:42:00,1320.72,76.76,3.798995,472.3,1317.84,356.65,224.72,276.82,77.64,4.37003866666667,472.37,1334.52,367.09,231.02,284.48,77.63,3.734146,472.79,1309.8,356.73,235.62,267.23,75.01,3.29273533333333,471.75,1080.47,691.35,828.52
2026-01-12 07:43:59,XPQ-01 Main,2026-01-12 07:43:00,1288.41,75.52,3.7223283333333295,472.54,1287.21,348.61,224.13,266.49,76.53,4.13670533333333,472.95,1302.42,358.64,231.4,273.33,76.32,3.7008126666666703,472.92,1275.59,347.33,234.54,255.77,73.7,3.32606866666667,471.76,1054.58,690.07,795.58
2026-01-12 07:44:59,XPQ-01 Main,2026-01-12 07:44:00,1300.83,75.85,3.788995,471.38,1303.49,352.06,226.0,269.66,76.64,4.303372,471.62,1309.73,359.72,231.17,275.04,76.55,3.734146,471.92,1289.27,350.31,234.15,260.25,74.34,3.32606866666667,470.6,1062.09,691.32,804.96
2026-01-12 07:45:59,XPQ-01 Main,2026-01-12 07:45:00,1303.92,76.28,3.798995,470.96,1295.0,349.71,220.35,271.11,77.6,4.37003866666667,471.45,1327.16,364.11,231.15,281.06,77.23,3.734146,471.13,1289.61,349.91,235.11,258.8,74.02,3.29273533333333,470.3,1063.74,686.61,810.97
2026-01-12 07:46:59,XPQ-01 Main,2026-01-12 07:46:00,1368.33,77.47,3.84232833333333,470.95,1369.26,369.64,228.62,290.02,78.53,4.303372,471.03,1383.5,379.35,236.7,295.98,78.1,3.7674793333333296,471.29,1352.22,367.21,239.16,277.88,75.79,3.459402,470.53,1116.21,704.48,863.88
2026-01-12 07:47:59,XPQ-01 Main,2026-01-12 07:47:00,1140.9,73.87,4.13232833333333,472.69,1137.76,308.15,204.5,230.23,74.76,4.603372,472.84,1152.9,317.49,210.14,236.77,74.79,4.00081266666667,473.25,1132.03,308.5,213.42,221.71,72.04,3.79273533333333,472.0,934.14,628.06,688.71
2026-01-12 07:48:59,XPQ-01 Main,2026-01-12 07:48:00,1166.55,74.68,4.03232833333333,472.68,1168.95,316.84,206.44,239.84,75.79,4.47003866666667,472.94,1178.9,324.46,213.45,243.86,75.25,3.96747933333333,472.85,1151.8,313.8,214.14,228.7,73.0,3.659402,472.24,955.1,634.03,712.4
2026-01-12 07:49:59,XPQ-01 Main,2026-01-12 07:49:00,1138.54,74.09,3.818995,472.2,1137.89,307.84,204.86,229.29,74.57,4.17003866666667,472.23,1143.4,314.49,207.13,235.51,75.09,3.834146,472.77,1134.32,308.87,211.78,223.67,72.62,3.459402,471.59,931.2,623.77,688.48
2026-01-12 07:50:59,XPQ-01 Main,2026-01-12 07:50:00,1149.52,74.08,3.93232833333333,472.01,1151.62,311.44,206.47,232.71,74.8,4.403372,472.16,1156.98,318.17,210.42,237.48,74.85,3.8674793333333297,472.58,1139.95,310.2,212.97,224.73,72.58,3.52606866666667,471.28,939.8,629.86,694.92
2026-01-12 07:51:59,XPQ-01 Main,2026-01-12 07:51:00,1133.97,73.89,3.7556616666666702,471.13,1136.09,306.59,206.98,225.54,73.68,4.13670533333333,471.51,1127.74,309.8,204.12,232.3,75.12,3.734146,471.82,1138.09,308.96,211.41,224.88,72.86,3.39273533333333,470.07,925.34,622.51,682.72
2026-01-12 07:52:59,XPQ-01 Main,2026-01-12 07:52:00,1114.49,73.98,3.8423283333333296,471.41,1110.81,300.14,199.27,223.42,74.63,4.27003866666667,471.94,1123.02,308.56,203.1,231.11,75.12,3.90081266666667,471.77,1109.63,301.33,208.18,217.18,72.19,3.359402,470.51,910.02,610.55,671.71
2026-01-12 07:53:59,XPQ-01 Main,2026-01-12 07:53:00,1180.89,74.2,3.808995,470.6,1189.2,320.75,213.75,238.65,74.49,4.17003866666667,470.78,1178.24,322.96,213.84,241.43,74.86,3.80081266666667,471.01,1175.23,318.83,216.68,233.09,73.24,3.459402,470.02,962.55,644.27,713.18
2026-01-12 07:54:59,XPQ-01 Main,2026-01-12 07:54:00,1233.01,76.54,4.17566166666667,470.16,1235.24,332.91,210.23,257.63,77.48,4.603372,470.49,1243.54,340.59,216.42,262.55,77.16,4.20081266666667,470.48,1220.24,330.64,218.46,247.6,74.99,3.7260686666666705,469.52,1004.14,645.1,767.78
2026-01-12 07:55:59,XPQ-01 Main,2026-01-12 07:55:00,1360.51,79.53,4.04232833333333,469.22,1362.88,366.31,220.01,292.58,79.92,4.77003866666667,469.43,1363.33,372.8,221.65,299.33,80.37,4.134146,469.86,1355.31,366.6,227.96,286.84,78.29,3.22606866666667,468.37,1105.71,669.63,878.75
2026-01-12 07:56:59,XPQ-01 Main,2026-01-12 07:56:00,1316.01,78.56,3.898995,469.16,1317.14,353.98,218.97,277.82,78.54,4.23670533333333,469.33,1311.93,358.67,216.82,285.23,79.61,4.00081266666667,469.79,1318.96,356.75,224.9,276.01,77.52,3.459402,468.37,1069.4,660.69,839.06
2026-01-12 07:57:59,XPQ-01 Main,2026-01-12 07:57:00,1360.07,78.02,3.92232833333333,468.13,1364.0,365.86,223.73,289.05,79.08,4.503372,468.32,1374.29,374.81,231.8,293.92,78.52,3.80081266666667,468.65,1341.91,362.15,233.2,276.74,76.47,3.459402,467.43,1102.82,688.74,859.72
2026-01-12 07:58:59,XPQ-01 Main,2026-01-12 07:58:00,1339.14,77.64,4.12232833333333,471.9,1336.72,361.34,226.51,281.24,77.88,4.603372,472.07,1341.83,368.99,227.13,290.14,78.74,4.134146,472.54,1338.87,364.25,235.13,277.57,76.3,3.6260686666666704,471.09,1094.58,688.77,848.96
2026-01-12 07:59:59,XPQ-01 Main,2026-01-12 07:59:00,1349.25,77.65,4.13232833333333,471.89,1345.04,363.69,226.25,284.35,78.25,4.57003866666667,472.18,1359.62,373.86,230.44,293.53,78.66,4.10081266666667,472.42,1343.1,365.3,236.94,277.48,76.05,3.72606866666667,471.08,1102.85,693.64,855.36
2026-01-12 08:00:59,XPQ-01 Main,2026-01-12 08:00:00,1320.6,77.07,4.25566166666667,472.3,1316.8,356.34,223.73,276.88,77.78,4.93670533333333,472.49,1332.09,366.55,228.86,285.61,78.04,4.26747933333333,472.84,1312.9,357.47,234.65,269.24,75.39,3.559402,471.57,1080.36,687.24,831.73
2026-01-12 08:01:59,XPQ-01 Main,2026-01-12 08:01:00,1340.92,76.71,4.21232833333333,472.3,1338.31,362.04,229.39,279.76,77.33,4.67003866666667,472.37,1350.11,371.53,233.53,288.08,77.68,4.36747933333333,472.99,1334.33,363.39,239.64,272.74,75.12,3.59273533333333,471.54,1096.97,702.55,840.59
2026-01-12 08:02:59,XPQ-01 Main,2026-01-12 08:02:00,1314.83,77.02,3.7756616666666702,471.53,1303.79,352.38,218.24,276.24,78.47,4.403372,471.69,1341.97,368.5,230.72,286.71,77.91,3.80081266666667,471.91,1298.74,353.07,234.38,263.14,74.67,3.12606866666667,471.0,1073.95,683.34,826.09
2026-01-12 08:03:59,XPQ-01 Main,2026-01-12 08:03:00,1336.36,78.46,3.93232833333333,471.41,1326.34,358.39,217.13,284.24,79.47,4.37003866666667,471.77,1355.75,372.33,225.51,295.55,79.5,3.7674793333333296,471.74,1327.0,360.49,232.2,275.06,76.41,3.659402,470.7,1091.22,674.84,854.85
2026-01-12 08:04:59,XPQ-01 Main,2026-01-12 08:04:00,1364.34,78.35,4.16566166666667,471.78,1364.23,368.89,224.21,292.71,79.39,4.57003866666667,471.85,1380.01,379.1,232.4,299.14,78.97,4.26747933333333,472.18,1348.78,366.93,235.17,281.07,76.69,3.659402,471.31,1114.93,691.79,872.91
2026-01-12 08:05:59,XPQ-01 Main,2026-01-12 08:05:00,1248.4,78.31,4.06566166666667,472.32,1243.38,336.41,208.81,263.16,78.34,4.43670533333333,472.51,1248.64,343.68,207.51,273.12,79.62,4.00081266666667,472.95,1253.17,341.23,217.43,262.21,76.98,3.759402,471.51,1021.32,633.75,798.49
2026-01-12 08:06:59,XPQ-01 Main,2026-01-12 08:06:00,1269.97,80.45,4.17566166666667,472.11,1259.28,340.54,201.49,274.2,80.58,4.603372,472.19,1274.81,350.65,201.07,286.81,81.88,4.20081266666667,472.75,1275.83,347.34,213.22,273.58,78.87,3.7260686666666705,471.38,1038.52,615.77,834.59
2026-01-12 08:07:59,XPQ-01 Main,2026-01-12 08:07:00,1392.0,76.82,4.16566166666667,470.79,1383.42,373.39,232.29,291.66,78.22,4.83670533333333,471.09,1418.43,388.92,244.69,301.41,77.64,4.434146,471.08,1374.13,372.87,247.97,277.74,74.6,3.22606866666667,470.2,1135.18,724.95,870.8
2026-01-12 08:08:59,XPQ-01 Main,2026-01-12 08:08:00,1336.76,76.21,4.27566166666667,471.24,1324.11,357.74,224.17,278.38,77.89,4.77003866666667,471.61,1368.82,375.72,239.01,289.57,77.12,4.334146,471.51,1317.36,357.75,242.03,263.22,73.61,3.7260686666666705,470.59,1091.2,705.21,831.17
2026-01-12 08:09:59,XPQ-01 Main,2026-01-12 08:09:00,1303.07,75.41,4.15566166666667,471.29,1294.44,349.64,222.7,269.25,77.06,4.53670533333333,471.47,1331.34,365.46,236.42,278.13,76.19,4.30081266666667,471.73,1283.43,348.71,238.08,254.17,72.98,3.6260686666666704,470.68,1063.81,697.2,801.54
2026-01-12 08:10:59,XPQ-01 Main,2026-01-12 08:10:00,1120.88,71.18,4.35232833333333,473.15,1109.83,300.99,207.52,217.07,72.28,4.703372,473.42,1138.64,313.82,215.32,226.52,72.48,4.434146,473.53,1114.19,303.85,219.76,208.21,68.78,3.92606866666667,472.5,918.66,642.61,651.8
2026-01-12 08:11:59,XPQ-01 Main,2026-01-12 08:11:00,1079.65,68.08,3.83232833333333,473.76,1079.35,293.12,212.71,201.27,68.73,4.403372,473.93,1085.24,299.43,216.11,206.68,69.12,3.934146,474.13,1074.37,293.41,219.16,194.56,66.39,3.159402,473.22,885.96,647.98,602.51
2026-01-12 08:12:59,XPQ-01 Main,2026-01-12 08:12:00,993.43,67.18,3.978995,474.46,994.27,270.26,201.3,179.59,66.57,4.303372,474.65,984.04,272.08,197.08,186.64,68.76,4.134146,475.07,1001.97,274.03,204.88,180.92,66.19,3.49273533333333,473.66,816.37,603.26,547.15
2026-01-12 08:13:59,XPQ-01 Main,2026-01-12 08:13:00,1073.99,67.95,4.14232833333333,474.2,1071.33,291.2,209.96,201.42,69.23,4.603372,474.44,1088.29,300.6,217.81,206.41,68.78,4.20081266666667,474.6,1062.35,290.37,218.05,190.68,65.83,3.62606866666667,473.57,882.17,645.83,598.51
2026-01-12 08:14:59,XPQ-01 Main,2026-01-12 08:14:00,1051.7,67.31,4.15566166666667,474.18,1057.0,287.08,212.19,193.03,67.29,4.603372,474.28,1046.6,289.21,210.72,197.34,68.36,4.10081266666667,474.92,1051.52,287.47,215.05,190.34,66.28,3.759402,473.36,863.76,637.96,580.7
2026-01-12 08:15:59,XPQ-01 Main,2026-01-12 08:15:00,985.2,68.32,4.198995,475.08,973.13,264.87,193.32,180.22,68.19,4.603372,475.46,987.81,273.56,193.65,192.32,70.47,4.20081266666667,475.65,994.67,272.29,203.51,180.22,66.3,3.79273533333333,474.12,810.72,590.48,552.76
2026-01-12 08:16:59,XPQ-01 Main,2026-01-12 08:16:00,1125.06,67.53,4.27566166666667,474.57,1116.1,303.69,217.99,210.95,69.54,4.703372,474.88,1152.36,318.5,231.97,217.55,68.41,4.30081266666667,474.85,1106.71,302.68,230.79,195.49,64.63,3.8260686666666706,473.96,924.87,680.75,624.0
2026-01-12 08:17:59,XPQ-01 Main,2026-01-12 08:17:00,1079.33,66.64,3.93232833333333,475.21,1083.22,294.97,217.98,198.25,67.28,4.403372,475.36,1082.19,299.59,220.91,201.78,67.44,4.06747933333333,475.75,1072.58,293.84,222.59,191.34,65.19,3.32606866666667,474.52,888.4,661.48,591.36
2026-01-12 08:18:59,XPQ-01 Main,2026-01-12 08:18:00,934.81,71.59,3.8656616666666705,476.86,935.44,255.53,179.55,180.91,70.98,4.303372,477.04,925.18,257.11,174.87,187.62,73.15,4.00081266666667,477.52,943.81,259.43,183.33,183.0,70.65,3.29273533333333,476.02,772.07,537.76,551.53
2026-01-12 08:19:59,XPQ-01 Main,2026-01-12 08:19:00,954.28,71.5,3.98566166666667,474.13,957.35,260.01,182.33,185.04,71.23,4.47003866666667,474.06,947.27,261.63,179.37,189.94,72.71,4.00081266666667,474.82,958.21,262.02,185.37,184.62,70.57,3.49273533333333,473.5,783.65,547.06,559.6
2026-01-12 08:20:59,XPQ-01 Main,2026-01-12 08:20:00,982.2,69.31,4.008995,474.54,966.28,262.67,187.4,182.81,69.83,4.303372,474.73,993.77,274.83,191.74,195.25,71.35,4.06747933333333,475.22,986.55,269.87,200.37,179.68,66.76,3.659402,473.68,807.37,579.51,557.74
2026-01-12 08:21:59,XPQ-01 Main,2026-01-12 08:21:00,1030.52,72.31,3.778995,474.04,1019.24,276.96,188.69,201.57,73.0,4.23670533333333,474.27,1042.34,287.78,193.47,211.86,73.84,3.734146,474.38,1029.98,281.43,200.11,196.58,70.08,3.359402,473.45,846.17,582.26,610.0
2026-01-12 08:22:59,XPQ-01 Main,2026-01-12 08:22:00,1022.66,70.46,3.96566166666667,473.59,1015.63,275.69,192.58,195.63,71.26,4.303372,473.95,1033.36,285.15,197.53,203.49,71.75,4.00081266666667,473.98,1018.99,278.08,202.09,189.36,68.37,3.59273533333333,472.83,838.92,592.2,588.48
2026-01-12 08:23:59,XPQ-01 Main,2026-01-12 08:23:00,1059.92,70.08,3.908995,471.97,1047.83,283.34,197.94,202.2,71.46,4.27003866666667,472.14,1080.33,297.09,207.61,211.73,71.4,3.9008126666666705,472.59,1051.58,286.11,211.21,192.54,67.37,3.559402,471.18,866.54,616.76,606.46
2026-01-12 08:24:59,XPQ-01 Main,2026-01-12 08:24:00,1079.04,72.77,3.7323283333333297,472.86,1067.24,289.04,195.46,212.14,73.54,4.203372,472.86,1094.41,301.51,200.9,222.46,74.22,3.66747933333333,473.59,1075.46,293.27,207.3,206.38,70.55,3.32606866666667,472.11,883.82,603.66,640.98
2026-01-12 08:25:59,XPQ-01 Main,2026-01-12 08:25:00,1109.47,72.99,4.508995,472.01,1098.37,296.87,201.34,217.46,73.38,4.97003866666667,471.75,1118.68,307.55,203.97,228.15,74.55,4.46747933333333,472.85,1111.35,302.67,212.47,214.39,71.03,4.09273533333333,471.42,907.09,617.78,660.0
2026-01-12 08:26:59,XPQ-01 Main,2026-01-12 08:26:00,1100.58,73.42,3.798995,472.89,1091.86,295.74,198.26,218.95,74.13,4.23670533333333,472.77,1112.66,306.47,202.82,227.9,74.7,3.80081266666667,473.61,1097.22,299.3,208.75,213.12,71.44,3.359402,472.3,901.51,609.83,659.96
2026-01-12 08:27:59,XPQ-01 Main,2026-01-12 08:27:00,977.57,68.27,3.9556616666666704,475.08,972.21,264.63,190.97,181.72,68.93,4.17003866666667,475.38,986.68,273.2,194.95,189.52,69.71,4.10081266666667,475.68,973.83,266.63,199.61,176.19,66.17,3.59273533333333,474.2,804.46,585.53,547.42
2026-01-12 08:28:59,XPQ-01 Main,2026-01-12 08:28:00,964.83,66.69,4.15566166666667,474.85,958.49,260.94,192.01,175.57,67.48,4.47003866666667,475.27,974.37,269.56,196.66,183.09,68.14,4.20081266666667,475.14,961.63,263.09,200.91,169.4,64.46,3.79273533333333,474.14,793.58,589.58,528.07
2026-01-12 08:29:59,XPQ-01 Main,2026-01-12 08:29:00,1028.83,69.4,4.198995,474.51,1023.95,278.65,197.88,195.31,70.25,4.77003866666667,474.77,1038.25,286.83,202.82,202.04,70.57,4.10081266666667,474.65,1024.29,280.13,206.46,188.29,67.38,3.72606866666667,474.11,845.62,607.17,585.64
2026-01-12 08:30:59,XPQ-01 Main,2026-01-12 08:30:00,1042.17,71.77,4.05232833333333,474.67,1034.04,281.16,193.89,203.19,72.35,4.303372,474.56,1050.93,290.54,197.27,211.91,73.19,4.10081266666667,475.36,1041.56,285.18,203.72,198.49,69.78,3.759402,474.1,856.88,594.88,613.58
2026-01-12 08:31:59,XPQ-01 Main,2026-01-12 08:31:00,999.08,70.89,3.92232833333333,474.43,990.05,269.26,187.79,191.81,71.46,4.203372,474.76,1007.22,278.38,191.47,201.4,72.48,3.90081266666667,474.78,999.98,273.4,198.24,187.66,68.74,3.659402,473.77,821.04,577.5,580.87
2026-01-12 08:32:59,XPQ-01 Main,2026-01-12 08:32:00,987.96,68.75,3.8656616666666705,474.46,974.55,265.15,190.14,183.95,69.53,4.203372,474.59,1000.57,276.35,195.61,194.57,70.52,3.734146,474.65,988.76,270.46,202.36,178.72,66.2,3.659402,474.14,811.96,588.11,557.24
2026-01-12 08:33:59,XPQ-01 Main,2026-01-12 08:33:00,1068.3,72.5,3.8656616666666705,473.4,1048.69,284.49,192.98,208.76,73.43,4.27003866666667,473.6,1087.29,299.85,200.15,222.82,74.39,3.96747933333333,473.89,1068.91,291.7,209.21,203.17,69.67,3.359402,472.7,876.04,602.34,634.76
2026-01-12 08:34:59,XPQ-01 Main,2026-01-12 08:34:00,1070.63,74.73,4.17566166666667,472.86,1054.22,285.76,189.28,213.64,74.85,4.67003866666667,473.11,1077.7,296.82,190.16,227.48,76.72,4.16747933333333,473.19,1079.96,294.34,202.12,213.43,72.61,3.6927353333333297,472.29,876.92,581.56,654.55
2026-01-12 08:35:59,XPQ-01 Main,2026-01-12 08:35:00,1067.81,73.44,3.888995,473.07,1056.14,286.5,190.3,213.04,74.58,4.33670533333333,473.43,1085.72,299.13,198.11,223.03,74.76,3.834146,473.26,1061.58,289.4,203.35,204.92,70.98,3.49273533333333,472.52,875.02,591.75,640.99
2026-01-12 08:36:59,XPQ-01 Main,2026-01-12 08:36:00,1167.32,75.06,4.02232833333333,472.21,1158.51,313.48,201.79,239.33,76.45,4.37003866666667,472.38,1189.35,327.17,211.99,248.21,76.04,3.96747933333333,472.72,1154.1,314.18,215.46,228.1,72.7,3.72606866666667,471.53,954.83,629.24,715.63
2026-01-12 08:37:59,XPQ-01 Main,2026-01-12 08:37:00,1194.92,76.0,3.83232833333333,471.75,1178.57,318.74,203.43,244.56,76.88,4.17003866666667,472.22,1213.24,333.47,210.28,258.11,77.53,3.834146,472.03,1192.95,324.23,219.17,238.33,73.61,3.49273533333333,471.0,976.45,632.88,741.0
2026-01-12 08:38:59,XPQ-01 Main,2026-01-12 08:38:00,1167.55,77.55,4.008995,473.64,1158.34,314.52,194.75,246.26,78.44,4.43670533333333,474.08,1182.63,326.36,200.95,256.49,78.72,4.00081266666667,473.94,1161.68,317.01,207.66,239.15,75.51,3.59273533333333,472.9,957.89,603.36,741.89
2026-01-12 08:39:59,XPQ-01 Main,2026-01-12 08:39:00,1060.28,76.37,3.93232833333333,473.57,1051.68,285.31,181.92,219.44,76.99,4.53670533333333,473.69,1071.16,295.58,185.53,228.98,77.7,4.06747933333333,474.21,1058.02,288.86,192.72,214.77,74.43,3.19273533333333,472.79,869.74,560.17,663.19
2026-01-12 08:40:59,XPQ-01 Main,2026-01-12 08:40:00,1001.07,73.84,3.7556616666666702,473.73,994.61,270.23,179.41,201.26,74.65,4.103372,474.06,1012.11,279.18,183.91,208.51,75.0,3.734146,473.83,996.49,272.04,188.49,194.94,71.89,3.42606866666667,473.29,821.45,551.81,604.71
2026-01-12 08:41:59,XPQ-01 Main,2026-01-12 08:41:00,1048.08,74.1,4.188995,473.36,1042.42,283.0,186.96,211.64,74.95,4.67003866666667,473.87,1059.35,292.09,191.98,219.41,75.26,4.10081266666667,473.47,1042.47,284.27,196.76,204.76,72.11,3.79273533333333,472.75,859.36,575.69,635.82
2026-01-12 08:42:59,XPQ-01 Main,2026-01-12 08:42:00,1000.72,74.13,4.08566166666667,473.28,993.93,269.62,178.2,201.62,74.93,4.33670533333333,473.76,1011.89,279.12,182.8,209.58,75.36,4.134146,473.69,996.34,271.65,187.79,195.42,72.1,3.79273533333333,472.4,820.39,548.79,606.63
2026-01-12 08:43:59,XPQ-01 Main,2026-01-12 08:43:00,1041.1,75.25,4.34566166666667,472.97,1035.83,281.03,181.43,214.1,76.29,4.903372,473.51,1055.03,290.63,187.77,221.15,76.23,4.26747933333333,472.99,1032.43,281.27,191.27,205.69,73.23,3.859402,472.39,852.93,560.47,640.94
2026-01-12 08:44:59,XPQ-01 Main,2026-01-12 08:44:00,998.4,72.84,4.998995,473.75,994.94,270.41,182.58,198.62,73.62,5.47003866666667,474.18,1007.28,277.84,186.74,205.02,73.93,5.06747933333333,473.73,993.0,271.04,190.51,191.89,70.97,4.459402,473.34,819.29,559.84,595.53
2026-01-12 08:45:59,XPQ-01 Main,2026-01-12 08:45:00,908.23,76.53,4.66566166666667,475.16,900.77,245.34,156.46,188.42,76.93,5.23670533333333,475.32,915.21,253.25,157.94,196.7,77.98,4.36747933333333,475.53,908.73,248.92,165.26,185.53,74.67,4.39273533333333,474.64,747.51,479.66,570.65
2026-01-12 08:46:59,XPQ-01 Main,2026-01-12 08:46:00,879.57,76.08,5.05566166666667,475.87,874.18,238.59,153.53,181.98,76.43,5.503372,476.37,883.65,244.93,154.6,189.2,77.44,4.56747933333333,475.98,880.87,241.47,161.11,179.21,74.37,5.09273533333333,475.26,724.99,469.23,550.39
2026-01-12 08:47:59,XPQ-01 Main,2026-01-12 08:47:00,881.72,75.2,5.05566166666667,476.01,876.36,239.29,156.28,180.16,75.54,5.43670533333333,476.53,886.6,245.81,157.36,187.46,76.59,4.80081266666667,476.06,882.19,241.9,163.78,177.38,73.47,4.92606866666667,475.45,726.99,477.42,545.01
2026-01-12 08:48:59,XPQ-01 Main,2026-01-12 08:48:00,890.99,75.64,4.94232833333333,475.8,887.14,242.08,157.21,183.54,75.95,5.43670533333333,475.9,894.33,247.66,157.9,190.09,76.92,4.70081266666667,475.92,891.49,244.55,163.99,180.77,74.06,4.69273533333333,475.57,734.29,479.11,554.4
2026-01-12 08:49:59,XPQ-01 Main,2026-01-12 08:49:00,906.68,76.03,5.13232833333333,476.29,900.98,245.95,158.83,186.65,76.16,5.603372,476.63,909.75,252.47,158.55,194.7,77.54,4.70081266666667,476.71,909.31,249.57,166.44,185.23,74.38,5.09273533333333,475.53,747.99,483.82,566.58
2026-01-12 08:50:59,XPQ-01 Main,2026-01-12 08:50:00,1041.69,74.42,8.04232833333333,473.65,1037.82,281.68,186.58,210.12,74.77,8.403372,473.83,1046.61,288.8,187.88,217.87,75.73,7.834146,474.17,1040.65,284.14,194.68,206.53,72.77,7.89273533333333,472.95,854.62,569.14,634.51
2026-01-12 08:51:59,XPQ-01 Main,2026-01-12 08:51:00,1031.99,74.44,4.24566166666667,473.84,1028.54,279.27,185.45,208.51,74.72,4.63670533333333,473.94,1034.76,285.6,186.12,215.81,75.73,4.10081266666667,474.37,1032.67,282.12,192.75,205.18,72.88,3.9927353333333295,473.21,846.99,564.33,629.5
2026-01-12 08:52:59,XPQ-01 Main,2026-01-12 08:52:00,1076.57,76.44,3.84566166666667,473.51,1074.65,291.6,186.42,223.58,76.81,4.33670533333333,473.76,1079.96,297.95,187.59,230.88,77.61,3.834146,474.01,1075.09,293.42,194.25,219.63,74.91,3.359402,472.76,882.96,568.26,674.09
2026-01-12 08:53:59,XPQ-01 Main,2026-01-12 08:53:00,1087.33,76.68,3.888995,472.96,1082.37,293.28,186.62,226.08,77.12,4.303372,472.92,1093.91,301.33,188.51,234.15,77.89,3.934146,473.57,1085.72,296.15,195.58,222.01,75.04,3.42606866666667,472.38,890.77,570.7,682.24
2026-01-12 08:54:59,XPQ-01 Main,2026-01-12 08:54:00,1109.33,76.71,3.96566166666667,472.3,1104.28,298.87,189.88,230.76,77.22,4.37003866666667,472.23,1116.92,307.15,192.49,238.75,77.85,4.20081266666667,472.8,1106.78,301.5,198.93,226.03,75.07,3.32606866666667,471.87,907.52,581.3,695.54
2026-01-12 08:55:59,XPQ-01 Main,2026-01-12 08:55:00,1111.36,77.48,3.688995,471.78,1108.83,299.99,187.35,233.41,77.98,4.17003866666667,472.06,1116.91,306.83,189.75,240.73,78.54,3.60081266666667,471.95,1108.34,301.37,195.83,228.47,75.93,3.29273533333333,471.33,908.18,572.93,702.61
2026-01-12 08:56:59,XPQ-01 Main,2026-01-12 08:56:00,1120.33,78.02,3.818995,472.15,1115.99,302.05,186.47,237.22,78.62,4.203372,472.14,1128.35,310.13,189.72,244.88,79.05,3.7008126666666703,472.5,1116.66,304.06,195.73,231.73,76.4,3.559402,471.82,916.24,571.91,713.83
2026-01-12 08:57:59,XPQ-01 Main,2026-01-12 08:57:00,1258.92,78.92,3.54232833333333,470.7,1251.14,337.26,204.56,268.0,79.49,3.97003866666667,470.65,1269.71,348.2,208.21,278.43,80.09,3.46747933333333,471.48,1255.92,340.96,216.64,262.9,77.17,3.19273533333333,469.97,1026.42,629.4,809.33
2026-01-12 08:58:59,XPQ-01 Main,2026-01-12 08:58:00,1260.25,78.99,3.64232833333333,470.78,1251.33,337.83,203.42,269.28,79.79,4.23670533333333,471.04,1274.82,349.42,209.14,279.62,80.08,3.56747933333333,470.92,1254.61,340.44,216.52,262.16,77.1,3.12606866666667,470.36,1027.69,629.08,811.07
2026-01-12 08:59:59,XPQ-01 Main,2026-01-12 08:59:00,1282.87,79.02,3.53232833333333,471.18,1273.56,344.02,207.65,273.99,79.7,4.003372,471.2,1296.14,355.49,212.32,284.67,80.16,3.50081266666667,471.46,1278.89,347.51,220.55,267.77,77.19,3.09273533333333,470.88,1047.02,640.52,826.43
2026-01-12 09:00:59,XPQ-01 Main,2026-01-12 09:00:00,1303.51,79.79,3.52232833333333,469.82,1294.39,348.5,205.9,280.47,80.61,3.903372,470.22,1319.26,361.21,212.15,291.96,80.9,3.60081266666667,470.27,1296.88,351.1,220.19,273.26,77.87,3.059402,468.97,1060.81,638.24,845.68
2026-01-12 09:01:59,XPQ-01 Main,2026-01-12 09:01:00,1290.9,80.42,3.58566166666667,470.19,1282.72,345.69,202.42,280.02,81.04,4.07003866666667,470.55,1302.99,356.95,206.52,291.01,81.55,3.46747933333333,470.57,1286.98,348.72,215.41,274.27,78.65,3.22606866666667,469.46,1051.36,624.35,845.3
2026-01-12 09:02:59,XPQ-01 Main,2026-01-12 09:02:00,1253.2,79.71,3.8756616666666703,471.01,1244.45,335.94,199.08,270.45,80.53,4.403372,471.21,1268.98,348.14,204.98,281.1,80.8,3.934146,471.4,1246.18,338.37,212.47,263.11,77.8,3.29273533333333,470.42,1022.45,616.52,814.66
2026-01-12 09:03:59,XPQ-01 Main,2026-01-12 09:03:00,1347.96,79.84,3.598995,469.25,1341.65,361.02,212.38,291.59,80.83,4.17003866666667,469.36,1365.23,372.88,220.01,300.92,80.73,3.66747933333333,469.4,1337.01,361.74,226.44,281.89,77.96,2.959402,468.98,1095.64,658.84,874.39
2026-01-12 09:04:59,XPQ-01 Main,2026-01-12 09:04:00,1483.75,79.33,3.6556616666666706,467.54,1477.72,396.04,235.7,316.28,80.18,4.003372,467.72,1500.35,408.48,242.61,326.46,80.26,3.534146,467.86,1473.16,397.09,249.78,306.74,77.54,3.42606866666667,467.04,1201.62,728.08,949.48
2026-01-12 09:05:59,XPQ-01 Main,2026-01-12 09:05:00,1380.26,80.32,3.708995,469.38,1374.57,369.91,214.9,300.94,81.38,4.23670533333333,469.45,1399.74,382.45,223.54,310.0,81.11,3.80081266666667,469.63,1366.48,369.85,229.03,289.95,78.47,3.09273533333333,469.06,1122.22,667.47,900.89
2026-01-12 09:06:59,XPQ-01 Main,2026-01-12 09:06:00,1260.8,79.84,3.7556616666666702,470.02,1256.43,338.52,200.82,272.08,80.46,4.37003866666667,470.3,1270.78,347.91,204.46,280.97,80.86,3.80081266666667,470.35,1255.2,340.04,211.77,265.81,78.21,3.09273533333333,469.41,1026.47,617.06,818.87
2026-01-12 09:07:59,XPQ-01 Main,2026-01-12 09:07:00,1298.75,79.54,3.698995,468.94,1294.51,348.07,205.02,281.1,80.79,4.17003866666667,469.04,1320.01,360.32,214.98,289.0,80.24,3.7008126666666703,469.18,1281.74,346.58,218.46,268.76,77.6,3.22606866666667,468.61,1054.96,638.45,838.86
2026-01-12 09:08:59,XPQ-01 Main,2026-01-12 09:08:00,1350.74,80.83,3.83232833333333,469.75,1346.37,362.58,208.16,296.43,81.84,4.27003866666667,469.96,1369.12,374.5,216.14,305.11,81.6,3.80081266666667,470.03,1336.74,361.99,221.55,285.82,79.04,3.42606866666667,469.26,1099.07,645.84,887.36
2026-01-12 09:09:59,XPQ-01 Main,2026-01-12 09:09:00,1261.42,80.71,3.62232833333333,470.49,1256.03,338.79,197.42,274.98,81.23,3.9367053333333297,470.83,1270.34,348.14,200.29,284.5,81.77,3.734146,470.76,1257.87,341.07,208.46,269.7,79.12,3.19273533333333,469.89,1028.0,606.17,829.18
2026-01-12 09:10:59,XPQ-01 Main,2026-01-12 09:10:00,1326.94,80.12,3.7656616666666705,468.87,1323.05,355.56,209.23,287.04,80.81,4.33670533333333,469.07,1337.76,365.33,213.69,295.94,81.07,3.7674793333333296,469.26,1320.01,356.78,221.02,279.92,78.48,3.19273533333333,468.28,1077.67,643.93,862.9
2026-01-12 09:11:59,XPQ-01 Main,2026-01-12 09:11:00,1260.05,79.95,3.818995,469.86,1250.65,336.66,201.72,269.06,80.01,4.37003866666667,469.87,1263.18,345.71,200.4,280.84,81.4,3.834146,470.46,1266.31,343.13,212.52,268.72,78.44,3.259402,469.26,1025.5,614.64,818.62
2026-01-12 09:12:59,XPQ-01 Main,2026-01-12 09:12:00,1354.26,78.38,3.598995,467.97,1348.78,361.69,221.05,282.39,78.74,4.103372,467.93,1362.05,371.13,222.59,291.92,79.52,3.50081266666667,468.44,1351.95,364.9,231.29,278.11,76.89,3.19273533333333,467.53,1097.73,674.92,852.42
2026-01-12 09:13:59,XPQ-01 Main,2026-01-12 09:13:00,1288.14,78.45,3.888995,469.69,1285.97,346.16,211.38,273.69,79.14,4.403372,469.85,1298.3,355.2,215.81,281.41,79.35,3.834146,470.14,1280.13,346.62,221.6,266.24,76.86,3.42606866666667,469.06,1047.97,648.8,821.34
2026-01-12 09:14:59,XPQ-01 Main,2026-01-12 09:14:00,1316.89,79.45,3.588995,468.72,1315.13,353.3,207.66,285.58,80.88,4.203372,468.69,1340.67,365.84,219.59,292.13,79.94,3.46747933333333,469.17,1294.86,350.05,220.8,271.02,77.53,3.09273533333333,468.3,1069.19,648.06,848.74
2026-01-12 09:15:59,XPQ-01 Main,2026-01-12 09:15:00,1262.94,79.55,3.6323283333333296,472.06,1257.11,340.25,201.18,273.4,80.54,4.103372,472.42,1279.43,351.76,208.63,282.52,80.44,3.534146,472.29,1252.27,340.67,214.2,264.05,77.66,3.259402,471.47,1032.69,624.0,819.97
2026-01-12 09:16:59,XPQ-01 Main,2026-01-12 09:16:00,1256.85,78.69,3.788995,472.04,1252.37,338.79,204.44,269.18,79.64,4.203372,472.38,1272.15,349.91,211.39,278.01,79.6,3.90081266666667,472.51,1246.04,338.97,216.76,260.21,76.83,3.259402,471.24,1027.67,632.59,807.41
2026-01-12 09:17:59,XPQ-01 Main,2026-01-12 09:17:00,1135.44,79.95,3.54232833333333,474.39,1131.72,307.58,184.1,245.67,80.02,3.97003866666667,474.42,1136.57,314.08,182.81,254.29,81.2,3.734146,474.99,1138.03,311.31,192.02,244.36,78.63,2.92606866666667,473.77,932.98,558.93,744.32
2026-01-12 09:18:59,XPQ-01 Main,2026-01-12 09:18:00,1105.56,81.02,3.62232833333333,474.11,1101.53,299.19,174.37,242.91,81.24,4.37003866666667,474.29,1108.42,306.21,174.27,251.42,82.19,3.60081266666667,474.71,1106.74,302.5,182.73,240.62,79.64,2.89273533333333,473.34,907.9,531.37,734.95
2026-01-12 09:19:59,XPQ-01 Main,2026-01-12 09:19:00,1131.7,81.11,3.57566166666667,474.61,1130.37,307.49,177.29,250.79,81.66,4.07003866666667,474.65,1138.64,314.67,179.78,257.55,82.0,3.7008126666666703,475.03,1126.11,308.18,185.92,245.24,79.69,2.959402,474.16,930.35,542.99,753.57
2026-01-12 09:20:59,XPQ-01 Main,2026-01-12 09:20:00,1083.12,81.44,3.698995,475.6,1080.52,294.56,170.99,239.17,81.35,4.37003866666667,475.94,1080.15,299.31,168.05,246.83,82.66,3.734146,475.97,1088.67,298.37,177.39,239.13,80.31,2.99273533333333,474.9,892.24,516.44,725.14
2026-01-12 09:21:59,XPQ-01 Main,2026-01-12 09:21:00,1063.14,83.48,3.6656616666666704,475.36,1053.99,287.19,156.55,239.44,83.7,4.13670533333333,475.77,1069.34,296.19,156.27,250.18,84.81,3.734146,475.71,1066.07,292.0,167.19,238.8,81.92,3.12606866666667,474.61,875.38,480.01,728.43
2026-01-12 09:22:59,XPQ-01 Main,2026-01-12 09:22:00,1130.12,82.1,3.6423283333333294,474.02,1129.27,306.71,173.85,252.36,82.35,4.23670533333333,474.03,1132.08,312.56,173.67,259.26,83.08,3.46747933333333,474.6,1129.0,308.61,181.32,249.38,80.88,3.22606866666667,473.44,927.88,528.84,760.99
2026-01-12 09:23:59,XPQ-01 Main,2026-01-12 09:23:00,1109.31,81.65,3.65566166666667,474.7,1107.28,301.42,171.03,247.81,82.3,4.13670533333333,475.04,1117.48,308.92,174.5,254.65,82.49,3.60081266666667,474.87,1103.16,301.77,180.27,241.64,80.15,3.22606866666667,474.19,912.12,525.8,744.1
2026-01-12 09:24:59,XPQ-01 Main,2026-01-12 09:24:00,1110.71,82.18,3.64232833333333,474.91,1107.28,301.49,170.03,248.36,82.52,4.13670533333333,475.19,1115.0,308.4,170.78,255.91,83.18,3.56747933333333,475.17,1109.86,303.77,178.45,245.07,80.84,3.22606866666667,474.36,913.66,519.26,749.35
2026-01-12 09:25:59,XPQ-01 Main,2026-01-12 09:25:00,1135.46,82.91,3.688995,474.77,1129.93,307.52,168.71,255.89,83.49,4.03670533333333,475.22,1145.03,316.76,171.86,265.15,83.92,3.56747933333333,475.09,1131.43,309.48,179.8,251.17,81.31,3.459402,474.0,933.77,520.36,772.22
2026-01-12 09:26:59,XPQ-01 Main,2026-01-12 09:26:00,1129.05,82.48,3.84566166666667,474.39,1124.19,305.75,169.23,253.56,83.18,4.53670533333333,474.83,1140.08,315.1,173.43,262.08,83.39,3.7008126666666703,474.65,1122.88,306.9,180.04,247.61,80.88,3.29273533333333,473.68,927.75,522.69,763.24
2026-01-12 09:27:59,XPQ-01 Main,2026-01-12 09:27:00,1095.31,82.14,3.56566166666667,475.05,1088.21,296.5,165.82,245.06,82.82,4.03670533333333,475.43,1107.0,306.22,169.7,253.98,83.15,3.60081266666667,475.14,1090.72,298.57,176.85,239.52,80.45,3.059402,474.59,901.29,512.37,738.57
2026-01-12 09:28:59,XPQ-01 Main,2026-01-12 09:28:00,1095.01,81.83,3.56566166666667,474.55,1085.26,295.14,166.52,242.5,82.44,4.23670533333333,474.95,1107.22,306.22,169.85,253.55,83.08,3.40081266666667,475.02,1092.54,298.73,179.03,238.45,79.97,3.059402,473.68,900.09,515.41,734.49
2026-01-12 09:29:59,XPQ-01 Main,2026-01-12 09:29:00,1129.64,82.19,3.498995,474.11,1122.64,304.95,170.43,252.12,82.85,4.103372,474.38,1141.43,315.37,174.27,262.0,83.26,3.50081266666667,474.68,1124.85,307.36,182.23,246.98,80.47,2.89273533333333,473.26,927.69,526.93,761.1
2026-01-12 09:30:59,XPQ-01 Main,2026-01-12 09:30:00,1065.71,81.72,3.6423283333333294,474.19,1054.96,286.82,163.02,235.45,82.22,4.23670533333333,474.56,1075.92,297.18,165.42,246.33,83.02,3.56747933333333,474.44,1066.24,291.36,174.83,232.39,79.91,3.12606866666667,473.59,875.35,503.27,714.17
2026-01-12 09:31:59,XPQ-01 Main,2026-01-12 09:31:00,1084.82,82.82,3.698995,473.89,1076.05,292.24,160.52,243.6,83.5,4.37003866666667,474.33,1097.61,303.15,164.49,253.68,83.91,3.7008126666666703,474.33,1080.81,295.1,172.56,238.79,81.05,3.02606866666667,473.01,890.49,497.57,736.08
2026-01-12 09:32:59,XPQ-01 Main,2026-01-12 09:32:00,1123.61,81.95,3.888995,472.89,1114.61,302.23,169.67,249.38,82.68,4.503372,473.38,1136.35,313.06,174.21,259.49,83.02,3.634146,473.08,1119.88,305.08,182.0,243.87,80.14,3.52606866666667,472.2,920.38,525.89,752.73
2026-01-12 09:33:59,XPQ-01 Main,2026-01-12 09:33:00,1137.11,81.92,3.7223283333333295,472.41,1133.88,306.91,173.9,252.52,82.36,4.403372,472.51,1144.11,314.86,175.6,260.34,82.9,3.60081266666667,472.97,1133.34,308.69,182.95,248.21,80.5,3.159402,471.76,930.47,532.46,761.07
2026-01-12 09:34:59,XPQ-01 Main,2026-01-12 09:34:00,1049.59,81.58,3.64566166666667,472.78,1041.31,282.04,163.99,229.1,81.31,4.103372,472.99,1047.53,288.62,159.96,239.04,83.11,3.80081266666667,473.39,1059.92,288.85,171.54,231.36,80.33,3.02606866666667,471.97,859.51,495.49,699.5
2026-01-12 09:35:59,XPQ-01 Main,2026-01-12 09:35:00,1104.86,81.96,3.83232833333333,472.15,1097.61,296.85,171.25,241.92,81.62,4.33670533333333,472.47,1100.35,302.87,166.34,252.61,83.52,4.034146,472.82,1116.61,303.82,179.0,245.07,80.75,3.12606866666667,471.16,903.54,516.59,739.59
2026-01-12 09:36:59,XPQ-01 Main,2026-01-12 09:36:00,1105.62,82.0,3.6756616666666706,472.9,1096.37,297.14,170.01,243.34,81.97,4.203372,473.45,1107.43,305.3,167.96,254.59,83.47,3.734146,473.34,1113.04,303.19,179.48,244.02,80.56,3.09273533333333,471.91,905.62,517.45,741.95
2026-01-12 09:37:59,XPQ-01 Main,2026-01-12 09:37:00,1138.5,81.89,3.8656616666666705,473.44,1132.66,307.24,175.62,251.73,82.01,4.47003866666667,473.56,1140.94,314.7,174.65,261.34,83.14,3.934146,474.02,1141.91,311.68,184.75,250.68,80.5,3.19273533333333,472.73,933.63,535.02,763.75
2026-01-12 09:38:59,XPQ-01 Main,2026-01-12 09:38:00,1123.84,81.8,3.9423283333333297,473.33,1116.15,302.89,171.43,249.3,82.4,4.53670533333333,473.58,1135.22,312.93,174.71,258.96,82.9,3.90081266666667,473.61,1120.16,305.6,182.82,244.53,80.09,3.39273533333333,472.81,921.42,528.97,752.79
2026-01-12 09:39:59,XPQ-01 Main,2026-01-12 09:39:00,1131.9,81.91,3.908995,473.2,1124.81,305.16,170.18,252.84,82.96,4.33670533333333,473.52,1149.84,316.9,177.51,261.74,82.76,4.00081266666667,473.44,1121.06,305.72,183.05,244.18,80.01,3.39273533333333,472.62,927.78,530.75,758.76
2026-01-12 09:40:59,XPQ-01 Main,2026-01-12 09:40:00,1102.56,82.3,3.7756616666666702,473.23,1094.53,296.84,165.69,245.96,82.94,4.37003866666667,473.7,1114.29,307.35,169.41,256.11,83.4,3.80081266666667,473.67,1098.88,299.59,177.41,241.09,80.54,3.159402,472.31,903.77,512.51,743.16
2026-01-12 09:41:59,XPQ-01 Main,2026-01-12 09:41:00,1129.34,82.18,3.62232833333333,473.11,1127.61,305.79,172.3,252.12,82.56,4.13670533333333,473.28,1134.35,312.56,173.55,259.26,83.1,3.50081266666667,473.48,1126.05,307.11,180.3,247.98,80.88,3.22606866666667,472.57,925.46,526.15,759.37
2026-01-12 09:42:59,XPQ-01 Main,2026-01-12 09:42:00,1112.27,82.0,3.8656616666666705,473.31,1109.95,301.08,171.52,246.94,82.13,4.37003866666667,473.77,1112.92,307.02,170.55,254.78,83.1,3.7674793333333296,473.75,1113.93,303.75,178.99,245.06,80.75,3.459402,472.41,911.85,521.06,746.78
2026-01-12 09:43:59,XPQ-01 Main,2026-01-12 09:43:00,1106.52,81.92,3.818995,472.68,1099.0,297.66,168.77,244.9,82.34,4.203372,473.04,1114.8,307.11,170.67,254.74,83.08,3.96747933333333,473.22,1105.76,301.18,179.09,241.63,80.34,3.29273533333333,471.78,905.96,518.53,741.26
2026-01-12 09:44:59,XPQ-01 Main,2026-01-12 09:44:00,1101.18,81.73,3.7856616666666705,473.25,1099.88,298.38,169.76,245.02,82.2,4.13670533333333,473.52,1106.74,305.09,171.66,251.65,82.61,3.96747933333333,473.6,1096.91,299.19,177.71,240.15,80.38,3.259402,472.64,902.66,519.13,736.81
2026-01-12 09:45:59,XPQ-01 Main,2026-01-12 09:45:00,1079.94,81.79,3.74232833333333,473.46,1075.38,291.83,162.38,242.21,83.06,4.23670533333333,473.87,1099.9,303.44,171.45,250.03,82.47,3.80081266666667,473.85,1064.54,290.42,174.76,231.77,79.84,3.19273533333333,472.67,885.7,508.59,724.01
2026-01-12 09:46:59,XPQ-01 Main,2026-01-12 09:46:00,1047.42,82.7,3.678995,473.79,1043.65,283.45,158.86,234.27,82.77,4.103372,474.21,1048.11,289.34,157.36,242.07,83.84,3.8674793333333297,474.1,1050.52,286.78,165.91,233.22,81.49,3.059402,473.05,859.56,482.12,709.56
2026-01-12 09:47:59,XPQ-01 Main,2026-01-12 09:47:00,1125.16,81.54,3.8656616666666705,472.82,1122.13,304.24,169.95,252.11,82.92,4.37003866666667,473.13,1146.49,315.68,180.29,258.79,82.05,3.9008126666666705,473.02,1106.86,301.62,182.17,239.93,79.65,3.32606866666667,472.32,921.54,532.41,750.83
2026-01-12 09:48:59,XPQ-01 Main,2026-01-12 09:48:00,1082.33,82.24,3.7556616666666702,473.18,1076.92,291.92,165.05,240.54,82.46,4.13670533333333,473.36,1086.22,299.51,164.87,249.24,83.4,3.9008126666666705,473.82,1083.86,295.64,173.6,238.61,80.86,3.22606866666667,472.37,887.08,503.53,728.39
2026-01-12 09:49:59,XPQ-01 Main,2026-01-12 09:49:00,1059.28,82.06,3.708995,472.96,1055.44,285.94,162.66,234.6,82.18,4.27003866666667,473.19,1061.42,292.59,161.69,242.74,83.23,3.66747933333333,473.63,1060.98,289.23,170.11,233.14,80.78,3.19273533333333,472.07,867.77,494.46,710.48
2026-01-12 09:50:59,XPQ-01 Main,2026-01-12 09:50:00,1087.86,81.77,4.16566166666667,472.89,1086.75,294.65,163.96,244.32,83.04,4.63670533333333,473.11,1106.73,304.75,172.95,250.12,82.25,4.134146,473.16,1070.1,291.7,174.69,233.01,80.01,3.7260686666666705,472.41,891.1,511.61,727.45
2026-01-12 09:51:59,XPQ-01 Main,2026-01-12 09:51:00,1117.38,80.55,3.618995,472.22,1113.27,301.38,176.33,243.33,80.97,3.9367053333333297,472.77,1123.52,309.19,178.22,251.59,81.6,3.7008126666666703,472.51,1115.35,303.39,185.23,239.19,79.07,3.22606866666667,471.39,913.95,539.78,734.11
2026-01-12 09:52:59,XPQ-01 Main,2026-01-12 09:52:00,1093.01,80.54,3.84232833333333,472.63,1085.46,294.05,173.16,236.94,80.74,4.33670533333333,473.15,1097.29,302.27,173.2,246.93,81.87,3.8674793333333297,473.0,1096.29,298.47,182.61,235.44,79.02,3.32606866666667,471.73,894.79,528.97,719.3
2026-01-12 09:53:59,XPQ-01 Main,2026-01-12 09:53:00,1069.85,80.6,3.83232833333333,472.14,1063.18,287.49,169.5,231.74,80.71,4.27003866666667,472.34,1073.27,295.38,168.86,241.38,81.94,3.80081266666667,472.88,1073.09,292.04,178.2,230.8,79.15,3.42606866666667,471.19,874.91,516.56,703.92
2026-01-12 09:54:59,XPQ-01 Main,2026-01-12 09:54:00,1148.95,81.0,3.74566166666667,471.06,1152.81,311.37,178.99,254.23,81.77,4.203372,471.47,1156.88,317.43,183.57,258.44,81.53,3.7674793333333296,471.27,1137.17,308.65,186.11,245.66,79.71,3.259402,470.44,937.45,548.68,758.34
2026-01-12 09:55:59,XPQ-01 Main,2026-01-12 09:55:00,1123.13,80.49,3.698995,470.81,1124.16,303.32,175.76,246.59,81.43,4.103372,470.86,1135.63,311.36,181.82,251.61,81.05,3.7674793333333296,471.26,1109.62,301.24,184.3,237.31,78.98,3.22606866666667,470.3,915.91,541.88,735.51
2026-01-12 09:56:59,XPQ-01 Main,2026-01-12 09:56:00,1035.34,79.96,3.7323283333333297,474.0,1024.51,278.3,165.76,223.09,80.27,4.27003866666667,474.41,1043.07,288.15,166.97,234.45,81.45,3.66747933333333,474.44,1038.45,283.61,176.63,221.37,78.17,3.259402,473.14,850.06,509.37,678.9
2026-01-12 09:57:59,XPQ-01 Main,2026-01-12 09:57:00,1144.54,80.35,3.908995,473.67,1141.59,309.99,180.19,251.79,81.32,4.303372,474.04,1158.86,319.78,186.75,259.1,81.12,3.8674793333333297,474.0,1133.16,309.29,191.03,242.95,78.61,3.559402,472.98,939.06,557.97,753.84
2026-01-12 09:58:59,XPQ-01 Main,2026-01-12 09:58:00,1099.87,81.31,4.04566166666667,474.05,1092.37,296.67,174.06,239.94,80.94,4.57003866666667,474.34,1095.82,302.77,169.33,250.54,82.85,4.06747933333333,474.66,1111.42,303.64,181.3,242.88,80.13,3.49273533333333,473.15,903.08,524.69,733.35
2026-01-12 09:59:59,XPQ-01 Main,2026-01-12 09:59:00,1175.05,81.22,3.908995,473.45,1167.74,316.9,179.29,260.91,82.42,4.37003866666667,473.81,1195.84,329.86,188.45,270.22,82.02,4.034146,473.82,1161.58,316.91,193.14,250.66,79.21,3.32606866666667,472.71,963.67,560.89,781.79
2026-01-12 10:00:59,XPQ-01 Main,2026-01-12 10:00:00,1178.89,80.8,3.798995,473.38,1170.57,317.76,178.47,262.67,82.71,4.23670533333333,473.68,1212.61,334.25,194.34,271.42,81.31,3.8674793333333297,473.56,1153.5,314.71,195.19,246.3,78.37,3.29273533333333,472.91,966.72,567.99,780.4
2026-01-12 10:01:59,XPQ-01 Main,2026-01-12 10:01:00,1202.86,81.52,3.7223283333333295,474.17,1199.19,325.97,183.31,269.11,82.65,4.23670533333333,474.56,1221.01,337.3,191.89,277.04,82.21,3.7674793333333296,474.49,1188.37,324.71,195.98,258.57,79.69,3.159402,473.47,987.97,571.18,804.72
2026-01-12 10:02:59,XPQ-01 Main,2026-01-12 10:02:00,1187.11,81.67,3.84232833333333,473.76,1181.4,320.92,179.2,265.88,82.92,4.43670533333333,473.9,1208.73,333.38,188.89,274.05,82.34,3.80081266666667,473.98,1171.2,319.89,192.68,254.6,79.74,3.29273533333333,473.39,974.19,560.77,794.54
2026-01-12 10:03:59,XPQ-01 Main,2026-01-12 10:03:00,1092.03,81.02,3.798995,475.12,1087.54,296.07,174.48,238.91,80.76,4.23670533333333,475.38,1088.15,301.27,170.35,247.73,82.4,3.934146,475.65,1100.39,301.32,180.84,240.24,79.89,3.22606866666667,474.32,898.66,525.67,726.88
2026-01-12 10:04:59,XPQ-01 Main,2026-01-12 10:04:00,1200.88,80.86,3.7756616666666702,474.26,1198.6,325.9,184.76,268.1,82.34,4.203372,474.42,1224.43,338.11,196.42,274.74,81.35,3.934146,474.56,1179.62,322.53,197.95,254.15,78.89,3.19273533333333,473.81,986.54,579.13,796.98
2026-01-12 10:05:59,XPQ-01 Main,2026-01-12 10:05:00,1149.11,80.96,3.908995,473.29,1133.7,307.59,173.1,253.79,82.61,4.503372,473.77,1181.19,325.75,186.42,266.56,81.95,3.834146,473.62,1132.44,308.79,191.82,241.56,78.31,3.39273533333333,472.49,942.13,551.34,761.92
2026-01-12 10:06:59,XPQ-01 Main,2026-01-12 10:06:00,1121.71,80.77,3.788995,474.6,1115.64,303.52,172.62,249.2,82.2,4.27003866666667,474.8,1145.26,316.54,183.29,257.44,81.46,3.7674793333333296,474.94,1104.23,302.1,186.25,237.23,78.66,3.32606866666667,474.06,922.16,542.16,743.87
2026-01-12 10:07:59,XPQ-01 Main,2026-01-12 10:07:00,1121.39,80.74,3.7323283333333297,474.19,1115.12,303.28,173.09,248.7,82.08,4.17003866666667,474.72,1143.04,315.7,182.93,257.06,81.48,3.7674793333333296,474.26,1106.0,302.12,186.29,237.32,78.66,3.259402,473.59,921.11,542.31,743.08
2026-01-12 10:08:59,XPQ-01 Main,2026-01-12 10:08:00,1180.17,80.84,3.7523283333333297,473.61,1180.54,320.67,182.16,263.57,82.27,4.23670533333333,474.16,1201.19,331.38,193.05,269.03,81.25,3.80081266666667,473.72,1158.78,316.14,193.65,249.55,79.0,3.22606866666667,472.96,968.2,568.86,782.15
2026-01-12 10:09:59,XPQ-01 Main,2026-01-12 10:09:00,1106.7,79.83,3.808995,474.42,1107.04,300.99,181.07,239.98,79.83,4.53670533333333,474.83,1104.91,305.51,179.06,246.89,80.95,3.80081266666667,474.88,1108.16,302.9,186.56,238.15,78.72,3.09273533333333,473.55,909.4,546.69,725.02
2026-01-12 10:10:59,XPQ-01 Main,2026-01-12 10:10:00,1105.82,80.54,3.7756616666666702,474.36,1101.65,299.6,175.36,242.44,81.03,4.27003866666667,474.85,1113.01,307.64,177.64,250.58,81.58,3.8674793333333297,474.63,1102.8,301.36,184.33,237.54,79.0,3.19273533333333,473.59,908.59,537.33,730.55
2026-01-12 10:11:59,XPQ-01 Main,2026-01-12 10:11:00,1081.85,80.69,3.6123283333333296,474.1,1075.31,292.11,171.71,235.67,80.82,4.203372,474.46,1085.38,299.92,171.02,245.39,82.04,3.60081266666667,474.63,1084.85,296.38,180.53,234.35,79.22,3.02606866666667,473.21,888.4,523.25,715.4
2026-01-12 10:12:59,XPQ-01 Main,2026-01-12 10:12:00,1128.14,80.8,3.818995,473.84,1127.89,306.31,176.94,249.48,81.57,4.47003866666667,474.06,1138.34,314.19,181.44,255.62,81.55,3.934146,474.25,1118.19,305.41,185.78,241.66,79.28,3.059402,473.2,925.92,544.16,746.76
2026-01-12 10:13:59,XPQ-01 Main,2026-01-12 10:13:00,1184.67,81.56,3.6656616666666704,472.4,1189.22,322.0,181.83,265.52,82.51,4.13670533333333,472.67,1196.29,329.2,188.21,269.61,82.0,3.7674793333333296,472.79,1168.52,318.17,190.11,254.97,80.17,3.09273533333333,471.75,969.37,560.15,790.11
2026-01-12 10:14:59,XPQ-01 Main,2026-01-12 10:14:00,1117.61,81.3,3.7656616666666705,472.58,1119.01,303.05,174.68,247.47,81.7,4.23670533333333,472.71,1120.93,308.55,175.77,253.07,82.13,3.80081266666667,473.05,1112.9,303.23,181.42,242.58,80.08,3.259402,471.99,914.83,531.86,743.12
2026-01-12 10:15:59,XPQ-01 Main,2026-01-12 10:15:00,1129.16,81.06,3.7223283333333295,472.71,1128.47,305.72,176.87,249.07,81.53,4.37003866666667,472.85,1135.22,312.56,178.9,255.79,81.95,3.7008126666666703,473.16,1123.79,306.27,184.81,243.82,79.69,3.09273533333333,472.13,924.54,540.59,748.68
2026-01-12 10:16:59,XPQ-01 Main,2026-01-12 10:16:00,1147.75,81.68,3.6123283333333296,472.45,1147.41,310.72,175.84,255.92,82.42,4.03670533333333,472.74,1157.67,318.61,180.27,262.23,82.41,3.80081266666667,472.81,1138.17,309.92,184.88,248.3,80.21,2.99273533333333,471.79,939.24,540.99,766.45
2026-01-12 10:17:59,XPQ-01 Main,2026-01-12 10:17:00,1102.57,80.86,3.598995,472.08,1100.67,297.98,171.92,242.63,81.59,4.17003866666667,472.71,1112.47,306.01,176.13,249.74,81.72,3.46747933333333,472.22,1094.58,297.6,181.23,235.66,79.27,3.159402,471.31,901.58,529.28,728.03
2026-01-12 10:18:59,XPQ-01 Main,2026-01-12 10:18:00,1104.5,80.38,3.6656616666666704,472.0,1097.8,296.92,175.67,239.07,80.58,4.203372,472.4,1108.79,305.04,175.68,248.83,81.69,3.534146,472.51,1106.92,301.03,184.86,237.16,78.87,3.259402,471.07,902.99,536.21,725.06
2026-01-12 10:19:59,XPQ-01 Main,2026-01-12 10:19:00,1123.39,81.0,3.7656616666666705,471.96,1116.16,301.98,175.94,244.82,81.2,4.33670533333333,472.43,1127.54,310.09,175.89,254.83,82.3,3.734146,472.29,1126.49,306.29,185.54,243.22,79.51,3.22606866666667,471.17,918.36,537.37,742.86
2026-01-12 10:20:59,XPQ-01 Main,2026-01-12 10:20:00,1114.49,80.78,3.63232833333333,472.19,1104.93,298.99,173.94,242.69,81.28,4.17003866666667,472.62,1124.68,309.52,176.54,253.6,82.07,3.56747933333333,472.67,1113.86,303.04,185.62,239.07,78.99,3.159402,471.29,911.55,536.1,735.35
2026-01-12 10:21:59,XPQ-01 Main,2026-01-12 10:21:00,1136.79,81.46,3.65566166666667,472.58,1136.63,307.97,175.59,252.64,82.11,4.17003866666667,472.79,1145.14,315.11,179.15,258.69,82.21,3.60081266666667,472.82,1128.59,307.45,183.97,245.66,80.04,3.19273533333333,472.14,930.54,538.71,756.98
2026-01-12 10:22:59,XPQ-01 Main,2026-01-12 10:22:00,1175.51,81.06,3.7323283333333297,471.41,1168.77,315.83,181.91,257.87,81.71,4.27003866666667,471.64,1187.55,326.06,185.91,267.2,82.09,3.834146,471.76,1170.21,317.98,193.07,251.96,79.37,3.09273533333333,470.84,959.87,560.89,777.02
2026-01-12 10:23:59,XPQ-01 Main,2026-01-12 10:23:00,1120.16,81.79,3.578995,472.81,1121.79,303.93,173.47,249.16,82.07,4.13670533333333,473.04,1121.35,308.9,173.49,254.94,82.67,3.60081266666667,473.29,1117.32,304.51,179.94,245.18,80.62,2.99273533333333,472.09,917.34,526.9,749.28
2026-01-12 10:24:59,XPQ-01 Main,2026-01-12 10:24:00,1083.43,82.0,3.65232833333333,472.83,1086.77,294.55,166.87,242.36,82.36,4.27003866666667,473.23,1084.55,298.78,167.59,247.03,82.75,3.60081266666667,473.16,1078.98,293.98,172.75,237.5,80.87,3.09273533333333,472.11,887.31,507.21,726.9
2026-01-12 10:25:59,XPQ-01 Main,2026-01-12 10:25:00,1119.47,81.71,4.02232833333333,472.11,1120.48,303.13,173.57,248.17,81.95,4.703372,472.21,1120.23,308.06,173.29,254.2,82.63,4.00081266666667,472.61,1117.69,304.24,180.13,244.77,80.54,3.359402,471.52,915.43,526.99,747.14
2026-01-12 10:26:59,XPQ-01 Main,2026-01-12 10:26:00,1130.43,81.04,3.808995,471.3,1124.74,303.89,175.88,247.68,81.53,4.37003866666667,471.51,1138.53,312.5,178.19,256.45,82.12,3.60081266666667,471.62,1128.02,306.45,185.84,243.26,79.46,3.459402,470.78,922.84,539.91,747.39
2026-01-12 10:27:59,XPQ-01 Main,2026-01-12 10:27:00,1158.44,80.02,3.598995,471.39,1150.38,310.81,183.4,250.78,80.72,4.07003866666667,471.66,1171.03,321.58,187.78,260.75,81.15,3.56747933333333,471.8,1153.91,313.49,195.33,244.9,78.18,3.159402,470.7,945.88,566.5,756.43
2026-01-12 10:28:59,XPQ-01 Main,2026-01-12 10:28:00,1165.44,80.23,3.7223283333333295,471.31,1157.93,312.85,183.0,253.47,81.08,4.57003866666667,471.72,1180.64,324.21,188.68,263.02,81.26,3.634146,471.64,1157.76,314.4,195.18,246.17,78.36,2.959402,470.56,951.46,566.85,762.66
2026-01-12 10:29:59,XPQ-01 Main,2026-01-12 10:29:00,1114.69,83.34,3.84232833333333,472.07,1111.57,300.73,163.69,251.91,83.85,4.53670533333333,472.35,1122.24,308.65,165.93,259.75,84.27,3.8674793333333297,472.47,1110.25,302.09,173.18,247.17,81.9,3.12606866666667,471.41,911.47,502.79,758.84
2026-01-12 10:30:59,XPQ-01 Main,2026-01-12 10:30:00,1174.21,80.84,3.64232833333333,472.16,1166.55,315.85,183.87,256.44,81.27,4.203372,472.6,1181.91,325.06,185.66,266.4,82.04,3.734146,472.33,1174.16,319.42,194.67,252.67,79.22,2.99273533333333,471.56,960.33,564.21,775.51
2026-01-12 10:31:59,XPQ-01 Main,2026-01-12 10:31:00,1069.75,78.03,3.888995,472.66,1065.88,288.95,179.05,226.52,78.45,4.47003866666667,473.09,1075.3,296.0,180.6,234.09,79.17,3.90081266666667,472.75,1068.08,290.86,187.34,222.18,76.45,3.29273533333333,472.14,875.81,546.98,682.78
2026-01-12 10:32:59,XPQ-01 Main,2026-01-12 10:32:00,1045.7,77.88,3.6656616666666704,473.0,1043.26,282.97,175.54,221.81,78.42,3.9367053333333297,473.24,1052.13,289.76,177.82,228.37,78.9,3.66747933333333,473.18,1041.72,284.01,183.24,216.54,76.34,3.39273533333333,472.59,856.74,536.59,666.72
2026-01-12 10:33:59,XPQ-01 Main,2026-01-12 10:33:00,1414.65,68.32,3.96566166666667,467.24,1414.74,378.99,270.78,257.1,68.86,4.53670533333333,467.77,1420.52,386.75,274.18,263.94,69.35,4.034146,467.54,1408.69,379.14,277.95,249.19,66.75,3.32606866666667,466.41,1144.88,822.91,770.24
2026-01-12 10:34:59,XPQ-01 Main,2026-01-12 10:34:00,1176.34,76.11,4.04232833333333,470.11,1174.39,316.68,201.06,244.09,77.19,4.53670533333333,470.55,1190.16,325.8,208.03,250.27,76.9,3.934146,470.16,1164.47,315.42,211.06,233.79,74.23,3.659402,469.63,957.9,620.14,728.15
2026-01-12 10:35:59,XPQ-01 Main,2026-01-12 10:35:00,1326.75,76.69,3.7223283333333295,468.36,1322.62,355.29,225.92,273.98,77.15,4.203372,468.68,1333.63,363.68,228.41,282.87,77.8,3.734146,468.47,1323.98,357.35,235.78,268.2,75.1,3.22606866666667,467.92,1076.32,690.11,825.06
2026-01-12 10:36:59,XPQ-01 Main,2026-01-12 10:36:00,1304.36,80.16,3.83232833333333,468.84,1308.1,351.77,205.12,285.23,81.19,4.37003866666667,468.99,1318.38,359.69,212.33,289.64,80.65,3.8674793333333297,468.87,1286.61,347.79,214.49,273.16,78.65,3.259402,468.65,1059.25,631.95,848.04
2026-01-12 10:37:59,XPQ-01 Main,2026-01-12 10:37:00,1137.01,79.3,4.088995,470.66,1139.32,307.34,186.34,243.83,79.45,4.43670533333333,470.83,1136.15,311.45,185.34,249.44,80.27,4.10081266666667,471.05,1135.56,308.11,191.85,240.47,78.17,3.7260686666666705,470.1,926.9,563.52,733.73
2026-01-12 10:38:59,XPQ-01 Main,2026-01-12 10:38:00,1122.45,81.53,3.75232833333333,470.72,1124.51,303.62,171.94,249.78,82.37,4.33670533333333,471.12,1132.1,310.27,176.77,254.48,82.13,3.8674793333333297,470.71,1110.74,301.29,180.17,240.99,80.09,3.059402,470.32,915.18,528.88,745.25
2026-01-12 10:39:59,XPQ-01 Main,2026-01-12 10:39:00,1054.58,81.03,3.998995,471.09,1055.65,285.21,165.35,230.91,81.3,4.503372,471.6,1055.23,289.56,165.37,236.52,81.95,3.96747933333333,471.17,1052.87,285.74,171.36,227.16,79.83,3.52606866666667,470.51,860.51,502.09,694.59
2026-01-12 10:40:59,XPQ-01 Main,2026-01-12 10:40:00,1167.04,79.08,3.718995,470.15,1166.74,314.6,190.63,249.8,79.5,4.33670533333333,470.62,1170.65,320.58,192.12,256.34,80.02,3.8674793333333297,470.28,1163.73,315.18,198.09,244.7,77.72,2.959402,469.54,950.37,580.84,750.84
2026-01-12 10:41:59,XPQ-01 Main,2026-01-12 10:41:00,1057.42,81.12,3.7556616666666702,471.05,1060.04,286.25,166.98,231.54,81.11,4.203372,471.43,1053.4,289.07,164.65,236.79,82.1,3.734146,471.32,1058.82,287.4,171.38,229.69,80.15,3.32606866666667,470.4,862.72,503.01,698.02
2026-01-12 10:42:59,XPQ-01 Main,2026-01-12 10:42:00,1137.47,80.85,3.998995,473.42,1142.88,310.26,181.36,250.45,80.99,4.43670533333333,473.9,1134.37,312.86,180.16,254.51,81.62,4.10081266666667,473.61,1135.15,309.6,185.3,246.61,79.95,3.459402,472.76,932.71,546.82,751.57
2026-01-12 10:43:59,XPQ-01 Main,2026-01-12 10:43:00,1160.95,80.79,4.008995,473.5,1153.71,313.27,179.39,256.45,81.94,4.43670533333333,473.85,1180.09,325.39,187.49,265.34,81.67,4.034146,473.69,1149.07,313.54,192.93,246.6,78.76,3.559402,472.97,952.21,559.82,768.39
2026-01-12 10:44:59,XPQ-01 Main,2026-01-12 10:44:00,1071.0,80.5,3.8756616666666703,474.18,1077.33,292.78,174.18,234.84,80.32,4.23670533333333,474.62,1062.31,293.57,170.3,238.65,81.4,3.9008126666666705,474.58,1073.36,293.24,176.53,233.51,79.77,3.49273533333333,473.34,879.59,521.01,707.0
2026-01-12 10:45:59,XPQ-01 Main,2026-01-12 10:45:00,1008.93,80.68,3.988995,474.93,1012.68,275.76,162.45,222.26,80.73,4.33670533333333,475.43,1005.67,278.27,160.63,226.68,81.59,3.934146,475.13,1008.45,275.92,166.36,219.7,79.72,3.6927353333333297,474.25,829.95,489.44,668.63
2026-01-12 10:46:59,XPQ-01 Main,2026-01-12 10:46:00,1115.93,79.07,4.04566166666667,474.01,1115.72,303.27,183.46,240.73,79.54,4.57003866666667,474.33,1120.4,309.27,185.22,247.03,80.01,3.96747933333333,474.21,1111.67,303.67,191.02,235.49,77.66,3.59273533333333,473.49,916.21,559.7,723.24
2026-01-12 10:47:59,XPQ-01 Main,2026-01-12 10:47:00,1070.5,80.34,4.208995,473.86,1068.26,290.21,171.17,233.9,80.7,4.603372,474.13,1074.27,296.47,172.09,240.82,81.36,4.234146,474.11,1068.98,291.96,178.87,230.09,78.95,3.79273533333333,473.34,878.64,522.13,704.81
2026-01-12 10:48:59,XPQ-01 Main,2026-01-12 10:48:00,1467.71,64.33,4.33232833333333,466.48,1464.68,391.57,288.86,246.58,64.93,4.77003866666667,466.81,1479.3,402.05,293.65,255.22,65.6,4.16747933333333,466.83,1459.15,392.29,297.79,238.28,62.48,4.059402,465.78,1185.9,880.29,740.09
2026-01-12 10:49:59,XPQ-01 Main,2026-01-12 10:49:00,1039.41,78.8,3.878995,474.24,1040.63,282.78,173.98,221.77,78.68,4.27003866666667,474.53,1034.69,285.94,171.06,227.89,79.97,3.8674793333333297,474.74,1042.91,285.05,178.81,220.94,77.73,3.49273533333333,473.45,853.77,523.85,670.6
2026-01-12 10:50:59,XPQ-01 Main,2026-01-12 10:50:00,1140.44,76.33,3.978995,473.7,1139.71,309.62,197.88,237.74,76.86,4.43670533333333,473.96,1145.39,315.9,200.29,243.97,77.29,3.96747933333333,473.89,1136.24,310.2,205.53,231.91,74.84,3.52606866666667,473.25,935.73,603.7,713.62
2026-01-12 10:51:59,XPQ-01 Main,2026-01-12 10:51:00,1064.98,78.76,4.04232833333333,475.46,1063.08,289.82,174.94,230.67,79.68,4.503372,475.7,1076.62,298.05,180.18,236.63,79.56,4.134146,475.66,1055.24,289.2,184.12,222.45,77.04,3.49273533333333,475.01,877.07,539.24,689.75
2026-01-12 10:52:59,XPQ-01 Main,2026-01-12 10:52:00,937.1,73.46,3.988995,476.18,935.06,255.41,170.68,189.0,74.22,4.33670533333333,476.52,944.59,261.86,174.07,194.26,74.47,4.20081266666667,476.22,931.65,255.65,177.68,182.64,71.68,3.42606866666667,475.8,772.93,522.43,565.9
2026-01-12 10:53:59,XPQ-01 Main,2026-01-12 10:53:00,917.55,71.17,4.55566166666667,478.95,915.9,251.55,175.43,179.65,71.55,4.83670533333333,479.3,920.97,256.89,176.61,185.14,72.36,4.66747933333333,479.14,915.8,252.76,181.03,175.47,69.6,4.159402,478.42,761.2,533.06,540.26
2026-01-12 10:54:59,XPQ-01 Main,2026-01-12 10:54:00,1038.93,76.06,4.25232833333333,476.03,1039.47,283.7,182.85,216.0,76.32,4.63670533333333,476.34,1039.85,288.3,182.99,221.87,77.15,4.234146,476.3,1037.47,284.61,188.84,212.3,74.72,3.89273533333333,475.45,856.62,554.68,650.17
2026-01-12 10:55:59,XPQ-01 Main,2026-01-12 10:55:00,1039.3,77.63,4.02232833333333,476.27,1039.05,283.71,177.28,220.89,77.99,4.703372,476.68,1042.45,289.25,178.19,226.82,78.64,4.034146,476.56,1036.41,284.42,183.59,216.53,76.27,3.32606866666667,475.58,857.37,539.07,664.24
2026-01-12 10:56:59,XPQ-01 Main,2026-01-12 10:56:00,1053.46,78.09,4.398995,475.7,1048.98,286.16,175.74,224.94,78.8,5.003372,476.09,1063.09,294.52,179.65,232.72,79.16,4.46747933333333,475.85,1048.32,287.36,185.32,218.75,76.3,3.7260686666666705,475.16,868.03,540.71,676.4
2026-01-12 10:57:59,XPQ-01 Main,2026-01-12 10:57:00,1084.47,78.6,4.04232833333333,475.5,1079.62,294.4,176.71,234.99,79.92,4.603372,475.84,1103.69,305.59,185.59,242.23,79.38,4.06747933333333,475.65,1070.12,293.24,188.54,224.03,76.51,3.459402,475.0,893.23,550.84,701.25
2026-01-12 10:58:59,XPQ-01 Main,2026-01-12 10:58:00,1093.66,77.9,4.288995,475.36,1088.96,296.74,183.71,232.17,78.42,4.93670533333333,475.69,1101.58,305.04,186.22,240.42,79.06,4.26747933333333,475.7,1090.42,298.72,193.0,227.35,76.23,3.659402,474.71,900.51,562.93,699.93
2026-01-12 10:59:59,XPQ-01 Main,2026-01-12 10:59:00,1109.06,78.97,4.23232833333333,476.22,1104.51,301.6,182.65,239.76,79.55,4.77003866666667,476.51,1117.06,309.78,185.51,247.71,80.04,4.334146,476.42,1105.61,303.45,192.21,234.32,77.32,3.59273533333333,475.73,914.83,560.36,721.78
2026-01-12 11:00:59,XPQ-01 Main,2026-01-12 11:00:00,1055.38,77.49,4.198995,476.05,1053.87,287.71,179.71,224.13,78.02,4.77003866666667,476.45,1061.05,294.18,181.89,230.46,78.5,4.30081266666667,476.19,1051.21,288.35,187.25,218.69,75.96,3.52606866666667,475.51,870.24,548.85,673.29
2026-01-12 11:01:59,XPQ-01 Main,2026-01-12 11:01:00,1073.32,77.97,4.008995,476.22,1074.18,293.42,181.01,229.98,78.58,4.33670533333333,476.68,1079.77,299.45,183.7,235.56,78.86,4.06747933333333,476.27,1066.0,292.48,188.23,223.43,76.48,3.6260686666666704,475.71,885.35,552.94,688.97
2026-01-12 11:02:59,XPQ-01 Main,2026-01-12 11:02:00,1065.89,75.89,3.988995,476.67,1065.24,291.14,188.65,221.29,76.1,4.53670533333333,477.01,1067.08,296.26,188.43,227.54,77.02,4.06747933333333,476.91,1065.34,292.63,194.6,217.7,74.55,3.359402,476.09,880.03,571.68,666.52
2026-01-12 11:03:59,XPQ-01 Main,2026-01-12 11:03:00,1098.27,77.9,4.178995,476.09,1092.83,298.43,186.09,232.88,78.12,4.67003866666667,476.45,1101.39,305.31,186.02,241.51,79.22,4.20081266666667,476.14,1100.57,301.93,194.51,230.09,76.37,3.659402,475.68,905.67,566.62,704.48
2026-01-12 11:04:59,XPQ-01 Main,2026-01-12 11:04:00,1104.46,78.02,4.208995,475.54,1100.45,300.14,184.01,236.39,78.91,4.803372,476.04,1116.85,309.34,189.24,243.8,79.0,4.20081266666667,475.64,1096.09,300.28,194.3,228.32,76.16,3.62606866666667,474.94,909.76,567.55,708.51
2026-01-12 11:05:59,XPQ-01 Main,2026-01-12 11:05:00,1049.61,78.5,3.898995,475.64,1050.44,286.52,176.22,225.3,78.77,4.43670533333333,475.9,1050.56,290.95,176.24,230.85,79.48,4.034146,475.79,1047.84,287.26,181.99,221.35,77.24,3.22606866666667,475.23,864.72,534.44,677.49
2026-01-12 11:06:59,XPQ-01 Main,2026-01-12 11:06:00,1071.25,76.87,3.918995,475.52,1070.63,291.9,186.33,224.24,76.91,4.37003866666667,476.03,1069.85,296.43,184.9,231.0,78.07,3.934146,475.77,1073.29,293.99,192.07,222.05,75.63,3.459402,474.77,882.32,563.3,677.29
2026-01-12 11:07:59,XPQ-01 Main,2026-01-12 11:07:00,1114.38,79.04,4.04232833333333,475.51,1111.64,302.99,185.18,239.54,79.12,4.43670533333333,475.79,1114.24,308.65,183.82,247.62,80.29,4.06747933333333,475.9,1117.27,306.19,192.5,237.75,77.72,3.62606866666667,474.84,917.82,561.5,724.91
2026-01-12 11:08:59,XPQ-01 Main,2026-01-12 11:08:00,1086.61,78.77,4.25566166666667,475.08,1084.61,295.51,179.03,234.66,79.5,4.803372,475.5,1095.65,303.14,182.99,241.2,79.67,4.26747933333333,475.2,1079.56,295.52,187.75,227.59,77.14,3.6927353333333297,474.55,894.18,549.78,703.45
2026-01-12 11:09:59,XPQ-01 Main,2026-01-12 11:09:00,1048.84,77.47,3.8656616666666705,474.01,1047.14,284.58,178.82,221.1,77.75,4.37003866666667,474.43,1051.12,290.26,179.29,227.8,78.58,3.70081266666667,474.27,1048.26,286.29,185.51,217.49,76.08,3.52606866666667,473.35,861.14,543.62,666.38
2026-01-12 11:10:59,XPQ-01 Main,2026-01-12 11:10:00,972.39,77.77,4.108995,474.94,977.81,266.32,166.53,207.35,77.97,4.63670533333333,475.41,969.52,268.23,165.83,210.55,78.56,4.10081266666667,475.11,969.86,265.37,169.67,203.43,76.79,3.59273533333333,474.32,799.91,502.03,621.33
2026-01-12 11:11:59,XPQ-01 Main,2026-01-12 11:11:00,1009.29,79.43,4.43232833333333,474.54,1011.2,275.12,167.0,218.3,79.42,4.903372,474.88,1006.04,278.07,165.03,223.55,80.45,4.36747933333333,474.8,1010.63,276.37,171.27,216.38,78.41,4.02606866666667,473.95,829.56,503.29,658.22
2026-01-12 11:12:59,XPQ-01 Main,2026-01-12 11:12:00,1047.86,79.45,4.23232833333333,474.76,1050.45,285.99,170.38,229.06,80.24,4.803372,475.02,1055.61,291.79,174.41,233.1,80.07,4.20081266666667,474.93,1037.5,283.91,177.2,221.12,78.04,3.6927353333333297,474.34,861.7,521.99,683.29
2026-01-12 11:13:59,XPQ-01 Main,2026-01-12 11:13:00,1016.54,79.02,4.26566166666667,475.16,1017.49,277.17,169.42,217.8,78.93,4.77003866666667,475.6,1012.36,280.27,166.78,223.63,80.16,4.16747933333333,475.45,1019.78,279.17,173.98,216.65,77.97,3.859402,474.42,836.61,510.18,658.08
2026-01-12 11:14:59,XPQ-01 Main,2026-01-12 11:14:00,1026.95,79.54,4.13232833333333,475.52,1028.52,280.33,170.01,222.33,79.44,4.503372,475.94,1022.05,283.2,167.19,228.12,80.66,4.30081266666667,475.89,1030.28,282.28,174.51,221.23,78.51,3.59273533333333,474.75,845.82,511.72,671.69
2026-01-12 11:15:59,XPQ-01 Main,2026-01-12 11:15:00,869.23,75.23,4.24232833333333,476.54,870.44,237.81,156.72,178.37,75.13,4.67003866666667,477.09,865.62,240.38,154.66,183.28,76.43,4.434146,476.79,871.63,239.24,160.24,176.96,74.13,3.6260686666666704,475.73,717.44,471.62,538.61
2026-01-12 11:16:59,XPQ-01 Main,2026-01-12 11:16:00,908.04,75.13,4.198995,476.47,909.2,248.31,165.39,184.91,74.54,4.47003866666667,476.68,898.65,249.41,160.19,190.61,76.55,4.234146,476.86,916.27,251.64,168.07,186.6,74.3,3.89273533333333,475.86,749.35,493.64,562.12
2026-01-12 11:17:59,XPQ-01 Main,2026-01-12 11:17:00,953.17,72.59,3.988995,476.3,960.21,262.27,178.13,191.85,73.28,4.303372,476.67,954.82,264.87,180.33,193.4,73.14,4.00081266666667,476.49,944.49,259.21,181.35,184.71,71.36,3.659402,475.73,786.35,539.81,569.96
2026-01-12 11:18:59,XPQ-01 Main,2026-01-12 11:18:00,877.31,74.31,4.04232833333333,476.99,875.59,239.64,156.79,180.66,75.52,4.403372,477.44,889.03,246.86,162.81,185.21,75.11,4.034146,476.89,867.32,238.36,164.36,172.05,72.31,3.6927353333333297,476.64,724.85,483.95,537.92
2026-01-12 11:19:59,XPQ-01 Main,2026-01-12 11:19:00,903.28,74.18,4.008995,476.41,903.54,246.78,163.03,184.45,74.93,4.63670533333333,476.58,909.19,252.22,166.09,188.81,75.08,3.96747933333333,476.72,897.12,246.38,169.17,178.28,72.54,3.42606866666667,475.93,745.38,498.29,551.54
2026-01-12 11:20:59,XPQ-01 Main,2026-01-12 11:20:00,845.31,75.25,4.36566166666667,477.38,841.21,230.27,153.1,171.45,74.59,4.73670533333333,477.67,838.0,232.96,148.03,179.0,77.06,4.36747933333333,477.54,856.73,235.71,157.69,174.04,74.11,3.9927353333333295,476.92,698.93,458.81,524.49
2026-01-12 11:21:59,XPQ-01 Main,2026-01-12 11:21:00,913.9,74.24,4.14232833333333,476.95,910.32,249.07,164.27,187.0,75.13,4.403372,477.19,923.4,256.34,168.6,192.73,75.27,4.10081266666667,476.96,907.98,249.61,172.15,180.3,72.33,3.92606866666667,476.69,755.01,505.03,560.04
2026-01-12 11:22:59,XPQ-01 Main,2026-01-12 11:22:00,927.15,73.83,4.04232833333333,476.7,928.52,253.8,171.82,186.57,73.56,4.37003866666667,476.8,920.74,255.51,168.44,191.63,75.11,4.26747933333333,476.92,932.2,256.2,175.24,186.21,72.82,3.49273533333333,476.38,765.51,515.5,564.4
2026-01-12 11:23:59,XPQ-01 Main,2026-01-12 11:23:00,945.43,73.6,4.188995,476.59,950.25,259.8,174.64,191.9,73.96,4.57003866666667,476.81,944.45,261.98,174.85,194.66,74.39,4.26747933333333,476.61,941.57,258.65,177.99,187.07,72.45,3.72606866666667,476.36,780.44,527.49,573.63
2026-01-12 11:24:59,XPQ-01 Main,2026-01-12 11:24:00,997.56,75.7,4.088995,476.02,996.75,272.23,174.6,208.04,76.6,4.43670533333333,476.43,1006.59,278.93,179.08,213.03,76.55,4.134146,475.95,989.34,271.34,182.3,200.35,73.96,3.6927353333333297,475.67,822.51,535.97,621.42
2026-01-12 11:25:59,XPQ-01 Main,2026-01-12 11:25:00,1013.73,76.74,4.22232833333333,475.84,1010.93,275.79,173.29,214.05,77.72,4.53670533333333,476.07,1025.37,284.13,178.72,220.2,77.65,4.20081266666667,476.12,1004.88,275.61,182.5,206.04,74.86,3.92606866666667,475.32,835.53,534.5,640.28
2026-01-12 11:26:59,XPQ-01 Main,2026-01-12 11:26:00,953.55,77.72,4.06566166666667,476.45,949.02,259.21,160.82,202.61,78.33,4.53670533333333,476.56,961.45,266.71,163.44,209.72,78.88,4.06747933333333,476.76,950.17,261.02,169.4,197.84,75.96,3.59273533333333,476.05,786.94,493.66,610.17
2026-01-12 11:27:59,XPQ-01 Main,2026-01-12 11:27:00,1061.62,78.57,3.808995,475.94,1059.5,289.15,176.69,228.65,79.13,4.103372,475.99,1067.5,295.71,178.89,235.05,79.58,3.90081266666667,476.15,1057.86,290.32,184.92,223.28,77.02,3.42606866666667,475.69,875.18,540.5,686.99
2026-01-12 11:28:59,XPQ-01 Main,2026-01-12 11:28:00,1015.99,79.18,4.08566166666667,476.63,1010.97,276.32,168.37,218.62,79.23,4.43670533333333,476.8,1016.97,282.17,166.84,226.65,80.53,4.20081266666667,476.78,1020.04,280.27,175.92,217.63,77.77,3.62606866666667,476.31,838.77,511.13,662.9
2026-01-12 11:29:59,XPQ-01 Main,2026-01-12 11:29:00,967.83,78.39,3.898995,477.0,960.04,262.6,161.99,206.04,78.61,4.43670533333333,477.37,972.39,270.14,162.1,215.29,79.89,4.00081266666667,477.16,971.06,266.91,171.13,204.4,76.68,3.259402,476.47,799.65,495.22,625.73
2026-01-12 11:30:59,XPQ-01 Main,2026-01-12 11:30:00,965.81,77.32,4.07566166666667,476.4,961.9,262.75,166.87,202.39,77.16,4.503372,476.86,963.06,267.29,164.3,210.45,78.82,4.06747933333333,476.63,972.48,266.92,173.31,202.55,75.98,3.659402,475.72,796.95,504.47,615.38
2026-01-12 11:31:59,XPQ-01 Main,2026-01-12 11:31:00,994.19,78.32,3.85232833333333,476.42,986.6,269.46,166.92,211.18,78.45,4.43670533333333,476.67,997.21,276.69,166.31,220.45,79.83,3.7674793333333296,476.68,998.78,274.27,175.77,209.93,76.67,3.359402,475.9,820.42,509.0,641.56
2026-01-12 11:32:59,XPQ-01 Main,2026-01-12 11:32:00,998.34,76.17,4.14232833333333,475.78,995.31,271.55,172.67,209.44,77.18,4.63670533333333,475.95,1009.93,279.73,177.94,215.27,77.0,4.36747933333333,475.97,989.79,271.49,181.26,201.5,74.33,3.42606866666667,475.43,822.76,531.88,626.21
2026-01-12 11:33:59,XPQ-01 Main,2026-01-12 11:33:00,958.96,75.23,3.96566166666667,476.28,956.03,261.06,171.72,195.92,75.2,4.603372,476.52,957.56,265.6,170.27,203.06,76.63,3.80081266666667,476.53,963.3,264.44,177.75,194.72,73.86,3.49273533333333,475.79,791.1,519.75,593.7
2026-01-12 11:34:59,XPQ-01 Main,2026-01-12 11:34:00,934.75,76.1,4.118995,476.41,932.17,254.67,165.72,192.64,75.81,4.803372,476.9,930.06,258.13,162.42,199.86,77.61,4.00081266666667,476.57,942.01,258.53,170.92,193.11,74.88,3.559402,475.78,771.33,499.06,585.61
2026-01-12 11:35:59,XPQ-01 Main,2026-01-12 11:35:00,999.35,77.66,4.47566166666667,475.82,996.14,271.78,168.84,212.47,78.29,4.97003866666667,476.1,1007.25,279.09,171.83,219.31,78.72,4.50081266666667,476.02,994.66,272.77,177.19,206.94,75.96,3.959402,475.33,823.64,517.86,638.72
2026-01-12 11:36:59,XPQ-01 Main,2026-01-12 11:36:00,987.89,77.5,4.14232833333333,475.77,985.0,268.65,169.53,207.81,77.49,4.63670533333333,476.07,986.83,273.48,167.77,215.1,78.85,4.26747933333333,476.07,991.84,271.95,175.85,206.69,76.16,3.52606866666667,475.16,814.09,513.15,629.6
2026-01-12 11:37:59,XPQ-01 Main,2026-01-12 11:37:00,1044.76,76.89,4.06566166666667,475.34,1047.77,285.52,180.34,221.05,77.49,4.47003866666667,475.44,1048.85,290.28,182.71,225.07,77.64,4.26747933333333,475.65,1037.65,284.37,186.15,214.58,75.54,3.459402,474.93,860.17,549.2,660.7
2026-01-12 11:38:59,XPQ-01 Main,2026-01-12 11:38:00,1020.39,76.77,3.998995,475.93,1022.63,279.04,176.95,215.44,77.27,4.57003866666667,476.14,1023.63,283.69,178.62,219.86,77.61,4.034146,476.2,1014.91,278.43,182.72,209.86,75.42,3.39273533333333,475.46,841.16,538.29,645.15
2026-01-12 11:39:59,XPQ-01 Main,2026-01-12 11:39:00,1020.97,77.25,4.21232833333333,476.01,1026.36,280.22,174.17,218.52,78.2,4.57003866666667,476.31,1028.12,284.92,178.99,221.23,77.74,4.40081266666667,476.09,1008.43,276.65,180.16,209.4,75.8,3.659402,475.63,841.79,533.33,649.15
2026-01-12 11:40:59,XPQ-01 Main,2026-01-12 11:40:00,963.73,76.19,4.37566166666667,475.98,961.4,262.29,169.29,200.06,76.34,4.87003866666667,476.25,964.59,267.47,168.89,206.68,77.44,4.20081266666667,476.38,965.21,264.78,175.47,197.77,74.8,4.059402,475.3,794.54,513.65,604.51
2026-01-12 11:41:59,XPQ-01 Main,2026-01-12 11:41:00,1067.44,73.49,4.25566166666667,475.24,1065.55,290.34,194.19,214.53,74.14,4.63670533333333,475.54,1073.8,297.21,197.37,220.3,74.48,4.434146,475.51,1062.97,291.15,201.38,207.99,71.84,3.6927353333333297,474.69,878.69,592.94,642.82
2026-01-12 11:42:59,XPQ-01 Main,2026-01-12 11:42:00,1032.9,73.65,4.14232833333333,475.67,1030.76,281.0,189.51,206.93,73.75,4.703372,476.0,1032.85,286.27,189.05,214.22,74.98,4.30081266666667,476.12,1035.11,283.74,195.96,204.69,72.23,3.42606866666667,474.9,851.01,574.52,625.84
2026-01-12 11:43:59,XPQ-01 Main,2026-01-12 11:43:00,1082.32,77.97,3.898995,476.22,1075.83,293.58,183.01,229.39,78.17,4.503372,476.36,1086.25,301.34,183.2,238.73,79.33,3.834146,476.73,1084.88,297.85,191.94,227.27,76.4,3.359402,475.57,892.77,558.15,695.39
2026-01-12 11:44:59,XPQ-01 Main,2026-01-12 11:44:00,1173.82,79.4,3.96566166666667,476.18,1171.35,319.74,192.03,255.28,79.92,4.503372,476.37,1179.84,327.18,194.43,262.72,80.38,4.06747933333333,476.5,1170.27,321.24,201.02,249.88,77.92,3.32606866666667,475.66,968.16,587.47,767.88
2026-01-12 11:45:59,XPQ-01 Main,2026-01-12 11:45:00,1165.07,79.16,3.798995,475.78,1166.41,318.15,190.7,254.39,80.01,4.23670533333333,475.98,1174.84,325.5,195.95,259.63,79.82,3.80081266666667,476.07,1153.95,316.49,199.35,245.57,77.64,3.359402,475.29,960.14,586.0,759.59
2026-01-12 11:46:59,XPQ-01 Main,2026-01-12 11:46:00,1177.56,79.16,3.88566166666667,476.13,1174.75,320.66,192.9,255.82,79.85,4.43670533333333,476.22,1186.63,328.94,196.83,263.08,80.07,3.90081266666667,476.43,1171.31,321.56,202.77,249.09,77.55,3.32606866666667,475.74,971.16,592.49,767.99
2026-01-12 11:47:59,XPQ-01 Main,2026-01-12 11:47:00,1142.97,79.53,3.9556616666666704,476.58,1141.5,311.93,186.39,249.69,80.14,4.43670533333333,476.7,1150.04,319.07,189.39,256.29,80.42,3.96747933333333,476.8,1137.38,312.53,195.16,243.55,78.04,3.459402,476.25,943.52,570.94,749.52
2026-01-12 11:48:59,XPQ-01 Main,2026-01-12 11:48:00,1128.6,78.78,3.9423283333333297,476.28,1127.9,307.97,188.18,243.45,79.12,4.43670533333333,476.42,1131.46,313.78,188.87,250.01,79.79,3.96747933333333,476.58,1126.44,309.31,195.63,239.32,77.42,3.42606866666667,475.85,931.06,572.68,732.78
2026-01-12 11:49:59,XPQ-01 Main,2026-01-12 11:49:00,1117.11,78.74,3.8123283333333298,476.6,1111.97,303.81,186.38,239.6,78.93,4.37003866666667,476.76,1119.17,310.6,186.08,248.4,80.03,3.90081266666667,476.91,1120.18,307.78,195.2,237.5,77.25,3.159402,476.13,922.19,567.66,725.5
2026-01-12 11:50:59,XPQ-01 Main,2026-01-12 11:50:00,1123.75,78.66,3.798995,476.35,1118.59,305.46,186.43,241.44,79.15,4.303372,476.43,1130.04,313.4,188.65,249.76,79.79,3.80081266666667,476.67,1122.61,308.34,196.27,237.06,77.03,3.29273533333333,475.96,927.21,571.36,728.26
2026-01-12 11:51:59,XPQ-01 Main,2026-01-12 11:51:00,1156.92,78.59,3.84232833333333,476.51,1154.0,315.19,193.8,248.24,78.82,4.47003866666667,476.66,1158.49,321.49,193.56,256.2,79.79,4.00081266666667,476.9,1158.28,318.19,202.22,245.39,77.17,3.059402,475.96,954.87,589.58,749.82
2026-01-12 11:52:59,XPQ-01 Main,2026-01-12 11:52:00,1132.89,78.5,3.898995,476.73,1122.53,306.75,189.93,240.56,78.49,4.47003866666667,477.02,1134.77,315.14,188.39,252.28,80.12,4.00081266666667,477.09,1141.37,313.6,200.34,240.88,76.88,3.22606866666667,476.08,935.49,578.66,733.72
2026-01-12 11:53:59,XPQ-01 Main,2026-01-12 11:53:00,1150.2,77.3,3.9523283333333294,475.2,1145.48,312.02,196.87,241.54,77.51,4.503372,475.27,1152.94,319.01,196.99,250.46,78.6,3.934146,475.57,1152.2,315.69,205.84,239.03,75.78,3.42606866666667,474.74,946.72,599.69,731.04
2026-01-12 11:54:59,XPQ-01 Main,2026-01-12 11:54:00,1163.42,78.22,3.73232833333333,474.81,1160.41,315.93,193.06,249.62,79.1,4.203372,474.88,1175.94,324.99,198.54,256.61,79.09,3.8674793333333297,475.02,1153.91,315.91,203.43,241.29,76.45,3.12606866666667,474.52,956.83,595.02,747.52
2026-01-12 11:55:59,XPQ-01 Main,2026-01-12 11:55:00,1120.14,80.52,4.07566166666667,475.45,1110.51,302.85,176.55,245.59,81.2,4.47003866666667,475.72,1132.79,313.5,180.36,256.0,81.75,4.10081266666667,475.48,1117.11,306.15,188.92,240.38,78.62,3.659402,475.14,922.49,545.83,741.97
2026-01-12 11:56:59,XPQ-01 Main,2026-01-12 11:56:00,1108.8,79.0,3.918995,475.34,1105.09,301.4,179.46,241.75,80.29,4.47003866666667,475.64,1127.18,311.8,188.16,248.25,79.7,3.9008126666666705,475.24,1094.14,299.76,190.99,230.49,77.0,3.39273533333333,475.14,912.96,558.61,720.49
2026-01-12 11:57:59,XPQ-01 Main,2026-01-12 11:57:00,1103.67,76.66,4.22232833333333,475.38,1102.79,300.57,192.94,229.88,76.6,4.73670533333333,475.69,1100.25,304.64,190.63,237.06,77.93,4.334146,475.64,1107.96,303.53,199.07,228.78,75.44,3.59273533333333,474.8,908.74,582.64,695.72
2026-01-12 11:58:59,XPQ-01 Main,2026-01-12 11:58:00,1037.88,78.5,3.76566166666667,475.49,1034.22,281.9,173.39,221.77,78.78,4.43670533333333,475.7,1041.23,288.34,173.74,229.29,79.7,3.834146,475.81,1038.18,284.54,181.15,218.83,77.03,3.02606866666667,474.94,854.79,528.28,669.89
2026-01-12 11:59:59,XPQ-01 Main,2026-01-12 11:59:00,1095.9,72.66,4.24566166666667,474.54,1097.69,298.7,200.7,218.61,73.66,4.67003866666667,474.71,1105.92,305.52,206.17,222.94,73.42,4.30081266666667,474.74,1084.1,296.56,208.01,209.19,70.91,3.759402,474.16,900.78,614.88,650.74
2026-01-12 12:00:59,XPQ-01 Main,2026-01-12 12:00:00,1023.61,72.49,4.43232833333333,475.38,1026.63,279.87,191.17,204.33,73.02,4.87003866666667,475.44,1025.71,283.8,192.74,207.87,73.33,4.46747933333333,475.57,1018.47,279.16,195.97,198.19,71.11,3.959402,475.13,842.84,579.87,610.39
2026-01-12 12:01:59,XPQ-01 Main,2026-01-12 12:01:00,1041.73,74.09,3.808995,476.02,1046.01,285.52,189.75,213.21,74.7,4.23670533333333,476.19,1044.96,289.6,191.88,216.53,74.84,4.00081266666667,476.22,1034.23,283.79,194.65,206.26,72.73,3.19273533333333,475.64,858.91,576.28,636.0
2026-01-12 12:02:59,XPQ-01 Main,2026-01-12 12:02:00,1038.97,75.62,4.15232833333333,476.35,1039.97,284.07,181.65,218.15,76.85,4.67003866666667,476.56,1052.66,291.94,188.77,222.15,76.2,4.134146,476.55,1024.28,281.25,189.68,207.45,73.8,3.659402,475.95,857.27,560.09,647.76
2026-01-12 12:03:59,XPQ-01 Main,2026-01-12 12:03:00,1027.14,74.64,3.998995,475.76,1031.31,281.48,185.1,211.75,75.29,4.57003866666667,476.0,1030.32,285.3,187.51,214.84,75.34,4.134146,475.75,1019.78,279.64,190.09,204.7,73.28,3.29273533333333,475.53,846.42,562.69,631.29
2026-01-12 12:04:59,XPQ-01 Main,2026-01-12 12:04:00,978.68,75.03,4.47566166666667,476.33,977.46,267.02,175.15,201.17,75.42,5.03670533333333,476.67,981.74,272.3,176.24,207.12,76.16,4.634146,476.44,976.84,268.13,181.58,196.93,73.52,3.759402,475.87,807.45,532.97,605.23
2026-01-12 12:05:59,XPQ-01 Main,2026-01-12 12:05:00,972.28,75.2,4.098995,475.85,971.67,265.08,175.22,198.42,74.96,4.57003866666667,476.23,967.3,268.14,172.18,205.2,76.61,4.00081266666667,476.12,977.87,268.12,180.04,198.38,74.05,3.7260686666666705,475.19,801.34,527.43,602.0
2026-01-12 12:06:59,XPQ-01 Main,2026-01-12 12:06:00,1054.9,75.16,3.9123283333333294,474.56,1061.28,288.77,188.76,218.35,75.65,4.403372,474.63,1055.58,291.6,189.88,220.93,75.84,4.10081266666667,474.79,1047.84,286.71,192.74,212.0,73.99,3.22606866666667,474.25,867.09,571.38,651.28
2026-01-12 12:07:59,XPQ-01 Main,2026-01-12 12:07:00,988.81,75.1,4.02232833333333,475.6,991.02,270.28,177.03,203.8,75.5,4.43670533333333,475.88,990.77,274.39,177.87,208.2,76.03,4.234146,475.78,984.65,269.9,181.99,198.93,73.78,3.39273533333333,475.13,814.56,536.89,610.93
2026-01-12 12:08:59,XPQ-01 Main,2026-01-12 12:08:00,1026.95,74.85,3.718995,475.0,1035.12,281.97,184.12,213.37,75.71,4.13670533333333,475.16,1031.13,285.12,187.71,214.18,75.21,3.7674793333333296,475.17,1014.61,277.83,187.66,204.18,73.63,3.259402,474.66,844.91,559.48,631.73
2026-01-12 12:09:59,XPQ-01 Main,2026-01-12 12:09:00,938.8,75.38,3.9523283333333294,475.64,939.9,256.36,166.97,194.07,75.8,4.53670533333333,476.07,941.12,260.73,168.04,199.01,76.41,3.834146,475.81,935.38,256.34,172.45,189.39,73.94,3.49273533333333,475.04,773.43,507.46,582.47
2026-01-12 12:10:59,XPQ-01 Main,2026-01-12 12:10:00,870.4,78.12,4.27566166666667,476.98,872.81,238.78,148.74,186.01,78.1,4.83670533333333,477.38,867.03,240.83,146.71,190.26,79.19,4.36747933333333,477.04,871.37,239.48,152.26,184.12,77.06,3.62606866666667,476.52,719.09,447.72,560.39
2026-01-12 12:11:59,XPQ-01 Main,2026-01-12 12:11:00,932.31,78.06,4.25566166666667,476.31,940.29,256.88,157.76,202.38,78.87,4.83670533333333,476.54,936.26,259.6,160.94,203.26,78.4,4.20081266666667,476.4,920.37,252.67,161.39,194.13,76.9,3.72606866666667,475.98,769.15,480.09,599.77
2026-01-12 12:12:59,XPQ-01 Main,2026-01-12 12:12:00,847.48,77.85,4.24232833333333,477.67,846.42,231.81,146.12,179.63,77.58,4.73670533333333,477.95,842.69,234.43,142.74,185.36,79.23,4.334146,477.91,853.34,234.92,150.25,179.9,76.75,3.659402,477.15,701.16,439.11,544.9
2026-01-12 12:13:59,XPQ-01 Main,2026-01-12 12:13:00,919.75,78.47,4.08566166666667,476.15,926.05,252.89,153.96,200.12,79.26,4.73670533333333,476.28,925.12,256.38,157.08,201.61,78.88,4.06747933333333,476.26,908.09,249.28,157.98,192.31,77.27,3.459402,475.9,758.55,469.02,594.04
2026-01-12 12:14:59,XPQ-01 Main,2026-01-12 12:14:00,962.89,77.79,4.23232833333333,475.5,965.0,263.08,164.32,205.07,78.04,4.67003866666667,475.67,962.68,266.54,163.99,209.58,78.76,4.30081266666667,475.75,960.99,263.4,169.16,201.43,76.58,3.7260686666666705,475.07,793.03,497.48,616.09
2026-01-12 12:15:59,XPQ-01 Main,2026-01-12 12:15:00,910.96,80.83,3.96566166666667,476.57,910.7,248.86,146.1,201.04,80.9,4.53670533333333,476.79,909.6,252.4,144.45,206.53,81.95,4.00081266666667,476.76,912.59,250.69,151.3,199.37,79.66,3.359402,476.16,751.96,441.84,606.94
2026-01-12 12:16:59,XPQ-01 Main,2026-01-12 12:16:00,929.68,79.1,4.16566166666667,475.39,930.66,253.75,153.47,201.46,79.55,4.67003866666667,475.64,931.77,257.88,154.56,205.92,79.98,4.134146,475.51,926.62,253.89,159.19,197.03,77.78,3.6927353333333297,475.03,765.52,467.22,604.41
2026-01-12 12:17:59,XPQ-01 Main,2026-01-12 12:17:00,913.92,79.13,4.498995,475.45,915.57,249.48,153.96,195.84,78.62,5.003372,475.69,904.33,250.5,148.46,201.09,80.45,4.534146,475.88,921.85,252.61,156.77,197.52,78.33,3.959402,474.79,752.59,459.18,594.46
2026-01-12 12:18:59,XPQ-01 Main,2026-01-12 12:18:00,966.37,78.99,4.05566166666667,474.65,968.42,263.54,157.85,210.38,79.99,4.57003866666667,474.9,976.14,269.82,163.04,214.11,79.56,3.934146,474.92,954.55,261.14,164.94,201.72,77.42,3.659402,474.12,794.5,485.83,626.22
2026-01-12 12:19:59,XPQ-01 Main,2026-01-12 12:19:00,953.95,79.07,4.14232833333333,474.89,958.35,260.99,159.21,206.18,79.15,4.603372,475.1,950.41,262.77,157.45,209.57,79.95,4.30081266666667,475.04,953.08,260.89,162.57,203.44,78.12,3.52606866666667,474.54,784.65,479.23,619.19
2026-01-12 12:20:59,XPQ-01 Main,2026-01-12 12:20:00,965.75,79.09,4.42232833333333,474.76,965.43,262.93,157.29,210.09,80.05,4.97003866666667,474.97,975.89,269.65,162.24,214.87,79.81,4.36747933333333,474.78,955.92,261.6,165.24,202.12,77.42,3.92606866666667,474.53,794.18,484.76,627.08
2026-01-12 12:21:59,XPQ-01 Main,2026-01-12 12:21:00,965.78,78.79,4.34232833333333,474.64,963.74,262.3,161.04,205.79,78.75,4.87003866666667,474.92,964.53,266.59,158.91,212.54,80.09,4.20081266666667,474.8,969.09,265.09,166.87,204.86,77.53,3.959402,474.2,793.98,486.82,623.19
2026-01-12 12:22:59,XPQ-01 Main,2026-01-12 12:22:00,1023.3,79.93,4.26566166666667,474.4,1025.82,279.01,165.15,224.59,80.56,4.63670533333333,474.48,1028.05,283.93,167.8,228.2,80.56,4.30081266666667,474.66,1016.05,277.91,171.06,217.84,78.65,3.859402,474.05,840.85,504.01,670.63
2026-01-12 12:23:59,XPQ-01 Main,2026-01-12 12:23:00,979.38,78.59,4.41232833333333,474.88,978.92,266.53,162.88,210.77,79.13,4.93670533333333,475.01,984.51,272.21,164.91,216.12,79.5,4.36747933333333,475.11,974.7,266.84,169.57,205.56,77.14,3.92606866666667,474.51,805.58,497.36,632.46
2026-01-12 12:24:59,XPQ-01 Main,2026-01-12 12:24:00,897.53,79.99,4.33232833333333,475.5,887.41,241.86,145.64,192.42,79.74,4.77003866666667,475.9,897.18,248.59,142.51,202.83,81.82,4.26747933333333,475.86,907.99,248.77,153.94,194.55,78.42,3.959402,474.75,739.22,442.08,589.81
2026-01-12 12:25:59,XPQ-01 Main,2026-01-12 12:25:00,953.6,79.83,3.9523283333333294,475.57,952.41,259.65,156.24,206.28,79.72,4.503372,475.84,950.65,263.34,153.31,212.97,81.16,3.834146,475.87,957.75,262.51,161.82,205.94,78.63,3.52606866666667,475.0,785.5,471.37,625.19
2026-01-12 12:26:59,XPQ-01 Main,2026-01-12 12:26:00,882.21,81.27,4.36566166666667,474.98,874.12,237.98,137.14,193.77,81.63,4.83670533333333,475.34,888.57,245.91,137.95,202.6,82.66,4.36747933333333,475.34,883.95,241.94,146.18,191.83,79.54,3.89273533333333,474.26,725.83,421.26,588.19
2026-01-12 12:27:59,XPQ-01 Main,2026-01-12 12:27:00,975.01,79.72,3.93232833333333,474.21,975.2,265.21,157.98,212.26,80.22,4.43670533333333,474.61,978.78,270.32,159.61,217.5,80.62,3.934146,474.3,971.04,265.32,164.64,207.41,78.32,3.42606866666667,473.71,800.84,482.23,637.16
2026-01-12 12:28:59,XPQ-01 Main,2026-01-12 12:28:00,974.22,79.27,4.11232833333333,474.28,973.72,264.75,159.9,210.55,79.64,4.703372,474.6,976.71,269.84,160.56,216.32,80.3,4.034146,474.56,972.23,265.72,166.5,206.71,77.88,3.59273533333333,473.67,800.31,486.97,633.58
2026-01-12 12:29:59,XPQ-01 Main,2026-01-12 12:29:00,998.96,78.96,4.208995,475.49,998.44,272.15,166.28,215.04,79.11,4.77003866666667,475.77,998.64,276.6,165.3,221.18,80.1,4.20081266666667,475.82,999.8,273.98,172.34,212.59,77.68,3.659402,474.89,822.73,503.91,648.81
2026-01-12 12:30:59,XPQ-01 Main,2026-01-12 12:30:00,1052.2,79.85,4.31232833333333,474.64,1056.69,287.79,169.32,232.39,80.82,4.803372,474.99,1061.3,293.18,174.65,235.27,80.29,4.334146,474.52,1038.6,284.07,176.04,222.6,78.44,3.79273533333333,474.41,865.05,520.0,690.26
2026-01-12 12:31:59,XPQ-01 Main,2026-01-12 12:31:00,930.62,79.1,4.17566166666667,475.16,924.53,251.88,152.57,199.74,79.47,4.67003866666667,475.45,936.35,259.11,153.61,207.9,80.43,4.26747933333333,475.38,930.98,254.95,161.04,196.94,77.41,3.59273533333333,474.66,765.94,467.22,604.58
2026-01-12 12:32:59,XPQ-01 Main,2026-01-12 12:32:00,909.45,77.95,4.23232833333333,475.58,905.73,246.9,155.0,191.8,77.78,4.77003866666667,475.93,907.24,251.39,152.43,199.26,79.43,4.16747933333333,475.93,915.37,250.86,160.91,191.95,76.64,3.759402,474.89,749.15,468.34,583.02
2026-01-12 12:33:59,XPQ-01 Main,2026-01-12 12:33:00,1017.54,77.88,3.878995,474.36,1014.67,276.07,169.9,217.01,78.74,4.33670533333333,474.69,1027.71,283.84,174.36,223.27,78.81,3.96747933333333,474.44,1010.24,276.17,178.98,209.94,76.1,3.32606866666667,473.96,836.08,523.24,650.21
2026-01-12 12:34:59,XPQ-01 Main,2026-01-12 12:34:00,946.69,77.65,4.06566166666667,475.2,944.76,257.33,161.43,199.5,77.74,4.57003866666667,475.27,947.47,262.17,160.34,206.01,78.91,3.96747933333333,475.58,947.86,259.71,167.51,197.73,76.3,3.659402,474.75,779.21,489.29,603.25
2026-01-12 12:35:59,XPQ-01 Main,2026-01-12 12:35:00,1023.6,79.01,3.84232833333333,474.62,1026.39,279.49,168.95,221.99,79.58,4.23670533333333,474.88,1027.54,283.83,170.96,225.84,79.73,3.7674793333333296,474.55,1016.88,278.17,174.64,215.75,77.73,3.52606866666667,474.41,841.48,514.55,663.58
2026-01-12 12:36:59,XPQ-01 Main,2026-01-12 12:36:00,953.09,78.7,4.06566166666667,474.75,949.16,258.45,158.1,203.69,79.0,4.57003866666667,475.01,956.92,264.47,158.56,210.6,79.89,4.06747933333333,474.83,953.2,260.82,165.38,200.87,77.2,3.559402,474.41,783.75,482.03,615.16
2026-01-12 12:37:59,XPQ-01 Main,2026-01-12 12:37:00,1001.85,77.88,3.888995,475.06,1005.63,273.85,170.72,213.72,78.13,4.43670533333333,475.0,1001.17,276.86,170.24,217.39,78.73,3.8674793333333297,475.42,998.75,273.65,175.13,209.81,76.77,3.359402,474.77,824.36,516.09,640.92
2026-01-12 12:38:59,XPQ-01 Main,2026-01-12 12:38:00,967.37,77.19,3.7856616666666705,475.26,972.32,264.9,167.78,204.37,77.29,4.103372,475.27,964.16,266.77,166.2,207.54,78.06,3.90081266666667,475.6,965.65,264.64,170.87,201.3,76.24,3.359402,474.91,796.32,504.85,613.21
2026-01-12 12:39:59,XPQ-01 Main,2026-01-12 12:39:00,943.04,77.11,4.03232833333333,475.5,945.82,257.91,163.58,198.55,77.18,4.43670533333333,475.47,940.94,260.35,161.96,202.56,78.1,3.96747933333333,475.64,942.37,258.42,167.49,196.07,76.04,3.6927353333333297,475.38,776.68,493.03,597.19
2026-01-12 12:40:59,XPQ-01 Main,2026-01-12 12:40:00,985.49,79.62,4.118995,474.91,985.89,268.54,160.54,214.35,80.04,4.73670533333333,475.32,988.46,273.37,161.57,219.67,80.56,4.134146,474.99,982.12,268.74,167.1,210.06,78.26,3.49273533333333,474.42,810.65,489.21,644.08
2026-01-12 12:41:59,XPQ-01 Main,2026-01-12 12:41:00,1082.25,76.75,3.8656616666666705,473.21,1085.64,294.48,186.86,227.13,77.22,4.27003866666667,473.38,1084.61,298.91,188.22,231.2,77.55,3.934146,473.57,1076.5,293.67,192.34,221.27,75.47,3.39273533333333,472.69,887.06,567.42,679.6
2026-01-12 12:42:59,XPQ-01 Main,2026-01-12 12:42:00,1095.66,80.04,3.908995,473.69,1094.88,297.18,177.04,237.9,80.22,4.403372,473.69,1096.73,302.54,176.28,244.59,81.13,3.90081266666667,474.15,1095.37,299.23,184.01,235.23,78.76,3.42606866666667,473.22,898.95,537.33,717.71
2026-01-12 12:43:59,XPQ-01 Main,2026-01-12 12:43:00,1059.85,77.73,3.93232833333333,473.24,1054.12,285.92,180.12,221.62,77.6,4.403372,473.65,1058.53,291.92,177.69,231.05,79.27,3.8674793333333297,473.63,1066.91,290.91,187.92,221.87,76.31,3.52606866666667,472.44,868.75,545.73,674.54
2026-01-12 12:44:59,XPQ-01 Main,2026-01-12 12:44:00,1179.89,79.21,3.9123283333333294,472.54,1186.24,321.28,192.89,256.87,79.97,4.43670533333333,472.62,1186.12,326.39,196.99,259.94,79.7,3.7674793333333296,472.92,1167.3,318.04,199.11,247.78,77.95,3.52606866666667,472.07,965.71,588.98,764.59
2026-01-12 12:45:59,XPQ-01 Main,2026-01-12 12:45:00,1160.8,80.82,3.8656616666666705,472.92,1151.11,311.95,181.84,253.15,81.22,4.403372,473.13,1169.91,322.33,183.59,264.12,82.11,4.06747933333333,473.44,1161.37,316.62,193.39,250.22,79.12,3.12606866666667,472.21,950.89,558.82,767.49
2026-01-12 12:46:59,XPQ-01 Main,2026-01-12 12:46:00,1115.43,79.85,3.888995,472.95,1107.03,300.07,179.72,240.0,80.04,4.43670533333333,473.14,1119.74,308.47,179.6,250.35,81.25,3.734146,473.37,1119.52,305.22,189.71,238.49,78.26,3.49273533333333,472.33,913.76,549.04,728.83
2026-01-12 12:47:59,XPQ-01 Main,2026-01-12 12:47:00,1139.97,79.5,3.888995,472.78,1139.49,308.84,184.56,247.22,80.13,4.33670533333333,472.83,1147.75,315.9,187.82,253.18,80.31,3.834146,473.1,1132.66,308.8,192.57,240.47,78.06,3.49273533333333,472.43,933.54,564.95,740.87
2026-01-12 12:48:59,XPQ-01 Main,2026-01-12 12:48:00,1124.74,80.52,4.05232833333333,472.9,1122.19,304.25,178.56,245.85,80.91,4.57003866666667,473.21,1128.77,310.9,179.51,253.41,81.6,4.06747933333333,473.13,1123.27,306.14,187.37,241.73,79.04,3.52606866666667,472.35,921.29,545.44,740.99
2026-01-12 12:49:59,XPQ-01 Main,2026-01-12 12:49:00,1208.3,80.3,4.03232833333333,471.77,1210.43,327.41,190.58,265.92,81.28,4.57003866666667,471.96,1220.87,335.36,197.29,270.95,80.84,4.06747933333333,472.03,1193.59,324.62,199.75,255.37,78.77,3.459402,471.34,987.39,587.62,792.24
2026-01-12 12:50:59,XPQ-01 Main,2026-01-12 12:50:00,1121.67,78.95,4.13232833333333,472.54,1120.33,303.59,182.3,242.48,79.93,4.57003866666667,472.86,1134.88,312.27,188.64,248.6,79.66,4.134146,472.69,1109.81,302.22,191.68,233.29,77.26,3.6927353333333297,472.06,918.09,562.62,724.37
2026-01-12 12:51:59,XPQ-01 Main,2026-01-12 12:51:00,1050.74,78.1,4.04566166666667,473.11,1051.22,285.12,173.44,226.06,79.34,4.53670533333333,473.37,1065.33,293.55,181.18,230.74,78.65,4.00081266666667,473.41,1035.66,282.41,182.42,215.47,76.32,3.59273533333333,472.55,861.08,537.04,672.26
2026-01-12 12:52:59,XPQ-01 Main,2026-01-12 12:52:00,949.05,75.77,4.208995,473.59,943.21,256.13,165.84,194.64,76.12,4.63670533333333,474.09,953.44,263.08,167.13,202.75,77.16,4.10081266666667,473.82,950.49,259.31,174.02,191.65,74.03,3.89273533333333,472.87,778.52,506.99,589.05
2026-01-12 12:53:59,XPQ-01 Main,2026-01-12 12:53:00,1035.08,77.54,3.998995,474.02,1031.89,280.43,173.28,220.02,78.56,4.57003866666667,474.53,1048.16,289.51,179.49,226.78,78.41,4.20081266666667,474.3,1025.18,279.94,182.92,211.64,75.66,3.22606866666667,473.22,849.88,535.69,658.44
2026-01-12 12:54:59,XPQ-01 Main,2026-01-12 12:54:00,1040.16,77.08,4.04232833333333,473.68,1031.65,280.17,177.96,215.76,77.14,4.63670533333333,474.15,1042.56,287.74,177.27,226.21,78.71,4.16747933333333,473.94,1046.26,285.51,187.41,215.1,75.4,3.32606866666667,472.95,853.41,542.65,657.07
2026-01-12 12:55:59,XPQ-01 Main,2026-01-12 12:55:00,1082.83,78.56,3.97566166666667,474.11,1077.9,293.02,179.31,231.47,79.05,4.53670533333333,474.32,1090.45,301.02,181.62,239.52,79.68,4.00081266666667,474.33,1080.12,295.19,188.32,226.79,76.93,3.39273533333333,473.67,889.24,549.25,697.78
2026-01-12 12:56:59,XPQ-01 Main,2026-01-12 12:56:00,1061.84,77.62,3.908995,473.74,1059.22,287.62,179.32,224.06,78.07,4.37003866666667,474.18,1067.48,294.71,181.22,231.38,78.73,3.90081266666667,474.11,1058.83,288.99,187.49,219.56,76.05,3.459402,472.91,871.31,548.02,674.99
2026-01-12 12:57:59,XPQ-01 Main,2026-01-12 12:57:00,1094.59,78.63,3.9523283333333294,473.07,1092.0,296.36,178.71,235.8,79.7,4.403372,473.45,1108.57,305.3,185.31,242.14,79.41,3.934146,473.05,1083.2,295.28,188.94,226.47,76.79,3.52606866666667,472.72,896.94,552.96,704.41
2026-01-12 12:58:59,XPQ-01 Main,2026-01-12 12:58:00,1085.13,76.87,3.97566166666667,473.04,1085.47,294.35,186.23,227.62,77.4,4.47003866666667,473.25,1089.93,300.27,188.3,233.24,77.81,4.134146,473.35,1079.99,294.49,193.33,221.9,75.4,3.32606866666667,472.53,889.11,567.86,682.75
2026-01-12 12:59:59,XPQ-01 Main,2026-01-12 12:59:00,1203.08,79.62,3.908995,472.0,1204.97,326.2,192.05,263.49,80.81,4.33670533333333,472.17,1219.4,334.99,200.44,268.03,80.08,3.834146,472.09,1184.88,322.43,201.72,251.09,77.96,3.559402,471.75,983.61,594.21,782.61
2026-01-12 13:00:59,XPQ-01 Main,2026-01-12 13:00:00,1299.8,80.83,3.9423283333333297,470.34,1295.93,349.42,202.38,284.55,81.49,4.203372,470.61,1310.72,359.07,206.51,293.29,81.77,4.00081266666667,470.68,1292.74,350.45,213.6,277.54,79.25,3.62606866666667,469.73,1058.94,622.49,855.38
2026-01-12 13:01:59,XPQ-01 Main,2026-01-12 13:01:00,1285.1,81.87,4.308995,471.63,1284.37,347.29,194.5,287.4,82.82,4.903372,471.84,1300.4,357.11,201.49,294.21,82.51,4.334146,471.88,1270.54,345.43,205.67,277.1,80.3,3.6927353333333297,471.17,1049.84,601.66,858.71
2026-01-12 13:02:59,XPQ-01 Main,2026-01-12 13:02:00,1273.08,81.46,4.06566166666667,471.01,1273.48,343.9,194.38,283.15,82.44,4.67003866666667,471.27,1288.32,353.36,201.61,289.36,82.05,4.00081266666667,471.25,1257.44,341.39,205.18,272.4,79.88,3.52606866666667,470.51,1038.64,601.17,844.9
2026-01-12 13:03:59,XPQ-01 Main,2026-01-12 13:03:00,1227.51,81.08,4.098995,471.93,1226.17,331.59,192.56,269.5,81.36,4.403372,472.21,1230.28,338.3,192.83,277.41,82.11,4.134146,472.4,1226.09,333.49,201.04,265.89,79.77,3.759402,471.17,1003.39,586.42,812.81
2026-01-12 13:04:59,XPQ-01 Main,2026-01-12 13:04:00,1297.52,81.8,4.04232833333333,471.26,1297.18,350.39,198.4,288.37,82.38,4.43670533333333,471.51,1305.1,358.25,201.59,295.74,82.63,4.16747933333333,471.61,1290.27,350.5,208.39,281.62,80.39,3.52606866666667,470.67,1059.14,608.38,865.73
2026-01-12 13:05:59,XPQ-01 Main,2026-01-12 13:05:00,1301.12,81.3,4.43232833333333,471.02,1307.88,353.15,199.67,291.08,82.46,4.87003866666667,471.02,1316.86,361.05,208.64,294.22,81.57,4.20081266666667,471.35,1278.63,347.34,208.82,277.24,79.88,4.22606866666667,470.69,1061.54,617.13,862.55
2026-01-12 13:06:59,XPQ-01 Main,2026-01-12 13:06:00,1237.7,81.02,4.27566166666667,471.01,1235.61,333.59,191.38,272.46,81.83,4.67003866666667,471.26,1249.78,342.88,196.66,279.9,81.82,4.26747933333333,471.39,1227.7,333.32,202.26,264.36,79.42,3.89273533333333,470.39,1009.79,590.31,816.72
2026-01-12 13:07:59,XPQ-01 Main,2026-01-12 13:07:00,1189.86,81.98,4.298995,470.53,1179.95,318.28,181.52,260.91,82.09,4.803372,470.94,1193.54,327.18,180.41,272.58,83.39,4.10081266666667,470.8,1196.08,324.29,192.22,260.61,80.48,3.9927353333333295,469.85,969.75,554.16,794.11
2026-01-12 13:08:59,XPQ-01 Main,2026-01-12 13:08:00,1276.41,80.67,4.14566166666667,468.97,1280.48,344.18,197.76,281.22,81.8,4.503372,469.1,1291.39,352.7,206.25,285.65,81.07,4.16747933333333,469.36,1257.34,339.97,207.59,268.83,79.15,3.759402,468.44,1036.85,611.61,835.7
2026-01-12 13:09:59,XPQ-01 Main,2026-01-12 13:09:00,1207.76,81.06,4.518995,470.58,1196.63,322.88,186.04,263.69,81.71,5.203372,470.92,1221.46,334.75,190.14,275.11,82.26,4.50081266666667,470.79,1205.2,326.85,199.26,258.49,79.2,3.859402,470.03,984.47,575.44,797.28
2026-01-12 13:10:59,XPQ-01 Main,2026-01-12 13:10:00,1174.85,82.34,3.9423283333333297,471.47,1169.07,315.75,178.26,260.26,82.5,4.33670533333333,471.31,1177.57,323.29,177.28,269.67,83.56,3.90081266666667,472.07,1177.92,320.39,187.88,259.11,80.96,3.59273533333333,471.03,959.43,543.43,789.04
2026-01-12 13:11:59,XPQ-01 Main,2026-01-12 13:11:00,1208.34,82.02,4.07566166666667,471.68,1197.57,323.74,183.67,265.73,82.26,4.603372,471.8,1215.57,333.91,183.79,277.48,83.37,4.06747933333333,472.09,1211.87,329.57,195.46,264.47,80.42,3.559402,471.14,987.22,562.91,807.68
2026-01-12 13:12:59,XPQ-01 Main,2026-01-12 13:12:00,1202.9,82.27,4.08566166666667,471.97,1195.94,323.59,181.45,267.43,82.75,4.57003866666667,472.31,1212.06,333.21,183.73,277.2,83.35,4.20081266666667,472.25,1200.69,326.59,192.57,263.18,80.7,3.49273533333333,471.34,983.39,557.75,807.81
2026-01-12 13:13:59,XPQ-01 Main,2026-01-12 13:13:00,1260.23,81.5,4.13232833333333,471.25,1259.55,340.28,190.19,281.91,82.9,4.77003866666667,471.51,1283.23,352.19,201.64,288.22,81.94,4.10081266666667,471.57,1237.9,336.26,203.12,267.7,79.66,3.52606866666667,470.68,1028.72,594.95,837.82
2026-01-12 13:14:59,XPQ-01 Main,2026-01-12 13:14:00,1190.9,81.61,3.778995,471.45,1186.09,320.6,182.3,262.51,82.14,4.27003866666667,471.62,1200.38,329.5,184.93,271.37,82.64,3.66747933333333,471.7,1186.23,322.41,192.7,257.49,80.06,3.39273533333333,471.03,972.51,559.94,791.37
2026-01-12 13:15:59,XPQ-01 Main,2026-01-12 13:15:00,1212.18,82.61,4.15566166666667,471.53,1205.86,325.99,181.79,269.84,82.94,4.63670533333333,471.72,1218.61,334.57,182.5,279.64,83.74,4.00081266666667,471.77,1212.06,329.48,192.22,266.8,81.14,3.8260686666666706,471.09,990.04,556.51,816.29
2026-01-12 13:16:59,XPQ-01 Main,2026-01-12 13:16:00,1475.38,81.53,4.32232833333333,469.17,1475.05,396.51,223.81,326.24,82.46,4.87003866666667,469.45,1492.63,408.06,231.74,334.58,82.21,4.20081266666667,469.7,1458.46,394.43,236.8,314.95,79.93,3.89273533333333,468.37,1199.0,692.35,975.77
2026-01-12 13:17:59,XPQ-01 Main,2026-01-12 13:17:00,1327.96,79.54,4.01232833333333,470.06,1326.44,357.55,211.32,287.79,80.6,4.53670533333333,470.19,1345.21,368.05,219.48,294.68,80.2,4.034146,470.22,1312.25,355.66,222.93,276.28,77.82,3.459402,469.79,1081.26,653.73,858.75
2026-01-12 13:18:59,XPQ-01 Main,2026-01-12 13:18:00,1218.22,75.53,3.83232833333333,471.29,1216.26,328.77,210.77,251.77,76.68,4.23670533333333,471.55,1234.2,338.59,218.7,257.97,76.28,3.734146,471.36,1204.2,327.12,220.94,240.45,73.63,3.52606866666667,470.96,994.49,650.42,750.19
2026-01-12 13:19:59,XPQ-01 Main,2026-01-12 13:19:00,1186.71,76.19,4.088995,471.73,1187.01,320.91,204.22,246.8,77.04,4.67003866666667,471.99,1197.0,328.95,209.46,252.83,77.01,3.96747933333333,472.15,1176.11,319.79,213.15,238.09,74.51,3.62606866666667,471.06,969.65,626.83,737.72
2026-01-12 13:20:59,XPQ-01 Main,2026-01-12 13:20:00,1241.78,76.88,4.25566166666667,471.23,1245.14,336.42,210.14,262.23,78.03,4.703372,471.53,1255.94,344.67,218.11,266.41,77.38,4.134146,471.44,1224.25,332.5,218.78,249.87,75.24,3.92606866666667,470.73,1013.59,647.03,778.51
2026-01-12 13:21:59,XPQ-01 Main,2026-01-12 13:21:00,1143.24,76.68,4.22232833333333,472.28,1131.95,306.48,195.24,235.67,77.01,4.53670533333333,472.76,1150.86,316.68,196.78,247.35,78.26,4.30081266666667,472.53,1146.91,312.07,206.92,232.98,74.77,3.8260686666666706,471.54,935.23,598.95,716.01
2026-01-12 13:22:59,XPQ-01 Main,2026-01-12 13:22:00,1022.46,78.37,3.888995,474.47,1015.47,276.19,169.28,217.74,78.95,4.23670533333333,474.9,1031.8,285.25,172.24,226.75,79.63,3.834146,474.83,1020.11,278.88,179.38,213.2,76.52,3.59273533333333,473.69,840.32,520.9,657.69
2026-01-12 13:23:59,XPQ-01 Main,2026-01-12 13:23:00,975.71,78.52,4.11232833333333,474.44,967.74,263.29,162.64,206.44,78.55,4.63670533333333,474.66,977.39,269.98,161.37,215.78,80.08,4.00081266666667,474.58,982.0,268.55,171.26,206.15,76.92,3.6927353333333297,474.09,801.82,495.27,628.36
2026-01-12 13:24:59,XPQ-01 Main,2026-01-12 13:24:00,1036.6,78.79,4.098995,473.87,1034.41,280.94,170.4,222.51,79.39,4.503372,474.05,1044.1,288.19,173.06,229.14,79.8,4.00081266666667,474.28,1031.29,281.72,178.75,217.02,77.19,3.79273533333333,473.29,850.85,522.21,668.66
2026-01-12 13:25:59,XPQ-01 Main,2026-01-12 13:25:00,1050.92,78.39,3.8656616666666705,474.47,1053.61,286.73,174.74,226.95,79.23,4.27003866666667,474.71,1058.42,292.33,179.05,230.78,79.01,3.8674793333333297,474.51,1040.72,284.63,181.5,218.57,76.93,3.459402,474.2,863.69,535.3,676.31
2026-01-12 13:26:59,XPQ-01 Main,2026-01-12 13:26:00,1008.81,78.45,4.098995,474.69,1007.74,274.3,167.93,216.28,78.99,4.603372,475.03,1013.72,280.25,169.9,222.28,79.45,4.16747933333333,474.84,1004.97,274.91,175.42,211.17,76.92,3.52606866666667,474.2,829.46,513.25,649.73
2026-01-12 13:27:59,XPQ-01 Main,2026-01-12 13:27:00,1055.4,74.38,4.108995,472.15,1048.29,283.9,187.43,211.88,74.9,4.53670533333333,472.75,1063.23,292.41,190.18,220.86,75.78,4.20081266666667,472.18,1054.68,286.82,197.14,207.23,72.45,3.59273533333333,471.52,863.14,574.75,639.96
2026-01-12 13:28:59,XPQ-01 Main,2026-01-12 13:28:00,1140.39,75.89,4.35232833333333,471.11,1140.04,307.82,198.4,234.78,76.38,5.003372,471.28,1145.02,314.18,200.37,241.19,76.92,4.30081266666667,471.49,1136.12,308.56,206.0,229.21,74.38,3.759402,470.55,930.56,604.77,705.18
2026-01-12 13:29:59,XPQ-01 Main,2026-01-12 13:29:00,1194.23,78.42,4.488995,470.74,1188.71,320.75,197.28,252.39,78.79,5.103372,471.05,1199.83,329.01,198.58,261.71,79.66,4.434146,471.07,1194.15,323.98,207.25,248.63,76.81,3.92606866666667,470.09,973.74,603.11,762.74
2026-01-12 13:30:59,XPQ-01 Main,2026-01-12 13:30:00,1246.33,77.47,3.998995,470.89,1240.51,334.76,208.87,261.33,78.12,4.43670533333333,471.04,1257.08,344.8,212.96,270.56,78.58,3.90081266666667,471.37,1241.41,337.0,219.85,254.95,75.73,3.659402,470.24,1016.56,641.68,786.84
2026-01-12 13:31:59,XPQ-01 Main,2026-01-12 13:31:00,1234.18,76.95,4.088995,470.23,1222.38,329.61,207.97,255.33,77.54,4.63670533333333,470.57,1246.13,341.24,211.94,267.11,78.34,4.06747933333333,470.42,1234.04,334.4,221.0,250.38,74.97,3.559402,469.7,1005.26,640.92,772.82
2026-01-12 13:32:59,XPQ-01 Main,2026-01-12 13:32:00,1301.84,78.38,4.17566166666667,470.86,1303.7,351.91,214.44,278.78,79.26,4.57003866666667,470.95,1313.09,359.95,220.38,284.27,79.03,4.30081266666667,471.16,1288.75,349.9,223.69,268.62,76.84,3.659402,470.47,1061.76,658.51,831.67
2026-01-12 13:33:59,XPQ-01 Main,2026-01-12 13:33:00,1262.53,77.34,4.14566166666667,470.94,1263.94,341.26,213.05,266.09,78.06,4.53670533333333,471.35,1270.68,348.61,217.56,272.08,78.1,4.06747933333333,471.23,1252.98,340.01,221.4,257.64,75.84,3.8260686666666706,470.25,1029.88,652.01,795.8
2026-01-12 13:34:59,XPQ-01 Main,2026-01-12 13:34:00,1279.84,77.73,4.478995,471.51,1275.22,344.55,214.91,269.01,78.13,5.03670533333333,471.88,1285.99,353.37,216.9,278.61,78.91,4.40081266666667,472.0,1278.3,347.33,225.0,264.44,76.16,3.9927353333333295,470.65,1045.25,656.8,812.06
2026-01-12 13:35:59,XPQ-01 Main,2026-01-12 13:35:00,1269.95,79.13,4.378995,471.61,1270.58,343.44,208.05,272.78,79.51,4.97003866666667,471.9,1272.52,349.6,209.25,279.63,80.06,4.16747933333333,471.96,1266.74,344.33,216.06,267.69,77.82,3.9927353333333295,470.96,1037.37,633.35,820.09
2026-01-12 13:36:59,XPQ-01 Main,2026-01-12 13:36:00,1325.69,77.75,4.11232833333333,471.58,1331.44,360.0,221.02,283.7,78.89,4.53670533333333,471.66,1339.52,367.69,229.39,287.07,78.12,4.16747933333333,471.81,1306.1,355.17,229.53,270.37,76.23,3.62606866666667,471.27,1082.86,679.94,841.14
2026-01-12 13:37:59,XPQ-01 Main,2026-01-12 13:37:00,1361.9,78.4,4.55232833333333,471.85,1361.59,368.23,224.93,291.35,79.15,4.97003866666667,471.85,1372.87,377.14,230.12,298.37,79.18,4.46747933333333,472.25,1351.24,367.71,235.03,282.31,76.85,4.22606866666667,471.45,1113.08,690.08,872.02
2026-01-12 13:38:59,XPQ-01 Main,2026-01-12 13:38:00,1370.14,78.23,4.35566166666667,471.08,1371.61,370.42,225.67,293.42,79.27,4.83670533333333,471.38,1384.93,379.97,233.64,299.39,78.84,4.36747933333333,471.35,1353.89,367.6,236.26,281.4,76.59,3.859402,470.5,1118.0,695.58,874.21
2026-01-12 13:39:59,XPQ-01 Main,2026-01-12 13:39:00,1291.13,78.13,4.24566166666667,472.1,1292.36,349.75,213.66,276.8,79.16,4.703372,472.23,1305.66,358.9,221.21,282.33,78.72,4.30081266666667,472.42,1275.39,347.18,223.36,265.35,76.5,3.72606866666667,471.66,1055.82,658.24,824.49
2026-01-12 13:40:59,XPQ-01 Main,2026-01-12 13:40:00,1322.05,78.14,4.34566166666667,472.07,1324.45,358.29,219.48,282.98,79.02,4.93670533333333,472.21,1333.76,366.73,225.53,288.63,78.8,4.06747933333333,472.55,1307.93,355.99,228.68,272.62,76.61,4.02606866666667,471.46,1081.01,673.7,844.23
2026-01-12 13:41:59,XPQ-01 Main,2026-01-12 13:41:00,1366.04,78.37,4.388995,471.29,1368.24,369.56,225.57,292.6,79.2,4.77003866666667,471.26,1377.11,377.86,231.2,298.24,79.03,4.36747933333333,471.72,1352.78,367.73,234.89,282.42,76.88,4.02606866666667,470.9,1115.15,691.66,873.26
2026-01-12 13:42:59,XPQ-01 Main,2026-01-12 13:42:00,1379.13,78.89,4.298995,471.31,1379.5,372.65,225.02,296.57,79.66,4.83670533333333,471.46,1389.81,381.47,230.27,303.41,79.66,4.26747933333333,471.7,1368.06,371.75,235.42,287.29,77.35,3.79273533333333,470.78,1125.87,690.71,887.27
2026-01-12 13:43:59,XPQ-01 Main,2026-01-12 13:43:00,1339.3,79.46,4.508995,472.1,1334.05,361.13,217.21,288.1,79.85,4.903372,472.43,1345.0,369.75,218.64,297.93,80.62,4.46747933333333,472.26,1338.85,364.29,228.15,283.6,77.92,4.159402,471.6,1095.18,664.01,869.62
2026-01-12 13:44:59,XPQ-01 Main,2026-01-12 13:44:00,1367.72,78.62,4.45566166666667,471.94,1368.41,370.14,225.36,293.38,79.3,5.003372,472.05,1376.64,378.33,229.56,300.04,79.42,4.40081266666667,472.32,1358.12,369.57,234.98,284.93,77.15,3.959402,471.44,1118.04,689.9,878.35
2026-01-12 13:45:59,XPQ-01 Main,2026-01-12 13:45:00,1381.54,79.3,4.42232833333333,470.71,1377.52,371.72,224.94,295.71,79.59,4.803372,470.96,1385.65,379.84,225.53,305.25,80.43,4.40081266666667,470.99,1381.46,374.82,234.84,291.68,77.89,4.059402,470.17,1126.39,685.31,892.64
2026-01-12 13:46:59,XPQ-01 Main,2026-01-12 13:46:00,1347.31,79.8,4.44232833333333,471.33,1342.67,362.61,217.46,289.98,80.0,4.903372,471.48,1350.78,370.88,217.32,300.15,81.0,4.36747933333333,471.84,1348.46,366.42,227.27,287.1,78.41,4.059402,470.65,1099.92,662.05,877.23
2026-01-12 13:47:59,XPQ-01 Main,2026-01-12 13:47:00,1367.17,78.74,4.53232833333333,471.17,1365.12,368.78,222.74,293.67,79.68,4.97003866666667,471.24,1382.59,379.17,229.7,300.86,79.48,4.50081266666667,471.39,1353.8,367.84,234.09,282.96,77.05,4.12606866666667,470.89,1115.8,686.54,877.49
2026-01-12 13:48:59,XPQ-01 Main,2026-01-12 13:48:00,1381.48,78.84,4.34232833333333,471.03,1379.02,372.53,225.26,296.36,79.61,4.93670533333333,471.26,1393.0,381.96,230.55,304.34,79.71,4.26747933333333,471.13,1372.42,372.64,236.59,287.41,77.21,3.8260686666666706,470.7,1127.13,692.41,888.12
2026-01-12 13:49:59,XPQ-01 Main,2026-01-12 13:49:00,1294.82,77.65,4.12232833333333,471.14,1287.67,347.77,216.96,271.49,78.12,4.47003866666667,471.48,1303.18,357.67,219.76,282.01,78.88,4.234146,471.45,1293.61,351.23,228.31,266.56,75.95,3.659402,470.48,1056.67,665.03,820.06
2026-01-12 13:50:59,XPQ-01 Main,2026-01-12 13:50:00,1328.89,77.87,4.52232833333333,471.72,1324.92,358.3,222.4,280.6,78.37,5.03670533333333,472.03,1336.64,367.24,225.19,289.71,78.95,4.40081266666667,472.0,1325.12,360.26,232.75,274.64,76.29,4.12606866666667,471.13,1085.8,680.34,844.95
2026-01-12 13:51:59,XPQ-01 Main,2026-01-12 13:51:00,1380.91,79.37,4.488995,470.01,1378.12,371.27,218.99,299.66,80.74,4.97003866666667,470.11,1405.09,384.53,230.7,307.21,79.96,4.50081266666667,470.38,1359.52,368.45,233.09,285.15,77.42,3.9927353333333295,469.54,1124.26,682.79,892.02
2026-01-12 13:52:59,XPQ-01 Main,2026-01-12 13:52:00,1375.94,79.56,4.65566166666667,470.06,1369.35,368.79,219.61,295.98,80.31,5.13670533333333,470.11,1390.36,380.66,225.29,306.27,80.55,4.534146,470.6,1368.11,370.87,232.77,288.34,77.81,4.29273533333333,469.49,1120.32,677.67,890.59
2026-01-12 13:53:59,XPQ-01 Main,2026-01-12 13:53:00,1387.43,79.12,4.678995,469.9,1386.89,373.57,221.99,300.35,80.42,5.003372,469.96,1409.06,385.47,232.99,306.84,79.64,4.66747933333333,470.22,1366.32,370.24,234.71,286.02,77.3,4.359402,469.52,1129.29,689.69,893.21
2026-01-12 13:54:59,XPQ-01 Main,2026-01-12 13:54:00,1363.95,78.71,4.67566166666667,470.11,1361.32,366.79,220.46,292.54,79.86,5.23670533333333,470.34,1383.7,378.91,230.0,300.54,79.41,4.66747933333333,470.52,1346.84,364.99,233.36,280.41,76.86,4.12606866666667,469.48,1110.69,683.83,873.49
2026-01-12 13:55:59,XPQ-01 Main,2026-01-12 13:55:00,1364.09,79.05,4.698995,469.76,1358.16,365.67,218.73,292.35,80.07,5.07003866666667,470.03,1383.46,378.58,227.09,301.92,79.92,4.66747933333333,470.15,1350.65,365.72,232.32,281.95,77.18,4.359402,469.1,1109.96,678.14,876.22
2026-01-12 13:56:59,XPQ-01 Main,2026-01-12 13:56:00,1298.08,77.7,4.24232833333333,470.8,1294.45,349.38,215.45,274.59,78.67,4.603372,471.11,1313.96,360.3,222.71,282.65,78.55,4.434146,471.08,1285.83,348.9,227.01,264.45,75.88,3.6927353333333297,470.21,1058.59,665.16,821.69
2026-01-12 13:57:59,XPQ-01 Main,2026-01-12 13:57:00,1358.75,78.52,4.54232833333333,470.69,1358.47,366.49,220.22,292.46,79.89,4.903372,470.9,1380.92,378.57,231.65,298.98,79.05,4.66747933333333,471.07,1336.85,362.74,232.9,277.86,76.64,4.059402,470.09,1107.8,684.76,869.3
2026-01-12 13:58:59,XPQ-01 Main,2026-01-12 13:58:00,1325.84,78.39,4.43232833333333,470.89,1318.57,356.05,216.35,282.4,79.38,4.87003866666667,471.22,1343.88,368.49,224.16,292.16,79.34,4.434146,471.04,1315.06,356.89,229.84,272.51,76.44,3.9927353333333295,470.4,1081.43,670.35,847.06
2026-01-12 13:59:59,XPQ-01 Main,2026-01-12 13:59:00,1337.92,79.95,4.398995,470.68,1335.43,360.19,212.29,290.54,80.74,4.93670533333333,470.89,1350.59,370.32,217.98,298.68,80.78,4.20081266666667,471.13,1327.74,360.26,223.8,281.88,78.32,4.059402,470.02,1090.78,654.07,871.11
2026-01-12 14:00:59,XPQ-01 Main,2026-01-12 14:00:00,1309.4,79.31,4.75232833333333,470.68,1301.92,351.3,210.73,280.66,79.97,5.13670533333333,470.96,1321.76,362.33,215.29,290.97,80.39,4.76747933333333,470.97,1304.53,353.91,223.07,274.16,77.57,4.359402,470.11,1067.54,649.08,845.8
2026-01-12 14:01:59,XPQ-01 Main,2026-01-12 14:01:00,1061.21,75.86,5.48566166666667,473.19,1056.85,286.66,186.03,217.57,76.01,5.97003866666667,473.54,1062.62,292.93,185.89,225.81,77.21,5.40081266666667,473.55,1064.16,290.19,193.62,215.43,74.38,5.09273533333333,472.49,869.78,565.53,658.81
2026-01-12 14:02:59,XPQ-01 Main,2026-01-12 14:02:00,1077.62,75.66,4.55566166666667,472.37,1074.69,290.86,188.96,220.71,75.96,5.003372,472.59,1080.64,297.44,189.96,228.31,76.87,4.56747933333333,472.94,1077.53,293.39,196.75,217.33,74.13,4.09273533333333,471.57,881.69,575.67,666.35
2026-01-12 14:03:59,XPQ-01 Main,2026-01-12 14:03:00,1266.18,77.59,4.14232833333333,472.58,1262.0,341.89,211.24,268.37,78.58,4.503372,472.85,1281.83,352.79,218.51,276.45,78.45,4.26747933333333,472.88,1254.71,341.77,223.02,258.63,75.73,3.659402,472.0,1036.46,652.77,803.45
2026-01-12 14:04:59,XPQ-01 Main,2026-01-12 14:04:00,1365.08,78.86,4.288995,471.82,1365.14,369.19,219.94,296.27,80.29,4.803372,472.08,1388.69,381.64,232.3,302.46,79.31,4.16747933333333,472.2,1341.39,364.81,232.85,280.71,76.97,3.89273533333333,471.19,1115.65,685.09,879.44
2026-01-12 14:05:59,XPQ-01 Main,2026-01-12 14:05:00,1314.81,78.02,4.21232833333333,472.57,1311.99,355.28,218.06,279.97,78.89,4.67003866666667,472.73,1328.37,365.67,224.36,288.01,78.89,4.134146,473.06,1304.08,355.3,229.64,270.84,76.27,3.8260686666666706,471.92,1076.25,672.06,838.82
2026-01-12 14:06:59,XPQ-01 Main,2026-01-12 14:06:00,1303.51,77.64,4.378995,471.76,1299.65,351.44,215.49,277.51,78.98,4.83670533333333,471.78,1325.63,364.07,226.29,284.8,78.29,4.40081266666667,472.13,1285.26,349.68,228.48,264.24,75.64,3.89273533333333,471.37,1065.19,670.27,826.56
2026-01-12 14:07:59,XPQ-01 Main,2026-01-12 14:07:00,1251.05,77.66,4.108995,472.36,1244.97,337.0,211.29,262.13,77.86,4.63670533333333,472.53,1254.19,345.1,211.46,272.12,78.96,4.234146,472.82,1253.97,341.48,221.08,259.75,76.15,3.459402,471.72,1023.57,643.83,794.0
2026-01-12 14:08:59,XPQ-01 Main,2026-01-12 14:08:00,1247.51,77.64,4.23232833333333,472.59,1244.06,336.84,211.67,261.68,77.75,4.63670533333333,472.8,1247.74,343.59,210.89,270.91,78.91,4.134146,473.15,1250.73,340.73,220.21,259.72,76.27,3.92606866666667,471.8,1021.16,642.78,792.31
2026-01-12 14:09:59,XPQ-01 Main,2026-01-12 14:09:00,1207.93,76.03,4.14566166666667,472.96,1205.26,326.65,211.58,248.56,76.15,4.57003866666667,473.06,1208.18,332.83,211.09,256.89,77.26,4.134146,473.46,1210.35,330.06,219.2,246.09,74.67,3.7260686666666705,472.37,989.54,641.87,751.54
2026-01-12 14:10:59,XPQ-01 Main,2026-01-12 14:10:00,1208.68,75.36,4.36566166666667,473.91,1204.82,327.17,214.47,246.88,75.49,4.803372,473.95,1209.62,333.87,214.22,255.82,76.67,4.50081266666667,474.42,1211.59,331.1,222.72,244.51,73.93,3.79273533333333,473.35,992.15,651.4,747.21
2026-01-12 14:11:59,XPQ-01 Main,2026-01-12 14:11:00,1252.91,75.59,4.26566166666667,473.43,1255.28,340.78,216.96,262.39,77.07,4.73670533333333,473.65,1272.28,350.68,227.89,266.39,75.99,4.10081266666667,473.62,1231.16,336.0,226.91,247.47,73.71,3.959402,473.03,1027.46,671.76,776.25
2026-01-12 14:12:59,XPQ-01 Main,2026-01-12 14:12:00,1152.39,74.49,4.118995,473.41,1149.54,311.85,206.39,233.57,74.94,4.77003866666667,473.61,1157.76,319.3,208.52,241.25,75.66,4.034146,473.9,1149.88,313.81,214.72,228.51,72.87,3.559402,472.72,944.96,629.63,703.32
2026-01-12 14:13:59,XPQ-01 Main,2026-01-12 14:13:00,1148.89,74.2,4.04232833333333,474.55,1150.24,312.88,207.42,233.83,74.81,4.43670533333333,474.54,1154.37,318.91,210.26,239.0,75.08,4.234146,474.9,1142.07,312.56,214.22,226.93,72.72,3.459402,474.2,944.35,631.9,699.75
2026-01-12 14:14:59,XPQ-01 Main,2026-01-12 14:14:00,1115.74,72.93,4.14232833333333,474.59,1108.21,301.47,204.63,220.76,73.34,4.67003866666667,475.03,1122.41,310.4,207.0,230.59,74.41,4.134146,474.94,1116.6,305.32,214.77,216.69,71.03,3.62606866666667,473.79,917.19,626.4,668.04
2026-01-12 14:15:59,XPQ-01 Main,2026-01-12 14:15:00,1171.09,73.79,4.16566166666667,474.19,1167.24,317.36,210.54,237.14,74.78,4.47003866666667,474.24,1184.34,326.88,216.83,243.84,74.73,4.134146,474.41,1161.68,317.64,220.39,227.84,71.87,3.89273533333333,473.91,961.89,647.77,708.83
2026-01-12 14:16:59,XPQ-01 Main,2026-01-12 14:16:00,1143.45,74.47,4.34566166666667,474.14,1135.18,308.42,205.31,229.73,74.56,4.67003866666667,474.25,1145.91,316.47,205.16,240.37,76.06,4.434146,474.64,1149.28,314.18,214.98,228.16,72.78,3.92606866666667,473.53,939.07,625.45,698.26
2026-01-12 14:17:59,XPQ-01 Main,2026-01-12 14:17:00,1227.11,72.49,4.04232833333333,472.53,1222.84,331.4,223.58,243.94,73.72,4.57003866666667,473.01,1244.29,342.44,232.32,250.95,73.38,4.034146,472.63,1214.21,330.56,234.57,232.33,70.37,3.52606866666667,471.95,1004.4,690.48,727.22
2026-01-12 14:18:59,XPQ-01 Main,2026-01-12 14:18:00,1305.77,74.52,4.15566166666667,471.83,1302.29,352.25,229.07,267.1,75.91,4.47003866666667,472.16,1327.56,364.85,239.82,274.09,75.26,4.16747933333333,472.15,1287.48,350.11,241.38,253.21,72.38,3.8260686666666706,471.19,1067.21,710.27,794.41
2026-01-12 14:19:59,XPQ-01 Main,2026-01-12 14:19:00,1301.9,74.58,3.83232833333333,472.3,1302.03,352.69,231.44,265.71,75.41,4.23670533333333,472.49,1312.12,360.71,236.73,271.63,75.39,3.7674793333333296,472.4,1291.56,351.66,240.2,256.12,72.94,3.49273533333333,472.02,1065.06,708.37,793.46
2026-01-12 14:20:59,XPQ-01 Main,2026-01-12 14:20:00,1249.91,74.0,3.85232833333333,471.67,1245.53,336.64,224.95,250.56,74.43,4.37003866666667,471.83,1256.23,345.16,227.23,259.49,75.23,3.96747933333333,472.17,1247.97,339.36,234.24,245.41,72.34,3.22606866666667,471.02,1021.16,686.43,755.46
2026-01-12 14:21:59,XPQ-01 Main,2026-01-12 14:21:00,1257.51,73.58,3.918995,472.64,1256.58,340.59,228.8,251.84,74.02,4.47003866666667,472.89,1261.71,347.19,230.77,258.93,74.65,3.8674793333333297,472.79,1254.24,341.71,236.58,245.88,72.06,3.42606866666667,472.26,1029.48,696.15,756.66
2026-01-12 14:22:59,XPQ-01 Main,2026-01-12 14:22:00,1277.87,74.33,3.83232833333333,472.44,1275.84,345.76,225.91,261.08,75.62,4.23670533333333,472.79,1296.44,356.56,235.42,267.3,75.04,3.934146,472.46,1261.34,343.43,236.92,248.07,72.32,3.32606866666667,472.08,1045.75,698.24,776.45
2026-01-12 14:23:59,XPQ-01 Main,2026-01-12 14:23:00,1326.62,75.18,3.698995,472.18,1322.74,358.12,229.95,274.04,76.6,4.07003866666667,472.55,1348.93,370.96,241.26,281.31,75.91,3.96747933333333,472.39,1308.19,355.97,243.02,259.84,73.03,3.059402,471.6,1085.05,714.23,815.19
2026-01-12 14:24:59,XPQ-01 Main,2026-01-12 14:24:00,1303.07,75.66,3.97566166666667,472.65,1301.14,352.49,227.07,269.11,76.43,4.33670533333333,472.66,1314.65,361.76,232.06,276.43,76.59,4.034146,473.05,1293.43,352.57,236.9,260.45,73.98,3.559402,472.25,1066.82,696.03,805.98
2026-01-12 14:25:59,XPQ-01 Main,2026-01-12 14:25:00,1282.8,75.45,3.98566166666667,472.52,1276.59,345.68,224.7,262.36,75.95,4.17003866666667,472.83,1291.38,355.54,227.89,272.46,76.7,4.30081266666667,472.99,1280.45,348.71,235.65,256.87,73.69,3.49273533333333,471.74,1049.93,688.25,791.68
2026-01-12 14:26:59,XPQ-01 Main,2026-01-12 14:26:00,1291.32,75.21,4.378995,473.86,1288.34,349.97,225.54,267.45,76.45,4.87003866666667,474.05,1310.29,361.55,234.87,274.46,75.98,4.36747933333333,474.18,1275.34,348.4,237.22,254.96,73.21,3.89273533333333,473.35,1059.92,697.63,796.86
2026-01-12 14:27:59,XPQ-01 Main,2026-01-12 14:27:00,1255.09,74.09,3.97566166666667,473.61,1249.62,339.17,225.9,252.73,74.56,4.37003866666667,473.99,1262.48,348.43,228.75,262.37,75.38,3.96747933333333,474.06,1253.15,342.01,236.0,247.32,72.35,3.59273533333333,472.78,1029.61,690.64,762.42
2026-01-12 14:28:59,XPQ-01 Main,2026-01-12 14:28:00,1274.71,74.66,3.978995,474.25,1274.27,346.31,226.41,261.5,75.6,4.403372,474.42,1287.08,355.57,232.69,267.92,75.5,3.96747933333333,474.75,1262.76,345.26,236.17,251.48,72.89,3.559402,473.6,1047.13,695.27,780.89
2026-01-12 14:29:59,XPQ-01 Main,2026-01-12 14:29:00,1126.43,71.9,4.308995,475.3,1128.31,307.48,211.73,221.73,72.32,4.603372,475.38,1129.25,312.45,213.2,227.08,72.9,4.30081266666667,475.55,1121.74,307.43,217.59,216.21,70.49,4.02606866666667,474.98,927.35,642.51,665.01
2026-01-12 14:30:59,XPQ-01 Main,2026-01-12 14:30:00,1203.28,75.21,4.308995,474.64,1199.42,326.19,212.44,246.76,75.78,4.63670533333333,474.98,1211.8,335.21,215.85,255.26,76.36,4.16747933333333,475.18,1198.61,327.86,222.17,240.72,73.49,4.12606866666667,473.75,989.25,650.46,742.75
2026-01-12 14:31:59,XPQ-01 Main,2026-01-12 14:31:00,1063.63,74.4,4.24232833333333,476.85,1063.84,290.72,192.79,217.16,74.78,4.603372,476.89,1066.54,296.16,193.99,223.01,75.45,4.20081266666667,477.31,1060.5,291.6,199.1,212.42,72.96,3.92606866666667,476.34,878.49,585.88,652.59
2026-01-12 14:32:59,XPQ-01 Main,2026-01-12 14:32:00,1059.32,74.68,4.16566166666667,476.79,1059.63,289.76,190.45,217.58,75.25,4.503372,477.03,1064.11,295.35,192.93,222.96,75.62,4.00081266666667,476.86,1054.22,289.72,197.11,211.67,73.18,3.9927353333333295,476.46,874.83,580.49,652.21
2026-01-12 14:33:59,XPQ-01 Main,2026-01-12 14:33:00,1075.63,74.79,4.24232833333333,476.53,1077.63,294.37,193.57,220.95,75.22,4.67003866666667,476.97,1077.95,299.31,195.0,226.26,75.75,4.16747933333333,476.86,1071.3,294.13,199.69,215.77,73.39,3.89273533333333,475.76,887.81,588.26,662.97
2026-01-12 14:34:59,XPQ-01 Main,2026-01-12 14:34:00,1073.13,74.37,4.22232833333333,477.2,1075.27,294.28,194.32,219.67,74.9,4.803372,477.66,1076.44,299.18,196.42,224.8,75.3,4.36747933333333,477.32,1067.67,293.54,200.66,213.83,72.92,3.49273533333333,476.64,887.0,591.4,658.3
2026-01-12 14:35:59,XPQ-01 Main,2026-01-12 14:35:00,1064.94,74.98,4.13232833333333,474.96,1065.05,289.89,190.48,218.07,75.31,4.63670533333333,474.85,1067.49,295.17,191.3,223.89,76.03,4.00081266666667,475.43,1062.29,291.03,196.76,213.88,73.6,3.759402,474.6,876.1,578.54,655.85
2026-01-12 14:36:59,XPQ-01 Main,2026-01-12 14:36:00,1093.29,75.47,4.298995,475.08,1093.35,297.77,193.02,226.11,76.06,4.57003866666667,475.52,1098.58,304.09,195.84,232.11,76.43,4.30081266666667,475.4,1087.96,297.8,200.46,220.09,73.93,4.02606866666667,474.33,899.66,589.32,678.31
2026-01-12 14:37:59,XPQ-01 Main,2026-01-12 14:37:00,1085.6,75.15,4.03232833333333,475.13,1084.5,295.52,192.76,223.4,75.71,4.33670533333333,475.52,1090.59,301.75,195.32,229.52,76.16,4.00081266666667,475.24,1081.71,296.16,200.28,217.69,73.59,3.759402,474.64,893.43,588.36,670.61
2026-01-12 14:38:59,XPQ-01 Main,2026-01-12 14:38:00,1131.06,71.27,6.16566166666667,474.25,1133.1,308.01,214.4,220.27,71.66,6.83670533333333,474.63,1132.89,313.05,215.66,225.86,72.32,6.234146,474.65,1127.18,308.04,220.35,214.96,69.83,5.42606866666667,473.49,929.1,650.41,661.09
2026-01-12 14:39:59,XPQ-01 Main,2026-01-12 14:39:00,1143.86,71.78,3.978995,473.42,1145.63,311.05,214.62,224.44,72.28,4.23670533333333,473.88,1146.89,316.24,216.69,229.76,72.75,4.06747933333333,473.54,1139.06,310.69,220.77,218.32,70.31,3.62606866666667,472.85,937.98,652.08,672.52
2026-01-12 14:40:59,XPQ-01 Main,2026-01-12 14:40:00,1163.48,72.18,3.6756616666666706,473.3,1163.76,315.84,216.57,229.74,72.77,4.17003866666667,473.38,1169.11,322.07,219.31,235.13,73.13,3.90081266666667,473.49,1157.56,315.9,223.22,222.83,70.65,2.959402,473.02,953.81,659.1,687.7
2026-01-12 14:41:59,XPQ-01 Main,2026-01-12 14:41:00,1154.49,72.58,3.91232833333333,473.18,1157.46,313.87,215.47,228.05,72.69,4.47003866666667,473.39,1152.02,317.56,214.37,233.64,73.68,3.934146,473.65,1153.98,314.77,220.31,224.55,71.38,3.32606866666667,472.52,946.19,650.14,686.24
2026-01-12 14:42:59,XPQ-01 Main,2026-01-12 14:42:00,1163.83,72.46,3.598995,473.05,1165.6,316.27,214.75,231.67,73.34,4.003372,473.61,1172.54,323.08,219.74,236.3,73.23,3.66747933333333,473.1,1153.36,314.28,221.75,222.39,70.81,3.12606866666667,472.45,953.62,656.25,690.36
2026-01-12 14:43:59,XPQ-01 Main,2026-01-12 14:43:00,1176.29,72.9,3.798995,472.2,1176.44,318.58,216.23,233.39,73.36,4.103372,472.75,1180.0,324.59,218.22,239.7,73.95,3.8674793333333297,472.32,1172.42,318.9,223.17,227.49,71.38,3.42606866666667,471.52,962.07,657.62,700.58
2026-01-12 14:44:59,XPQ-01 Main,2026-01-12 14:44:00,1167.33,71.88,3.8123283333333298,472.35,1169.48,316.59,217.8,229.43,72.52,4.23670533333333,472.52,1173.35,322.82,220.91,234.31,72.76,3.80081266666667,472.78,1159.16,315.64,224.05,221.77,70.35,3.39273533333333,471.74,955.05,662.75,685.5
2026-01-12 14:45:59,XPQ-01 Main,2026-01-12 14:45:00,1161.16,72.82,3.74566166666667,472.71,1161.04,314.63,214.17,230.01,73.18,4.303372,473.19,1163.97,320.6,215.39,236.38,73.92,3.66747933333333,473.01,1158.47,315.49,220.87,224.88,71.34,3.259402,471.92,950.72,650.43,691.27
2026-01-12 14:46:59,XPQ-01 Main,2026-01-12 14:46:00,1180.17,73.09,3.698995,472.44,1180.69,319.69,215.94,235.45,73.7,4.23670533333333,472.81,1186.39,326.61,219.03,241.45,74.07,3.7008126666666703,472.87,1173.42,319.45,223.21,228.36,71.51,3.159402,471.63,965.74,658.18,705.26
2026-01-12 14:47:59,XPQ-01 Main,2026-01-12 14:47:00,1213.73,73.65,3.798995,472.15,1214.93,328.8,219.69,244.08,74.33,4.303372,472.56,1220.71,335.83,223.37,249.96,74.57,3.834146,472.51,1205.53,327.97,227.31,236.22,72.06,3.259402,471.37,992.59,670.36,730.26
2026-01-12 14:48:59,XPQ-01 Main,2026-01-12 14:48:00,1158.96,73.1,3.7523283333333297,473.22,1162.17,315.31,213.65,231.89,73.54,3.93670533333333,473.4,1161.51,320.04,215.06,236.59,74.0,3.734146,473.47,1153.2,314.59,218.96,225.53,71.75,3.59273533333333,472.78,949.94,647.67,694.01
2026-01-12 14:49:59,XPQ-01 Main,2026-01-12 14:49:00,1158.41,71.92,3.88566166666667,473.02,1159.94,314.51,216.12,228.19,72.61,4.37003866666667,473.14,1165.45,321.02,219.61,233.22,72.8,3.80081266666667,473.38,1149.83,313.58,222.58,220.29,70.34,3.49273533333333,472.54,949.11,658.31,681.7
2026-01-12 14:50:59,XPQ-01 Main,2026-01-12 14:50:00,1159.54,72.0,3.9423283333333297,472.81,1163.6,315.63,216.37,229.32,72.73,4.23670533333333,473.23,1165.01,320.69,219.89,233.0,72.73,4.10081266666667,472.77,1150.02,313.31,221.85,220.68,70.52,3.49273533333333,472.44,949.62,658.11,683.0
2026-01-12 14:51:59,XPQ-01 Main,2026-01-12 14:51:00,1142.25,72.61,3.7556616666666702,472.67,1144.72,310.26,212.09,225.94,72.91,4.403372,473.15,1142.08,314.47,212.39,231.08,73.62,3.80081266666667,472.84,1139.95,310.42,217.32,221.0,71.3,3.059402,472.01,935.15,641.81,678.02
2026-01-12 14:52:59,XPQ-01 Main,2026-01-12 14:52:00,1168.53,72.35,3.62232833333333,472.59,1171.36,317.58,215.87,232.77,73.32,4.103372,472.89,1177.86,323.99,221.25,236.54,73.03,3.734146,472.56,1156.36,314.97,222.56,222.53,70.71,3.02606866666667,472.34,956.54,659.68,691.84
2026-01-12 14:53:59,XPQ-01 Main,2026-01-12 14:53:00,1186.09,72.51,3.6556616666666706,473.75,1188.56,323.06,220.16,236.17,73.15,3.97003866666667,474.07,1191.12,328.43,223.09,240.69,73.34,3.7674793333333296,473.67,1178.58,321.79,226.19,228.28,71.04,3.22606866666667,473.51,973.28,669.43,705.14
2026-01-12 14:54:59,XPQ-01 Main,2026-01-12 14:54:00,1169.56,73.09,3.76566166666667,473.97,1171.71,318.43,215.02,234.82,73.75,4.13670533333333,474.14,1175.27,324.3,218.07,239.7,73.97,3.8674793333333297,474.18,1161.71,317.44,221.61,227.06,71.56,3.29273533333333,473.59,960.17,654.7,701.57
2026-01-12 14:55:59,XPQ-01 Main,2026-01-12 14:55:00,1151.16,73.12,3.6556616666666706,473.94,1156.3,314.27,212.4,231.12,73.63,4.13670533333333,474.46,1152.67,318.24,214.07,234.86,73.91,3.66747933333333,474.1,1144.5,312.48,217.22,224.24,71.83,3.159402,473.27,944.99,643.69,690.21
2026-01-12 14:56:59,XPQ-01 Main,2026-01-12 14:56:00,1213.66,73.06,3.508995,473.49,1215.58,329.86,223.18,242.69,73.61,3.93670533333333,473.74,1218.54,336.13,225.78,248.22,73.98,3.434146,473.94,1206.87,329.37,229.83,235.65,71.59,3.159402,472.79,995.36,678.79,726.56
2026-01-12 14:57:59,XPQ-01 Main,2026-01-12 14:57:00,1196.19,72.54,3.55566166666667,473.87,1200.2,326.24,222.15,238.51,73.18,4.07003866666667,474.14,1201.57,331.43,224.97,242.08,73.25,3.434146,473.9,1186.8,324.15,227.22,230.35,71.19,3.159402,473.59,981.83,674.34,710.94
2026-01-12 14:58:59,XPQ-01 Main,2026-01-12 14:58:00,1220.1,73.29,3.65232833333333,473.89,1222.89,332.35,223.49,245.22,73.91,4.17003866666667,474.43,1225.09,338.19,226.58,250.39,74.15,3.66747933333333,474.01,1212.31,330.95,230.14,237.57,71.83,3.12606866666667,473.24,1001.49,680.21,733.18
2026-01-12 14:59:59,XPQ-01 Main,2026-01-12 14:59:00,1243.94,74.9,3.64232833333333,473.79,1247.47,339.05,221.87,255.99,75.57,4.07003866666667,474.21,1248.99,344.53,225.26,260.41,75.63,3.7008126666666703,473.78,1235.35,337.26,228.28,247.54,73.51,3.159402,473.38,1020.84,675.41,763.93
2026-01-12 15:00:59,XPQ-01 Main,2026-01-12 15:00:00,1239.33,74.39,3.598995,474.05,1244.34,338.18,223.1,253.89,75.12,4.13670533333333,474.12,1246.01,343.86,226.91,257.56,75.03,3.40081266666667,474.33,1227.63,335.58,229.01,244.69,73.01,3.259402,473.7,1017.61,679.02,756.13
2026-01-12 15:01:59,XPQ-01 Main,2026-01-12 15:01:00,1237.95,73.65,3.7323283333333297,473.77,1241.42,337.2,226.85,248.91,73.91,4.43670533333333,474.3,1236.94,341.47,227.1,254.88,74.66,3.7008126666666703,474.04,1235.49,337.18,232.53,243.98,72.39,3.059402,472.97,1015.86,686.49,747.78
2026-01-12 15:02:59,XPQ-01 Main,2026-01-12 15:02:00,1241.87,74.88,3.54566166666667,473.59,1245.33,338.28,221.58,255.06,75.49,4.03670533333333,474.11,1246.7,343.87,224.62,259.91,75.66,3.60081266666667,473.64,1233.58,336.56,228.08,247.1,73.48,2.99273533333333,473.03,1018.71,674.28,762.07
2026-01-12 15:03:59,XPQ-01 Main,2026-01-12 15:03:00,1236.93,74.48,3.7323283333333297,473.39,1241.03,336.84,222.12,253.11,75.16,4.23670533333333,473.47,1243.11,342.56,225.62,257.18,75.17,3.734146,473.63,1226.64,334.83,228.25,244.47,73.09,3.22606866666667,473.07,1014.23,675.99,754.75
2026-01-12 15:04:59,XPQ-01 Main,2026-01-12 15:04:00,1135.25,74.62,3.62232833333333,475.12,1133.58,308.73,204.02,231.52,75.03,4.13670533333333,475.47,1139.27,315.35,205.59,238.71,75.77,3.80081266666667,475.48,1132.9,310.18,211.71,226.6,73.07,2.92606866666667,474.42,934.26,621.32,696.83
2026-01-12 15:05:59,XPQ-01 Main,2026-01-12 15:05:00,1170.08,72.64,7.48566166666667,474.24,1174.09,319.15,218.05,231.72,72.83,8.67003866666667,474.35,1168.63,322.71,217.33,236.46,73.63,5.70081266666667,474.58,1167.51,319.24,222.5,227.3,71.46,8.09273533333333,473.79,961.1,657.88,695.48
2026-01-12 15:06:59,XPQ-01 Main,2026-01-12 15:06:00,1189.37,72.89,3.7556616666666702,473.98,1194.32,324.72,219.56,239.0,73.64,4.27003866666667,474.24,1194.4,329.52,222.87,242.2,73.48,3.8674793333333297,474.0,1179.4,322.21,224.67,230.24,71.56,3.12606866666667,473.7,976.45,667.1,711.45
2026-01-12 15:07:59,XPQ-01 Main,2026-01-12 15:07:00,1118.13,76.05,3.908995,475.45,1124.04,306.57,195.12,236.31,77.11,4.47003866666667,475.85,1127.65,312.15,201.04,238.56,76.47,4.10081266666667,475.44,1102.71,302.11,201.16,225.23,74.58,3.159402,475.07,920.83,597.32,700.1
2026-01-12 15:08:59,XPQ-01 Main,2026-01-12 15:08:00,1121.35,76.43,3.58566166666667,475.84,1123.61,306.52,197.58,234.09,76.42,3.97003866666667,475.96,1117.18,309.52,195.37,239.66,77.51,3.60081266666667,476.13,1123.28,308.16,202.18,231.89,75.37,3.19273533333333,475.42,924.19,595.13,705.64
2026-01-12 15:09:59,XPQ-01 Main,2026-01-12 15:09:00,1157.81,77.97,3.688995,475.31,1162.95,317.03,196.32,248.37,78.45,4.103372,475.63,1159.02,320.74,197.77,252.29,78.7,3.7674793333333296,475.38,1151.47,315.42,201.9,241.84,76.76,3.19273533333333,474.92,953.19,595.99,742.5
2026-01-12 15:10:59,XPQ-01 Main,2026-01-12 15:10:00,1147.57,77.32,3.8556616666666703,475.56,1148.43,313.16,197.42,242.42,77.54,4.47003866666667,475.94,1147.45,317.83,197.16,248.8,78.37,3.80081266666667,475.76,1146.83,314.26,203.83,238.62,76.04,3.29273533333333,474.97,945.26,598.4,729.83
2026-01-12 15:11:59,XPQ-01 Main,2026-01-12 15:11:00,1206.6,78.6,3.588995,474.27,1204.98,327.77,201.24,258.75,78.94,4.07003866666667,474.48,1210.19,334.09,201.88,265.85,79.64,3.66747933333333,474.36,1204.62,329.33,209.01,254.07,77.23,3.02606866666667,473.96,991.19,612.12,778.67
2026-01-12 15:12:59,XPQ-01 Main,2026-01-12 15:12:00,1155.98,77.17,3.7656616666666705,475.19,1157.27,315.42,197.98,245.2,77.8,4.37003866666667,475.32,1163.05,321.64,200.87,250.13,77.97,3.534146,475.25,1147.64,314.42,204.94,237.77,75.75,3.39273533333333,475.0,951.47,603.79,733.09
2026-01-12 15:13:59,XPQ-01 Main,2026-01-12 15:13:00,1169.48,77.53,3.7123283333333297,475.39,1161.28,316.66,196.37,248.16,78.42,4.17003866666667,475.91,1184.48,327.95,202.35,257.89,78.67,3.7674793333333296,475.42,1162.69,318.41,208.79,240.28,75.48,3.19273533333333,474.83,963.01,607.5,746.33
2026-01-12 15:14:59,XPQ-01 Main,2026-01-12 15:14:00,1149.55,76.73,3.9423283333333297,476.48,1149.3,314.05,200.28,241.56,76.98,4.43670533333333,476.74,1150.48,319.17,200.32,248.15,77.81,4.10081266666667,476.62,1148.86,315.51,206.92,237.48,75.39,3.29273533333333,476.07,948.72,607.52,727.19
2026-01-12 15:15:59,XPQ-01 Main,2026-01-12 15:15:00,1198.37,78.43,3.62232833333333,475.67,1194.01,325.49,200.73,255.88,78.68,4.003372,475.87,1201.99,333.05,201.0,264.66,79.64,3.734146,476.12,1199.1,328.79,209.37,252.56,76.99,3.12606866666667,475.02,987.34,611.1,773.11
2026-01-12 15:16:59,XPQ-01 Main,2026-01-12 15:16:00,1225.14,78.25,3.598995,475.24,1224.21,333.66,202.3,264.79,79.46,4.203372,475.75,1242.76,344.03,211.05,271.08,78.9,3.50081266666667,475.35,1208.43,330.84,213.44,252.59,76.38,3.09273533333333,474.63,1008.53,626.79,788.45
2026-01-12 15:17:59,XPQ-01 Main,2026-01-12 15:17:00,1206.15,78.45,3.62232833333333,475.74,1203.53,328.36,202.79,257.73,78.59,4.23670533333333,476.31,1206.65,334.43,201.96,266.06,79.65,3.46747933333333,475.87,1208.27,331.1,210.57,254.98,77.11,3.159402,475.04,993.9,615.31,778.77
2026-01-12 15:18:59,XPQ-01 Main,2026-01-12 15:18:00,1186.09,78.49,3.8456616666666705,476.09,1185.39,323.77,196.89,256.63,79.34,4.503372,476.45,1197.4,331.83,202.1,262.37,79.22,3.8674793333333297,476.02,1175.47,322.5,205.72,247.45,76.9,3.159402,475.79,978.1,604.71,766.45
2026-01-12 15:19:59,XPQ-01 Main,2026-01-12 15:19:00,1176.93,78.12,3.688995,475.73,1177.13,320.98,197.83,252.44,78.71,4.203372,475.87,1184.18,328.08,200.7,258.65,79.01,3.634146,476.11,1169.48,320.77,205.86,245.53,76.63,3.22606866666667,475.22,969.82,604.39,756.62
2026-01-12 15:20:59,XPQ-01 Main,2026-01-12 15:20:00,1206.13,78.75,3.84232833333333,475.52,1203.19,327.9,201.75,258.12,78.79,4.303372,475.88,1205.61,334.05,200.09,266.97,80.02,3.834146,475.95,1209.6,331.45,209.71,256.56,77.43,3.39273533333333,474.72,993.41,611.55,781.66
2026-01-12 15:21:59,XPQ-01 Main,2026-01-12 15:21:00,1200.22,79.01,3.62232833333333,475.98,1203.24,328.47,199.52,260.49,79.39,4.203372,476.45,1201.61,333.11,200.32,265.89,79.87,3.534146,476.06,1195.81,327.93,206.06,254.85,77.76,3.12606866666667,475.42,989.5,605.89,781.23
2026-01-12 15:22:59,XPQ-01 Main,2026-01-12 15:22:00,1164.35,78.21,3.53232833333333,475.96,1172.42,320.06,195.73,252.89,79.08,4.103372,476.15,1170.75,324.33,200.34,254.7,78.6,3.56747933333333,476.01,1149.88,315.51,201.23,242.54,76.96,2.92606866666667,475.72,959.9,597.3,750.14
2026-01-12 15:23:59,XPQ-01 Main,2026-01-12 15:23:00,1192.4,78.48,3.7323283333333297,475.91,1193.43,325.75,199.14,257.17,79.07,4.303372,476.1,1198.94,332.12,201.94,262.83,79.3,3.96747933333333,475.98,1184.85,325.06,206.71,250.14,77.09,2.92606866666667,475.64,982.92,607.79,770.14
2026-01-12 15:24:59,XPQ-01 Main,2026-01-12 15:24:00,1214.18,78.13,3.818995,475.89,1210.77,330.31,204.23,259.46,78.58,4.403372,476.2,1220.72,338.38,206.21,267.81,79.23,3.8674793333333297,476.19,1211.07,332.15,213.45,254.19,76.58,3.19273533333333,475.26,1000.84,623.89,781.46
2026-01-12 15:25:59,XPQ-01 Main,2026-01-12 15:25:00,1179.32,78.03,3.63232833333333,475.67,1180.13,321.7,200.68,251.29,78.14,4.17003866666667,475.82,1178.48,326.52,199.44,257.84,79.1,3.50081266666667,476.13,1179.35,323.42,206.7,248.3,76.85,3.22606866666667,475.06,971.63,606.82,757.42
2026-01-12 15:26:59,XPQ-01 Main,2026-01-12 15:26:00,1158.44,78.15,3.82232833333333,474.49,1160.78,315.77,194.97,247.82,78.59,4.203372,474.91,1161.19,320.98,196.49,253.31,79.02,4.00081266666667,474.75,1153.35,315.32,201.72,242.13,76.83,3.259402,473.81,952.07,593.18,743.25
2026-01-12 15:27:59,XPQ-01 Main,2026-01-12 15:27:00,1136.84,77.24,3.608995,476.17,1141.95,311.71,196.1,242.02,77.7,4.03670533333333,476.2,1138.09,315.48,197.33,245.74,77.97,3.634146,476.48,1130.49,310.42,201.24,235.72,76.05,3.159402,475.83,937.62,594.67,723.48
2026-01-12 15:28:59,XPQ-01 Main,2026-01-12 15:28:00,1174.07,77.36,3.43232833333333,475.95,1173.58,320.29,200.49,248.9,77.88,3.903372,476.47,1179.72,327.11,202.88,255.55,78.32,3.50081266666667,476.11,1168.91,320.49,208.46,242.94,75.89,2.89273533333333,475.26,967.89,611.82,747.39
2026-01-12 15:29:59,XPQ-01 Main,2026-01-12 15:29:00,1156.59,77.61,3.698995,476.13,1156.9,315.67,197.03,246.31,78.09,4.303372,476.17,1162.1,322.22,198.96,252.23,78.51,3.60081266666667,476.6,1150.78,315.97,204.18,240.46,76.23,3.19273533333333,475.63,953.85,600.17,739.0
2026-01-12 15:30:59,XPQ-01 Main,2026-01-12 15:30:00,1135.95,76.61,3.818995,476.86,1134.26,309.93,199.29,237.11,76.55,4.303372,477.15,1133.87,315.08,197.14,245.12,77.92,3.96747933333333,477.39,1139.72,313.23,205.75,235.92,75.36,3.19273533333333,476.05,938.24,602.18,718.15
2026-01-12 15:31:59,XPQ-01 Main,2026-01-12 15:31:00,1151.22,76.66,3.778995,476.78,1153.94,315.44,198.35,244.95,77.72,4.303372,476.89,1163.41,322.92,204.84,248.97,77.22,3.734146,477.03,1136.32,312.37,206.24,234.14,75.04,3.29273533333333,476.43,950.73,609.44,728.06
2026-01-12 15:32:59,XPQ-01 Main,2026-01-12 15:32:00,1168.59,76.84,3.7556616666666702,476.01,1164.31,317.68,202.48,244.45,77.01,4.403372,476.45,1170.69,324.73,202.32,253.61,78.17,3.70081266666667,476.37,1170.78,321.09,211.08,241.83,75.34,3.159402,475.2,963.49,615.89,739.88
2026-01-12 15:33:59,XPQ-01 Main,2026-01-12 15:33:00,1165.44,77.01,3.7456616666666704,476.23,1172.76,320.33,200.24,249.5,77.99,4.33670533333333,476.72,1173.64,325.52,205.79,251.68,77.41,3.8674793333333297,476.3,1149.93,315.5,206.19,238.34,75.63,3.02606866666667,475.68,961.35,612.22,739.52
2026-01-12 15:34:59,XPQ-01 Main,2026-01-12 15:34:00,1146.07,77.49,3.7556616666666702,475.71,1155.69,315.2,196.05,246.54,78.27,4.27003866666667,475.85,1150.45,318.63,199.71,247.89,77.87,3.70081266666667,475.95,1132.07,310.5,200.44,236.8,76.33,3.29273533333333,475.34,944.33,596.2,731.23
2026-01-12 15:35:59,XPQ-01 Main,2026-01-12 15:35:00,1148.77,76.15,3.6656616666666704,476.8,1149.62,314.44,200.16,242.18,77.08,4.203372,477.18,1159.66,321.9,205.7,247.3,76.88,3.7674793333333296,476.79,1137.04,312.41,208.18,232.37,74.48,3.02606866666667,476.44,948.76,614.04,721.85
2026-01-12 15:36:59,XPQ-01 Main,2026-01-12 15:36:00,1088.55,74.8,3.778995,477.24,1085.39,296.95,196.79,222.09,74.84,4.17003866666667,477.55,1088.64,302.63,195.57,230.19,76.21,3.7674793333333296,477.55,1091.63,300.24,203.83,220.03,73.36,3.39273533333333,476.63,899.83,596.19,672.31
2026-01-12 15:37:59,XPQ-01 Main,2026-01-12 15:37:00,1054.99,74.03,3.788995,477.41,1048.26,287.07,190.63,213.78,74.64,4.303372,478.03,1063.6,295.79,193.9,222.48,75.39,3.7008126666666703,477.42,1053.09,289.56,200.36,208.34,72.08,3.359402,476.79,872.41,584.89,644.6
2026-01-12 15:38:59,XPQ-01 Main,2026-01-12 15:38:00,887.02,72.04,4.13232833333333,479.24,888.36,244.22,168.72,176.17,72.22,4.73670533333333,479.44,885.36,246.96,167.94,180.19,73.15,4.234146,479.26,887.34,245.12,172.65,172.8,70.74,3.42606866666667,479.01,736.29,509.31,529.15
2026-01-12 15:39:59,XPQ-01 Main,2026-01-12 15:39:00,904.25,73.66,4.308995,479.12,901.67,247.72,167.53,182.12,73.6,4.803372,479.29,902.49,251.75,165.75,188.65,75.12,4.30081266666667,479.32,908.59,250.94,172.99,180.86,72.27,3.8260686666666706,478.75,750.41,506.27,551.63
2026-01-12 15:40:59,XPQ-01 Main,2026-01-12 15:40:00,931.13,74.41,4.278995,479.44,931.55,256.31,168.22,192.57,75.31,4.903372,480.06,938.82,262.08,172.36,197.01,75.26,4.40081266666667,479.24,923.01,254.87,174.86,184.92,72.66,3.52606866666667,479.02,773.26,515.44,574.51
2026-01-12 15:41:59,XPQ-01 Main,2026-01-12 15:41:00,961.29,75.18,4.43232833333333,479.44,961.66,264.52,171.13,201.34,76.2,4.803372,479.97,971.13,271.12,176.2,205.61,75.93,4.50081266666667,479.37,951.09,262.67,178.19,192.66,73.41,3.9927353333333295,478.98,798.31,525.51,599.62
2026-01-12 15:42:59,XPQ-01 Main,2026-01-12 15:42:00,952.09,75.08,4.27566166666667,479.46,949.4,261.03,171.17,196.8,75.45,4.87003866666667,479.57,955.51,266.67,171.96,202.59,76.24,4.06747933333333,479.62,951.35,262.98,177.52,192.78,73.56,3.89273533333333,479.18,790.68,520.64,592.16
2026-01-12 15:43:59,XPQ-01 Main,2026-01-12 15:43:00,872.56,73.33,4.308995,477.0,873.55,239.06,161.12,176.03,73.77,4.703372,477.27,873.95,242.64,162.0,179.91,74.31,4.36747933333333,476.96,870.17,239.22,165.77,171.47,71.9,3.859402,476.77,720.92,488.88,527.42
2026-01-12 15:44:59,XPQ-01 Main,2026-01-12 15:44:00,862.1,72.83,4.24232833333333,476.83,859.43,235.16,158.29,173.17,73.81,4.83670533333333,477.3,871.29,241.85,162.87,178.38,73.85,4.234146,476.67,855.57,235.03,165.58,166.12,70.83,3.659402,476.51,712.04,486.74,517.67
2026-01-12 15:45:59,XPQ-01 Main,2026-01-12 15:45:00,875.73,71.26,4.15232833333333,476.87,872.77,238.68,167.79,169.46,71.06,4.73670533333333,477.12,872.93,242.39,165.71,176.18,72.84,4.26747933333333,477.04,881.5,242.27,172.84,168.89,69.89,3.459402,476.46,723.33,506.34,514.53
2026-01-12 15:46:59,XPQ-01 Main,2026-01-12 15:46:00,866.77,72.35,4.108995,477.32,861.76,235.95,161.22,171.79,72.92,4.77003866666667,477.97,873.25,242.83,163.69,178.84,73.77,4.10081266666667,477.34,865.31,237.86,168.86,167.27,70.38,3.459402,476.66,716.64,493.77,517.9
2026-01-12 15:47:59,XPQ-01 Main,2026-01-12 15:47:00,865.25,71.27,4.888995,477.23,870.26,238.26,163.92,172.36,72.46,5.403372,477.38,873.25,242.51,168.75,173.43,71.67,4.70081266666667,477.21,852.23,234.46,167.92,163.05,69.66,4.559402,477.1,715.22,500.58,508.85
2026-01-12 15:48:59,XPQ-01 Main,2026-01-12 15:48:00,809.04,73.35,5.16566166666667,478.29,810.41,222.4,148.33,165.26,74.42,5.53670533333333,478.58,816.46,227.27,152.6,168.1,74.04,5.10081266666667,478.18,800.25,220.58,153.67,157.61,71.6,4.859402,478.1,670.25,454.6,490.97
2026-01-12 15:49:59,XPQ-01 Main,2026-01-12 15:49:00,793.15,72.46,5.14232833333333,478.46,797.61,218.87,148.8,159.89,73.2,5.603372,478.84,796.15,221.84,150.87,161.62,73.1,5.00081266666667,478.57,785.7,216.6,151.96,153.6,71.09,4.82606866666667,477.96,657.3,451.63,475.11
2026-01-12 15:50:59,XPQ-01 Main,2026-01-12 15:50:00,795.95,73.13,5.36566166666667,479.04,794.54,218.35,148.63,159.41,73.14,6.003372,479.62,794.52,221.69,147.49,164.97,74.55,5.00081266666667,479.03,798.8,220.4,153.35,157.73,71.7,5.09273533333333,478.47,660.43,449.47,482.12
2026-01-12 15:51:59,XPQ-01 Main,2026-01-12 15:51:00,798.66,72.65,5.27566166666667,478.63,805.67,221.26,150.41,161.92,73.27,5.803372,479.1,798.9,222.62,151.61,162.61,73.14,5.234146,478.53,791.42,218.22,152.21,155.84,71.54,4.79273533333333,478.26,662.1,454.22,480.36
2026-01-12 15:52:59,XPQ-01 Main,2026-01-12 15:52:00,776.15,71.16,4.988995,478.5,782.31,214.74,151.22,151.55,70.79,5.67003866666667,478.89,766.81,213.63,147.41,153.96,72.23,4.734146,478.5,779.33,214.86,151.9,150.86,70.47,4.559402,478.12,643.24,450.53,456.37
2026-01-12 15:53:59,XPQ-01 Main,2026-01-12 15:53:00,782.41,71.14,4.088995,479.38,785.37,215.94,151.47,153.23,71.12,4.503372,479.73,778.02,217.17,149.81,156.54,72.25,4.06747933333333,479.46,783.85,216.52,153.89,151.12,70.07,3.6927353333333297,478.94,649.63,455.17,460.89
2026-01-12 15:54:59,XPQ-01 Main,2026-01-12 15:54:00,696.2,75.37,5.22232833333333,480.27,700.09,192.94,125.65,145.8,75.75,5.903372,480.77,695.97,194.6,125.93,147.77,76.11,4.96747933333333,480.13,692.54,191.6,128.04,141.88,74.24,4.79273533333333,479.9,579.14,379.61,435.46
2026-01-12 15:55:59,XPQ-01 Main,2026-01-12 15:55:00,714.52,75.0,5.55566166666667,479.96,719.68,198.15,129.91,149.31,75.44,5.93670533333333,480.41,714.18,199.61,130.28,150.62,75.63,5.434146,479.97,709.7,196.24,131.94,144.8,73.92,5.29273533333333,479.5,593.99,392.12,444.73
2026-01-12 15:56:59,XPQ-01 Main,2026-01-12 15:56:00,774.16,70.47,5.48566166666667,478.44,780.29,214.21,150.42,151.7,71.01,6.03670533333333,478.92,773.97,215.59,151.17,152.63,71.05,5.16747933333333,478.31,768.22,211.73,152.09,146.41,69.35,5.259402,478.07,641.53,453.68,450.74
2026-01-12 15:57:59,XPQ-01 Main,2026-01-12 15:57:00,791.03,71.24,5.21232833333333,478.4,794.94,218.27,152.53,155.03,71.28,5.803372,479.07,787.96,219.5,151.04,157.96,72.27,4.90081266666667,478.15,790.18,217.68,154.76,152.37,70.16,4.92606866666667,477.98,655.45,458.33,465.36
2026-01-12 15:58:59,XPQ-01 Main,2026-01-12 15:58:00,826.48,72.61,4.94566166666667,478.06,830.02,227.64,155.91,164.99,72.68,5.43670533333333,478.7,823.85,229.42,154.54,168.35,73.67,4.80081266666667,478.03,825.56,227.29,158.71,162.27,71.49,4.59273533333333,477.46,684.35,469.17,495.61
2026-01-12 15:59:59,XPQ-01 Main,2026-01-12 15:59:00,817.03,73.84,5.398995,478.19,820.8,225.24,151.34,165.97,73.89,5.83670533333333,478.8,813.51,226.51,149.81,169.15,74.86,5.40081266666667,477.99,816.77,224.94,153.96,163.39,72.78,4.959402,477.77,676.69,455.11,498.51
2026-01-12 16:00:59,XPQ-01 Main,2026-01-12 16:00:00,803.98,72.09,4.97566166666667,478.74,807.73,221.95,153.25,159.88,72.19,5.47003866666667,479.28,800.75,223.15,151.95,162.64,73.07,4.90081266666667,478.48,803.45,221.56,155.61,156.93,71.01,4.559402,478.47,666.66,460.81,479.44
2026-01-12 16:01:59,XPQ-01 Main,2026-01-12 16:01:00,803.06,72.46,5.118995,478.47,809.83,222.28,151.64,162.2,73.05,5.53670533333333,478.81,803.36,223.78,152.65,163.2,73.03,5.00081266666667,478.46,795.99,219.47,153.73,156.37,71.31,4.82606866666667,478.13,665.53,458.02,481.77
2026-01-12 16:02:59,XPQ-01 Main,2026-01-12 16:02:00,897.32,67.1,5.388995,477.09,905.54,247.74,182.71,166.77,67.41,5.83670533333333,477.38,895.11,248.68,182.28,168.08,67.79,5.20081266666667,477.28,891.31,245.06,183.68,161.75,66.09,5.12606866666667,476.6,741.48,548.67,496.59
2026-01-12 16:03:59,XPQ-01 Main,2026-01-12 16:03:00,966.58,71.71,5.43232833333333,476.68,972.92,266.12,184.28,191.31,72.02,5.77003866666667,476.96,964.6,267.57,183.94,193.28,72.44,5.30081266666667,476.54,962.23,264.36,186.45,186.18,70.66,5.22606866666667,476.55,798.05,554.68,570.76
2026-01-12 16:04:59,XPQ-01 Main,2026-01-12 16:04:00,1096.66,71.4,4.14232833333333,475.24,1099.81,299.65,207.48,215.33,72.01,4.503372,475.69,1100.88,304.81,209.97,219.54,72.27,4.16747933333333,475.51,1089.3,298.26,212.94,208.23,69.92,3.759402,474.53,902.73,630.39,643.1
2026-01-12 16:05:59,XPQ-01 Main,2026-01-12 16:05:00,1093.35,72.04,4.198995,475.21,1095.37,298.54,204.99,215.79,72.5,4.73670533333333,475.87,1096.44,303.58,206.52,221.1,73.08,3.90081266666667,475.29,1088.25,297.83,210.84,209.86,70.55,3.959402,474.48,899.95,622.34,646.76
2026-01-12 16:06:59,XPQ-01 Main,2026-01-12 16:06:00,1042.38,74.19,3.9556616666666704,477.27,1045.97,286.18,189.86,213.73,74.76,4.53670533333333,477.7,1045.72,290.79,191.95,217.77,75.02,3.834146,477.57,1035.43,284.73,195.0,207.0,72.79,3.49273533333333,476.54,861.7,576.81,638.5
2026-01-12 16:07:59,XPQ-01 Main,2026-01-12 16:07:00,1059.72,74.27,4.26566166666667,477.09,1063.11,290.76,192.36,217.47,74.9,4.83670533333333,477.52,1064.61,295.93,194.91,221.46,75.07,4.06747933333333,477.41,1051.45,289.03,197.71,210.26,72.85,3.89273533333333,476.36,875.72,584.97,649.18
2026-01-12 16:08:59,XPQ-01 Main,2026-01-12 16:08:00,1057.66,75.69,4.05232833333333,477.19,1060.44,290.07,187.6,220.95,76.23,4.53670533333333,477.49,1061.68,295.12,189.53,225.36,76.53,4.034146,477.53,1050.85,289.0,193.25,214.52,74.3,3.59273533333333,476.55,874.19,570.38,660.83
2026-01-12 16:09:59,XPQ-01 Main,2026-01-12 16:09:00,1037.4,75.42,4.098995,477.09,1039.65,284.42,184.85,215.57,75.91,4.603372,477.64,1040.63,289.26,186.45,220.28,76.33,3.96747933333333,477.27,1031.91,283.59,190.59,209.74,74.01,3.72606866666667,476.37,857.27,561.88,645.59
2026-01-12 16:10:59,XPQ-01 Main,2026-01-12 16:10:00,998.71,74.02,4.098995,476.61,1002.07,273.9,182.78,203.65,74.42,4.503372,476.78,1000.11,277.46,183.56,207.47,74.89,4.16747933333333,476.71,993.95,273.09,187.15,198.38,72.74,3.62606866666667,476.32,824.45,553.49,609.5
2026-01-12 16:11:59,XPQ-01 Main,2026-01-12 16:11:00,998.57,71.88,4.02232833333333,476.69,1002.54,274.02,188.52,198.55,72.52,4.43670533333333,477.05,1001.91,278.18,190.79,201.79,72.66,4.034146,476.91,991.28,272.29,192.98,191.56,70.45,3.59273533333333,476.11,824.49,572.29,591.9
2026-01-12 16:12:59,XPQ-01 Main,2026-01-12 16:12:00,981.45,71.76,4.55566166666667,476.63,984.99,269.29,185.19,195.08,72.52,5.03670533333333,476.95,986.41,273.72,188.19,198.07,72.5,4.734146,476.66,972.93,267.24,189.85,187.53,70.27,3.89273533333333,476.28,810.25,563.23,580.68
2026-01-12 16:13:59,XPQ-01 Main,2026-01-12 16:13:00,996.3,72.25,4.44566166666667,476.91,1000.43,273.66,187.58,198.7,72.72,4.803372,477.32,997.98,277.15,188.72,202.2,73.11,4.634146,476.97,990.47,272.17,191.68,192.89,70.93,3.89273533333333,476.44,822.98,567.98,593.79
2026-01-12 16:14:59,XPQ-01 Main,2026-01-12 16:14:00,1000.97,72.39,4.398995,476.8,1005.13,274.88,187.64,200.36,72.99,4.903372,477.21,1003.98,278.76,189.66,203.56,73.16,4.36747933333333,476.86,993.8,273.01,191.92,193.61,71.02,3.92606866666667,476.32,826.65,569.21,597.53
2026-01-12 16:15:59,XPQ-01 Main,2026-01-12 16:15:00,994.02,72.9,4.35566166666667,475.68,999.08,272.55,184.83,199.81,73.41,4.97003866666667,476.06,995.38,275.74,186.21,202.82,73.66,4.20081266666667,475.81,987.6,270.7,188.68,193.63,71.62,3.89273533333333,475.17,818.99,559.72,596.26
2026-01-12 16:16:59,XPQ-01 Main,2026-01-12 16:16:00,981.5,72.09,4.35566166666667,477.22,987.27,270.27,185.59,196.32,72.67,4.703372,477.66,983.13,273.18,187.19,198.7,72.79,4.434146,477.21,974.1,267.82,189.02,189.54,70.81,3.92606866666667,476.79,811.28,561.81,584.57
2026-01-12 16:17:59,XPQ-01 Main,2026-01-12 16:17:00,975.51,71.43,4.218995,476.84,980.73,268.19,185.96,192.92,72.0,4.83670533333333,477.06,977.16,271.26,187.5,195.5,72.17,4.334146,476.96,968.64,266.23,189.6,186.53,70.13,3.49273533333333,476.5,805.69,563.06,574.95
2026-01-12 16:18:59,XPQ-01 Main,2026-01-12 16:18:00,978.74,71.61,4.23232833333333,477.24,982.37,268.87,186.73,193.25,71.91,4.63670533333333,477.66,978.13,271.88,186.91,197.14,72.57,4.40081266666667,477.37,975.7,268.28,190.58,188.58,70.34,3.659402,476.68,809.03,564.22,578.96
2026-01-12 16:19:59,XPQ-01 Main,2026-01-12 16:19:00,984.17,71.36,4.108995,477.31,990.72,271.18,188.87,193.97,71.65,4.57003866666667,477.72,981.74,272.93,188.69,196.92,72.2,4.20081266666667,477.48,980.06,269.53,191.67,189.17,70.24,3.559402,476.73,813.63,569.23,580.07
2026-01-12 16:20:59,XPQ-01 Main,2026-01-12 16:20:00,975.98,71.77,4.14232833333333,477.38,987.31,270.28,186.29,195.52,72.4,4.63670533333333,477.79,975.77,271.31,187.7,195.37,72.11,4.034146,477.55,964.87,265.4,187.32,187.73,70.79,3.759402,476.81,806.99,561.31,578.62
2026-01-12 16:21:59,XPQ-01 Main,2026-01-12 16:21:00,991.48,73.15,4.17566166666667,477.92,999.65,274.04,186.24,200.59,73.28,4.63670533333333,478.34,986.63,274.56,184.69,202.63,73.91,4.20081266666667,477.94,988.16,272.1,187.88,196.41,72.26,3.6927353333333297,477.46,820.71,558.81,599.63
2026-01-12 16:22:59,XPQ-01 Main,2026-01-12 16:22:00,984.65,71.75,4.24566166666667,477.56,995.3,272.57,187.78,197.3,72.44,4.53670533333333,477.88,985.1,273.95,189.61,197.31,72.1,4.36747933333333,477.71,973.55,267.93,189.28,189.28,70.71,3.8260686666666706,477.08,814.46,566.67,583.89
2026-01-12 16:23:59,XPQ-01 Main,2026-01-12 16:23:00,991.44,72.72,4.48566166666667,477.77,997.85,273.39,187.22,198.81,72.8,4.93670533333333,478.18,986.21,274.43,185.55,201.89,73.63,4.46747933333333,477.93,990.24,272.6,189.71,195.38,71.74,4.059402,477.21,820.43,562.48,596.08
2026-01-12 16:24:59,XPQ-01 Main,2026-01-12 16:24:00,975.07,71.33,4.24566166666667,477.97,981.05,268.93,187.32,192.57,71.68,4.703372,478.33,973.68,271.0,187.5,195.26,72.13,4.46747933333333,478.08,970.48,267.29,190.2,187.36,70.18,3.559402,477.5,807.23,565.01,575.19
2026-01-12 16:25:59,XPQ-01 Main,2026-01-12 16:25:00,1006.02,70.21,4.35566166666667,477.48,1010.95,276.88,195.35,195.77,70.79,4.73670533333333,477.87,1007.93,280.24,197.18,198.66,70.97,4.46747933333333,477.54,999.18,274.9,198.96,189.04,68.88,3.859402,477.03,832.01,591.49,583.47
2026-01-12 16:26:59,XPQ-01 Main,2026-01-12 16:26:00,1021.93,70.68,4.35566166666667,477.23,1029.5,281.8,197.22,200.7,71.33,4.87003866666667,477.65,1023.36,284.41,199.18,202.48,71.29,4.56747933333333,477.31,1012.93,278.52,200.13,193.1,69.44,3.6260686666666704,476.75,844.72,596.52,596.28
2026-01-12 16:27:59,XPQ-01 Main,2026-01-12 16:27:00,1069.51,74.19,4.17566166666667,477.08,1078.18,295.01,196.17,219.84,74.61,4.703372,477.51,1068.23,296.8,196.75,221.8,74.81,4.16747933333333,477.17,1062.12,291.95,198.95,213.36,73.14,3.659402,476.55,883.76,591.88,655.0
2026-01-12 16:28:59,XPQ-01 Main,2026-01-12 16:28:00,1052.47,72.54,4.06566166666667,477.58,1059.03,290.07,198.47,210.97,72.84,4.503372,478.06,1050.67,292.26,198.36,214.14,73.36,4.06747933333333,477.7,1047.71,288.27,201.62,205.69,71.41,3.62606866666667,477.0,870.6,598.45,630.8
2026-01-12 16:29:59,XPQ-01 Main,2026-01-12 16:29:00,965.24,74.07,3.998995,479.02,970.82,266.73,177.45,198.32,74.52,4.53670533333333,479.46,965.09,269.23,178.37,201.12,74.82,4.034146,479.09,959.8,264.88,181.02,192.64,72.87,3.42606866666667,478.5,800.84,536.83,592.08
2026-01-12 16:30:59,XPQ-01 Main,2026-01-12 16:30:00,948.23,76.54,3.88566166666667,479.46,952.66,261.99,168.38,200.4,76.56,4.47003866666667,479.9,943.86,263.53,166.46,204.0,77.48,3.834146,479.5,948.18,261.92,171.3,197.64,75.57,3.359402,478.97,787.44,506.15,602.03
2026-01-12 16:31:59,XPQ-01 Main,2026-01-12 16:31:00,970.03,76.8,3.98566166666667,479.92,978.05,269.17,170.21,208.25,77.43,4.303372,480.34,971.85,271.65,172.13,209.74,77.3,4.134146,480.06,960.21,265.51,173.51,200.79,75.66,3.52606866666667,479.35,806.34,515.85,618.78
2026-01-12 16:32:59,XPQ-01 Main,2026-01-12 16:32:00,964.55,77.14,4.11232833333333,479.03,969.78,266.47,167.18,207.18,77.82,4.67003866666667,479.49,968.17,270.09,169.74,209.79,77.74,4.134146,479.06,955.68,263.75,171.7,199.93,75.86,3.52606866666667,478.53,800.3,508.62,616.9
2026-01-12 16:33:59,XPQ-01 Main,2026-01-12 16:33:00,993.19,78.31,4.05566166666667,480.09,993.72,273.74,169.42,214.61,78.49,4.57003866666667,480.66,992.45,277.44,168.52,220.13,79.4,4.06747933333333,479.96,993.41,274.71,174.94,211.41,77.04,3.52606866666667,479.65,825.89,512.87,646.15
2026-01-12 16:34:59,XPQ-01 Main,2026-01-12 16:34:00,984.93,78.29,3.7856616666666705,479.76,986.88,271.63,167.59,213.32,78.64,4.13670533333333,480.31,985.77,275.42,167.94,217.97,79.21,3.90081266666667,479.7,982.14,271.42,172.88,208.67,77.01,3.32606866666667,479.27,818.46,508.41,639.96
2026-01-12 16:35:59,XPQ-01 Main,2026-01-12 16:35:00,990.34,77.48,4.11232833333333,479.49,994.45,273.54,170.22,214.03,78.27,4.63670533333333,479.93,996.25,278.14,173.6,217.04,78.09,4.134146,479.45,980.33,270.82,175.74,205.94,76.07,3.559402,479.07,822.5,519.55,637.0
2026-01-12 16:36:59,XPQ-01 Main,2026-01-12 16:36:00,986.24,77.58,4.04232833333333,479.97,986.19,271.5,169.92,211.61,77.97,4.47003866666667,480.37,989.22,276.47,170.74,217.09,78.6,4.20081266666667,480.01,983.31,271.95,176.05,207.0,76.18,3.459402,479.53,819.92,516.72,635.71
2026-01-12 16:37:59,XPQ-01 Main,2026-01-12 16:37:00,977.08,77.25,4.08566166666667,480.13,979.11,269.66,169.32,209.71,77.8,4.603372,480.51,980.98,274.23,171.06,213.92,78.09,4.234146,480.15,971.14,268.68,174.92,203.67,75.86,3.42606866666667,479.74,812.57,515.3,627.3
2026-01-12 16:38:59,XPQ-01 Main,2026-01-12 16:38:00,991.21,77.39,4.16566166666667,479.96,992.76,273.34,170.67,213.25,78.08,4.703372,480.59,997.19,278.79,173.71,217.97,78.2,4.234146,479.95,983.68,271.91,177.04,206.28,75.88,3.559402,479.35,824.04,521.42,637.5
2026-01-12 16:39:59,XPQ-01 Main,2026-01-12 16:39:00,993.56,77.38,4.14232833333333,480.55,992.93,273.68,170.49,214.0,78.21,4.83670533333333,481.08,1002.64,280.64,174.7,219.48,78.24,4.234146,480.61,985.09,272.7,178.22,206.36,75.68,3.359402,479.96,827.01,523.42,639.85
2026-01-12 16:40:59,XPQ-01 Main,2026-01-12 16:40:00,953.98,75.55,4.17566166666667,480.6,955.16,263.3,171.47,199.61,75.85,4.703372,481.11,954.63,267.22,171.71,204.53,76.59,4.20081266666667,480.66,952.15,263.61,176.54,195.5,74.22,3.62606866666667,480.04,794.14,519.72,599.64
2026-01-12 16:41:59,XPQ-01 Main,2026-01-12 16:41:00,842.57,72.4,4.11232833333333,478.85,848.95,233.21,158.18,170.96,73.4,4.603372,479.35,847.59,236.35,161.79,171.92,72.82,4.10081266666667,478.82,831.17,229.27,161.36,162.61,70.98,3.6260686666666704,478.37,698.84,481.33,505.48
2026-01-12 16:42:59,XPQ-01 Main,2026-01-12 16:42:00,834.11,72.18,4.22232833333333,479.05,838.47,230.45,158.48,167.06,72.55,4.63670533333333,479.51,833.64,232.52,158.64,169.65,73.04,4.334146,478.98,830.23,229.13,161.31,162.45,70.96,3.6927353333333297,478.66,692.1,478.43,499.16
2026-01-12 16:43:59,XPQ-01 Main,2026-01-12 16:43:00,844.6,73.43,4.26566166666667,479.06,847.49,232.92,157.13,171.63,73.76,4.803372,479.49,844.63,235.59,157.26,174.9,74.36,4.46747933333333,479.03,841.68,232.31,160.6,167.42,72.16,3.52606866666667,478.67,700.82,474.99,513.95
2026-01-12 16:44:59,XPQ-01 Main,2026-01-12 16:44:00,822.28,71.78,4.04566166666667,479.2,826.72,227.21,158.0,163.0,71.8,4.53670533333333,479.66,818.43,228.44,156.39,166.03,72.79,4.134146,479.33,821.7,226.85,160.16,160.33,70.75,3.459402,478.63,682.49,474.55,489.36
2026-01-12 16:45:59,XPQ-01 Main,2026-01-12 16:45:00,827.59,71.46,4.31232833333333,479.28,835.64,229.81,159.67,165.01,71.87,4.903372,479.82,825.86,230.47,159.67,165.82,72.03,4.30081266666667,479.15,821.27,226.72,160.67,159.62,70.48,3.7260686666666705,478.86,687.0,480.0,490.45
2026-01-12 16:46:59,XPQ-01 Main,2026-01-12 16:46:00,837.37,71.93,4.05566166666667,479.0,836.05,229.77,159.18,165.26,72.02,4.33670533333333,479.6,836.55,233.37,158.56,170.93,73.31,4.334146,478.92,839.51,231.6,164.06,162.92,70.46,3.49273533333333,478.48,694.73,481.8,499.1
2026-01-12 16:47:59,XPQ-01 Main,2026-01-12 16:47:00,832.84,72.41,4.198995,478.89,839.64,230.63,158.85,166.84,72.42,4.603372,479.3,827.78,230.85,156.87,168.82,73.26,4.30081266666667,478.97,831.1,229.32,160.01,163.89,71.55,3.6927353333333297,478.4,690.8,475.73,499.56
2026-01-12 16:48:59,XPQ-01 Main,2026-01-12 16:48:00,838.44,72.18,3.798995,478.51,845.29,232.01,158.32,169.24,73.03,4.303372,479.08,841.59,234.58,161.05,170.13,72.62,3.9008126666666705,478.55,828.44,228.32,160.93,161.74,70.89,3.19273533333333,477.9,694.91,480.3,501.11
2026-01-12 16:49:59,XPQ-01 Main,2026-01-12 16:49:00,816.75,71.65,4.508995,478.33,825.43,226.45,157.05,162.95,72.0,4.97003866666667,478.68,813.79,226.66,156.69,163.46,72.19,4.70081266666667,478.42,811.02,223.54,157.84,158.09,70.77,3.859402,477.88,676.65,471.59,484.5
2026-01-12 16:50:59,XPQ-01 Main,2026-01-12 16:50:00,860.83,74.01,4.05566166666667,478.32,860.42,236.05,159.02,174.2,73.85,4.403372,478.88,857.64,238.97,156.8,180.08,75.42,4.16747933333333,478.4,864.43,238.15,163.34,173.2,72.75,3.59273533333333,477.67,713.17,479.16,527.48
2026-01-12 16:51:59,XPQ-01 Main,2026-01-12 16:51:00,867.52,73.3,4.078995,477.49,872.04,238.83,162.45,174.91,73.27,4.53670533333333,477.88,863.17,240.01,160.34,178.12,74.32,4.36747933333333,477.56,867.36,238.63,164.73,172.5,72.32,3.32606866666667,477.02,717.46,487.53,525.53
2026-01-12 16:52:59,XPQ-01 Main,2026-01-12 16:52:00,853.42,72.31,4.208995,477.59,862.34,236.15,162.85,170.69,72.35,4.703372,477.9,847.3,235.68,160.78,171.84,73.02,4.234146,477.81,850.62,234.11,163.48,167.42,71.55,3.6927353333333297,477.05,705.93,487.11,509.95
2026-01-12 16:53:59,XPQ-01 Main,2026-01-12 16:53:00,862.0,73.15,4.16566166666667,477.5,873.59,239.28,162.38,175.33,73.37,4.47003866666667,478.0,855.91,238.03,160.99,174.98,73.59,4.234146,477.53,856.52,235.6,162.19,170.67,72.49,3.79273533333333,476.96,712.9,485.55,520.98
2026-01-12 16:54:59,XPQ-01 Main,2026-01-12 16:54:00,840.0,73.02,4.05232833333333,477.69,847.04,232.13,157.45,170.17,73.4,4.403372,478.14,838.46,233.21,157.45,171.47,73.66,4.26747933333333,477.66,834.49,229.65,159.21,165.17,72.0,3.49273533333333,477.26,694.99,474.11,506.8
2026-01-12 16:55:59,XPQ-01 Main,2026-01-12 16:55:00,823.74,74.06,4.198995,477.35,829.39,227.03,153.19,167.21,73.73,4.53670533333333,477.69,815.5,226.71,149.36,169.8,75.08,4.334146,477.53,826.34,227.3,154.13,166.36,73.36,3.7260686666666705,476.84,681.05,456.68,503.37
2026-01-12 16:56:59,XPQ-01 Main,2026-01-12 16:56:00,909.54,69.93,4.008995,476.62,917.55,250.9,177.46,177.09,70.64,4.503372,476.98,911.0,252.77,179.24,177.75,70.41,4.06747933333333,476.58,900.05,247.19,179.24,169.66,68.74,3.459402,476.31,750.86,535.94,524.5
2026-01-12 16:57:59,XPQ-01 Main,2026-01-12 16:57:00,900.12,70.04,4.15566166666667,477.22,909.5,249.08,174.6,177.16,71.22,4.603372,477.76,905.36,251.54,178.92,176.36,70.2,4.334146,477.02,885.5,243.41,176.6,167.01,68.71,3.52606866666667,476.87,744.02,530.11,520.52
2026-01-12 16:58:59,XPQ-01 Main,2026-01-12 16:58:00,949.49,73.98,4.06566166666667,477.05,950.87,260.23,174.23,192.87,74.21,4.603372,477.53,949.13,263.66,174.13,197.69,75.04,4.10081266666667,477.04,948.47,260.66,178.67,189.09,72.68,3.49273533333333,476.58,784.55,527.03,579.65
2026-01-12 16:59:59,XPQ-01 Main,2026-01-12 16:59:00,952.66,71.98,4.06566166666667,476.87,961.63,263.19,180.33,191.25,72.76,4.63670533333333,477.34,954.3,264.88,182.56,191.68,72.41,4.20081266666667,476.64,942.04,258.8,182.68,183.06,70.78,3.359402,476.63,786.87,545.57,565.98
2026-01-12 17:00:59,XPQ-01 Main,2026-01-12 17:00:00,982.49,73.41,3.96566166666667,475.07,982.83,267.77,181.43,196.7,73.51,4.37003866666667,475.58,981.18,271.54,180.51,202.53,74.65,3.96747933333333,475.21,983.47,269.14,186.48,193.86,72.07,3.559402,474.43,808.45,548.42,593.09
2026-01-12 17:01:59,XPQ-01 Main,2026-01-12 17:01:00,976.33,73.18,3.898995,476.38,981.41,268.19,182.37,196.3,73.26,4.37003866666667,476.92,972.01,269.69,180.71,199.85,74.17,3.80081266666667,476.39,975.55,267.69,185.39,192.87,72.09,3.52606866666667,475.82,805.57,548.47,589.02
2026-01-12 17:02:59,XPQ-01 Main,2026-01-12 17:02:00,991.03,73.17,3.78566166666667,476.57,993.15,271.42,183.7,199.74,73.6,4.37003866666667,476.93,993.36,275.7,184.78,204.07,74.13,3.7008126666666703,476.74,986.59,270.94,188.51,194.3,71.77,3.29273533333333,476.06,818.06,556.99,598.11
2026-01-12 17:03:59,XPQ-01 Main,2026-01-12 17:03:00,999.08,73.66,3.918995,476.11,1003.02,273.89,182.45,203.94,74.53,4.503372,476.62,1005.78,278.92,186.27,207.04,74.34,3.834146,476.19,988.45,271.1,187.75,195.43,72.11,3.42606866666667,475.51,823.91,556.47,606.41
2026-01-12 17:04:59,XPQ-01 Main,2026-01-12 17:04:00,992.32,73.69,4.098995,476.9,997.11,272.94,181.79,203.26,74.54,4.53670533333333,477.35,997.99,276.97,185.28,205.59,74.29,4.10081266666667,476.61,981.86,269.78,186.34,194.64,72.23,3.659402,476.73,819.69,553.41,603.49
2026-01-12 17:05:59,XPQ-01 Main,2026-01-12 17:05:00,989.74,73.12,4.07566166666667,476.83,996.15,272.64,183.31,201.47,73.97,4.53670533333333,477.42,993.89,275.88,186.49,203.22,73.68,4.134146,476.55,979.17,268.92,187.25,192.77,71.73,3.559402,476.53,817.44,557.06,597.46
2026-01-12 17:06:59,XPQ-01 Main,2026-01-12 17:06:00,979.25,73.5,3.93232833333333,476.59,983.9,269.03,180.87,199.06,74.01,4.53670533333333,476.98,981.33,272.26,182.12,201.94,74.26,3.834146,476.51,972.51,267.06,184.49,192.64,72.22,3.42606866666667,476.26,808.35,547.47,593.64
2026-01-12 17:07:59,XPQ-01 Main,2026-01-12 17:07:00,973.85,73.54,4.03232833333333,476.33,980.55,267.96,178.81,199.45,74.46,4.57003866666667,476.66,979.31,271.53,182.37,200.81,74.03,4.06747933333333,476.27,961.69,263.98,182.78,190.35,72.13,3.459402,476.06,803.47,543.97,590.61
2026-01-12 17:08:59,XPQ-01 Main,2026-01-12 17:08:00,1003.97,73.45,4.198995,475.52,1009.73,275.47,184.56,204.15,74.18,4.703372,475.97,1007.89,279.05,187.16,206.51,74.1,4.334146,475.46,994.29,272.38,188.68,196.24,72.09,3.559402,475.12,826.91,560.39,606.9
2026-01-12 17:09:59,XPQ-01 Main,2026-01-12 17:09:00,983.34,73.51,4.06566166666667,476.3,991.39,271.01,180.01,202.27,74.7,4.77003866666667,476.86,991.31,274.86,185.38,202.75,73.8,3.934146,476.04,967.33,265.39,184.05,191.09,72.03,3.49273533333333,476.0,811.26,549.44,596.12
2026-01-12 17:10:59,XPQ-01 Main,2026-01-12 17:10:00,993.51,74.06,4.078995,475.85,999.05,272.81,181.74,203.17,74.53,4.603372,476.3,994.17,275.37,182.54,205.87,74.82,4.16747933333333,475.67,987.3,270.67,185.42,196.99,72.82,3.459402,475.57,818.85,549.71,606.03
2026-01-12 17:11:59,XPQ-01 Main,2026-01-12 17:11:00,990.13,73.7,4.208995,475.99,998.48,272.72,181.34,203.51,74.66,4.67003866666667,476.39,995.13,275.71,185.04,204.14,74.09,4.20081266666667,475.84,976.77,267.89,184.89,193.81,72.36,3.759402,475.73,816.31,551.27,601.46
2026-01-12 17:12:59,XPQ-01 Main,2026-01-12 17:12:00,998.85,74.21,4.118995,475.77,1005.69,274.55,181.69,205.77,74.96,4.47003866666667,476.16,1002.45,277.6,184.22,207.38,74.76,4.30081266666667,475.63,988.42,270.97,185.4,197.5,72.91,3.59273533333333,475.52,823.13,551.31,610.65
2026-01-12 17:13:59,XPQ-01 Main,2026-01-12 17:13:00,975.73,73.68,4.25566166666667,476.32,983.79,268.86,180.08,199.24,74.19,4.67003866666667,476.86,975.73,270.62,181.0,200.76,74.27,4.334146,476.23,967.67,265.5,182.49,192.5,72.57,3.759402,475.87,804.99,543.58,592.5
2026-01-12 17:14:59,XPQ-01 Main,2026-01-12 17:14:00,886.55,77.1,4.13232833333333,477.88,892.9,244.81,154.98,189.21,77.36,4.53670533333333,478.38,884.09,246.01,154.3,191.26,77.83,4.10081266666667,477.82,882.66,242.98,157.42,184.75,76.12,3.759402,477.44,733.8,466.7,565.21
2026-01-12 17:15:59,XPQ-01 Main,2026-01-12 17:15:00,885.65,78.28,4.35566166666667,478.13,892.43,244.83,151.06,192.36,78.65,4.87003866666667,478.61,884.61,246.25,151.01,193.79,78.88,4.30081266666667,478.01,879.91,242.36,153.45,187.05,77.31,3.89273533333333,477.76,733.44,455.52,573.19
2026-01-12 17:16:59,XPQ-01 Main,2026-01-12 17:16:00,894.95,78.69,4.308995,478.0,902.31,247.49,151.75,195.15,78.94,4.703372,478.5,892.3,248.32,150.92,196.54,79.31,4.56747933333333,477.86,890.25,245.14,153.77,190.42,77.8,3.659402,477.65,740.95,456.43,582.1
2026-01-12 17:17:59,XPQ-01 Main,2026-01-12 17:17:00,862.18,77.43,4.21232833333333,477.63,869.04,238.17,149.76,184.75,77.68,4.47003866666667,478.15,859.52,239.03,149.03,186.5,78.12,4.40081266666667,477.51,857.96,236.05,151.92,180.32,76.48,3.759402,477.22,713.25,450.71,551.57
2026-01-12 17:18:59,XPQ-01 Main,2026-01-12 17:18:00,863.1,78.0,4.498995,478.3,870.76,238.97,148.67,186.55,78.2,5.003372,478.78,860.07,239.51,147.47,187.72,78.64,4.50081266666667,478.2,858.46,236.54,150.22,182.18,77.16,3.9927353333333295,477.92,715.01,446.36,556.45
2026-01-12 17:19:59,XPQ-01 Main,2026-01-12 17:19:00,900.17,78.42,4.17566166666667,478.24,906.88,248.87,153.61,195.38,78.61,4.63670533333333,478.79,897.19,249.83,152.47,197.48,79.15,4.134146,478.09,896.43,246.93,155.94,191.17,77.49,3.759402,477.83,745.63,462.02,584.03
2026-01-12 17:20:59,XPQ-01 Main,2026-01-12 17:20:00,886.53,78.6,4.06566166666667,477.82,893.05,244.85,150.37,192.94,78.87,4.73670533333333,478.3,884.39,246.02,149.76,194.83,79.28,4.20081266666667,477.69,882.16,242.82,152.86,188.33,77.64,3.259402,477.46,733.7,452.99,576.1
2026-01-12 17:21:59,XPQ-01 Main,2026-01-12 17:21:00,872.62,78.05,4.098995,478.11,879.75,241.38,150.39,188.46,78.16,4.67003866666667,478.67,868.32,241.72,148.64,190.12,78.78,4.00081266666667,477.94,869.77,239.52,152.1,184.81,77.21,3.6260686666666704,477.73,722.62,451.14,563.38
2026-01-12 17:22:59,XPQ-01 Main,2026-01-12 17:22:00,948.44,76.76,4.03232833333333,477.32,954.34,261.37,167.26,200.66,76.81,4.503372,477.81,943.93,262.33,165.24,203.44,77.62,4.16747933333333,477.23,947.06,260.41,169.56,197.26,75.83,3.42606866666667,476.93,784.11,502.06,601.36
2026-01-12 17:23:59,XPQ-01 Main,2026-01-12 17:23:00,988.68,78.62,3.7756616666666702,477.26,996.08,272.81,166.19,215.93,79.25,4.17003866666667,477.82,990.72,275.29,168.09,217.51,79.13,3.7008126666666703,477.07,979.22,269.2,170.06,208.38,77.47,3.459402,476.9,817.3,504.35,641.82
2026-01-12 17:24:59,XPQ-01 Main,2026-01-12 17:24:00,884.09,78.33,3.9223283333333296,478.7,890.36,244.58,150.83,192.3,78.68,4.303372,479.23,882.85,246.05,150.72,194.18,79.0,4.134146,478.52,879.06,242.39,153.57,187.26,77.32,3.32606866666667,478.34,733.02,455.13,573.73
2026-01-12 17:25:59,XPQ-01 Main,2026-01-12 17:25:00,887.84,78.35,4.12232833333333,478.46,892.65,245.11,150.93,192.85,78.75,4.87003866666667,479.06,888.08,247.4,151.27,195.52,79.09,3.96747933333333,478.24,882.79,243.26,154.53,187.7,77.2,3.52606866666667,478.07,735.78,456.73,576.07
2026-01-12 17:26:59,XPQ-01 Main,2026-01-12 17:26:00,758.94,73.75,4.26566166666667,479.31,761.49,209.49,141.01,154.73,73.91,4.87003866666667,479.86,757.42,211.34,140.04,157.9,74.81,4.00081266666667,479.05,757.92,209.24,143.9,151.65,72.54,3.92606866666667,479.0,630.06,424.96,464.28
2026-01-12 17:27:59,XPQ-01 Main,2026-01-12 17:27:00,751.82,72.8,4.41232833333333,479.51,753.34,207.37,141.81,150.78,72.84,4.93670533333333,480.16,749.68,209.27,140.48,154.73,74.04,4.36747933333333,479.16,752.45,207.77,144.97,148.4,71.53,3.92606866666667,479.2,624.42,427.26,453.91
2026-01-12 17:28:59,XPQ-01 Main,2026-01-12 17:28:00,779.5,61.37,4.76566166666667,477.41,783.28,214.65,169.06,131.96,61.53,5.23670533333333,478.05,776.93,215.95,168.4,134.89,62.52,4.70081266666667,477.14,778.29,213.98,170.85,128.35,60.06,4.359402,477.04,644.57,508.31,395.2
2026-01-12 17:29:59,XPQ-01 Main,2026-01-12 17:29:00,911.95,70.61,4.48566166666667,476.15,913.29,249.49,175.72,176.87,70.94,5.13670533333333,476.66,912.65,253.05,176.18,181.28,71.71,4.36747933333333,476.1,909.91,249.57,180.05,172.41,69.16,3.959402,475.69,752.11,531.94,530.56
2026-01-12 17:30:59,XPQ-01 Main,2026-01-12 17:30:00,936.95,70.64,4.57566166666667,476.9,942.53,257.96,181.49,182.88,70.98,5.13670533333333,477.46,935.67,259.79,181.35,185.4,71.49,4.634146,476.69,932.65,256.18,184.08,177.66,69.44,3.959402,476.53,773.93,546.92,545.94
2026-01-12 17:31:59,XPQ-01 Main,2026-01-12 17:31:00,986.0,70.3,4.34232833333333,475.67,987.96,269.61,191.5,189.27,70.3,4.77003866666667,476.17,982.31,272.08,189.77,194.29,71.54,4.46747933333333,475.63,987.74,270.67,195.24,186.43,69.06,3.79273533333333,475.22,812.36,576.51,569.98
2026-01-12 17:32:59,XPQ-01 Main,2026-01-12 17:32:00,945.38,71.29,4.44232833333333,476.18,946.27,258.58,180.34,184.91,71.59,4.77003866666667,476.74,946.42,262.39,180.47,189.51,72.42,4.46747933333333,476.02,943.46,258.77,184.83,180.5,69.87,4.09273533333333,475.79,779.74,545.65,554.93
2026-01-12 17:33:59,XPQ-01 Main,2026-01-12 17:33:00,922.76,71.2,4.75232833333333,476.08,925.71,252.87,176.62,180.65,71.5,5.23670533333333,476.55,922.36,255.65,176.55,184.36,72.22,4.734146,475.96,920.21,252.38,180.26,176.13,69.89,4.29273533333333,475.71,760.91,533.44,541.14
2026-01-12 17:34:59,XPQ-01 Main,2026-01-12 17:34:00,940.36,71.95,10.088995,476.53,944.85,258.3,178.95,185.91,72.05,10.803372,476.98,936.94,259.97,177.57,189.46,72.96,9.334146,476.5,939.3,257.87,181.82,182.41,70.83,10.1260686666667,476.11,776.15,538.34,557.79
2026-01-12 17:35:59,XPQ-01 Main,2026-01-12 17:35:00,1006.67,71.02,4.408995,475.96,1011.89,276.32,192.64,197.6,71.6,4.83670533333333,476.48,1008.66,279.55,194.32,200.38,71.79,4.634146,475.9,999.46,274.03,196.3,190.67,69.67,3.759402,475.51,829.9,583.26,588.65
2026-01-12 17:36:59,XPQ-01 Main,2026-01-12 17:36:00,1013.12,71.52,4.188995,475.31,1014.63,276.7,191.9,198.9,71.96,4.703372,475.86,1015.54,281.08,193.15,203.78,72.58,4.20081266666667,475.23,1009.19,276.3,197.11,193.31,70.02,3.659402,474.84,834.08,582.16,595.99
2026-01-12 17:37:59,XPQ-01 Main,2026-01-12 17:37:00,982.41,69.76,4.398995,475.9,985.66,269.17,190.87,189.39,70.44,4.83670533333333,476.5,985.77,273.17,193.24,192.71,70.61,4.434146,475.77,975.8,267.47,195.13,182.16,68.24,3.92606866666667,475.44,809.81,579.24,564.27
2026-01-12 17:38:59,XPQ-01 Main,2026-01-12 17:38:00,1000.94,70.92,3.96566166666667,476.25,1006.27,275.02,191.37,197.17,71.76,4.603372,476.79,1006.08,278.95,194.66,199.42,71.56,3.96747933333333,476.06,990.48,271.72,195.35,188.46,69.43,3.32606866666667,475.89,825.69,581.38,585.05
2026-01-12 17:39:59,XPQ-01 Main,2026-01-12 17:39:00,1053.81,73.25,3.97566166666667,475.26,1060.76,289.24,194.45,213.88,73.99,4.33670533333333,475.72,1057.36,292.58,197.2,215.81,73.82,4.10081266666667,475.19,1043.31,285.67,198.2,205.32,71.95,3.49273533333333,474.87,867.49,589.85,635.02
2026-01-12 17:40:59,XPQ-01 Main,2026-01-12 17:40:00,956.44,68.39,4.04232833333333,475.0,965.39,263.12,190.83,180.68,68.75,4.47003866666667,475.54,953.41,263.69,190.5,181.79,69.04,4.06747933333333,474.89,950.53,260.07,191.78,174.89,67.38,3.59273533333333,474.56,786.88,573.11,537.36
2026-01-12 17:41:59,XPQ-01 Main,2026-01-12 17:41:00,1671.57,53.27,3.9556616666666704,465.98,1677.2,448.3,361.29,234.64,54.47,4.403372,466.64,1688.48,458.28,369.81,237.86,54.1,4.134146,465.94,1649.03,442.61,365.95,218.36,51.24,3.32606866666667,465.37,1349.19,1097.05,690.86
2026-01-12 17:42:59,XPQ-01 Main,2026-01-12 17:42:00,1053.81,69.22,3.998995,474.49,1062.74,289.36,206.33,202.59,70.06,4.47003866666667,474.99,1057.29,292.04,209.31,203.34,69.68,4.16747933333333,474.32,1041.42,284.67,208.65,193.16,67.93,3.359402,474.15,866.08,624.3,599.09
2026-01-12 17:43:59,XPQ-01 Main,2026-01-12 17:43:00,1095.95,71.66,4.06566166666667,474.36,1100.31,299.4,208.44,214.75,71.76,4.63670533333333,474.93,1092.95,301.98,207.13,219.35,72.71,4.134146,474.39,1094.59,299.07,211.98,210.77,70.51,3.42606866666667,473.76,900.45,627.55,644.87
2026-01-12 17:44:59,XPQ-01 Main,2026-01-12 17:44:00,1156.45,74.09,4.118995,472.88,1158.32,314.24,209.56,233.86,74.47,4.503372,473.45,1158.23,318.97,210.48,239.45,75.11,4.16747933333333,472.84,1152.79,313.99,215.47,228.15,72.7,3.6927353333333297,472.33,947.2,635.51,701.45
2026-01-12 17:45:59,XPQ-01 Main,2026-01-12 17:45:00,1035.04,73.76,4.05232833333333,475.7,1043.23,284.71,190.63,211.19,74.23,4.503372,476.21,1034.8,286.64,191.34,212.96,74.38,4.20081266666667,475.65,1027.09,281.46,193.25,204.36,72.66,3.459402,475.24,852.81,575.22,628.5
2026-01-12 17:46:59,XPQ-01 Main,2026-01-12 17:46:00,1005.95,73.17,4.198995,476.3,1014.47,277.33,185.94,205.44,74.14,4.63670533333333,476.86,1011.48,280.45,189.96,205.98,73.51,4.30081266666667,476.05,991.9,272.14,189.02,195.28,71.85,3.659402,475.99,829.91,564.92,606.7
2026-01-12 17:47:59,XPQ-01 Main,2026-01-12 17:47:00,1033.83,73.32,4.23232833333333,475.58,1040.48,283.99,191.56,209.3,73.77,4.603372,476.19,1033.75,286.23,192.31,211.72,74.02,4.20081266666667,475.36,1027.28,281.38,194.49,202.72,72.16,3.89273533333333,475.19,851.6,578.35,623.75
2026-01-12 17:48:59,XPQ-01 Main,2026-01-12 17:48:00,1063.8,74.14,3.808995,475.15,1069.63,291.67,193.61,217.96,74.76,4.13670533333333,475.77,1066.56,295.07,195.77,220.73,74.81,3.80081266666667,474.94,1055.21,288.76,197.67,210.25,72.86,3.49273533333333,474.73,875.5,587.05,648.94
2026-01-12 17:49:59,XPQ-01 Main,2026-01-12 17:49:00,1033.87,73.81,4.04566166666667,475.41,1038.79,283.29,189.56,210.55,74.32,4.57003866666667,475.88,1035.97,286.81,191.01,213.76,74.57,4.134146,475.43,1026.83,281.24,193.52,203.87,72.53,3.42606866666667,474.93,851.34,574.09,628.17
2026-01-12 17:50:59,XPQ-01 Main,2026-01-12 17:50:00,1042.87,75.39,3.65566166666667,475.26,1050.59,286.47,187.33,216.51,75.62,3.93670533333333,475.83,1039.27,287.63,186.47,218.93,76.13,3.7674793333333296,475.19,1038.74,284.36,189.74,211.48,74.43,3.259402,474.77,858.46,563.55,646.92
2026-01-12 17:51:59,XPQ-01 Main,2026-01-12 17:51:00,1045.77,73.37,3.7323283333333297,474.94,1050.31,286.2,193.22,210.97,73.75,4.17003866666667,475.66,1045.96,289.38,193.85,214.83,74.24,3.7674793333333296,474.85,1041.06,284.7,197.11,205.27,72.13,3.259402,474.29,860.28,584.18,631.07
2026-01-12 17:52:59,XPQ-01 Main,2026-01-12 17:52:00,1039.13,72.65,3.778995,475.34,1043.39,284.5,194.75,207.4,72.9,4.23670533333333,475.84,1038.08,287.37,194.42,211.42,73.61,3.7008126666666703,475.37,1035.92,283.66,198.39,202.56,71.44,3.39273533333333,474.81,855.53,587.56,621.39
2026-01-12 17:53:59,XPQ-01 Main,2026-01-12 17:53:00,1065.16,74.26,3.898995,474.73,1066.51,290.42,192.71,216.89,74.76,4.43670533333333,475.44,1068.77,295.62,194.37,222.17,75.26,3.90081266666667,474.77,1060.19,289.82,198.66,210.81,72.78,3.359402,473.99,875.86,585.74,649.88
2026-01-12 17:54:59,XPQ-01 Main,2026-01-12 17:54:00,1046.92,73.19,3.97566166666667,475.17,1050.25,286.31,192.2,211.8,74.05,4.503372,475.77,1053.81,291.65,196.15,215.32,73.92,4.00081266666667,475.12,1036.7,283.72,198.0,203.01,71.59,3.42606866666667,474.63,861.67,586.35,630.13
2026-01-12 17:55:59,XPQ-01 Main,2026-01-12 17:55:00,1028.35,72.59,3.7856616666666705,474.36,1031.46,280.69,191.94,204.5,72.91,4.23670533333333,475.02,1028.23,284.12,192.25,209.05,73.61,3.7674793333333296,474.34,1025.35,280.09,196.56,199.52,71.24,3.359402,473.72,844.91,580.75,613.07
2026-01-12 17:56:59,XPQ-01 Main,2026-01-12 17:56:00,994.67,72.59,3.898995,475.33,999.94,272.74,184.96,200.11,73.44,4.33670533333333,475.99,999.95,276.8,188.36,202.61,73.24,4.00081266666667,475.17,984.12,269.4,189.41,191.47,71.09,3.359402,474.84,818.93,562.74,594.19
2026-01-12 17:57:59,XPQ-01 Main,2026-01-12 17:57:00,1048.58,74.34,4.14232833333333,475.0,1050.64,286.23,190.97,213.02,74.46,4.47003866666667,475.67,1046.71,289.7,190.02,218.57,75.47,4.20081266666667,475.09,1048.4,286.76,195.7,209.59,73.09,3.759402,474.24,862.7,576.69,641.19
2026-01-12 17:58:59,XPQ-01 Main,2026-01-12 17:58:00,1028.3,75.37,4.05566166666667,475.54,1031.14,281.47,181.91,214.45,76.26,4.503372,476.2,1035.81,286.75,186.06,217.92,76.05,4.134146,475.21,1017.94,278.78,187.91,205.47,73.79,3.52606866666667,475.22,847.0,555.88,637.84
2026-01-12 17:59:59,XPQ-01 Main,2026-01-12 17:59:00,1034.02,74.49,3.8123283333333298,474.93,1037.2,282.74,187.47,211.23,74.79,4.203372,475.64,1033.45,285.79,187.38,215.52,75.47,3.96747933333333,474.65,1031.42,282.07,191.81,206.26,73.23,3.259402,474.5,850.6,566.67,633.01
2026-01-12 18:00:59,XPQ-01 Main,2026-01-12 18:00:00,1047.33,75.72,3.898995,475.3,1050.99,286.7,185.37,217.95,76.17,4.43670533333333,476.15,1049.25,290.49,186.43,222.09,76.59,3.96747933333333,475.05,1041.76,285.03,190.21,211.84,74.41,3.29273533333333,474.69,862.22,562.02,651.88
2026-01-12 18:01:59,XPQ-01 Main,2026-01-12 18:01:00,1060.04,74.64,4.018995,475.76,1063.52,290.37,192.16,217.11,74.88,4.503372,476.58,1058.84,293.44,191.79,221.77,75.64,4.00081266666667,475.56,1057.76,289.7,196.62,212.43,73.39,3.559402,475.14,873.51,580.57,651.31
2026-01-12 18:02:59,XPQ-01 Main,2026-01-12 18:02:00,1065.57,74.58,3.83232833333333,475.04,1065.57,290.38,191.71,217.82,75.07,4.27003866666667,475.42,1069.96,295.92,193.35,223.49,75.63,3.7674793333333296,475.03,1061.17,290.47,198.09,211.84,73.04,3.459402,474.67,876.77,583.14,653.15
2026-01-12 18:03:59,XPQ-01 Main,2026-01-12 18:03:00,1048.49,74.81,3.698995,475.61,1049.89,286.35,188.12,215.52,75.34,4.23670533333333,475.92,1052.63,291.53,189.94,220.56,75.77,3.634146,475.77,1042.94,285.87,194.13,209.31,73.32,3.22606866666667,475.15,863.75,572.2,645.4
2026-01-12 18:04:59,XPQ-01 Main,2026-01-12 18:04:00,982.29,75.7,4.58566166666667,475.95,984.89,269.02,172.92,205.8,76.56,5.17003866666667,476.59,989.33,274.18,176.89,209.41,76.39,4.534146,475.74,972.65,266.6,178.82,197.52,74.13,4.059402,475.53,809.81,528.63,612.73
2026-01-12 18:05:59,XPQ-01 Main,2026-01-12 18:05:00,994.7,76.38,4.06566166666667,476.01,998.4,272.71,175.39,208.54,76.53,4.53670533333333,476.7,992.22,275.08,174.3,212.74,77.35,4.034146,475.86,993.47,272.31,179.2,204.84,75.26,3.62606866666667,475.47,820.1,528.88,626.13
2026-01-12 18:06:59,XPQ-01 Main,2026-01-12 18:06:00,885.7,73.85,4.718995,477.38,891.36,244.27,163.6,180.71,74.13,5.103372,478.2,883.73,245.68,163.23,183.24,74.67,4.86747933333333,477.04,882.02,242.39,166.11,176.09,72.74,4.19273533333333,476.9,732.34,492.94,540.04
2026-01-12 18:07:59,XPQ-01 Main,2026-01-12 18:07:00,905.59,75.32,4.72232833333333,477.19,910.68,249.37,162.03,189.2,75.95,5.17003866666667,477.87,908.37,252.45,163.96,191.63,75.98,4.634146,477.0,897.7,246.68,165.8,182.46,74.01,4.359402,476.68,748.49,491.79,563.29
2026-01-12 18:08:59,XPQ-01 Main,2026-01-12 18:08:00,935.44,75.01,4.55232833333333,476.9,941.81,257.62,168.25,194.63,75.65,4.93670533333333,477.52,938.2,260.67,170.2,196.57,75.6,4.50081266666667,476.96,926.3,254.41,171.58,187.49,73.77,4.22606866666667,476.23,772.7,510.04,578.69
2026-01-12 18:09:59,XPQ-01 Main,2026-01-12 18:09:00,966.82,77.19,4.408995,476.87,968.62,264.96,167.57,204.66,77.37,4.903372,477.2,966.67,268.37,166.72,209.25,78.21,4.434146,476.88,965.16,265.24,172.07,201.07,75.98,3.89273533333333,476.55,798.57,506.36,614.98
2026-01-12 18:10:59,XPQ-01 Main,2026-01-12 18:10:00,969.68,78.62,4.16566166666667,476.35,969.49,264.85,162.54,208.57,78.88,4.603372,477.03,970.93,269.51,162.4,214.48,79.72,4.034146,476.45,968.63,265.71,168.51,205.16,77.27,3.859402,475.57,800.06,493.46,628.21
2026-01-12 18:11:59,XPQ-01 Main,2026-01-12 18:11:00,961.31,76.39,4.318995,476.49,966.24,264.01,169.44,202.32,76.66,4.57003866666667,476.83,960.63,266.58,169.15,205.41,77.2,4.534146,476.68,957.05,262.79,172.68,197.65,75.31,3.859402,475.96,793.38,511.27,605.38
2026-01-12 18:12:59,XPQ-01 Main,2026-01-12 18:12:00,1004.36,78.51,4.32232833333333,476.3,1006.76,274.94,168.68,216.65,78.9,4.703372,476.81,1006.45,279.3,169.44,221.36,79.41,4.26747933333333,476.52,999.87,274.35,174.15,211.6,77.21,3.9927353333333295,475.58,828.58,512.27,649.61
2026-01-12 18:13:59,XPQ-01 Main,2026-01-12 18:13:00,971.14,77.35,3.96566166666667,476.55,974.69,266.52,168.13,206.48,77.54,4.37003866666667,476.91,969.47,268.9,167.19,210.28,78.28,3.90081266666667,476.41,969.27,266.18,171.98,202.61,76.24,3.6260686666666704,476.33,801.6,507.3,619.38
2026-01-12 18:14:59,XPQ-01 Main,2026-01-12 18:14:00,974.79,77.24,4.14232833333333,476.69,977.05,267.28,168.36,207.11,77.6,4.53670533333333,477.26,975.7,270.79,168.81,211.35,78.13,4.10081266666667,476.49,971.61,266.77,173.1,202.28,75.98,3.79273533333333,476.31,804.84,510.27,620.74
2026-01-12 18:15:59,XPQ-01 Main,2026-01-12 18:15:00,977.59,77.5,4.17566166666667,476.87,980.77,268.37,168.05,208.67,77.88,4.63670533333333,477.63,978.4,271.78,168.67,212.7,78.35,4.16747933333333,476.73,973.6,267.31,172.72,203.59,76.26,3.72606866666667,476.24,807.46,509.43,624.96
2026-01-12 18:16:59,XPQ-01 Main,2026-01-12 18:16:00,994.08,77.72,4.12232833333333,475.9,996.73,272.09,169.58,212.31,78.13,4.703372,476.63,995.57,276.07,170.46,216.72,78.6,4.16747933333333,475.92,989.95,271.27,174.72,207.11,76.43,3.49273533333333,475.16,819.42,514.76,636.14
2026-01-12 18:17:59,XPQ-01 Main,2026-01-12 18:17:00,991.78,77.71,4.35566166666667,476.49,994.83,271.79,170.27,211.43,77.88,4.703372,476.88,990.91,275.03,169.31,215.92,78.69,4.46747933333333,476.7,989.62,271.7,174.67,207.78,76.55,3.89273533333333,475.89,818.52,514.25,635.13
2026-01-12 18:18:59,XPQ-01 Main,2026-01-12 18:18:00,1010.94,78.19,4.15232833333333,476.06,1011.49,276.12,170.21,217.01,78.68,4.603372,476.49,1015.66,281.64,171.78,222.27,79.12,3.96747933333333,476.23,1005.66,275.83,176.63,211.51,76.76,3.89273533333333,475.45,833.6,518.62,650.79
2026-01-12 18:19:59,XPQ-01 Main,2026-01-12 18:19:00,972.1,76.37,4.14232833333333,476.32,972.22,265.77,169.18,204.5,77.05,4.57003866666667,476.99,978.07,271.29,172.08,209.43,77.26,4.26747933333333,476.1,966.02,264.97,175.68,197.92,74.79,3.59273533333333,475.87,802.03,516.93,611.85
2026-01-12 18:20:59,XPQ-01 Main,2026-01-12 18:20:00,963.77,77.39,4.13232833333333,476.32,965.37,263.92,165.84,204.74,77.71,4.57003866666667,476.88,964.93,267.55,165.93,209.12,78.34,4.20081266666667,476.06,961.0,263.67,170.61,200.33,76.13,3.62606866666667,476.03,795.14,502.37,614.19
2026-01-12 18:21:59,XPQ-01 Main,2026-01-12 18:21:00,912.71,74.37,4.83232833333333,477.08,916.49,250.98,166.46,187.09,74.71,5.33670533333333,477.66,912.58,253.44,166.6,190.25,75.23,4.80081266666667,476.79,909.08,249.79,169.83,182.24,73.16,4.359402,476.78,754.2,502.89,559.58
2026-01-12 18:22:59,XPQ-01 Main,2026-01-12 18:22:00,886.78,76.25,4.818995,477.3,884.21,242.08,156.52,184.15,76.19,5.33670533333333,477.96,885.51,246.24,154.63,191.09,77.74,4.76747933333333,477.32,890.63,244.8,162.29,183.03,74.82,4.359402,476.6,733.11,473.44,558.26
2026-01-12 18:23:59,XPQ-01 Main,2026-01-12 18:23:00,956.6,75.34,4.45566166666667,476.72,960.82,262.89,170.57,199.52,76.01,4.83670533333333,477.42,960.5,266.64,172.93,202.4,76.03,4.634146,476.48,948.5,260.37,175.02,192.39,73.97,3.89273533333333,476.27,789.9,518.53,594.32
2026-01-12 18:24:59,XPQ-01 Main,2026-01-12 18:24:00,944.49,75.23,4.16566166666667,476.21,947.24,258.74,168.46,196.2,75.87,4.77003866666667,476.56,948.91,263.1,170.71,199.73,76.02,4.234146,476.24,937.32,257.21,173.32,189.59,73.81,3.49273533333333,475.81,779.05,512.5,585.52
2026-01-12 18:25:59,XPQ-01 Main,2026-01-12 18:25:00,939.19,75.48,4.25566166666667,476.6,939.48,256.8,167.99,194.13,75.62,4.87003866666667,476.98,938.99,260.62,167.22,199.49,76.64,4.16747933333333,476.73,939.11,257.89,172.8,191.09,74.17,3.7260686666666705,476.09,775.31,508.01,584.71
2026-01-12 18:26:59,XPQ-01 Main,2026-01-12 18:26:00,962.84,75.79,4.26566166666667,476.6,966.47,264.25,170.71,201.21,76.25,4.903372,477.23,964.59,267.78,171.7,204.75,76.62,4.40081266666667,476.56,957.44,262.79,175.14,195.53,74.49,3.49273533333333,476.0,794.82,517.55,601.49
2026-01-12 18:27:59,XPQ-01 Main,2026-01-12 18:27:00,942.64,76.07,4.23232833333333,476.77,944.29,258.19,166.98,196.56,76.21,4.603372,477.35,941.87,261.63,166.03,201.5,77.18,4.40081266666667,476.91,941.76,258.61,171.46,193.39,74.83,3.6927353333333297,476.06,778.43,504.48,591.45
2026-01-12 18:28:59,XPQ-01 Main,2026-01-12 18:28:00,957.38,76.61,4.26566166666667,476.91,960.24,262.8,169.14,200.81,76.48,4.57003866666667,477.5,951.94,264.34,166.16,205.42,77.75,4.26747933333333,476.75,959.96,263.69,172.48,199.2,75.6,3.959402,476.5,790.83,507.78,605.42
2026-01-12 18:29:59,XPQ-01 Main,2026-01-12 18:29:00,994.89,77.65,4.15566166666667,476.25,995.14,271.79,169.69,211.91,78.06,4.63670533333333,476.81,997.88,276.87,170.56,217.42,78.68,4.30081266666667,476.38,991.63,272.02,175.92,207.18,76.23,3.52606866666667,475.55,820.69,516.17,636.51
2026-01-12 18:30:59,XPQ-01 Main,2026-01-12 18:30:00,971.66,78.5,4.01232833333333,476.65,972.73,266.08,163.48,209.56,78.85,4.67003866666667,477.02,973.37,270.01,163.7,214.25,79.46,3.934146,476.46,968.87,266.12,168.86,205.1,77.2,3.42606866666667,476.49,802.21,496.04,628.9
2026-01-12 18:31:59,XPQ-01 Main,2026-01-12 18:31:00,955.06,77.76,4.208995,476.95,956.56,261.62,164.62,202.9,77.65,4.77003866666667,477.47,950.84,264.2,161.85,208.2,78.95,4.26747933333333,477.12,957.77,263.15,168.81,201.55,76.66,3.59273533333333,476.27,788.97,495.28,612.65
2026-01-12 18:32:59,XPQ-01 Main,2026-01-12 18:32:00,960.58,77.61,4.208995,476.58,965.68,264.16,165.45,205.48,77.89,4.77003866666667,477.27,959.15,266.15,165.09,208.35,78.38,4.134146,476.29,956.9,262.61,168.63,200.68,76.56,3.7260686666666705,476.19,792.92,499.17,614.51
2026-01-12 18:33:59,XPQ-01 Main,2026-01-12 18:33:00,947.11,76.31,4.308995,476.5,949.71,259.47,167.77,197.69,76.24,4.83670533333333,476.98,943.14,261.83,165.36,202.43,77.45,4.30081266666667,476.74,948.47,260.36,171.31,195.72,75.25,3.79273533333333,475.79,781.67,504.43,595.84
2026-01-12 18:34:59,XPQ-01 Main,2026-01-12 18:34:00,941.12,68.01,4.28566166666667,476.68,948.55,259.34,189.75,176.44,68.1,4.703372,477.05,936.43,259.92,188.14,178.81,68.89,4.134146,476.77,938.38,257.75,190.92,172.54,67.05,4.02606866666667,476.23,777.01,568.81,527.8
2026-01-12 18:35:59,XPQ-01 Main,2026-01-12 18:35:00,963.49,70.99,3.808995,475.12,967.68,263.64,184.57,188.08,71.37,4.303372,475.42,963.89,266.69,185.14,191.43,71.88,3.56747933333333,475.31,958.88,262.56,188.07,182.82,69.7,3.559402,474.63,792.89,557.78,562.33
2026-01-12 18:36:59,XPQ-01 Main,2026-01-12 18:36:00,1006.9,72.37,3.93232833333333,475.68,1013.43,276.59,188.77,201.86,73.04,4.403372,476.11,1009.53,279.56,191.05,203.83,72.96,4.06747933333333,475.59,997.74,273.45,191.98,194.11,71.1,3.32606866666667,475.34,829.6,571.79,599.79
2026-01-12 18:37:59,XPQ-01 Main,2026-01-12 18:37:00,1038.18,75.81,3.908995,475.96,1042.94,284.69,184.07,216.77,76.23,4.403372,476.66,1038.69,288.08,184.93,220.47,76.62,3.934146,476.06,1032.91,283.1,188.38,211.0,74.59,3.39273533333333,475.17,855.87,557.39,648.24
2026-01-12 18:38:59,XPQ-01 Main,2026-01-12 18:38:00,1038.44,75.37,3.82232833333333,476.25,1042.6,284.79,185.68,215.6,75.77,4.33670533333333,476.91,1039.29,288.38,186.52,219.73,76.24,3.834146,476.32,1033.42,283.43,190.28,210.02,74.11,3.29273533333333,475.52,856.6,562.48,645.35
2026-01-12 18:39:59,XPQ-01 Main,2026-01-12 18:39:00,1021.96,75.09,3.96566166666667,476.92,1030.62,281.87,184.78,212.57,75.47,4.403372,477.23,1020.74,283.47,184.92,214.27,75.7,4.034146,477.06,1014.53,278.85,187.08,206.38,74.09,3.459402,476.47,844.19,556.78,633.22
2026-01-12 18:40:59,XPQ-01 Main,2026-01-12 18:40:00,1068.7,75.99,4.01232833333333,476.11,1074.48,293.28,189.03,224.01,76.43,4.53670533333333,476.55,1069.91,296.79,190.03,227.45,76.74,3.934146,476.39,1061.71,291.24,193.21,217.73,74.8,3.559402,475.38,881.3,572.28,669.19
2026-01-12 18:41:59,XPQ-01 Main,2026-01-12 18:41:00,1061.43,75.75,3.7223283333333295,476.4,1071.24,292.87,188.75,223.44,76.39,4.203372,477.15,1062.39,294.77,190.79,224.43,76.19,3.80081266666667,476.19,1050.65,288.19,191.45,214.99,74.68,3.159402,475.85,875.84,570.99,662.87
2026-01-12 18:42:59,XPQ-01 Main,2026-01-12 18:42:00,1045.47,75.29,3.608995,476.41,1051.25,287.28,186.87,217.5,75.85,4.17003866666667,477.19,1047.82,290.89,188.81,220.66,75.98,3.60081266666667,476.44,1037.34,284.53,191.16,210.48,74.03,3.059402,475.61,862.71,566.84,648.64
2026-01-12 18:43:59,XPQ-01 Main,2026-01-12 18:43:00,1076.48,76.65,3.85232833333333,475.86,1081.43,295.3,187.74,227.62,77.14,4.43670533333333,476.53,1078.11,298.77,189.2,231.16,77.39,3.834146,475.7,1069.9,293.19,192.34,220.95,75.43,3.29273533333333,475.34,887.26,569.28,679.73
2026-01-12 18:44:59,XPQ-01 Main,2026-01-12 18:44:00,1108.25,77.65,3.9556616666666704,475.72,1109.52,302.74,188.2,236.67,78.27,4.33670533333333,476.46,1114.41,308.93,191.01,242.34,78.54,4.10081266666667,475.78,1100.82,301.54,195.42,229.62,76.15,3.42606866666667,474.93,913.2,574.63,708.63
2026-01-12 18:45:59,XPQ-01 Main,2026-01-12 18:45:00,1117.77,77.38,3.698995,475.82,1120.84,305.88,190.74,238.72,78.12,4.17003866666667,476.52,1124.59,311.8,194.59,243.16,78.08,3.734146,475.9,1107.88,303.55,197.35,230.26,75.93,3.19273533333333,475.04,921.23,582.68,712.14
2026-01-12 18:46:59,XPQ-01 Main,2026-01-12 18:46:00,1112.36,76.96,3.6423283333333294,475.71,1116.17,304.62,191.29,236.53,77.75,4.203372,476.49,1119.39,310.25,195.34,240.42,77.61,3.56747933333333,475.64,1101.51,301.69,197.5,227.55,75.52,3.159402,475.0,916.56,584.14,704.51
2026-01-12 18:47:59,XPQ-01 Main,2026-01-12 18:47:00,1231.58,75.12,3.7756616666666702,474.15,1237.08,336.51,219.11,254.84,75.83,4.303372,474.94,1236.85,341.68,222.83,258.92,75.8,3.634146,474.09,1220.82,333.28,224.97,245.56,73.73,3.39273533333333,473.42,1011.46,666.91,759.32
2026-01-12 18:48:59,XPQ-01 Main,2026-01-12 18:48:00,1258.14,74.76,3.68566166666667,473.81,1262.63,342.9,224.99,258.45,75.42,4.23670533333333,474.22,1264.24,349.03,228.53,263.29,75.52,3.734146,474.18,1247.55,340.6,231.34,249.62,73.34,3.09273533333333,473.03,1032.53,684.86,771.35
2026-01-12 18:49:59,XPQ-01 Main,2026-01-12 18:49:00,1238.52,73.8,3.6756616666666706,473.56,1245.08,338.24,223.79,252.9,74.89,4.103372,474.21,1249.22,344.59,230.53,255.81,74.29,3.634146,473.52,1221.25,333.08,230.25,240.48,72.23,3.29273533333333,472.95,1015.91,684.57,749.2
2026-01-12 18:50:59,XPQ-01 Main,2026-01-12 18:50:00,1235.2,73.09,3.74232833333333,473.93,1236.95,336.14,227.58,247.29,73.58,4.27003866666667,474.37,1239.74,342.27,229.85,253.25,74.05,3.80081266666667,474.16,1228.92,335.57,233.9,240.17,71.64,3.159402,473.27,1013.98,691.33,740.72
2026-01-12 18:51:59,XPQ-01 Main,2026-01-12 18:51:00,1243.59,73.9,3.56566166666667,473.8,1249.19,339.62,225.47,253.46,74.72,4.07003866666667,474.39,1250.47,344.99,229.94,257.03,74.53,3.56747933333333,473.65,1231.1,335.97,231.13,243.03,72.46,3.059402,473.36,1020.58,686.54,753.52
2026-01-12 18:52:59,XPQ-01 Main,2026-01-12 18:52:00,1237.07,72.99,3.8556616666666703,473.62,1239.7,336.84,228.01,247.62,73.56,4.403372,474.35,1241.87,342.66,230.86,253.09,73.88,3.934146,473.6,1229.62,335.33,234.29,239.74,71.52,3.22606866666667,472.91,1014.84,693.15,740.45
2026-01-12 18:53:59,XPQ-01 Main,2026-01-12 18:53:00,1215.18,72.92,3.8556616666666703,474.07,1219.3,331.38,223.42,244.6,73.84,4.37003866666667,474.51,1224.42,338.19,228.66,248.6,73.6,3.834146,474.37,1201.81,328.28,229.95,234.08,71.34,3.359402,473.35,997.84,682.03,727.28
2026-01-12 18:54:59,XPQ-01 Main,2026-01-12 18:54:00,1208.94,73.82,3.7423283333333295,474.52,1217.75,331.49,219.65,247.78,74.83,4.203372,475.27,1217.59,336.62,225.37,249.49,74.21,3.80081266666667,474.5,1191.48,325.56,224.38,235.7,72.43,3.22606866666667,473.81,993.66,669.4,732.97
2026-01-12 18:55:59,XPQ-01 Main,2026-01-12 18:55:00,1291.92,76.68,3.84232833333333,473.5,1295.8,351.87,221.62,273.12,77.65,4.43670533333333,473.85,1304.17,359.57,228.12,277.38,77.23,3.7674793333333296,473.59,1275.78,348.13,229.39,261.26,75.15,3.32606866666667,473.06,1059.57,679.13,811.76
2026-01-12 18:56:59,XPQ-01 Main,2026-01-12 18:56:00,1343.32,77.18,3.74232833333333,473.13,1346.76,365.5,228.64,284.99,78.0,4.27003866666667,473.6,1353.62,372.94,234.05,290.05,77.82,3.80081266666667,473.13,1329.57,362.43,236.5,274.1,75.71,3.159402,472.65,1100.87,699.19,849.13
2026-01-12 18:57:59,XPQ-01 Main,2026-01-12 18:57:00,1318.16,77.34,4.01232833333333,473.58,1322.21,358.94,224.65,279.49,77.94,4.603372,474.21,1324.15,365.51,227.94,284.8,78.07,4.034146,473.88,1308.11,356.8,231.66,270.97,76.01,3.39273533333333,472.63,1081.26,684.26,835.26
2026-01-12 18:58:59,XPQ-01 Main,2026-01-12 18:58:00,1285.97,77.12,3.91232833333333,474.38,1291.86,351.46,221.38,272.8,77.65,4.47003866666667,474.93,1289.14,356.24,223.75,277.19,77.81,3.96747933333333,474.48,1276.91,348.93,227.06,264.74,75.91,3.29273533333333,473.72,1056.63,672.18,814.74
2026-01-12 18:59:59,XPQ-01 Main,2026-01-12 18:59:00,1256.27,75.53,3.808995,474.26,1261.18,342.85,224.37,259.26,75.62,4.203372,474.67,1253.01,346.24,222.77,264.7,76.51,3.934146,474.61,1254.61,342.84,228.72,255.21,74.47,3.29273533333333,473.49,1031.94,675.86,779.18
2026-01-12 19:00:59,XPQ-01 Main,2026-01-12 19:00:00,1249.44,75.9,3.9423283333333297,474.34,1256.26,341.8,218.64,262.69,76.86,4.47003866666667,474.7,1258.58,347.58,224.32,265.39,76.37,4.134146,474.36,1233.46,337.18,224.92,250.98,74.47,3.22606866666667,473.96,1026.55,667.88,779.06
2026-01-12 19:01:59,XPQ-01 Main,2026-01-12 19:01:00,1267.03,76.3,3.9556616666666704,474.07,1272.63,346.05,219.72,267.11,77.23,4.47003866666667,474.58,1276.17,352.34,225.42,270.79,76.86,4.00081266666667,474.09,1252.29,342.03,226.9,255.85,74.82,3.39273533333333,473.55,1040.42,672.04,793.74
2026-01-12 19:02:59,XPQ-01 Main,2026-01-12 19:02:00,1250.26,75.67,3.8556616666666703,473.91,1254.46,340.76,220.15,259.62,76.27,4.303372,474.45,1255.43,346.75,223.14,264.5,76.43,3.96747933333333,474.26,1240.89,338.75,226.57,251.58,74.31,3.29273533333333,473.01,1026.27,669.86,775.7
2026-01-12 19:03:59,XPQ-01 Main,2026-01-12 19:03:00,1282.52,76.85,4.078995,473.8,1285.85,349.44,218.94,271.9,77.89,4.53670533333333,474.33,1295.52,357.5,226.09,276.3,77.39,3.934146,473.83,1266.19,345.62,227.31,259.87,75.27,3.759402,473.25,1052.55,672.35,808.06
2026-01-12 19:04:59,XPQ-01 Main,2026-01-12 19:04:00,1325.77,76.67,3.7223283333333295,474.05,1330.11,361.5,230.74,278.32,76.99,4.203372,474.46,1326.89,366.43,231.47,283.95,77.51,3.70081266666667,474.31,1320.32,360.65,236.37,272.14,75.5,3.259402,473.38,1088.58,698.58,834.41
2026-01-12 19:05:59,XPQ-01 Main,2026-01-12 19:05:00,1169.1,72.92,3.9423283333333297,475.19,1178.21,321.11,216.33,237.2,73.89,4.63670533333333,475.6,1175.85,325.38,221.28,238.4,73.29,3.96747933333333,475.25,1153.22,315.76,220.38,225.87,71.58,3.22606866666667,474.72,962.25,657.99,701.47
2026-01-12 19:06:59,XPQ-01 Main,2026-01-12 19:06:00,1058.96,69.03,3.9556616666666704,476.17,1061.18,289.73,209.05,200.47,69.21,4.403372,476.81,1058.34,293.69,209.0,205.97,70.19,3.96747933333333,476.41,1057.38,289.96,213.33,196.21,67.7,3.49273533333333,475.3,873.39,631.38,602.66
2026-01-12 19:07:59,XPQ-01 Main,2026-01-12 19:07:00,1024.68,67.28,4.12232833333333,476.33,1027.11,280.54,206.59,189.6,67.62,4.67003866666667,476.97,1025.29,284.6,207.49,194.51,68.39,4.00081266666667,476.54,1021.65,280.26,210.93,184.5,65.84,3.6927353333333297,475.48,845.4,625.01,568.61
2026-01-12 19:08:59,XPQ-01 Main,2026-01-12 19:08:00,1068.04,67.59,3.998995,475.54,1076.4,293.63,214.0,200.88,68.44,4.47003866666667,476.21,1071.81,296.93,217.47,202.18,68.09,4.134146,475.55,1055.89,289.16,216.49,191.46,66.25,3.39273533333333,474.86,879.71,647.96,594.52
2026-01-12 19:09:59,XPQ-01 Main,2026-01-12 19:09:00,1093.56,69.08,3.9423283333333297,475.47,1094.67,298.44,214.14,207.6,69.6,4.303372,476.1,1097.95,304.21,216.42,213.07,70.14,3.934146,475.67,1088.06,297.94,219.78,201.07,67.49,3.59273533333333,474.63,900.6,650.34,621.74
2026-01-12 19:10:59,XPQ-01 Main,2026-01-12 19:10:00,1090.11,68.7,4.198995,475.62,1091.24,297.64,215.16,205.68,69.1,4.403372,476.15,1093.06,302.87,216.72,211.14,69.78,4.46747933333333,475.78,1086.03,297.54,220.21,199.83,67.2,3.7260686666666705,474.93,898.05,652.09,616.64
2026-01-12 19:11:59,XPQ-01 Main,2026-01-12 19:11:00,1071.82,68.48,4.02232833333333,475.49,1073.03,292.53,212.26,201.29,68.81,4.43670533333333,476.0,1073.29,297.35,213.25,206.99,69.65,4.334146,475.73,1069.12,292.84,217.41,196.1,66.98,3.29273533333333,474.74,882.73,642.92,604.37
2026-01-12 19:12:59,XPQ-01 Main,2026-01-12 19:12:00,1067.46,67.81,4.14232833333333,475.49,1070.91,292.08,211.48,201.41,68.97,4.63670533333333,475.97,1077.39,298.35,217.41,204.12,68.45,4.26747933333333,475.53,1054.08,288.75,216.77,190.49,66.01,3.52606866666667,474.99,879.18,645.66,596.02
2026-01-12 19:13:59,XPQ-01 Main,2026-01-12 19:13:00,1105.47,68.89,4.16566166666667,475.34,1108.23,302.1,216.05,211.1,69.89,4.503372,475.71,1114.63,308.54,221.26,214.6,69.62,4.16747933333333,475.48,1093.55,299.53,221.71,200.99,67.16,3.8260686666666706,474.83,910.18,659.02,626.69
2026-01-12 19:14:59,XPQ-01 Main,2026-01-12 19:14:00,1149.49,67.62,3.8123283333333298,474.73,1151.8,313.74,228.91,214.12,68.31,4.403372,475.5,1154.99,319.42,232.39,218.91,68.57,3.8674793333333297,474.64,1141.68,312.04,234.4,205.83,65.98,3.159402,474.05,945.21,695.71,638.86
2026-01-12 19:15:59,XPQ-01 Main,2026-01-12 19:15:00,1189.7,66.54,4.23232833333333,474.04,1193.18,324.55,237.83,220.54,67.99,4.83670533333333,474.59,1204.53,332.45,246.56,223.04,67.09,4.26747933333333,473.9,1171.4,319.87,244.25,206.28,64.52,3.59273533333333,473.61,976.86,728.65,649.86
2026-01-12 19:16:59,XPQ-01 Main,2026-01-12 19:16:00,1232.93,68.79,4.098995,473.62,1232.86,334.86,239.33,234.12,69.93,4.57003866666667,474.15,1246.61,343.93,246.59,239.32,69.64,4.20081266666667,473.75,1219.33,332.69,247.51,222.23,66.81,3.52606866666667,472.97,1011.48,733.42,695.67
2026-01-12 19:17:59,XPQ-01 Main,2026-01-12 19:17:00,1225.54,68.94,4.108995,473.86,1224.92,332.92,237.8,233.01,69.99,4.47003866666667,474.36,1238.21,341.72,244.53,238.53,69.83,4.234146,473.94,1213.48,331.28,245.81,221.82,66.99,3.62606866666667,473.3,1005.92,728.14,693.35
2026-01-12 19:18:59,XPQ-01 Main,2026-01-12 19:18:00,1204.4,67.18,4.098995,473.49,1207.2,327.88,238.25,225.17,68.69,4.403372,473.96,1220.99,336.66,247.6,227.81,67.71,4.26747933333333,473.49,1185.0,323.26,245.04,210.4,65.15,3.6260686666666704,473.02,987.8,730.89,663.39
2026-01-12 19:19:59,XPQ-01 Main,2026-01-12 19:19:00,1281.36,71.82,3.9423283333333297,473.75,1283.8,348.73,240.89,252.18,72.31,4.403372,474.13,1285.69,354.76,243.26,258.0,72.76,4.00081266666667,473.98,1274.58,347.97,247.04,244.7,70.37,3.42606866666667,473.15,1051.46,731.18,754.88
2026-01-12 19:20:59,XPQ-01 Main,2026-01-12 19:20:00,1285.77,72.42,3.988995,473.16,1286.86,349.29,236.42,256.98,73.59,4.57003866666667,473.64,1300.78,358.39,244.45,261.86,73.1,4.10081266666667,473.14,1269.66,346.13,245.1,244.06,70.56,3.29273533333333,472.71,1053.8,725.96,762.91
2026-01-12 19:21:59,XPQ-01 Main,2026-01-12 19:21:00,1298.08,72.98,3.788995,472.99,1300.69,353.01,237.16,261.07,74.02,4.13670533333333,473.64,1309.97,360.81,243.92,265.65,73.66,3.90081266666667,472.83,1283.6,349.66,244.98,248.89,71.27,3.32606866666667,472.49,1063.49,726.06,775.62
2026-01-12 19:22:59,XPQ-01 Main,2026-01-12 19:22:00,1271.43,71.89,3.96566166666667,473.37,1272.5,345.54,236.86,251.42,72.79,4.47003866666667,473.7,1282.5,353.4,242.29,256.42,72.69,3.834146,473.37,1259.28,343.55,244.27,240.81,70.21,3.59273533333333,473.04,1042.49,723.42,748.65
2026-01-12 19:23:59,XPQ-01 Main,2026-01-12 19:23:00,1283.38,71.67,3.96566166666667,473.08,1282.53,347.93,240.85,250.78,72.12,4.47003866666667,473.69,1287.92,355.01,243.25,258.39,72.81,4.134146,473.23,1279.68,348.68,248.77,244.28,70.06,3.29273533333333,472.31,1051.62,732.87,753.45
2026-01-12 19:24:59,XPQ-01 Main,2026-01-12 19:24:00,1270.76,72.05,3.8656616666666705,472.79,1269.14,343.97,236.94,249.38,72.5,4.33670533333333,473.1,1275.77,351.35,239.23,257.03,73.2,3.934146,473.13,1267.36,345.34,244.88,243.13,70.46,3.32606866666667,472.14,1040.65,721.05,749.54
2026-01-12 19:25:59,XPQ-01 Main,2026-01-12 19:25:00,1288.47,72.05,3.63232833333333,472.48,1289.87,349.49,239.37,254.59,72.85,4.003372,472.77,1297.66,357.0,244.22,260.0,72.89,3.70081266666667,472.63,1277.86,347.97,246.89,244.83,70.41,3.19273533333333,472.03,1054.46,730.47,759.41
2026-01-12 19:26:59,XPQ-01 Main,2026-01-12 19:26:00,1185.26,73.51,3.93232833333333,473.72,1186.9,322.33,216.7,238.45,74.0,4.33670533333333,473.93,1190.21,328.34,218.74,243.83,74.44,3.90081266666667,474.0,1178.68,321.86,222.77,231.77,72.1,3.559402,473.21,972.53,658.21,714.05
2026-01-12 19:27:59,XPQ-01 Main,2026-01-12 19:27:00,1169.16,72.13,4.098995,473.43,1170.48,317.84,217.27,231.94,72.98,4.603372,473.79,1177.66,324.63,221.86,236.72,72.96,4.034146,473.48,1159.35,316.29,224.28,222.62,70.45,3.659402,473.02,958.75,663.41,691.28
2026-01-12 19:28:59,XPQ-01 Main,2026-01-12 19:28:00,1139.15,72.26,4.178995,474.01,1140.3,309.86,211.82,226.05,72.97,4.503372,474.27,1146.5,316.53,215.43,230.98,73.13,4.30081266666667,474.33,1130.66,308.9,218.22,218.05,70.68,3.7260686666666705,473.43,935.28,645.47,675.08
2026-01-12 19:29:59,XPQ-01 Main,2026-01-12 19:29:00,1158.47,72.55,4.16566166666667,473.5,1165.97,316.76,214.57,232.75,73.52,4.73670533333333,473.95,1165.88,321.38,219.52,234.31,72.98,4.16747933333333,473.4,1143.57,311.98,218.81,221.51,71.14,3.59273533333333,473.15,950.12,652.9,688.57
2026-01-12 19:30:59,XPQ-01 Main,2026-01-12 19:30:00,1184.98,72.44,3.96566166666667,473.35,1182.89,321.14,218.98,234.58,73.1,4.47003866666667,474.0,1192.65,328.91,222.84,241.77,73.53,3.90081266666667,473.43,1179.38,321.51,227.37,227.16,70.68,3.52606866666667,472.62,971.56,669.19,703.52
2026-01-12 19:31:59,XPQ-01 Main,2026-01-12 19:31:00,1129.58,71.17,4.178995,473.45,1129.49,306.77,213.13,220.36,71.88,4.703372,473.91,1136.81,313.39,216.81,225.71,72.12,4.10081266666667,473.44,1122.45,306.18,219.79,212.48,69.5,3.7260686666666705,473.01,926.34,649.73,658.55
2026-01-12 19:32:59,XPQ-01 Main,2026-01-12 19:32:00,1131.69,71.9,4.13232833333333,472.96,1134.83,307.73,211.86,223.03,72.5,4.47003866666667,473.2,1136.92,313.12,214.37,226.6,72.64,4.20081266666667,473.19,1123.32,306.23,216.4,215.39,70.55,3.7260686666666705,472.48,927.09,642.63,665.01
2026-01-12 19:33:59,XPQ-01 Main,2026-01-12 19:33:00,1203.65,73.95,4.25232833333333,473.33,1205.43,327.23,219.18,242.64,74.21,4.67003866666667,473.93,1204.3,332.1,219.57,248.95,75.0,4.26747933333333,473.46,1201.23,327.49,225.03,237.81,72.64,3.8260686666666706,472.61,986.81,663.78,729.41
2026-01-12 19:34:59,XPQ-01 Main,2026-01-12 19:34:00,1151.2,71.84,4.198995,473.16,1152.57,312.63,213.5,228.2,73.02,4.73670533333333,473.51,1164.79,321.05,220.77,232.54,72.52,4.06747933333333,473.45,1136.25,309.82,221.26,216.71,69.97,3.79273533333333,472.52,943.5,655.53,677.45
2026-01-12 19:35:59,XPQ-01 Main,2026-01-12 19:35:00,1106.13,71.24,4.76566166666667,473.63,1106.56,300.65,207.26,217.24,72.35,5.23670533333333,474.21,1117.76,308.34,213.68,221.78,72.01,4.834146,473.6,1094.06,298.47,214.79,206.82,69.36,4.22606866666667,473.07,907.46,635.73,645.84
2026-01-12 19:36:59,XPQ-01 Main,2026-01-12 19:36:00,1165.89,73.17,3.88566166666667,473.74,1162.71,315.93,211.03,234.34,74.31,4.27003866666667,474.46,1181.28,326.08,218.62,240.86,74.05,4.06747933333333,473.8,1153.67,314.71,220.78,223.6,71.16,3.32606866666667,472.96,956.72,650.43,698.8
2026-01-12 19:37:59,XPQ-01 Main,2026-01-12 19:37:00,1162.57,72.4,4.36566166666667,473.61,1161.54,315.36,214.29,231.03,73.32,4.97003866666667,473.82,1174.01,323.82,219.84,236.84,73.29,4.40081266666667,473.92,1152.17,314.55,222.4,221.69,70.6,3.7260686666666705,473.08,953.72,656.53,689.56
2026-01-12 19:38:59,XPQ-01 Main,2026-01-12 19:38:00,1133.17,72.26,4.098995,473.93,1132.38,307.93,209.32,225.26,73.25,4.67003866666667,474.61,1144.67,315.96,215.22,230.61,73.11,4.10081266666667,473.8,1122.46,306.34,217.16,215.38,70.42,3.52606866666667,473.37,930.23,641.7,671.25
2026-01-12 19:39:59,XPQ-01 Main,2026-01-12 19:39:00,1136.68,72.13,3.998995,474.05,1138.04,309.23,210.61,226.22,73.19,4.503372,474.39,1148.69,317.25,216.97,230.82,72.86,4.06747933333333,474.43,1123.3,306.88,217.98,215.76,70.35,3.42606866666667,473.34,933.35,645.56,672.8
2026-01-12 19:40:59,XPQ-01 Main,2026-01-12 19:40:00,1154.28,72.74,3.9556616666666704,473.58,1155.27,313.6,212.24,230.63,73.58,4.57003866666667,473.97,1163.94,321.17,217.05,235.88,73.59,3.80081266666667,473.95,1143.64,312.09,219.52,221.66,71.05,3.49273533333333,472.82,946.86,648.81,688.17
2026-01-12 19:41:59,XPQ-01 Main,2026-01-12 19:41:00,1147.53,71.97,4.24232833333333,473.63,1144.7,310.87,212.29,226.97,73.03,4.63670533333333,473.88,1161.17,320.24,218.92,233.12,72.9,4.334146,473.84,1136.72,310.32,221.33,216.91,69.99,3.759402,473.18,941.43,652.54,677.0
2026-01-12 19:42:59,XPQ-01 Main,2026-01-12 19:42:00,1140.49,71.69,4.25566166666667,474.32,1136.38,309.04,212.66,223.57,72.46,4.703372,474.99,1151.55,318.34,217.42,231.04,72.83,4.36747933333333,474.54,1133.53,309.62,221.61,215.87,69.78,3.6927353333333297,473.42,937.01,651.68,670.48
2026-01-12 19:43:59,XPQ-01 Main,2026-01-12 19:43:00,1133.55,71.65,4.08566166666667,474.04,1134.77,308.52,211.75,224.13,72.69,4.57003866666667,474.34,1145.34,316.11,217.76,228.25,72.35,4.134146,474.13,1120.56,306.14,218.55,213.64,69.9,3.559402,473.65,930.76,648.06,666.02
2026-01-12 19:44:59,XPQ-01 Main,2026-01-12 19:44:00,1162.51,72.44,4.03232833333333,474.1,1163.18,316.24,213.58,232.43,73.63,4.47003866666667,474.72,1176.63,325.04,221.2,237.39,73.16,3.96747933333333,474.25,1147.74,313.4,222.08,220.9,70.52,3.659402,473.34,954.68,656.86,690.72
2026-01-12 19:45:59,XPQ-01 Main,2026-01-12 19:45:00,1155.8,72.18,3.8123283333333298,473.55,1156.53,314.26,214.0,229.7,73.17,4.37003866666667,474.1,1167.2,321.82,219.78,234.25,72.93,3.834146,473.41,1143.68,311.97,221.07,219.39,70.44,3.22606866666667,473.14,948.05,654.85,683.34
2026-01-12 19:46:59,XPQ-01 Main,2026-01-12 19:46:00,1137.92,72.02,4.118995,474.03,1136.96,309.28,211.3,225.18,72.92,4.57003866666667,474.68,1148.34,316.98,216.43,230.64,72.92,4.16747933333333,473.84,1128.47,308.07,218.97,215.96,70.22,3.62606866666667,473.56,934.33,646.7,671.79
2026-01-12 19:47:59,XPQ-01 Main,2026-01-12 19:47:00,1162.5,72.64,4.13232833333333,474.23,1164.52,316.69,213.24,234.04,73.92,4.63670533333333,474.64,1177.34,325.18,221.16,237.97,73.25,4.16747933333333,474.36,1145.64,313.05,221.11,221.37,70.75,3.59273533333333,473.69,954.92,655.51,693.38
2026-01-12 19:48:59,XPQ-01 Main,2026-01-12 19:48:00,1171.58,72.25,4.13232833333333,473.58,1169.62,317.55,218.0,230.88,72.71,4.603372,474.0,1177.46,324.87,220.45,238.24,73.4,4.20081266666667,473.88,1167.67,318.62,225.42,224.89,70.63,3.59273533333333,472.87,961.04,663.87,694.02
2026-01-12 19:49:59,XPQ-01 Main,2026-01-12 19:49:00,1122.13,71.41,4.298995,474.18,1119.75,304.46,210.04,220.21,72.36,4.703372,474.5,1134.28,313.22,215.57,226.07,72.37,4.334146,474.37,1112.34,303.98,218.19,210.88,69.5,3.859402,473.69,921.66,643.81,657.16
2026-01-12 19:50:59,XPQ-01 Main,2026-01-12 19:50:00,1141.58,71.67,4.098995,474.37,1140.67,310.37,213.9,224.67,72.43,4.503372,474.78,1150.6,317.82,218.15,230.49,72.63,4.16747933333333,474.43,1133.46,309.8,221.06,216.38,69.95,3.6260686666666704,473.9,937.99,653.11,671.54
2026-01-12 19:51:59,XPQ-01 Main,2026-01-12 19:51:00,1136.37,71.38,4.118995,474.1,1140.42,310.0,213.23,224.94,72.57,4.53670533333333,474.46,1147.98,317.02,220.1,227.93,71.94,4.26747933333333,474.34,1120.71,306.18,219.66,213.18,69.64,3.559402,473.51,933.19,652.99,666.04
2026-01-12 19:52:59,XPQ-01 Main,2026-01-12 19:52:00,1125.96,70.9,4.11232833333333,473.92,1131.5,307.57,212.95,221.69,72.12,4.403372,474.47,1136.56,313.76,219.76,223.9,71.37,4.26747933333333,473.98,1109.81,302.96,218.56,209.66,69.23,3.659402,473.32,924.29,651.28,655.26
2026-01-12 19:53:59,XPQ-01 Main,2026-01-12 19:53:00,1101.47,70.84,4.378995,474.54,1105.6,300.85,208.28,216.92,72.13,4.803372,475.03,1113.93,307.92,215.68,219.57,71.34,4.36747933333333,474.69,1084.87,296.59,214.53,204.73,69.04,3.959402,473.89,905.36,638.49,641.22
2026-01-12 19:54:59,XPQ-01 Main,2026-01-12 19:54:00,1115.38,70.61,4.03232833333333,474.61,1121.97,305.43,212.23,219.61,71.91,4.33670533333333,474.94,1126.76,311.34,219.34,220.85,70.95,4.06747933333333,474.65,1097.41,300.17,217.17,206.82,68.96,3.6927353333333297,474.24,916.94,648.74,647.28
2026-01-12 19:55:59,XPQ-01 Main,2026-01-12 19:55:00,1117.4,70.76,4.15232833333333,474.23,1119.14,304.39,213.17,217.02,71.34,4.503372,474.73,1122.17,309.96,215.81,222.02,71.71,4.334146,474.32,1110.88,303.48,218.79,209.86,69.22,3.6260686666666704,473.62,917.83,647.77,648.89
2026-01-12 19:56:59,XPQ-01 Main,2026-01-12 19:56:00,1123.51,71.34,4.098995,474.3,1128.62,306.97,210.95,222.87,72.63,4.43670533333333,474.72,1135.72,313.74,218.22,225.1,71.8,4.26747933333333,474.45,1106.18,302.31,217.02,210.3,69.59,3.59273533333333,473.73,923.02,646.19,658.27
2026-01-12 19:57:59,XPQ-01 Main,2026-01-12 19:57:00,1062.19,69.12,3.998995,474.96,1072.39,292.26,208.23,204.72,70.11,4.43670533333333,475.56,1067.08,295.12,212.28,204.73,69.42,4.16747933333333,474.82,1047.08,286.44,210.36,194.14,67.82,3.39273533333333,474.49,873.82,630.86,603.59
2026-01-12 19:58:59,XPQ-01 Main,2026-01-12 19:58:00,1042.32,69.5,4.34232833333333,475.0,1049.2,285.86,203.13,200.72,70.29,4.83670533333333,475.45,1046.93,289.6,206.21,202.41,70.05,4.46747933333333,475.06,1030.83,282.1,206.16,191.98,68.15,3.7260686666666705,474.5,857.56,615.49,595.11
2026-01-12 19:59:59,XPQ-01 Main,2026-01-12 19:59:00,978.52,72.12,4.03232833333333,476.64,975.44,266.63,182.93,193.71,72.7,4.33670533333333,477.22,985.45,273.66,185.77,200.41,73.34,4.20081266666667,476.78,974.67,267.57,190.29,188.12,70.31,3.559402,475.92,807.87,558.99,582.24
2026-01-12 20:00:59,XPQ-01 Main,2026-01-12 20:00:00,902.22,75.0,4.01232833333333,477.76,901.25,246.96,163.06,185.21,75.06,4.37003866666667,478.47,901.4,250.96,162.15,191.41,76.3,4.10081266666667,477.85,904.02,248.69,168.19,183.07,73.64,3.559402,476.96,746.6,493.41,559.7
2026-01-12 20:01:59,XPQ-01 Main,2026-01-12 20:01:00,889.05,73.37,4.34232833333333,477.76,888.1,243.41,164.28,179.19,73.71,5.07003866666667,478.42,891.8,248.21,165.02,184.74,74.58,4.40081266666667,477.75,887.24,244.1,169.78,175.21,71.81,3.559402,477.12,735.72,499.09,539.14
2026-01-12 20:02:59,XPQ-01 Main,2026-01-12 20:02:00,899.58,74.86,4.24232833333333,477.87,900.5,246.79,162.37,185.49,75.24,4.73670533333333,478.39,902.31,251.18,163.25,190.28,75.89,4.50081266666667,477.98,895.93,246.62,167.33,181.07,73.44,3.49273533333333,477.23,744.59,492.95,556.83
2026-01-12 20:03:59,XPQ-01 Main,2026-01-12 20:03:00,813.98,78.51,4.31232833333333,478.56,809.57,222.29,136.32,175.32,78.94,4.73670533333333,479.09,819.6,228.4,137.4,181.7,79.76,4.30081266666667,478.46,812.77,224.04,143.27,171.96,76.83,3.89273533333333,478.11,674.73,416.99,528.98
2026-01-12 20:04:59,XPQ-01 Main,2026-01-12 20:04:00,829.81,78.42,4.08566166666667,479.01,824.57,226.54,138.66,178.89,79.04,4.77003866666667,479.4,837.54,233.64,140.93,185.74,79.66,4.06747933333333,479.1,827.3,228.33,146.76,174.66,76.56,3.42606866666667,478.53,688.5,426.36,539.29
2026-01-12 20:05:59,XPQ-01 Main,2026-01-12 20:05:00,822.51,78.95,4.108995,478.86,821.28,225.63,136.58,179.37,79.56,4.73670533333333,479.38,828.21,230.96,138.6,184.32,79.92,4.06747933333333,478.8,818.03,225.64,142.88,174.46,77.36,3.52606866666667,478.39,682.22,418.07,538.15
2026-01-12 20:06:59,XPQ-01 Main,2026-01-12 20:06:00,810.73,78.48,4.108995,479.15,807.65,222.07,135.84,175.44,79.07,4.47003866666667,479.74,816.35,227.77,137.78,181.19,79.6,4.30081266666667,478.98,808.18,223.02,142.82,171.1,76.77,3.559402,478.72,672.86,416.44,527.73
2026-01-12 20:07:59,XPQ-01 Main,2026-01-12 20:07:00,816.52,77.47,4.298995,478.56,817.08,224.43,139.39,175.57,78.32,4.83670533333333,479.1,823.23,229.34,142.68,179.31,78.25,4.16747933333333,478.3,809.24,223.06,145.17,168.9,75.84,3.89273533333333,478.28,676.83,427.24,523.78
2026-01-12 20:08:59,XPQ-01 Main,2026-01-12 20:08:00,821.58,77.88,4.03232833333333,478.93,819.59,225.24,138.58,177.18,78.77,4.803372,479.45,830.62,231.62,142.38,182.13,78.78,3.834146,478.78,814.53,224.7,145.68,170.76,76.08,3.459402,478.55,681.56,426.64,530.08
2026-01-12 20:09:59,XPQ-01 Main,2026-01-12 20:09:00,813.12,77.84,4.14566166666667,477.96,811.34,222.53,136.83,175.1,78.8,4.703372,478.49,822.18,228.8,140.95,179.89,78.72,4.26747933333333,477.78,805.85,221.85,143.95,168.45,76.02,3.459402,477.59,673.18,421.73,523.44
2026-01-12 20:10:59,XPQ-01 Main,2026-01-12 20:10:00,797.67,78.28,3.9223283333333296,478.86,796.88,218.99,133.56,173.21,79.19,4.53670533333333,479.49,805.58,224.63,137.24,177.56,79.12,3.7674793333333296,478.65,790.54,218.01,140.18,166.7,76.54,3.459402,478.44,661.63,410.98,517.47
2026-01-12 20:11:59,XPQ-01 Main,2026-01-12 20:11:00,819.94,79.27,3.988995,479.26,817.13,224.68,136.16,178.51,79.51,4.503372,479.73,822.11,229.42,136.08,184.54,80.48,4.134146,479.2,820.57,226.55,142.13,176.1,77.82,3.32606866666667,478.84,680.64,414.37,539.15
2026-01-12 20:12:59,XPQ-01 Main,2026-01-12 20:12:00,822.76,78.25,4.33232833333333,479.06,819.86,225.39,138.29,177.74,78.92,5.003372,479.59,829.35,231.32,140.8,183.35,79.31,4.40081266666667,478.9,819.06,226.01,145.42,172.78,76.51,3.59273533333333,478.7,682.73,424.51,533.87
2026-01-12 20:13:59,XPQ-01 Main,2026-01-12 20:13:00,820.7,79.32,3.8756616666666703,479.55,817.03,224.76,134.05,180.31,80.25,4.47003866666667,479.92,831.31,232.1,138.26,186.1,80.27,4.06747933333333,479.54,813.77,224.86,142.13,173.99,77.45,3.09273533333333,479.18,681.72,414.43,540.41
2026-01-12 20:14:59,XPQ-01 Main,2026-01-12 20:14:00,806.59,78.5,3.788995,479.47,803.11,220.82,136.85,173.11,78.45,4.37003866666667,479.95,806.1,225.16,135.06,179.71,79.94,3.80081266666667,479.64,810.55,223.88,142.41,172.5,77.12,3.19273533333333,478.83,669.86,414.32,525.33
2026-01-12 20:15:59,XPQ-01 Main,2026-01-12 20:15:00,822.84,79.36,3.97566166666667,479.23,820.15,225.51,136.87,179.06,79.45,4.67003866666667,479.78,823.26,229.75,135.76,185.19,80.65,4.034146,479.14,825.11,227.76,142.41,177.41,77.98,3.22606866666667,478.78,683.02,415.04,541.66
2026-01-12 20:16:59,XPQ-01 Main,2026-01-12 20:16:00,811.49,77.46,4.06566166666667,479.12,808.95,222.27,139.76,172.62,77.72,4.703372,479.47,814.11,227.17,139.92,178.45,78.69,3.934146,479.28,811.4,224.0,145.5,169.95,75.96,3.559402,478.61,673.44,425.18,521.02
2026-01-12 20:17:59,XPQ-01 Main,2026-01-12 20:17:00,828.52,80.46,4.198995,479.23,827.2,227.51,132.23,184.79,81.32,4.37003866666667,479.88,837.61,233.73,136.08,189.72,81.26,4.30081266666667,479.0,820.76,226.52,139.27,178.31,78.81,3.92606866666667,478.82,687.76,407.59,552.81
2026-01-12 20:18:59,XPQ-01 Main,2026-01-12 20:18:00,822.0,79.51,3.7756616666666702,479.61,821.1,225.86,136.39,179.64,79.64,4.37003866666667,480.03,822.96,229.87,135.68,184.96,80.63,3.7674793333333296,479.7,821.94,227.12,141.25,177.46,78.24,3.19273533333333,479.1,682.85,413.32,542.05
2026-01-12 20:19:59,XPQ-01 Main,2026-01-12 20:19:00,802.45,77.9,3.9423283333333297,478.84,802.48,220.39,136.03,173.0,78.61,4.43670533333333,479.2,808.19,225.36,138.6,177.25,78.78,4.06747933333333,478.94,796.68,219.81,141.85,167.49,76.31,3.32606866666667,478.39,665.56,416.48,517.74
2026-01-12 20:20:59,XPQ-01 Main,2026-01-12 20:20:00,823.42,78.57,3.888995,479.43,826.62,227.42,138.41,180.24,79.31,4.27003866666667,479.92,828.37,231.2,141.08,182.9,79.18,3.934146,479.27,815.29,225.17,142.86,173.66,77.23,3.459402,479.12,683.8,422.34,536.79
2026-01-12 20:21:59,XPQ-01 Main,2026-01-12 20:21:00,889.37,77.58,4.37566166666667,478.18,892.75,244.79,154.13,189.98,77.66,4.803372,478.54,886.97,247.03,152.74,193.66,78.52,4.234146,478.37,888.38,244.78,157.3,187.21,76.56,4.09273533333333,477.64,736.6,464.17,570.85
2026-01-12 20:22:59,XPQ-01 Main,2026-01-12 20:22:00,916.86,74.45,4.108995,477.39,916.65,251.07,165.07,188.7,75.27,4.57003866666667,477.9,924.79,257.08,168.64,193.27,75.35,4.26747933333333,477.33,909.15,250.01,171.44,181.71,72.74,3.49273533333333,476.95,758.16,505.14,563.68
2026-01-12 20:23:59,XPQ-01 Main,2026-01-12 20:23:00,915.37,75.45,4.02232833333333,477.11,916.38,250.67,163.17,189.81,75.83,4.37003866666667,477.71,918.38,255.37,164.1,194.63,76.45,4.06747933333333,477.36,911.35,250.42,168.15,185.3,74.06,3.62606866666667,476.24,756.45,495.41,569.74
2026-01-12 20:24:59,XPQ-01 Main,2026-01-12 20:24:00,958.75,77.41,4.27566166666667,477.22,959.12,262.57,165.45,203.7,77.62,4.603372,477.79,959.54,266.7,165.26,209.03,78.45,4.20081266666667,477.22,957.59,263.22,170.38,200.23,76.16,4.02606866666667,476.66,792.49,501.1,612.96
2026-01-12 20:25:59,XPQ-01 Main,2026-01-12 20:25:00,932.86,76.04,4.11232833333333,477.44,935.67,256.25,164.3,196.4,76.7,4.57003866666667,477.8,937.86,260.7,166.73,199.74,76.77,4.10081266666667,477.44,925.06,254.5,169.05,189.75,74.67,3.659402,477.07,771.45,500.08,585.89
2026-01-12 20:26:59,XPQ-01 Main,2026-01-12 20:26:00,906.66,75.26,4.378995,477.01,911.2,249.24,161.84,189.25,76.0,4.903372,477.51,911.65,253.34,164.62,191.86,75.89,4.40081266666667,477.19,897.13,246.52,166.03,182.06,73.89,3.8260686666666706,476.34,749.11,492.5,563.17
2026-01-12 20:27:59,XPQ-01 Main,2026-01-12 20:27:00,819.26,73.83,3.898995,478.14,819.53,224.67,150.48,166.09,74.11,4.33670533333333,478.52,821.3,228.75,150.64,170.61,74.96,3.934146,478.37,816.96,225.07,154.87,162.64,72.42,3.42606866666667,477.53,678.5,455.99,499.35
2026-01-12 20:28:59,XPQ-01 Main,2026-01-12 20:28:00,876.68,73.28,4.23232833333333,477.36,878.8,240.7,162.16,177.25,73.78,4.67003866666667,477.81,879.83,244.52,163.5,180.72,74.15,4.26747933333333,477.27,871.42,239.65,166.17,171.93,71.91,3.759402,477.01,724.88,491.84,529.9
2026-01-12 20:29:59,XPQ-01 Main,2026-01-12 20:29:00,851.79,72.74,4.25566166666667,477.21,851.52,233.06,157.14,171.81,73.79,4.603372,477.69,861.25,239.39,161.79,175.84,73.59,4.234146,477.3,842.6,231.63,163.41,163.94,70.83,3.92606866666667,476.64,704.09,482.34,511.59
2026-01-12 20:30:59,XPQ-01 Main,2026-01-12 20:30:00,782.71,74.27,4.32232833333333,478.53,778.53,213.77,141.8,159.68,74.77,4.93670533333333,478.94,787.99,219.52,143.42,165.58,75.59,4.30081266666667,478.43,781.59,215.48,148.24,155.87,72.46,3.7260686666666705,478.22,648.77,433.47,481.13
2026-01-12 20:31:59,XPQ-01 Main,2026-01-12 20:31:00,779.71,75.36,4.078995,478.79,777.1,213.38,139.3,161.05,75.63,4.63670533333333,479.02,782.71,218.18,139.62,166.76,76.67,4.00081266666667,478.91,779.32,215.06,144.96,158.37,73.77,3.59273533333333,478.44,646.62,423.88,486.19
2026-01-12 20:32:59,XPQ-01 Main,2026-01-12 20:32:00,758.37,77.18,4.27566166666667,478.55,754.74,207.24,130.76,160.31,77.49,4.83670533333333,478.96,761.93,212.26,131.21,166.2,78.49,4.234146,478.43,758.43,209.11,136.69,157.74,75.57,3.759402,478.24,628.61,398.66,484.25
2026-01-12 20:33:59,XPQ-01 Main,2026-01-12 20:33:00,780.92,76.73,4.14232833333333,478.35,775.91,213.0,135.81,163.78,76.98,4.67003866666667,478.95,783.9,218.35,136.03,170.54,78.18,4.134146,478.19,782.95,215.7,142.45,161.66,75.03,3.6260686666666704,477.92,647.04,414.28,495.98
2026-01-12 20:34:59,XPQ-01 Main,2026-01-12 20:34:00,767.02,76.42,4.14232833333333,478.31,761.88,209.13,134.13,159.83,76.6,4.53670533333333,478.91,770.29,214.54,134.08,166.67,77.92,4.134146,478.13,768.88,211.8,140.55,158.08,74.73,3.759402,477.9,635.47,408.75,484.58
2026-01-12 20:35:59,XPQ-01 Main,2026-01-12 20:35:00,772.5,77.84,3.9523283333333294,478.78,764.42,209.94,131.12,163.8,78.07,4.503372,479.07,777.47,216.7,131.36,171.61,79.41,3.90081266666667,478.79,775.62,214.01,138.67,162.37,76.04,3.459402,478.48,640.65,401.16,497.79
2026-01-12 20:36:59,XPQ-01 Main,2026-01-12 20:36:00,794.08,77.23,3.908995,478.67,788.65,216.6,135.88,168.27,77.8,4.27003866666667,479.28,800.99,223.3,137.84,174.91,78.54,3.8674793333333297,478.57,792.58,218.5,143.53,164.54,75.36,3.59273533333333,478.16,658.39,417.25,507.72
2026-01-12 20:37:59,XPQ-01 Main,2026-01-12 20:37:00,768.34,77.27,4.47566166666667,478.54,766.53,210.53,132.3,163.1,77.66,5.13670533333333,478.99,771.77,214.95,133.02,168.01,78.4,4.40081266666667,478.29,766.71,211.37,137.71,159.74,75.74,3.89273533333333,478.33,636.86,403.03,490.85
2026-01-12 20:38:59,XPQ-01 Main,2026-01-12 20:38:00,773.25,77.65,4.17566166666667,478.81,771.19,211.89,131.8,165.56,78.24,4.703372,479.5,778.59,217.13,133.68,170.61,78.71,4.10081266666667,478.66,769.96,212.29,137.89,161.2,75.99,3.7260686666666705,478.27,641.3,403.37,497.37
2026-01-12 20:39:59,XPQ-01 Main,2026-01-12 20:39:00,770.79,76.11,4.34232833333333,478.54,765.69,210.26,134.7,160.93,76.68,4.87003866666667,479.16,776.65,216.43,136.61,167.47,77.49,4.40081266666667,478.38,770.04,212.21,142.22,157.26,74.17,3.759402,478.09,638.91,413.53,485.66
2026-01-12 20:40:59,XPQ-01 Main,2026-01-12 20:40:00,753.27,77.66,3.998995,478.15,751.19,206.15,127.24,161.63,78.57,4.403372,478.79,761.48,212.0,130.77,166.43,78.63,4.134146,477.89,747.14,205.73,134.14,155.76,75.77,3.459402,477.76,623.88,392.15,483.81
2026-01-12 20:41:59,XPQ-01 Main,2026-01-12 20:41:00,684.41,72.65,4.46566166666667,478.79,680.77,186.94,128.02,136.08,72.83,5.13670533333333,479.12,686.34,191.35,128.05,141.52,74.15,4.36747933333333,478.89,686.12,189.29,133.03,134.03,70.98,3.89273533333333,478.35,567.59,389.1,411.64
2026-01-12 20:42:59,XPQ-01 Main,2026-01-12 20:42:00,693.87,71.68,4.488995,478.7,692.61,190.26,132.24,136.43,71.8,5.13670533333333,479.34,693.46,193.32,131.85,141.17,73.08,4.46747933333333,478.53,695.54,191.74,136.41,134.31,70.16,3.859402,478.24,575.32,400.5,411.9
2026-01-12 20:43:59,XPQ-01 Main,2026-01-12 20:43:00,697.01,73.6,4.34232833333333,478.79,698.72,192.02,129.43,141.54,73.8,4.83670533333333,479.41,695.93,193.99,128.95,144.72,74.66,4.30081266666667,478.53,696.36,192.02,132.32,138.7,72.36,3.89273533333333,478.45,578.03,390.7,424.96
2026-01-12 20:44:59,XPQ-01 Main,2026-01-12 20:44:00,787.92,75.97,4.26566166666667,477.95,786.25,215.53,139.94,163.74,76.02,4.83670533333333,478.33,787.66,219.23,138.87,169.29,77.31,4.30081266666667,478.05,789.86,217.52,144.74,162.07,74.59,3.659402,477.46,652.27,423.55,495.1
2026-01-12 20:45:59,XPQ-01 Main,2026-01-12 20:45:00,787.53,75.43,4.28566166666667,477.91,788.62,216.23,141.31,163.47,75.65,4.67003866666667,478.33,787.84,219.22,140.9,167.25,76.48,4.334146,477.87,786.13,216.45,145.06,160.34,74.16,3.859402,477.54,651.9,427.28,491.06
2026-01-12 20:46:59,XPQ-01 Main,2026-01-12 20:46:00,800.29,75.95,3.83232833333333,477.2,800.15,219.04,140.87,167.52,76.54,4.23670533333333,477.7,804.58,223.59,142.7,171.85,76.93,3.90081266666667,477.19,796.14,218.86,146.22,162.69,74.38,3.359402,476.7,661.49,429.79,502.06
2026-01-12 20:47:59,XPQ-01 Main,2026-01-12 20:47:00,777.59,75.39,4.21232833333333,477.45,776.28,212.65,139.15,160.42,75.54,4.77003866666667,478.01,778.35,216.42,138.64,165.47,76.65,4.134146,477.38,778.14,213.99,143.79,158.1,73.98,3.72606866666667,476.97,643.06,421.58,483.99
2026-01-12 20:48:59,XPQ-01 Main,2026-01-12 20:48:00,674.44,72.3,4.85232833333333,478.8,675.37,185.52,128.3,133.75,72.17,4.87003866666667,479.1,671.75,187.22,126.41,137.36,73.58,4.76747933333333,478.75,676.19,186.57,130.83,132.48,71.15,4.92606866666667,478.55,559.31,385.54,403.58
2026-01-12 20:49:59,XPQ-01 Main,2026-01-12 20:49:00,747.06,70.07,4.76566166666667,477.22,746.59,204.42,145.64,142.67,69.98,5.17003866666667,477.86,745.46,207.21,144.21,147.5,71.5,4.66747933333333,477.15,749.13,205.87,149.37,141.27,68.71,4.459402,476.64,617.5,439.22,431.45
2026-01-12 20:50:59,XPQ-01 Main,2026-01-12 20:50:00,853.29,73.68,4.47566166666667,476.49,849.92,232.36,155.85,171.89,74.08,4.87003866666667,477.08,857.1,237.85,157.07,178.27,75.03,4.46747933333333,476.4,852.84,234.04,162.55,168.27,71.92,4.09273533333333,475.99,704.25,475.47,518.43
2026-01-12 20:51:59,XPQ-01 Main,2026-01-12 20:51:00,886.73,76.75,4.65566166666667,476.94,888.17,242.93,154.25,187.52,77.23,4.97003866666667,477.22,889.69,247.07,155.47,191.64,77.66,4.76747933333333,477.07,882.32,242.53,159.26,182.66,75.37,4.22606866666667,476.53,732.53,468.98,561.82
2026-01-12 20:52:59,XPQ-01 Main,2026-01-12 20:52:00,940.36,78.7,4.42232833333333,476.13,935.65,255.42,156.0,201.91,79.13,4.903372,476.35,946.45,262.42,157.29,209.25,79.94,4.50081266666667,476.37,938.99,257.7,164.11,198.34,77.04,3.859402,475.66,775.53,477.4,609.49
2026-01-12 20:53:59,XPQ-01 Main,2026-01-12 20:53:00,982.4,79.75,4.14566166666667,476.19,984.1,268.71,162.16,214.1,79.72,4.73670533333333,476.49,979.29,271.57,159.78,219.28,80.82,4.16747933333333,476.38,983.8,269.98,166.43,212.41,78.71,3.52606866666667,475.68,810.26,488.37,645.78
2026-01-12 20:54:59,XPQ-01 Main,2026-01-12 20:54:00,1002.92,79.86,4.04232833333333,475.6,1005.28,274.24,165.13,218.79,79.82,4.603372,476.01,998.55,276.54,162.56,223.73,80.9,4.16747933333333,475.64,1004.94,275.38,169.24,217.07,78.86,3.359402,475.15,826.16,496.92,659.59
2026-01-12 20:55:59,XPQ-01 Main,2026-01-12 20:55:00,869.16,76.38,4.178995,477.66,872.03,238.86,154.2,182.27,76.34,4.703372,478.03,865.42,240.75,152.08,186.3,77.47,4.16747933333333,477.83,870.02,239.46,157.44,180.33,75.33,3.659402,477.12,719.07,463.72,548.9
2026-01-12 20:56:59,XPQ-01 Main,2026-01-12 20:56:00,862.78,74.16,4.71232833333333,477.26,865.07,236.85,157.79,176.42,74.54,5.03670533333333,477.81,863.42,239.99,158.31,180.22,75.13,4.76747933333333,477.23,859.86,236.37,161.96,172.06,72.81,4.32606866666667,476.73,713.21,478.07,528.7
2026-01-12 20:57:59,XPQ-01 Main,2026-01-12 20:57:00,861.84,75.75,4.598995,477.57,852.73,233.63,151.23,177.88,76.19,5.03670533333333,477.93,868.92,241.58,152.78,186.71,77.39,4.66747933333333,477.53,863.86,237.72,160.59,174.96,73.67,4.09273533333333,477.26,712.94,464.6,539.55
2026-01-12 20:58:59,XPQ-01 Main,2026-01-12 20:58:00,936.77,78.67,4.188995,476.7,934.98,255.61,156.66,201.83,78.99,4.67003866666667,477.12,939.7,260.9,157.16,208.05,79.79,4.30081266666667,476.82,935.64,256.98,163.3,198.4,77.21,3.59273533333333,476.15,773.48,477.12,608.27
2026-01-12 20:59:59,XPQ-01 Main,2026-01-12 20:59:00,956.5,78.78,4.388995,476.9,955.71,261.45,159.39,206.91,79.22,5.13670533333333,477.34,960.92,266.85,160.58,212.41,79.77,4.50081266666667,476.9,952.87,261.81,165.85,202.35,77.34,3.52606866666667,476.46,790.11,485.82,621.66
2026-01-12 21:00:59,XPQ-01 Main,2026-01-12 21:00:00,962.66,79.03,4.218995,476.67,958.86,262.07,162.51,205.2,78.39,4.603372,477.22,954.17,265.02,156.27,213.7,80.72,4.16747933333333,476.89,974.95,267.68,167.45,208.61,77.98,3.89273533333333,475.9,794.77,486.23,627.51
2026-01-12 21:01:59,XPQ-01 Main,2026-01-12 21:01:00,892.64,78.05,4.318995,477.49,887.23,243.14,150.54,190.65,78.48,4.87003866666667,478.03,898.19,249.66,151.73,197.83,79.35,4.16747933333333,477.25,892.5,245.49,158.46,187.19,76.33,3.92606866666667,477.21,738.29,460.72,575.67
2026-01-12 21:02:59,XPQ-01 Main,2026-01-12 21:02:00,935.41,78.96,4.198995,477.32,932.47,255.35,153.85,203.62,79.79,4.67003866666667,477.61,944.98,262.54,157.72,209.65,79.91,4.334146,477.26,928.77,255.49,162.29,197.02,77.18,3.59273533333333,477.09,773.38,473.86,610.29
2026-01-12 21:03:59,XPQ-01 Main,2026-01-12 21:03:00,891.79,77.99,4.11232833333333,477.49,892.38,244.48,152.49,190.87,78.13,4.703372,477.9,891.24,247.74,151.53,195.7,79.07,4.00081266666667,477.39,891.74,245.33,157.08,188.14,76.76,3.62606866666667,477.17,737.55,461.1,574.71
2026-01-12 21:04:59,XPQ-01 Main,2026-01-12 21:04:00,946.59,79.34,4.16566166666667,476.99,941.9,257.78,154.19,206.32,80.1,4.83670533333333,477.58,955.81,265.5,157.69,213.42,80.43,4.134146,476.89,942.06,258.81,163.52,200.46,77.49,3.52606866666667,476.52,782.1,475.41,620.21
2026-01-12 21:05:59,XPQ-01 Main,2026-01-12 21:05:00,935.43,79.6,4.088995,477.17,939.33,257.06,154.7,205.15,79.84,4.57003866666667,477.67,934.61,259.77,154.15,208.79,80.45,4.10081266666667,477.28,932.34,256.29,158.7,201.19,78.51,3.59273533333333,476.57,773.12,467.55,615.13
2026-01-12 21:06:59,XPQ-01 Main,2026-01-12 21:06:00,961.08,80.79,4.43232833333333,476.48,960.01,262.38,151.51,214.07,81.62,4.83670533333333,476.82,970.74,269.3,155.52,219.55,81.6,4.56747933333333,476.49,952.49,261.53,159.77,206.86,79.14,3.89273533333333,476.11,793.2,466.8,640.48
2026-01-12 21:07:59,XPQ-01 Main,2026-01-12 21:07:00,931.46,79.38,4.24232833333333,477.51,924.72,253.37,151.34,202.94,80.16,4.73670533333333,478.17,942.16,262.01,155.11,210.96,80.57,4.16747933333333,477.35,927.5,255.04,161.42,197.37,77.41,3.8260686666666706,476.99,770.43,467.87,611.27
2026-01-12 21:08:59,XPQ-01 Main,2026-01-12 21:08:00,941.73,80.32,4.23232833333333,477.56,944.66,258.8,152.59,208.94,80.76,4.77003866666667,477.96,943.86,262.43,153.6,212.71,81.07,4.16747933333333,477.53,936.66,257.74,157.5,203.78,79.12,3.759402,477.19,778.97,463.69,625.43
2026-01-12 21:09:59,XPQ-01 Main,2026-01-12 21:09:00,961.2,79.64,3.8223283333333296,477.39,962.72,263.58,157.71,211.01,80.1,4.37003866666667,477.94,964.39,268.2,158.97,215.8,80.51,4.00081266666667,477.49,956.5,263.01,163.55,205.95,78.31,3.09273533333333,476.73,794.79,480.23,632.76
2026-01-12 21:10:59,XPQ-01 Main,2026-01-12 21:10:00,974.91,80.0,3.96566166666667,477.6,976.34,267.53,159.28,214.68,80.31,4.57003866666667,478.16,976.14,271.49,159.49,219.6,80.91,4.134146,477.52,972.27,267.47,164.67,210.56,78.77,3.19273533333333,477.1,806.48,483.44,644.83
2026-01-12 21:11:59,XPQ-01 Main,2026-01-12 21:11:00,934.35,78.57,4.24232833333333,477.49,931.04,254.96,155.64,201.68,79.17,4.67003866666667,477.86,940.95,261.64,157.9,208.29,79.69,4.334146,477.6,931.08,256.18,163.8,196.76,76.85,3.7260686666666705,477.02,772.78,477.33,606.73
2026-01-12 21:12:59,XPQ-01 Main,2026-01-12 21:12:00,888.65,78.36,4.52232833333333,478.15,892.26,244.71,151.74,191.84,78.43,5.07003866666667,478.56,885.99,246.69,150.18,195.43,79.29,4.534146,478.22,887.71,244.56,154.89,189.06,77.35,3.959402,477.67,735.96,456.8,576.33
2026-01-12 21:13:59,XPQ-01 Main,2026-01-12 21:13:00,822.41,74.74,4.85566166666667,478.8,825.46,226.74,149.53,169.85,75.06,5.27003866666667,479.5,822.96,229.56,149.63,173.24,75.68,4.66747933333333,478.77,818.8,225.74,153.06,165.79,73.47,4.62606866666667,478.13,682.04,452.22,508.87
2026-01-12 21:14:59,XPQ-01 Main,2026-01-12 21:14:00,805.46,73.98,4.388995,478.5,809.05,222.17,148.45,164.97,74.34,4.83670533333333,479.03,805.69,224.44,148.67,167.59,74.81,4.46747933333333,478.3,801.64,220.95,151.27,160.61,72.8,3.859402,478.17,667.57,448.38,493.17
2026-01-12 21:15:59,XPQ-01 Main,2026-01-12 21:15:00,804.17,74.2,4.34566166666667,479.46,806.98,221.97,147.36,165.6,74.71,4.703372,480.15,806.15,225.17,148.43,168.71,75.08,4.56747933333333,479.41,799.4,220.7,151.15,160.6,72.82,3.759402,478.82,667.84,446.94,494.91
2026-01-12 21:16:59,XPQ-01 Main,2026-01-12 21:16:00,878.36,77.12,4.098995,478.61,881.68,242.06,153.11,187.04,77.38,4.57003866666667,479.29,878.2,244.88,152.8,190.59,78.02,4.26747933333333,478.62,875.2,241.21,156.76,183.15,75.97,3.459402,477.92,728.15,462.67,560.78
2026-01-12 21:17:59,XPQ-01 Main,2026-01-12 21:17:00,867.78,77.9,4.14232833333333,477.26,870.99,238.39,149.25,185.69,77.94,4.63670533333333,477.82,864.57,240.39,147.61,189.57,78.9,4.134146,477.37,867.79,238.55,152.57,183.31,76.86,3.659402,476.57,717.33,449.43,558.57
2026-01-12 21:18:59,XPQ-01 Main,2026-01-12 21:18:00,903.36,78.49,4.26566166666667,477.21,905.78,247.84,152.51,194.88,78.75,4.73670533333333,477.5,904.13,251.28,152.24,198.96,79.42,4.06747933333333,477.43,900.17,247.56,156.82,191.16,77.31,3.9927353333333295,476.7,746.68,461.56,585.0
2026-01-12 21:19:59,XPQ-01 Main,2026-01-12 21:19:00,881.41,77.63,4.27566166666667,478.3,882.35,242.14,151.08,188.9,78.1,4.97003866666667,478.66,884.48,246.26,152.16,193.21,78.56,4.26747933333333,478.22,877.4,241.82,156.33,184.07,76.22,3.59273533333333,478.03,730.22,459.57,566.19
2026-01-12 21:20:59,XPQ-01 Main,2026-01-12 21:20:00,765.67,70.06,4.47566166666667,478.72,769.69,211.34,150.79,148.05,70.06,4.803372,479.17,762.31,212.54,149.25,150.73,71.06,4.50081266666667,478.78,765.02,210.98,152.36,145.46,69.05,4.12606866666667,478.19,634.86,452.4,444.24
2026-01-12 21:21:59,XPQ-01 Main,2026-01-12 21:21:00,770.17,69.96,4.35232833333333,478.84,770.12,211.61,150.18,148.61,70.34,4.77003866666667,479.43,771.98,215.26,150.82,152.81,71.17,4.334146,478.69,768.4,211.9,154.53,144.78,68.37,3.959402,478.38,638.77,455.53,446.21
2026-01-12 21:22:59,XPQ-01 Main,2026-01-12 21:22:00,755.26,70.41,4.82232833333333,478.63,757.87,208.2,147.15,146.98,70.67,5.33670533333333,479.22,754.16,210.15,146.93,150.11,71.46,4.86747933333333,478.38,753.74,207.77,149.99,143.41,69.11,4.259402,478.29,626.12,444.08,440.49
2026-01-12 21:23:59,XPQ-01 Main,2026-01-12 21:23:00,814.08,74.11,4.05566166666667,478.2,815.43,223.63,148.59,166.77,74.66,4.503372,478.74,817.96,227.87,150.18,170.54,75.05,4.16747933333333,478.31,808.84,222.78,153.05,161.68,72.62,3.49273533333333,477.54,674.29,451.82,498.99
2026-01-12 21:24:59,XPQ-01 Main,2026-01-12 21:24:00,842.71,75.97,4.01232833333333,478.23,838.11,230.07,146.96,176.77,76.9,4.47003866666667,478.83,852.48,237.33,151.08,182.89,77.1,4.10081266666667,477.94,837.55,230.69,155.21,170.4,73.93,3.459402,477.93,698.08,453.24,530.06
2026-01-12 21:25:59,XPQ-01 Main,2026-01-12 21:25:00,838.4,75.34,4.16566166666667,477.93,835.97,229.16,148.72,174.14,76.04,4.67003866666667,478.33,845.48,235.32,151.46,179.53,76.43,4.16747933333333,478.01,833.74,229.58,155.51,168.74,73.53,3.659402,477.46,694.06,455.69,522.4
2026-01-12 21:26:59,XPQ-01 Main,2026-01-12 21:26:00,851.49,76.83,4.188995,477.88,851.59,233.42,147.3,180.86,77.54,4.83670533333333,478.15,857.82,238.65,150.0,185.09,77.69,4.10081266666667,477.94,845.07,232.75,153.08,175.0,75.27,3.62606866666667,477.55,704.82,450.38,540.95
2026-01-12 21:27:59,XPQ-01 Main,2026-01-12 21:27:00,896.47,78.42,4.488995,478.1,893.37,245.02,151.08,192.62,78.69,5.103372,478.67,899.02,250.34,151.28,199.25,79.65,4.46747933333333,478.08,897.03,247.02,157.75,189.89,76.92,3.89273533333333,477.53,742.38,460.11,581.76
2026-01-12 21:28:59,XPQ-01 Main,2026-01-12 21:28:00,836.01,76.22,4.07566166666667,478.15,834.67,228.91,146.5,175.78,76.82,4.53670533333333,478.51,841.47,234.29,148.58,180.79,77.26,4.06747933333333,478.22,831.88,229.2,152.54,170.85,74.6,3.62606866666667,477.72,692.39,447.61,527.42
2026-01-12 21:29:59,XPQ-01 Main,2026-01-12 21:29:00,825.25,75.5,4.12232833333333,478.38,825.99,226.62,148.13,171.24,75.63,4.73670533333333,478.62,825.04,229.78,147.25,175.64,76.63,4.10081266666667,478.49,824.74,227.39,152.15,168.63,74.25,3.52606866666667,478.02,683.79,447.53,515.51
2026-01-12 21:30:59,XPQ-01 Main,2026-01-12 21:30:00,808.96,75.43,4.178995,478.58,808.18,221.95,144.66,167.97,75.77,4.77003866666667,478.91,811.54,226.03,145.08,172.57,76.55,4.20081266666667,478.42,807.18,222.61,149.56,164.38,73.97,3.559402,478.41,670.59,439.3,504.92
2026-01-12 21:31:59,XPQ-01 Main,2026-01-12 21:31:00,826.1,75.48,3.84566166666667,478.59,825.02,226.48,147.04,171.67,75.95,4.303372,479.2,830.15,231.46,148.31,176.78,76.61,3.90081266666667,478.64,823.12,226.87,152.8,167.54,73.89,3.32606866666667,477.93,684.81,448.15,515.99
2026-01-12 21:32:59,XPQ-01 Main,2026-01-12 21:32:00,813.01,75.58,4.408995,478.65,811.88,223.04,143.97,169.81,76.28,4.93670533333333,479.3,818.36,228.07,146.51,174.54,76.59,4.46747933333333,478.39,808.79,222.93,150.01,164.45,73.88,3.8260686666666706,478.25,674.05,440.49,508.8
2026-01-12 21:33:59,XPQ-01 Main,2026-01-12 21:33:00,840.59,74.41,4.24566166666667,478.9,838.75,230.4,151.22,173.56,75.4,4.73670533333333,479.31,850.09,237.07,155.5,178.35,75.37,4.30081266666667,478.93,832.94,229.83,158.26,166.4,72.46,3.6927353333333297,478.45,697.3,464.99,518.3
2026-01-12 21:34:59,XPQ-01 Main,2026-01-12 21:34:00,830.47,74.04,4.218995,478.74,828.12,227.53,151.34,169.49,74.59,4.67003866666667,479.32,835.23,232.8,153.22,174.85,75.21,4.234146,478.52,828.06,228.32,157.5,164.91,72.32,3.759402,478.38,688.65,462.06,509.25
2026-01-12 21:35:59,XPQ-01 Main,2026-01-12 21:35:00,816.71,72.21,4.03232833333333,478.45,812.11,222.84,152.55,162.14,72.83,4.503372,478.8,823.29,229.39,155.0,168.47,73.59,4.00081266666667,478.57,814.71,224.61,159.85,157.59,70.21,3.59273533333333,477.97,676.83,467.39,488.19
2026-01-12 21:36:59,XPQ-01 Main,2026-01-12 21:36:00,796.39,72.12,4.16566166666667,478.62,795.82,218.59,150.42,158.2,72.47,4.57003866666667,478.98,798.2,222.33,150.98,162.68,73.3,4.234146,478.42,795.15,219.29,155.07,154.55,70.59,3.6927353333333297,478.45,660.22,456.47,475.42
2026-01-12 21:37:59,XPQ-01 Main,2026-01-12 21:37:00,787.46,71.69,4.118995,478.84,786.99,216.15,149.4,155.83,72.18,4.403372,479.33,790.5,220.47,150.73,160.34,72.86,4.20081266666667,478.91,784.89,216.5,154.49,151.58,70.03,3.759402,478.28,653.12,454.61,467.74
2026-01-12 21:38:59,XPQ-01 Main,2026-01-12 21:38:00,797.94,71.7,4.31232833333333,478.76,797.25,218.93,151.77,157.45,72.0,4.87003866666667,479.04,799.84,222.94,152.02,162.17,72.96,4.26747933333333,478.83,796.72,219.82,156.52,154.07,70.15,3.79273533333333,478.4,661.69,460.31,473.68
2026-01-12 21:39:59,XPQ-01 Main,2026-01-12 21:39:00,785.45,71.59,4.008995,478.89,785.64,215.82,150.31,154.62,71.7,4.57003866666667,479.11,785.62,218.99,149.53,158.71,72.78,4.234146,478.91,785.11,216.71,153.8,151.98,70.29,3.22606866666667,478.65,651.52,453.64,465.3
2026-01-12 21:40:59,XPQ-01 Main,2026-01-12 21:40:00,784.09,72.04,4.17566166666667,478.84,785.61,215.87,148.8,155.84,72.33,4.57003866666667,479.18,784.6,218.65,148.84,159.49,73.11,4.30081266666667,478.68,782.08,215.8,152.42,152.27,70.68,3.659402,478.66,650.32,450.06,467.6
2026-01-12 21:41:59,XPQ-01 Main,2026-01-12 21:41:00,800.76,71.67,3.998995,478.16,800.51,219.53,152.77,157.41,71.76,4.503372,478.34,800.82,222.9,151.89,161.76,72.9,4.20081266666667,478.25,800.95,220.76,156.53,154.93,70.35,3.29273533333333,477.87,663.19,461.2,474.1
2026-01-12 21:42:59,XPQ-01 Main,2026-01-12 21:42:00,809.47,72.09,3.8223283333333296,478.54,809.46,222.31,152.88,160.87,72.49,4.27003866666667,478.94,811.99,226.14,153.65,165.0,73.18,3.934146,478.33,806.95,222.5,157.33,156.78,70.59,3.259402,478.36,670.96,463.86,482.65
2026-01-12 21:43:59,XPQ-01 Main,2026-01-12 21:43:00,756.62,70.35,3.9556616666666704,478.87,757.04,207.98,146.55,147.47,70.93,4.43670533333333,479.14,759.57,211.71,148.12,151.04,71.4,3.80081266666667,478.83,753.24,207.88,150.87,142.69,68.71,3.6260686666666704,478.64,627.57,445.54,441.21
2026-01-12 21:44:59,XPQ-01 Main,2026-01-12 21:44:00,637.01,77.81,4.018995,481.0,635.83,175.38,110.19,136.1,77.72,4.57003866666667,481.47,636.23,178.28,108.44,140.42,79.15,3.90081266666667,481.15,638.97,177.05,113.76,135.41,76.57,3.59273533333333,480.37,530.71,332.39,411.93
2026-01-12 21:45:59,XPQ-01 Main,2026-01-12 21:45:00,638.93,77.62,4.06566166666667,480.66,638.44,176.03,110.51,136.37,77.69,4.43670533333333,481.28,639.46,179.06,109.47,140.29,78.84,4.16747933333333,480.67,638.88,176.84,114.12,134.79,76.32,3.59273533333333,480.03,531.93,334.11,411.45
2026-01-12 21:46:59,XPQ-01 Main,2026-01-12 21:46:00,640.95,77.53,4.188995,480.51,638.51,176.06,110.82,136.4,77.61,4.67003866666667,481.13,641.86,179.6,109.92,140.96,78.86,4.234146,480.34,642.48,177.79,115.06,135.07,76.13,3.659402,480.06,533.46,335.8,412.44
2026-01-12 21:47:59,XPQ-01 Main,2026-01-12 21:47:00,641.78,77.43,4.32232833333333,480.59,640.13,176.43,111.33,136.35,77.46,4.93670533333333,481.13,641.84,179.71,110.25,141.1,78.8,4.40081266666667,480.72,643.36,178.08,115.58,135.33,76.04,3.62606866666667,479.91,534.22,337.15,412.79
2026-01-12 21:48:59,XPQ-01 Main,2026-01-12 21:48:00,648.93,77.43,4.13232833333333,480.67,644.91,177.89,112.06,137.81,77.59,4.67003866666667,480.97,651.48,182.24,111.61,143.09,78.85,3.96747933333333,480.5,650.4,180.16,117.12,136.36,75.86,3.759402,480.55,540.29,340.79,417.26
2026-01-12 21:49:59,XPQ-01 Main,2026-01-12 21:49:00,648.34,77.93,4.24232833333333,480.75,643.56,177.42,111.03,138.01,77.91,4.903372,481.0,649.94,181.94,109.78,144.03,79.53,4.20081266666667,480.9,651.52,180.52,116.4,137.6,76.35,3.62606866666667,480.34,539.88,337.21,419.63
2026-01-12 21:50:59,XPQ-01 Main,2026-01-12 21:50:00,657.38,78.42,4.13232833333333,480.35,653.49,180.03,111.4,141.21,78.51,4.73670533333333,480.59,659.09,184.33,110.58,146.69,79.85,4.134146,480.48,659.54,182.59,116.63,140.27,76.89,3.52606866666667,479.99,546.95,338.62,428.16
2026-01-12 21:51:59,XPQ-01 Main,2026-01-12 21:51:00,660.55,78.55,4.24232833333333,480.33,658.13,181.35,112.87,141.9,78.26,4.67003866666667,480.61,657.72,183.9,110.11,147.14,80.06,4.16747933333333,480.31,665.8,184.3,116.73,142.38,77.33,3.89273533333333,480.06,549.55,339.71,431.43
2026-01-12 21:52:59,XPQ-01 Main,2026-01-12 21:52:00,655.48,77.44,4.24232833333333,480.11,650.26,179.1,111.97,139.53,77.99,4.97003866666667,480.5,660.82,184.73,113.4,145.46,78.87,4.10081266666667,480.11,655.35,181.28,118.83,136.71,75.47,3.659402,479.73,545.11,344.2,421.7
2026-01-12 21:53:59,XPQ-01 Main,2026-01-12 21:53:00,558.76,82.23,4.24232833333333,481.92,552.64,152.9,84.61,127.08,83.24,5.17003866666667,482.41,568.55,159.46,87.88,132.76,83.39,4.034146,481.56,555.08,154.09,92.19,123.22,80.07,3.52606866666667,481.8,466.44,264.68,383.06
2026-01-12 21:54:59,XPQ-01 Main,2026-01-12 21:54:00,543.83,81.64,4.37566166666667,482.46,538.59,149.17,83.63,123.26,82.75,5.103372,483.02,553.53,155.45,87.25,128.43,82.72,4.30081266666667,482.13,539.36,149.87,90.92,118.96,79.45,3.7260686666666705,482.24,454.49,261.8,370.65
2026-01-12 21:55:59,XPQ-01 Main,2026-01-12 21:55:00,572.35,83.67,4.26566166666667,482.05,568.22,157.19,83.86,132.78,84.55,4.903372,482.34,580.46,162.84,86.53,137.65,84.66,4.134146,481.88,568.37,157.89,90.69,128.97,81.8,3.759402,481.94,477.92,261.07,399.4
2026-01-12 21:56:59,XPQ-01 Main,2026-01-12 21:56:00,560.01,83.26,4.45232833333333,482.14,555.42,153.69,83.73,128.6,83.8,5.203372,482.58,566.26,158.91,84.79,133.47,84.41,4.16747933333333,481.91,558.35,155.09,89.56,126.28,81.57,3.9927353333333295,481.93,467.69,258.08,388.36
2026-01-12 21:57:59,XPQ-01 Main,2026-01-12 21:57:00,579.28,83.46,4.37566166666667,481.65,574.02,158.64,84.52,133.88,84.56,5.03670533333333,482.04,590.11,165.45,88.37,139.5,84.48,4.00081266666667,481.52,573.7,159.2,92.55,129.38,81.33,4.09273533333333,481.37,483.3,265.44,402.76
2026-01-12 21:58:59,XPQ-01 Main,2026-01-12 21:58:00,554.85,82.96,4.42232833333333,481.6,551.2,152.31,83.31,127.35,83.68,5.003372,481.99,561.69,157.48,85.26,131.84,83.97,4.36747933333333,481.5,551.66,153.07,89.19,124.14,81.21,3.89273533333333,481.32,462.86,257.76,383.33
2026-01-12 21:59:59,XPQ-01 Main,2026-01-12 21:59:00,544.88,82.55,4.38566166666667,482.57,540.23,149.62,81.49,125.2,83.81,5.17003866666667,483.04,556.06,156.2,85.85,129.87,83.42,4.034146,482.33,538.34,149.65,88.74,120.08,80.42,3.959402,482.34,455.47,256.08,375.15
2026-01-12 22:00:59,XPQ-01 Main,2026-01-12 22:00:00,555.78,83.86,4.498995,481.94,550.23,152.17,81.41,128.29,84.43,5.17003866666667,482.33,562.54,157.81,82.66,133.77,85.07,4.30081266666667,481.77,554.55,153.98,87.85,126.17,82.07,4.02606866666667,481.71,463.96,251.91,388.23
2026-01-12 22:01:59,XPQ-01 Main,2026-01-12 22:01:00,543.55,83.8,4.298995,482.17,543.09,150.27,82.22,125.4,83.63,4.83670533333333,482.72,541.0,151.89,79.78,128.81,85.01,4.20081266666667,482.02,546.55,151.78,85.1,125.49,82.76,3.859402,481.78,453.94,247.1,379.7
2026-01-12 22:02:59,XPQ-01 Main,2026-01-12 22:02:00,553.0,82.68,4.55566166666667,482.58,550.62,152.41,84.56,126.42,83.12,5.103372,482.97,556.31,156.34,85.07,130.6,83.79,4.30081266666667,482.63,552.08,153.5,89.52,124.24,81.13,4.259402,482.15,462.25,259.15,381.26
2026-01-12 22:03:59,XPQ-01 Main,2026-01-12 22:03:00,550.02,83.16,4.27566166666667,481.55,550.05,152.05,84.51,126.2,83.09,4.87003866666667,482.0,547.73,153.5,82.59,129.25,84.26,4.06747933333333,481.24,552.28,153.21,87.26,125.62,82.13,3.89273533333333,481.42,458.76,254.36,381.06
2026-01-12 22:04:59,XPQ-01 Main,2026-01-12 22:04:00,546.94,81.61,4.498995,481.23,544.38,150.4,85.26,123.47,82.29,5.27003866666667,481.75,551.99,154.6,86.9,127.58,82.65,4.234146,480.84,544.44,150.91,90.58,120.32,79.89,3.9927353333333295,481.1,455.91,262.74,371.37
2026-01-12 22:05:59,XPQ-01 Main,2026-01-12 22:05:00,579.27,83.36,4.298995,481.96,576.57,159.49,86.87,133.12,83.75,4.87003866666667,482.67,582.78,163.57,87.16,137.43,84.45,4.20081266666667,481.69,578.47,160.53,91.85,131.03,81.89,3.8260686666666706,481.52,483.59,265.87,401.59
2026-01-12 22:06:59,XPQ-01 Main,2026-01-12 22:06:00,600.87,83.4,4.378995,481.06,601.23,165.98,91.54,138.24,83.38,4.93670533333333,481.53,598.69,167.66,89.72,141.45,84.45,4.16747933333333,480.86,602.69,167.02,94.56,137.37,82.37,4.02606866666667,480.79,500.66,275.82,417.07
2026-01-12 22:07:59,XPQ-01 Main,2026-01-12 22:07:00,535.07,83.87,3.998995,481.49,531.86,146.94,77.73,124.51,84.83,4.63670533333333,481.87,543.1,152.23,80.69,128.78,84.74,3.90081266666667,481.36,530.25,147.1,83.98,120.45,82.03,3.459402,481.24,446.26,242.4,373.74
2026-01-12 22:08:59,XPQ-01 Main,2026-01-12 22:08:00,525.5,82.79,4.34232833333333,481.28,521.41,143.98,77.97,120.91,84.04,4.97003866666667,481.53,535.99,150.14,82.17,125.44,83.65,4.234146,481.19,519.1,143.98,84.95,116.01,80.68,3.8260686666666706,481.12,438.1,245.09,362.36
2026-01-12 22:09:59,XPQ-01 Main,2026-01-12 22:09:00,623.47,77.1,4.26566166666667,479.41,623.64,171.6,107.65,133.19,77.77,4.83670533333333,479.94,626.81,174.93,109.32,136.33,78.02,3.96747933333333,479.19,619.97,171.2,112.07,129.05,75.5,3.9927353333333295,479.11,517.73,329.04,398.57
2026-01-12 22:10:59,XPQ-01 Main,2026-01-12 22:10:00,607.09,78.57,4.56566166666667,480.37,610.08,168.08,103.31,132.49,78.86,5.303372,480.65,606.5,169.64,103.1,134.45,79.35,4.334146,480.48,604.69,167.4,105.7,129.59,77.49,4.059402,479.97,505.12,312.11,396.52
2026-01-12 22:11:59,XPQ-01 Main,2026-01-12 22:11:00,597.66,76.98,4.53232833333333,480.83,598.26,165.01,104.38,127.57,77.39,5.303372,481.03,599.18,167.69,104.82,130.39,77.94,4.16747933333333,480.85,595.55,165.05,107.79,124.5,75.6,4.12606866666667,480.6,497.75,316.99,382.45
2026-01-12 22:12:59,XPQ-01 Main,2026-01-12 22:12:00,581.6,77.86,4.488995,480.34,579.94,159.83,99.27,124.88,78.28,5.13670533333333,480.92,584.0,163.37,99.91,128.67,78.98,4.46747933333333,480.27,580.86,160.69,103.55,122.25,76.3,3.859402,479.84,483.89,302.74,375.8
2026-01-12 22:13:59,XPQ-01 Main,2026-01-12 22:13:00,620.31,75.56,4.05566166666667,480.22,615.35,169.64,108.9,129.73,76.59,4.703372,480.71,629.5,175.93,112.45,134.73,76.77,3.834146,479.85,616.08,170.42,115.69,124.76,73.33,3.62606866666667,480.08,515.99,337.03,389.22
2026-01-12 22:14:59,XPQ-01 Main,2026-01-12 22:14:00,723.71,82.66,4.598995,479.45,721.13,198.29,111.02,164.17,82.84,5.17003866666667,479.83,725.23,202.49,110.25,169.47,83.82,4.534146,479.53,724.77,200.22,116.38,162.64,81.32,4.09273533333333,478.99,601.0,337.65,496.28
2026-01-12 22:15:59,XPQ-01 Main,2026-01-12 22:15:00,721.02,81.59,4.52232833333333,479.1,719.7,197.8,112.44,162.55,82.24,5.13670533333333,479.36,726.65,202.65,114.5,166.92,82.46,4.234146,479.09,716.72,197.9,118.36,158.19,80.07,4.19273533333333,478.86,598.35,345.3,487.66
2026-01-12 22:16:59,XPQ-01 Main,2026-01-12 22:16:00,683.4,80.96,4.46566166666667,479.09,679.05,186.67,107.67,152.11,81.62,5.23670533333333,479.76,690.27,192.62,109.81,157.87,82.09,4.334146,478.94,680.88,187.84,114.56,148.48,79.17,3.8260686666666706,478.56,567.12,332.04,458.47
2026-01-12 22:17:59,XPQ-01 Main,2026-01-12 22:17:00,664.53,79.13,4.53232833333333,479.84,662.09,182.28,109.0,145.77,80.09,5.17003866666667,480.43,672.77,188.01,112.4,150.12,80.05,4.40081266666667,479.76,658.74,182.04,115.43,140.43,77.25,4.02606866666667,479.33,552.33,336.83,436.32
2026-01-12 22:18:59,XPQ-01 Main,2026-01-12 22:18:00,652.8,76.46,4.498995,479.53,647.41,178.19,111.88,138.35,77.76,5.003372,480.13,664.29,185.46,116.93,143.72,77.57,4.36747933333333,479.26,646.71,178.59,119.9,132.11,74.05,4.12606866666667,479.2,542.25,348.72,414.18
2026-01-12 22:19:59,XPQ-01 Main,2026-01-12 22:19:00,657.8,76.41,4.42232833333333,478.47,653.08,179.32,113.24,138.81,77.49,5.23670533333333,478.85,667.69,185.96,117.28,143.94,77.52,4.20081266666667,478.32,652.62,179.91,120.42,133.36,74.22,3.8260686666666706,478.25,545.19,350.93,416.11
2026-01-12 22:20:59,XPQ-01 Main,2026-01-12 22:20:00,682.34,78.63,4.598995,479.38,681.35,187.4,113.15,149.23,79.69,5.13670533333333,479.71,690.7,192.74,117.01,152.87,79.41,4.50081266666667,479.31,674.96,186.44,119.31,143.01,76.79,4.159402,479.12,566.59,349.47,445.11
2026-01-12 22:21:59,XPQ-01 Main,2026-01-12 22:21:00,683.72,80.33,4.85566166666667,479.49,682.62,187.81,110.7,151.61,80.76,5.57003866666667,479.79,686.55,191.6,111.41,155.74,81.33,4.80081266666667,479.37,682.0,188.45,115.67,148.53,78.9,4.19273533333333,479.3,567.85,337.78,455.88
2026-01-12 22:22:59,XPQ-01 Main,2026-01-12 22:22:00,663.59,77.22,4.488995,479.2,658.53,181.02,112.95,141.11,78.07,4.903372,479.72,671.8,187.5,115.94,146.8,78.48,4.434146,479.19,660.46,182.29,120.17,136.78,75.13,4.12606866666667,478.68,550.82,349.06,424.69
2026-01-12 22:23:59,XPQ-01 Main,2026-01-12 22:23:00,790.99,77.96,4.318995,477.8,788.06,216.01,134.04,169.29,78.4,5.03670533333333,478.04,794.84,221.05,135.0,174.8,79.14,4.26747933333333,477.78,790.06,217.57,140.4,165.91,76.33,3.659402,477.59,654.63,409.44,510.0
2026-01-12 22:24:59,XPQ-01 Main,2026-01-12 22:24:00,701.09,81.36,4.35566166666667,479.5,697.17,191.82,110.34,156.65,81.75,5.07003866666667,479.91,705.2,196.83,110.96,162.26,82.55,4.36747933333333,479.34,700.89,193.64,116.64,154.28,79.77,3.62606866666667,479.25,582.29,337.93,473.19
2026-01-12 22:25:59,XPQ-01 Main,2026-01-12 22:25:00,691.45,81.35,4.33232833333333,479.46,690.2,189.87,110.39,154.3,81.33,4.97003866666667,479.77,689.94,192.54,108.55,158.82,82.56,4.16747933333333,479.37,694.22,191.81,114.53,153.61,80.17,3.859402,479.24,574.22,333.47,466.73
2026-01-12 22:26:59,XPQ-01 Main,2026-01-12 22:26:00,692.29,80.0,4.288995,478.94,687.08,188.91,110.46,153.03,81.08,4.97003866666667,479.41,702.86,195.89,114.7,158.66,81.04,4.16747933333333,478.57,686.93,189.52,118.82,147.43,77.86,3.7260686666666705,478.83,574.33,343.97,459.13
2026-01-12 22:27:59,XPQ-01 Main,2026-01-12 22:27:00,687.29,81.0,4.598995,478.89,682.65,187.63,109.36,152.25,81.22,5.33670533333333,479.4,689.69,192.26,109.02,158.17,82.34,4.434146,478.63,689.52,190.21,115.37,150.86,79.43,4.02606866666667,478.65,570.1,333.75,461.28
2026-01-12 22:28:59,XPQ-01 Main,2026-01-12 22:28:00,674.57,80.42,4.35566166666667,479.78,671.59,184.93,109.04,149.04,80.71,5.003372,480.37,677.23,189.17,109.05,154.03,81.62,4.16747933333333,479.52,674.9,186.48,114.31,146.91,78.92,3.89273533333333,479.44,560.59,332.4,449.98
2026-01-12 22:29:59,XPQ-01 Main,2026-01-12 22:29:00,676.34,80.5,4.23232833333333,479.99,674.49,185.7,110.19,149.29,80.46,4.93670533333333,480.45,675.18,188.75,108.38,154.18,81.81,4.00081266666667,480.05,679.34,187.85,114.48,148.7,79.24,3.759402,479.47,562.29,333.05,452.18
2026-01-12 22:30:59,XPQ-01 Main,2026-01-12 22:30:00,691.79,80.34,4.22232833333333,479.74,688.9,189.65,112.64,152.33,80.41,4.87003866666667,480.32,691.9,193.28,111.45,157.77,81.68,4.10081266666667,479.54,694.56,191.91,117.74,151.33,78.92,3.6927353333333297,479.35,574.84,341.83,461.43
2026-01-12 22:31:59,XPQ-01 Main,2026-01-12 22:31:00,703.36,81.44,4.51232833333333,479.95,702.53,193.38,111.68,157.67,81.6,5.17003866666667,480.39,703.67,196.69,110.93,162.24,82.55,4.30081266666667,480.03,703.89,194.63,116.26,155.94,80.17,4.059402,479.43,584.71,338.87,475.86
2026-01-12 22:32:59,XPQ-01 Main,2026-01-12 22:32:00,685.83,81.41,4.46566166666667,480.5,686.03,189.16,109.34,154.07,81.55,5.203372,481.0,685.4,191.73,108.43,157.95,82.44,4.434146,480.32,686.06,189.9,113.26,152.19,80.22,3.759402,480.19,570.79,331.03,464.21
2026-01-12 22:33:59,XPQ-01 Main,2026-01-12 22:33:00,684.09,79.44,4.43232833333333,479.71,677.19,186.33,111.11,149.44,80.25,5.03670533333333,480.03,693.37,193.67,114.14,156.02,80.71,4.36747933333333,479.76,681.69,188.44,119.14,145.52,77.38,3.89273533333333,479.35,568.44,344.39,450.98
2026-01-12 22:34:59,XPQ-01 Main,2026-01-12 22:34:00,1657.23,56.16,7.64566166666667,465.56,1651.65,440.77,358.22,251.64,57.48,8.303372,466.19,1683.38,456.73,370.74,259.51,57.34,6.60081266666667,465.79,1636.64,438.94,368.8,234.42,53.64,8.02606866666667,464.7,1336.45,1097.76,745.56
2026-01-12 22:35:59,XPQ-01 Main,2026-01-12 22:35:00,795.08,77.83,4.35232833333333,478.92,796.86,218.88,135.97,171.34,78.33,5.07003866666667,479.4,797.25,222.39,137.14,174.88,78.69,4.00081266666667,479.0,791.14,218.26,140.55,166.83,76.48,3.9927353333333295,478.36,659.54,413.66,513.05
2026-01-12 22:36:59,XPQ-01 Main,2026-01-12 22:36:00,813.39,78.31,4.14232833333333,478.11,810.4,222.3,136.52,175.31,78.9,4.703372,478.52,818.75,227.9,138.43,180.83,79.4,4.034146,478.04,811.03,223.41,143.34,171.02,76.64,3.6927353333333297,477.78,673.61,418.29,527.16
2026-01-12 22:37:59,XPQ-01 Main,2026-01-12 22:37:00,803.56,79.4,4.198995,477.81,805.58,220.69,133.93,175.29,79.46,4.67003866666667,478.08,801.66,223.08,132.53,179.18,80.4,4.36747933333333,478.04,803.43,221.24,137.45,173.17,78.33,3.559402,477.29,665.01,403.9,527.64
2026-01-12 22:38:59,XPQ-01 Main,2026-01-12 22:38:00,813.32,78.71,4.53232833333333,478.08,813.74,223.2,135.56,177.09,79.41,5.13670533333333,478.58,818.33,227.81,138.07,181.13,79.53,4.434146,477.99,807.89,222.49,141.32,171.58,77.19,4.02606866666667,477.67,673.5,414.95,529.8
2026-01-12 22:39:59,XPQ-01 Main,2026-01-12 22:39:00,854.18,80.96,4.32232833333333,478.0,857.21,235.05,136.56,191.14,81.37,4.803372,478.46,855.21,238.05,137.21,194.41,81.7,4.234146,477.99,850.12,234.1,140.92,186.75,79.82,3.92606866666667,477.55,707.2,414.69,572.3
2026-01-12 22:40:59,XPQ-01 Main,2026-01-12 22:40:00,853.84,81.07,4.378995,478.52,850.33,233.36,135.59,189.88,81.38,4.87003866666667,478.74,857.25,238.81,135.83,196.31,82.23,4.26747933333333,478.61,853.94,235.53,142.42,187.33,79.61,3.9927353333333295,478.21,707.7,413.83,573.52
2026-01-12 22:41:59,XPQ-01 Main,2026-01-12 22:41:00,861.64,80.74,4.098995,478.44,857.67,235.25,139.17,189.48,80.6,4.703372,478.81,860.3,239.78,136.48,196.78,82.17,4.134146,478.71,866.96,239.01,145.08,189.75,79.44,3.459402,477.8,714.04,420.72,576.02
2026-01-12 22:42:59,XPQ-01 Main,2026-01-12 22:42:00,807.94,78.26,4.23232833333333,478.91,801.25,220.14,135.31,173.52,78.86,4.903372,479.26,815.6,227.39,137.47,180.82,79.61,4.034146,478.86,806.96,222.69,143.77,169.83,76.32,3.759402,478.6,670.22,416.56,524.17
2026-01-12 22:43:59,XPQ-01 Main,2026-01-12 22:43:00,858.87,81.06,4.33232833333333,478.19,859.74,235.72,137.16,191.6,81.31,4.903372,478.51,859.35,239.34,136.87,196.12,82.0,4.234146,478.42,857.51,236.31,142.09,188.61,79.87,3.859402,477.64,711.36,416.13,576.32
2026-01-12 22:44:59,XPQ-01 Main,2026-01-12 22:44:00,808.5,78.08,4.36566166666667,478.17,800.42,219.51,135.49,172.59,78.66,5.03670533333333,478.53,816.48,227.36,137.66,180.73,79.55,4.234146,478.28,808.61,222.79,144.63,169.33,76.04,3.8260686666666706,477.71,669.66,417.79,522.65
2026-01-12 22:45:59,XPQ-01 Main,2026-01-12 22:45:00,827.33,79.46,4.34232833333333,478.35,826.83,226.82,135.96,181.48,80.03,4.93670533333333,478.58,832.26,231.8,137.74,186.07,80.37,4.26747933333333,478.49,822.89,226.88,141.94,176.78,77.98,3.8260686666666706,477.98,685.49,415.64,544.32
2026-01-12 22:46:59,XPQ-01 Main,2026-01-12 22:46:00,864.0,81.01,4.44232833333333,477.59,862.84,236.39,137.18,192.23,81.4,5.003372,478.15,867.22,241.24,137.86,197.57,82.01,4.40081266666667,477.58,861.94,237.11,143.31,188.65,79.63,3.92606866666667,477.04,714.73,418.35,578.46
2026-01-12 22:47:59,XPQ-01 Main,2026-01-12 22:47:00,860.2,81.15,4.588995,477.94,860.81,236.04,135.62,193.06,81.83,5.13670533333333,478.35,865.94,240.94,138.26,197.26,81.89,4.40081266666667,477.86,853.85,235.14,141.82,187.33,79.73,4.22606866666667,477.62,712.12,415.7,577.65
2026-01-12 22:48:59,XPQ-01 Main,2026-01-12 22:48:00,825.75,78.71,4.23232833333333,477.51,821.38,224.95,136.67,178.33,79.37,4.63670533333333,477.94,833.6,231.83,139.27,184.91,79.88,4.30081266666667,477.59,822.29,226.21,144.64,173.84,76.87,3.759402,476.99,682.99,420.58,537.09
2026-01-12 22:49:59,XPQ-01 Main,2026-01-12 22:49:00,809.55,78.81,4.26566166666667,477.64,808.15,221.43,134.7,175.7,79.36,5.07003866666667,478.13,814.05,226.43,136.36,180.55,79.8,4.20081266666667,477.63,806.46,221.9,140.63,171.25,77.28,3.52606866666667,477.17,669.77,411.68,527.5
2026-01-12 22:50:59,XPQ-01 Main,2026-01-12 22:50:00,842.61,80.9,4.398995,478.14,840.83,230.54,134.62,187.06,81.17,5.003372,478.59,844.8,235.29,134.58,192.82,82.0,4.06747933333333,478.28,842.21,232.0,140.63,184.41,79.52,4.12606866666667,477.54,697.83,409.83,564.29
2026-01-12 22:51:59,XPQ-01 Main,2026-01-12 22:51:00,817.34,78.74,4.388995,478.1,812.43,222.83,135.32,176.86,79.42,4.903372,478.67,825.61,229.9,138.08,183.41,79.89,4.50081266666667,478.08,814.0,224.15,143.23,172.29,76.9,3.759402,477.56,676.88,416.64,532.56
2026-01-12 22:52:59,XPQ-01 Main,2026-01-12 22:52:00,823.09,78.7,4.45566166666667,477.68,818.78,224.35,137.01,177.58,79.17,5.17003866666667,478.18,828.85,230.59,138.48,183.91,79.89,4.434146,477.7,821.64,226.09,144.05,174.01,77.03,3.759402,477.16,681.03,419.54,535.5
2026-01-12 22:53:59,XPQ-01 Main,2026-01-12 22:53:00,909.25,75.92,4.598995,476.55,911.53,249.12,161.13,189.92,76.25,5.003372,476.98,910.26,252.65,161.51,194.02,76.86,4.56747933333333,476.66,905.97,248.74,165.5,185.64,74.64,4.22606866666667,476.0,750.51,488.13,569.58
2026-01-12 22:54:59,XPQ-01 Main,2026-01-12 22:54:00,913.13,75.51,3.998995,476.69,909.18,248.59,162.51,187.97,75.65,4.67003866666667,477.23,914.87,254.03,162.19,195.05,76.89,3.8674793333333297,476.74,915.33,251.33,168.87,185.74,73.99,3.459402,476.1,753.94,493.58,568.75
2026-01-12 22:55:59,XPQ-01 Main,2026-01-12 22:55:00,937.79,77.23,4.24232833333333,476.61,935.35,255.59,161.85,197.42,77.33,4.73670533333333,477.07,938.36,260.57,161.07,204.31,78.53,4.26747933333333,476.87,939.66,258.01,168.0,195.46,75.84,3.72606866666667,475.89,774.17,490.93,597.19
2026-01-12 22:56:59,XPQ-01 Main,2026-01-12 22:56:00,881.86,75.63,4.82232833333333,477.15,881.29,241.16,157.0,182.76,75.85,5.303372,477.54,883.19,245.43,156.85,187.93,76.78,4.934146,477.27,881.09,242.24,162.05,179.71,74.27,4.22606866666667,476.63,728.82,475.89,550.41
2026-01-12 22:57:59,XPQ-01 Main,2026-01-12 22:57:00,910.29,75.59,4.298995,476.56,909.69,248.62,161.38,188.49,75.96,4.73670533333333,476.97,913.57,253.57,162.22,193.79,76.68,4.36747933333333,476.68,907.62,249.21,167.05,184.47,74.13,3.79273533333333,476.02,751.39,490.65,566.76
2026-01-12 22:58:59,XPQ-01 Main,2026-01-12 22:58:00,932.23,76.82,4.698995,476.87,932.61,255.06,162.19,196.55,77.13,5.27003866666667,477.28,933.65,259.3,162.48,201.72,77.88,4.634146,476.98,930.43,255.65,167.63,192.79,75.46,4.19273533333333,476.36,770.01,492.31,591.07
2026-01-12 22:59:59,XPQ-01 Main,2026-01-12 22:59:00,948.6,77.48,4.22232833333333,476.9,947.71,258.5,161.82,201.31,77.94,4.703372,477.35,953.98,263.94,163.31,206.88,78.49,4.26747933333333,477.03,944.1,258.98,168.19,196.69,76.0,3.6927353333333297,476.33,781.42,493.32,604.87
2026-01-12 23:00:59,XPQ-01 Main,2026-01-12 23:00:00,929.41,76.56,4.28566166666667,476.88,929.55,254.22,161.56,195.39,77.07,4.703372,477.32,933.94,259.41,163.31,200.82,77.58,4.134146,477.0,924.75,254.07,167.85,190.53,75.04,4.02606866666667,476.32,767.7,492.72,586.74
2026-01-12 23:01:59,XPQ-01 Main,2026-01-12 23:01:00,941.54,76.72,4.44232833333333,476.96,943.27,258.0,163.51,199.17,77.29,4.93670533333333,477.41,945.75,262.75,165.53,203.6,77.59,4.50081266666667,477.09,935.62,257.09,169.14,193.43,75.28,3.89273533333333,476.36,777.84,498.18,596.2
2026-01-12 23:02:59,XPQ-01 Main,2026-01-12 23:02:00,977.08,77.55,4.178995,476.47,977.8,267.17,167.12,208.06,77.96,4.57003866666667,476.92,980.35,272.08,168.22,213.3,78.52,4.36747933333333,476.61,973.1,267.12,172.98,203.42,76.18,3.59273533333333,475.87,806.37,508.32,624.79
2026-01-12 23:03:59,XPQ-01 Main,2026-01-12 23:03:00,966.58,77.57,4.83232833333333,476.56,966.47,264.12,165.49,205.43,77.87,5.303372,477.0,968.93,268.97,165.85,210.99,78.62,4.80081266666667,476.73,964.34,264.78,171.27,201.65,76.22,4.39273533333333,475.96,797.86,502.62,618.06
2026-01-12 23:04:59,XPQ-01 Main,2026-01-12 23:04:00,942.77,77.16,4.418995,477.12,942.01,257.73,163.56,198.83,77.23,4.77003866666667,477.59,942.5,261.96,162.35,204.87,78.37,4.50081266666667,477.3,943.8,259.42,168.79,196.65,75.88,3.9927353333333295,476.47,779.12,494.7,600.35
2026-01-12 23:05:59,XPQ-01 Main,2026-01-12 23:05:00,975.49,77.86,4.25566166666667,476.85,973.67,266.29,164.87,208.69,78.47,4.73670533333333,477.37,982.38,272.86,167.52,214.88,78.87,4.40081266666667,476.92,970.44,266.57,172.36,203.15,76.25,3.62606866666667,476.26,805.72,504.75,626.73
2026-01-12 23:06:59,XPQ-01 Main,2026-01-12 23:06:00,1003.94,78.36,4.498995,475.65,999.59,272.71,167.03,215.27,79.01,5.07003866666667,476.06,1012.9,280.56,170.11,222.66,79.46,4.40081266666667,475.71,999.34,273.88,175.95,209.72,76.61,4.02606866666667,475.18,827.15,513.09,647.65
2026-01-12 23:07:59,XPQ-01 Main,2026-01-12 23:07:00,959.21,77.28,4.03232833333333,476.84,957.32,261.71,165.71,202.57,77.41,4.503372,477.14,959.91,266.61,164.96,209.19,78.52,4.06747933333333,477.12,960.41,263.93,171.73,200.27,75.91,3.52606866666667,476.26,792.25,502.4,612.03
2026-01-12 23:08:59,XPQ-01 Main,2026-01-12 23:08:00,923.47,76.94,4.26566166666667,476.97,921.62,252.01,159.57,194.85,77.37,4.903372,477.23,927.76,257.72,160.74,200.89,78.08,4.30081266666667,477.24,921.01,253.19,166.3,190.8,75.38,3.59273533333333,476.42,762.93,486.62,586.54
2026-01-12 23:09:59,XPQ-01 Main,2026-01-12 23:09:00,926.11,76.03,4.16566166666667,477.41,922.87,252.59,162.78,192.83,76.41,4.67003866666667,477.78,931.2,258.98,163.91,199.51,77.27,4.06747933333333,477.69,924.26,254.26,169.79,189.06,74.4,3.759402,476.75,765.82,496.47,581.4
2026-01-12 23:10:59,XPQ-01 Main,2026-01-12 23:10:00,928.37,76.78,4.318995,476.61,927.54,253.62,160.25,196.3,77.47,4.83670533333333,477.13,934.48,259.36,163.13,201.47,77.72,4.30081266666667,476.56,923.08,253.43,167.06,190.38,75.16,3.8260686666666706,476.15,766.41,490.44,588.16
2026-01-12 23:11:59,XPQ-01 Main,2026-01-12 23:11:00,933.53,77.5,4.06566166666667,477.11,930.59,254.56,159.82,198.13,77.83,4.53670533333333,477.47,937.35,260.49,160.57,204.8,78.7,4.134146,477.35,932.66,256.43,166.67,194.73,75.97,3.52606866666667,476.52,771.48,487.07,597.67
2026-01-12 23:12:59,XPQ-01 Main,2026-01-12 23:12:00,921.56,73.64,4.22232833333333,476.61,915.18,250.26,167.62,185.34,74.17,4.63670533333333,477.29,928.72,257.85,170.17,193.34,75.07,4.134146,476.53,920.77,252.69,176.1,180.98,71.67,3.89273533333333,476.01,760.8,513.89,559.67
2026-01-12 23:13:59,XPQ-01 Main,2026-01-12 23:13:00,877.27,72.87,4.13232833333333,477.01,873.06,238.91,161.71,175.13,73.47,4.57003866666667,477.72,884.31,245.75,164.37,181.79,74.18,4.06747933333333,476.97,874.44,240.18,169.12,170.37,70.97,3.759402,476.34,724.84,495.19,527.29
2026-01-12 23:14:59,XPQ-01 Main,2026-01-12 23:14:00,954.65,71.36,4.26566166666667,476.12,952.74,260.08,181.1,186.2,71.68,4.73670533333333,476.68,957.86,265.76,182.18,192.62,72.65,4.234146,476.35,953.36,261.45,187.32,182.23,69.73,3.8260686666666706,475.31,787.29,550.61,561.05
2026-01-12 23:15:59,XPQ-01 Main,2026-01-12 23:15:00,951.06,74.76,4.28566166666667,476.74,948.8,259.52,170.47,195.12,75.31,4.63670533333333,477.22,957.11,265.67,172.72,201.2,75.88,4.334146,476.65,947.27,260.16,177.31,189.95,73.1,3.89273533333333,476.35,785.36,520.51,586.27
2026-01-12 23:16:59,XPQ-01 Main,2026-01-12 23:16:00,925.4,73.22,4.698995,476.38,920.13,251.47,168.65,186.18,74.11,5.17003866666667,476.97,935.73,259.62,173.28,193.07,74.42,4.70081266666667,476.31,920.34,252.51,177.45,179.47,71.11,4.22606866666667,475.84,763.6,519.37,558.72
2026-01-12 23:17:59,XPQ-01 Main,2026-01-12 23:17:00,1067.7,78.74,4.508995,475.53,1069.08,291.49,176.62,230.97,79.44,5.07003866666667,475.8,1075.21,297.74,180.11,235.9,79.48,4.734146,475.74,1058.81,290.21,183.55,223.66,77.3,3.72606866666667,475.06,879.44,540.28,690.53
2026-01-12 23:18:59,XPQ-01 Main,2026-01-12 23:18:00,1003.0,75.29,4.02232833333333,476.03,995.29,271.83,176.75,206.4,75.96,4.57003866666667,476.58,1012.57,280.7,180.26,215.12,76.65,3.96747933333333,475.97,1001.14,274.51,186.75,201.05,73.27,3.52606866666667,475.56,827.04,543.76,622.57
2026-01-12 23:19:59,XPQ-01 Main,2026-01-12 23:19:00,1033.34,78.39,3.88566166666667,475.87,1036.55,282.88,173.61,223.31,78.95,4.37003866666667,476.22,1037.51,287.5,175.83,227.37,79.11,3.96747933333333,475.99,1025.95,281.35,179.05,216.81,77.11,3.32606866666667,475.4,851.74,528.48,667.49
2026-01-12 23:20:59,XPQ-01 Main,2026-01-12 23:20:00,1243.17,81.98,7.45566166666667,474.51,1241.77,337.84,191.09,278.48,82.45,7.87003866666667,474.96,1249.96,345.52,193.21,286.09,82.87,7.50081266666667,474.72,1237.79,338.41,200.16,272.75,80.62,6.99273533333333,473.85,1021.77,584.46,837.32
2026-01-12 23:21:59,XPQ-01 Main,2026-01-12 23:21:00,1118.88,81.22,4.03232833333333,475.02,1121.58,305.47,176.49,249.3,81.62,4.47003866666667,475.27,1121.72,310.28,177.56,254.27,81.99,4.00081266666667,475.24,1113.32,304.83,182.57,243.89,80.05,3.62606866666667,474.55,920.58,536.62,747.45
2026-01-12 23:22:59,XPQ-01 Main,2026-01-12 23:22:00,1144.82,80.93,4.11232833333333,475.18,1144.56,311.79,179.6,254.81,81.74,4.703372,475.49,1155.64,319.86,184.44,261.14,81.68,4.06747933333333,475.47,1134.27,310.63,188.97,246.55,79.37,3.559402,474.59,942.28,553.02,762.51
2026-01-12 23:23:59,XPQ-01 Main,2026-01-12 23:23:00,1144.18,81.08,4.388995,474.73,1139.95,310.41,178.96,253.42,81.69,4.87003866666667,475.2,1152.95,318.76,182.05,261.54,82.07,4.334146,474.76,1139.64,311.7,189.06,247.6,79.48,3.959402,474.24,940.86,550.07,762.56
2026-01-12 23:24:59,XPQ-01 Main,2026-01-12 23:24:00,1152.45,81.74,3.998995,475.58,1154.77,314.91,179.68,258.61,82.12,4.43670533333333,475.87,1154.93,319.84,180.61,263.96,82.53,4.134146,475.75,1147.67,314.58,186.2,253.36,80.58,3.42606866666667,475.12,949.33,546.48,775.93
2026-01-12 23:25:59,XPQ-01 Main,2026-01-12 23:25:00,1094.86,79.53,4.12232833333333,475.92,1091.88,297.87,179.19,237.84,79.87,4.63670533333333,476.16,1099.43,304.77,179.95,245.5,80.65,4.10081266666667,476.25,1093.27,299.9,187.28,234.02,78.08,3.62606866666667,475.33,902.53,546.42,717.36
2026-01-12 23:26:59,XPQ-01 Main,2026-01-12 23:26:00,1101.1,80.47,3.9556616666666704,475.67,1100.39,300.04,175.69,243.06,81.04,4.603372,475.98,1108.26,307.09,178.36,249.56,81.36,3.734146,476.01,1094.66,300.09,183.92,237.03,79.01,3.52606866666667,475.03,907.22,537.96,729.66
2026-01-12 23:27:59,XPQ-01 Main,2026-01-12 23:27:00,1122.65,80.68,4.088995,475.33,1121.95,305.85,177.09,249.32,81.53,4.703372,475.68,1133.69,313.79,182.15,255.47,81.42,4.16747933333333,475.42,1112.32,304.68,186.33,240.92,79.1,3.39273533333333,474.88,924.31,545.57,745.71
2026-01-12 23:28:59,XPQ-01 Main,2026-01-12 23:28:00,1134.54,81.18,3.878995,475.44,1134.91,309.25,178.93,251.77,81.51,4.403372,475.82,1138.13,315.31,179.52,258.39,82.12,3.834146,475.85,1130.57,309.74,186.1,247.38,79.91,3.39273533333333,474.65,934.3,544.55,757.53
2026-01-12 23:29:59,XPQ-01 Main,2026-01-12 23:29:00,1099.55,80.65,4.14232833333333,475.4,1096.4,298.93,174.67,242.07,81.09,4.603372,475.69,1106.38,306.22,176.34,249.5,81.66,4.034146,475.48,1095.87,300.27,183.12,237.48,79.19,3.79273533333333,475.03,905.42,534.13,729.06
2026-01-12 23:30:59,XPQ-01 Main,2026-01-12 23:30:00,1165.86,80.31,4.098995,474.96,1164.36,316.97,186.59,255.99,80.81,4.47003866666667,475.15,1172.92,324.48,188.7,263.1,81.26,4.20081266666667,475.34,1160.3,317.69,195.17,250.35,78.87,3.62606866666667,474.39,959.14,570.46,769.44
2026-01-12 23:31:59,XPQ-01 Main,2026-01-12 23:31:00,1142.57,80.87,4.04566166666667,475.93,1138.07,310.42,180.97,252.01,81.23,4.503372,476.06,1148.85,318.45,181.88,260.54,82.0,4.10081266666667,476.35,1140.8,313.03,190.25,248.3,79.38,3.52606866666667,475.37,941.89,553.1,760.84
2026-01-12 23:32:59,XPQ-01 Main,2026-01-12 23:32:00,1144.06,81.04,4.16566166666667,475.82,1136.73,310.04,178.98,252.82,81.62,4.73670533333333,475.98,1155.91,320.3,181.99,262.27,82.16,4.10081266666667,476.16,1139.53,312.59,190.08,247.71,79.33,3.659402,475.33,942.93,551.06,762.8
2026-01-12 23:33:59,XPQ-01 Main,2026-01-12 23:33:00,1155.92,80.36,4.15566166666667,474.62,1149.15,312.62,182.63,253.19,81.1,4.603372,474.86,1169.64,323.35,187.12,262.72,81.45,4.16747933333333,474.98,1148.97,314.33,194.59,246.78,78.53,3.6927353333333297,474.02,950.3,564.34,762.68
2026-01-12 23:34:59,XPQ-01 Main,2026-01-12 23:34:00,1073.34,82.95,4.02232833333333,476.21,1068.68,291.98,160.29,243.61,83.54,4.603372,476.7,1082.45,300.13,162.98,251.55,83.92,4.10081266666667,476.12,1068.9,293.24,170.21,238.45,81.39,3.359402,475.8,885.35,493.49,733.61
2026-01-12 23:35:59,XPQ-01 Main,2026-01-12 23:35:00,1057.78,82.58,3.96566166666667,476.28,1050.79,286.92,160.16,237.79,82.94,4.43670533333333,476.5,1065.21,295.45,160.92,247.08,83.79,3.96747933333333,476.54,1057.33,290.27,170.08,235.01,81.01,3.49273533333333,475.79,872.64,491.17,719.88
2026-01-12 23:36:59,XPQ-01 Main,2026-01-12 23:36:00,1063.06,81.57,4.16566166666667,476.12,1061.17,289.79,164.74,237.9,82.21,4.703372,476.69,1071.31,297.12,167.85,244.56,82.45,4.06747933333333,476.16,1056.71,289.79,173.53,231.83,80.06,3.7260686666666705,475.49,876.7,506.11,714.28
2026-01-12 23:37:59,XPQ-01 Main,2026-01-12 23:37:00,1065.77,81.44,4.198995,476.2,1060.54,289.64,165.49,237.44,82.04,4.87003866666667,476.44,1075.45,298.15,168.33,245.47,82.47,4.134146,476.29,1061.34,291.31,175.29,232.16,79.81,3.59273533333333,475.87,879.1,509.11,715.07
2026-01-12 23:38:59,XPQ-01 Main,2026-01-12 23:38:00,1069.92,81.4,3.97566166666667,476.26,1066.27,291.28,167.19,238.33,81.87,4.37003866666667,476.73,1076.4,298.55,168.98,246.1,82.44,4.034146,476.3,1067.09,292.79,175.93,233.85,79.91,3.52606866666667,475.75,882.62,512.1,718.28
2026-01-12 23:39:59,XPQ-01 Main,2026-01-12 23:39:00,1093.69,81.83,3.808995,475.75,1086.69,296.44,167.42,244.65,82.53,4.13670533333333,476.04,1105.61,306.31,171.18,253.79,82.9,3.90081266666667,475.94,1088.76,298.53,178.82,238.89,80.06,3.39273533333333,475.27,901.28,517.42,737.33
2026-01-12 23:40:59,XPQ-01 Main,2026-01-12 23:40:00,1106.85,82.56,4.108995,476.16,1106.51,302.12,167.19,251.59,83.29,4.77003866666667,476.42,1117.02,309.7,171.29,257.66,83.28,3.934146,476.32,1097.02,301.08,176.01,244.04,81.11,3.62606866666667,475.74,912.9,514.5,753.29
2026-01-12 23:41:59,XPQ-01 Main,2026-01-12 23:41:00,1079.2,82.55,4.16566166666667,476.42,1080.23,295.0,164.55,244.83,83.0,4.903372,476.64,1083.73,300.71,166.09,250.5,83.34,4.00081266666667,476.75,1073.63,294.85,171.56,239.6,81.31,3.59273533333333,475.88,890.57,502.21,734.93
2026-01-12 23:42:59,XPQ-01 Main,2026-01-12 23:42:00,1086.56,82.64,3.878995,476.64,1085.48,296.66,164.56,246.35,83.15,4.43670533333333,477.21,1093.24,303.62,166.68,253.1,83.52,3.734146,476.84,1080.96,296.78,172.9,241.07,81.26,3.459402,475.88,897.06,504.14,740.52
2026-01-12 23:43:59,XPQ-01 Main,2026-01-12 23:43:00,1101.07,82.59,4.12232833333333,476.28,1094.8,298.88,166.57,247.93,83.01,4.43670533333333,476.59,1109.07,307.72,167.97,257.29,83.74,4.10081266666667,476.63,1099.33,301.75,176.82,244.39,81.02,3.8260686666666706,475.62,908.35,511.36,749.61
2026-01-12 23:44:59,XPQ-01 Main,2026-01-12 23:44:00,1095.48,81.05,3.96566166666667,476.55,1088.09,297.3,171.58,242.53,81.64,4.503372,477.05,1105.68,307.01,174.47,252.26,82.24,3.8674793333333297,476.78,1092.65,299.95,182.75,237.73,79.28,3.52606866666667,475.81,904.26,528.81,732.52
2026-01-12 23:45:59,XPQ-01 Main,2026-01-12 23:45:00,1039.71,81.51,4.06566166666667,477.25,1034.69,283.12,161.64,232.24,82.08,4.703372,477.57,1048.75,291.51,164.17,240.4,82.58,3.834146,477.47,1035.69,284.85,171.3,227.32,79.86,3.659402,476.7,859.49,497.11,699.96
2026-01-12 23:46:59,XPQ-01 Main,2026-01-12 23:46:00,1074.82,82.0,4.398995,477.33,1076.4,294.45,167.25,242.14,82.28,4.87003866666667,477.69,1076.34,299.37,167.33,247.89,82.88,4.334146,477.75,1071.74,294.8,173.45,238.19,80.84,3.9927353333333295,476.53,888.62,508.04,728.22
2026-01-12 23:47:59,XPQ-01 Main,2026-01-12 23:47:00,1043.01,81.07,3.93232833333333,477.12,1041.48,285.06,164.84,232.25,81.55,4.57003866666667,477.73,1048.04,291.25,166.51,238.84,82.03,3.96747933333333,477.08,1039.5,285.65,172.72,227.33,79.62,3.259402,476.54,861.96,504.07,698.41
2026-01-12 23:48:59,XPQ-01 Main,2026-01-12 23:48:00,1030.99,82.19,3.978995,477.13,1029.79,281.64,159.67,231.57,82.33,4.43670533333333,477.64,1032.01,286.97,158.63,238.42,83.26,3.934146,477.47,1031.17,283.42,166.2,229.42,80.98,3.559402,476.27,852.03,484.49,699.41
2026-01-12 23:49:59,XPQ-01 Main,2026-01-12 23:49:00,1024.16,81.6,4.17566166666667,476.79,1020.32,279.03,159.3,228.82,82.07,4.67003866666667,477.18,1030.65,286.14,160.98,236.23,82.64,4.034146,476.83,1021.52,280.65,167.84,224.58,80.1,3.8260686666666706,476.36,845.82,488.13,689.63
2026-01-12 23:50:59,XPQ-01 Main,2026-01-12 23:50:00,1029.06,81.7,3.9423283333333297,477.47,1027.62,281.24,161.02,230.2,81.94,4.53670533333333,477.92,1031.62,287.04,160.82,237.14,82.76,3.70081266666667,477.83,1027.94,282.77,168.16,227.23,80.38,3.59273533333333,476.67,851.06,490.0,694.58
2026-01-12 23:51:59,XPQ-01 Main,2026-01-12 23:51:00,1057.17,82.02,3.8123283333333298,477.56,1054.87,288.72,163.98,237.15,82.25,4.47003866666667,477.81,1060.13,294.94,163.66,244.75,83.13,3.66747933333333,477.98,1056.52,290.81,171.73,234.52,80.68,3.29273533333333,476.89,874.47,499.37,716.41
2026-01-12 23:52:59,XPQ-01 Main,2026-01-12 23:52:00,1050.79,82.45,4.088995,477.79,1054.16,288.76,162.84,238.32,82.57,4.77003866666667,478.29,1048.37,291.86,161.34,243.1,83.32,3.96747933333333,478.04,1049.83,288.97,167.57,235.39,81.47,3.52606866666667,477.03,869.58,491.75,716.82
2026-01-12 23:53:59,XPQ-01 Main,2026-01-12 23:53:00,1007.36,81.74,4.288995,478.27,1009.98,276.95,158.54,226.91,81.97,4.803372,478.7,1007.35,280.68,158.08,231.62,82.6,4.234146,478.51,1004.75,276.87,163.56,223.22,80.66,3.8260686666666706,477.6,834.5,480.18,681.75
2026-01-12 23:54:59,XPQ-01 Main,2026-01-12 23:54:00,939.68,78.92,3.9556616666666704,478.83,936.72,257.33,157.19,203.41,79.13,4.603372,479.29,941.74,262.56,156.84,210.08,80.13,3.8674793333333297,478.76,940.59,259.46,163.79,200.8,77.49,3.39273533333333,478.42,779.35,477.83,614.28
2026-01-12 23:55:59,XPQ-01 Main,2026-01-12 23:55:00,961.83,79.99,4.098995,478.73,966.74,265.32,158.72,212.61,80.13,4.53670533333333,479.12,959.31,267.54,157.5,216.05,80.81,3.834146,479.02,959.44,264.66,162.1,209.13,79.04,3.92606866666667,478.05,797.53,478.32,637.79
2026-01-12 23:56:59,XPQ-01 Main,2026-01-12 23:56:00,883.22,82.32,4.098995,479.78,884.2,243.28,136.75,201.16,82.7,4.77003866666667,480.09,885.75,247.46,137.36,205.69,83.16,4.034146,479.92,879.7,243.24,142.29,197.14,81.09,3.49273533333333,479.34,733.98,416.4,603.98
2026-01-12 23:57:59,XPQ-01 Main,2026-01-12 23:57:00,892.28,82.56,4.208995,479.66,895.8,246.41,138.82,203.54,82.62,4.77003866666667,479.96,889.34,248.4,136.89,207.03,83.42,4.00081266666667,479.8,891.69,246.49,142.21,201.14,81.65,3.859402,479.21,741.3,417.91,611.72
2026-01-12 23:58:59,XPQ-01 Main,2026-01-12 23:58:00,898.37,82.07,4.21232833333333,479.45,893.77,245.75,138.83,202.55,82.48,4.703372,479.96,903.66,252.4,139.77,209.89,83.23,4.30081266666667,479.58,897.67,247.92,147.1,199.46,80.48,3.62606866666667,478.82,746.07,425.7,611.89
2026-01-12 23:59:59,XPQ-01 Main,2026-01-12 23:59:00,912.96,82.88,3.988995,478.81,911.85,250.3,138.44,208.38,83.29,4.53670533333333,479.07,917.15,255.77,139.41,214.12,83.8,4.06747933333333,479.09,909.9,251.1,145.27,204.64,81.54,3.359402,478.27,757.16,423.12,627.14
2026-01-13 00:00:59,XPQ-01 Main,2026-01-13 00:00:00,914.4,83.05,4.02232833333333,479.12,910.65,250.26,137.37,209.0,83.57,4.73670533333333,479.58,920.73,256.91,139.09,215.89,84.06,3.8674793333333297,479.16,911.82,251.68,145.74,205.09,81.51,3.459402,478.6,758.85,422.21,629.99
2026-01-13 00:01:59,XPQ-01 Main,2026-01-13 00:01:00,903.43,83.34,4.278995,479.57,900.84,247.76,135.49,207.19,83.69,4.83670533333333,479.79,908.01,253.51,135.94,213.33,84.33,4.30081266666667,479.7,901.42,249.19,142.49,204.03,81.99,3.6927353333333297,479.23,750.45,413.93,624.56
2026-01-13 00:02:59,XPQ-01 Main,2026-01-13 00:02:00,913.57,83.27,4.05232833333333,479.37,912.1,250.73,137.4,209.59,83.63,4.53670533333333,479.7,917.24,256.06,137.91,215.42,84.22,4.10081266666667,479.54,911.38,251.78,144.25,206.26,81.95,3.52606866666667,478.88,758.56,419.57,631.27
2026-01-13 00:03:59,XPQ-01 Main,2026-01-13 00:03:00,912.01,82.51,4.13232833333333,479.79,906.38,249.45,138.88,207.08,83.05,4.67003866666667,480.25,919.52,256.92,140.87,214.67,83.61,4.134146,479.81,910.14,251.57,147.91,203.29,80.86,3.59273533333333,479.31,757.94,427.66,625.04
2026-01-13 00:04:59,XPQ-01 Main,2026-01-13 00:04:00,914.94,82.41,4.05566166666667,480.27,908.2,250.25,139.95,207.32,82.88,4.73670533333333,480.65,921.95,257.76,141.33,215.49,83.62,3.934146,480.2,914.66,253.12,149.26,204.26,80.74,3.49273533333333,479.98,761.14,430.54,627.08
2026-01-13 00:05:59,XPQ-01 Main,2026-01-13 00:05:00,814.81,79.41,4.06566166666667,480.72,808.03,222.86,133.32,178.27,80.08,4.63670533333333,481.21,823.27,230.45,136.01,185.77,80.69,4.00081266666667,480.64,813.12,225.17,142.27,174.31,77.47,3.559402,480.3,678.47,411.6,538.35
2026-01-13 00:06:59,XPQ-01 Main,2026-01-13 00:06:00,858.44,80.93,4.34232833333333,480.62,856.45,236.06,138.18,191.28,81.06,5.003372,481.01,858.72,240.36,137.18,197.23,82.1,4.06747933333333,480.75,860.14,238.2,144.05,189.65,79.63,3.959402,480.1,714.63,419.41,578.15
2026-01-13 00:07:59,XPQ-01 Main,2026-01-13 00:07:00,846.61,80.57,4.06566166666667,480.62,843.6,232.59,136.56,187.96,80.9,4.67003866666667,481.11,849.7,237.82,136.93,194.21,81.73,4.134146,480.62,846.53,234.39,143.4,185.26,79.08,3.39273533333333,480.15,704.8,416.89,567.43
2026-01-13 00:08:59,XPQ-01 Main,2026-01-13 00:08:00,694.19,85.17,3.98566166666667,483.08,686.19,190.15,98.8,162.28,85.41,4.703372,483.19,698.79,196.45,98.25,169.65,86.54,3.7008126666666703,483.11,697.6,194.28,106.45,161.91,83.56,3.559402,482.95,580.88,303.51,493.85
2026-01-13 00:09:59,XPQ-01 Main,2026-01-13 00:09:00,603.77,80.77,4.04232833333333,483.11,598.85,166.05,96.64,134.69,81.25,4.77003866666667,483.58,608.42,171.09,97.62,140.24,82.07,3.934146,482.85,604.05,168.11,102.92,132.55,78.98,3.42606866666667,482.9,505.24,297.18,407.48
2026-01-13 00:10:59,XPQ-01 Main,2026-01-13 00:10:00,1093.04,54.5,4.06566166666667,475.46,1086.85,296.47,246.49,161.43,54.79,4.53670533333333,476.14,1097.13,303.85,249.37,170.03,56.33,4.134146,475.39,1095.15,299.84,253.97,156.16,52.38,3.52606866666667,474.85,900.17,749.83,487.62
2026-01-13 00:11:59,XPQ-01 Main,2026-01-13 00:11:00,644.34,74.95,4.54566166666667,482.84,639.07,177.07,117.16,132.49,74.91,5.103372,483.3,644.89,181.27,116.23,138.9,76.69,4.534146,482.69,649.07,180.54,122.78,132.05,73.24,3.9927353333333295,482.54,538.89,356.17,403.44
2026-01-13 00:12:59,XPQ-01 Main,2026-01-13 00:12:00,713.67,80.81,4.05566166666667,481.92,705.87,195.13,113.97,158.13,81.12,4.53670533333333,482.39,718.72,201.72,114.38,165.97,82.34,4.16747933333333,481.94,716.41,198.89,121.93,156.97,78.97,3.459402,481.41,595.73,350.29,481.06
2026-01-13 00:13:59,XPQ-01 Main,2026-01-13 00:13:00,751.61,78.79,4.008995,482.18,749.76,207.42,126.96,162.54,78.81,4.703372,482.59,750.96,210.8,125.58,167.87,80.07,4.00081266666667,482.1,754.12,209.5,131.73,161.48,77.49,3.32606866666667,481.84,627.73,384.26,491.9
2026-01-13 00:14:59,XPQ-01 Main,2026-01-13 00:14:00,696.24,78.05,4.46566166666667,482.9,696.29,192.88,121.19,149.92,77.77,4.83670533333333,483.18,691.76,194.47,118.24,154.21,79.36,4.434146,482.94,700.66,194.99,124.28,150.05,77.01,4.12606866666667,482.58,582.33,363.71,454.17
2026-01-13 00:15:59,XPQ-01 Main,2026-01-13 00:15:00,711.96,79.9,3.9556616666666704,482.77,707.57,196.01,118.08,156.24,79.78,4.57003866666667,483.2,710.84,199.78,116.01,162.57,81.4,3.80081266666667,482.67,717.47,199.56,123.49,156.53,78.51,3.49273533333333,482.46,595.35,357.57,475.34
2026-01-13 00:16:59,XPQ-01 Main,2026-01-13 00:16:00,696.25,77.91,3.998995,482.61,691.77,191.48,121.01,148.23,77.47,4.503372,483.02,692.46,194.64,117.48,154.91,79.68,4.06747933333333,482.72,704.5,195.88,125.89,149.93,76.58,3.42606866666667,482.08,581.99,364.38,453.07
2026-01-13 00:17:59,XPQ-01 Main,2026-01-13 00:17:00,621.09,78.65,3.92232833333333,483.52,619.58,171.88,105.79,135.03,78.73,4.27003866666667,483.8,621.05,174.78,104.87,139.29,79.9,4.10081266666667,483.45,622.64,173.49,109.83,133.72,77.3,3.39273533333333,483.32,520.15,320.49,408.04
2026-01-13 00:18:59,XPQ-01 Main,2026-01-13 00:18:00,723.03,75.31,4.34232833333333,481.93,717.23,198.24,130.78,148.88,75.13,5.03670533333333,482.3,722.35,202.73,128.95,156.05,77.08,4.234146,482.05,729.52,202.57,136.76,149.22,73.72,3.759402,481.44,603.55,396.49,454.14
2026-01-13 00:19:59,XPQ-01 Main,2026-01-13 00:19:00,775.96,78.23,4.13232833333333,481.2,776.27,214.3,132.45,168.19,78.56,4.87003866666667,481.54,777.06,217.68,132.66,172.36,79.25,4.06747933333333,481.17,774.54,214.77,137.22,165.04,76.89,3.459402,480.9,646.75,402.33,505.59
2026-01-13 00:20:59,XPQ-01 Main,2026-01-13 00:20:00,776.67,77.55,4.02232833333333,481.49,771.99,213.18,134.37,165.19,77.58,4.67003866666667,481.59,777.33,217.84,133.16,171.74,79.03,3.8674793333333297,481.61,780.68,216.71,140.37,164.37,76.04,3.52606866666667,481.28,647.74,407.91,501.3
2026-01-13 00:21:59,XPQ-01 Main,2026-01-13 00:21:00,769.72,78.12,4.508995,481.5,763.7,210.99,131.61,164.52,78.09,5.103372,481.87,770.51,215.96,130.16,171.9,79.72,4.56747933333333,481.38,774.97,215.0,138.17,164.36,76.55,3.859402,481.24,641.95,399.93,500.77
2026-01-13 00:22:59,XPQ-01 Main,2026-01-13 00:22:00,707.65,74.5,4.03232833333333,481.63,707.78,195.58,129.66,146.27,74.83,4.703372,481.91,708.66,198.65,129.96,150.01,75.58,3.8674793333333297,481.55,706.51,196.1,133.71,143.14,73.08,3.52606866666667,481.43,590.34,393.33,439.41
2026-01-13 00:23:59,XPQ-01 Main,2026-01-13 00:23:00,603.96,80.97,4.02232833333333,484.02,598.2,166.05,97.04,134.35,81.07,4.43670533333333,484.31,606.21,170.86,96.11,140.5,82.54,4.034146,484.14,607.47,169.44,102.98,134.11,79.31,3.59273533333333,483.6,506.35,296.13,408.97
2026-01-13 00:24:59,XPQ-01 Main,2026-01-13 00:24:00,603.11,81.24,4.198995,483.85,598.38,166.19,96.93,134.47,81.12,4.73670533333333,484.4,602.3,169.64,94.88,140.25,82.83,4.10081266666667,483.56,608.66,169.63,102.06,135.04,79.78,3.759402,483.6,505.45,293.87,409.77
2026-01-13 00:25:59,XPQ-01 Main,2026-01-13 00:25:00,622.3,81.25,4.16566166666667,483.94,616.82,171.33,99.16,139.34,81.48,4.87003866666667,484.43,625.26,176.13,98.82,145.33,82.69,4.10081266666667,483.68,624.81,174.18,105.31,138.43,79.59,3.52606866666667,483.7,521.64,303.28,423.09
2026-01-13 00:26:59,XPQ-01 Main,2026-01-13 00:26:00,670.65,77.67,3.998995,483.24,662.22,183.56,115.36,142.35,77.69,4.47003866666667,483.69,673.19,189.45,114.48,150.53,79.6,4.06747933333333,483.26,676.54,188.34,122.9,142.52,75.73,3.459402,482.76,561.35,352.75,435.41
2026-01-13 00:27:59,XPQ-01 Main,2026-01-13 00:27:00,679.51,78.51,4.088995,483.47,672.31,186.48,114.95,146.22,78.61,4.63670533333333,484.02,682.22,192.09,114.34,153.75,80.24,4.034146,483.42,683.99,190.46,122.13,145.86,76.67,3.59273533333333,482.97,569.03,351.42,445.83
2026-01-13 00:28:59,XPQ-01 Main,2026-01-13 00:28:00,690.09,78.33,3.96566166666667,483.24,680.15,188.64,117.09,147.4,78.3,4.403372,483.78,692.81,194.9,115.93,156.04,80.27,4.00081266666667,483.0,697.31,194.09,124.97,148.02,76.41,3.49273533333333,482.96,577.63,357.99,451.46
2026-01-13 00:29:59,XPQ-01 Main,2026-01-13 00:29:00,697.31,78.98,4.07566166666667,483.51,688.81,191.07,117.11,150.31,78.89,4.77003866666667,484.02,698.85,196.78,115.38,158.77,80.89,3.90081266666667,483.46,704.27,196.14,124.63,151.24,77.17,3.559402,483.04,583.99,357.12,460.31
2026-01-13 00:30:59,XPQ-01 Main,2026-01-13 00:30:00,723.62,79.15,3.96566166666667,483.47,719.08,199.41,121.64,157.54,79.15,4.57003866666667,483.93,724.44,203.98,120.16,163.91,80.65,3.8674793333333297,483.53,727.36,202.58,127.49,157.14,77.66,3.459402,482.95,605.98,369.29,478.6
2026-01-13 00:31:59,XPQ-01 Main,2026-01-13 00:31:00,724.96,79.79,4.12232833333333,482.7,720.13,199.42,120.37,158.59,79.65,4.67003866666667,483.19,724.04,203.52,118.06,165.11,81.34,4.034146,482.66,730.7,203.18,126.01,158.97,78.37,3.659402,482.25,606.12,364.44,482.67
2026-01-13 00:32:59,XPQ-01 Main,2026-01-13 00:32:00,724.52,80.11,4.28566166666667,482.93,718.35,198.97,119.09,158.89,80.02,4.83670533333333,483.03,725.43,203.9,117.1,166.11,81.73,4.134146,483.02,729.77,203.18,125.49,159.37,78.57,3.89273533333333,482.74,606.05,361.68,484.37
2026-01-13 00:33:59,XPQ-01 Main,2026-01-13 00:33:00,742.49,81.13,3.8556616666666703,482.63,737.64,204.32,118.92,165.23,81.17,4.47003866666667,483.02,743.84,208.93,117.42,171.95,82.58,3.734146,482.4,745.99,207.45,125.19,164.95,79.66,3.359402,482.49,620.7,361.52,502.13
2026-01-13 00:34:59,XPQ-01 Main,2026-01-13 00:34:00,735.59,80.5,3.9423283333333297,482.63,730.58,202.26,119.61,162.92,80.61,4.603372,482.83,737.77,207.25,118.64,169.32,81.9,3.90081266666667,482.65,738.43,205.42,125.76,161.99,78.99,3.32606866666667,482.41,614.93,364.01,494.24
2026-01-13 00:35:59,XPQ-01 Main,2026-01-13 00:35:00,727.6,79.93,3.888995,482.11,719.31,199.0,119.3,158.99,79.99,4.503372,482.68,730.24,205.0,118.33,167.18,81.62,3.8674793333333297,481.96,733.24,203.6,126.83,158.99,78.17,3.29273533333333,481.69,607.6,364.46,485.15
2026-01-13 00:36:59,XPQ-01 Main,2026-01-13 00:36:00,736.04,81.26,4.04232833333333,482.67,732.84,202.98,117.28,165.57,81.6,4.703372,483.08,739.31,207.71,117.65,171.11,82.4,4.00081266666667,482.5,735.98,204.67,123.33,163.1,79.76,3.42606866666667,482.42,615.36,358.27,499.78
2026-01-13 00:37:59,XPQ-01 Main,2026-01-13 00:37:00,742.34,81.31,3.8656616666666705,482.83,734.63,203.5,117.91,165.59,81.46,4.57003866666667,483.12,746.13,209.7,117.16,173.27,82.84,3.8674793333333297,482.79,746.25,207.65,125.34,165.05,79.64,3.159402,482.59,620.84,360.41,503.91
2026-01-13 00:38:59,XPQ-01 Main,2026-01-13 00:38:00,748.4,81.21,3.96566166666667,482.28,740.91,204.99,118.83,166.68,81.43,4.67003866666667,482.56,753.14,211.43,118.58,174.3,82.68,3.7674793333333296,482.26,751.14,208.77,126.36,165.67,79.51,3.459402,482.03,625.2,363.78,506.65
2026-01-13 00:39:59,XPQ-01 Main,2026-01-13 00:39:00,734.75,80.95,4.008995,482.13,724.3,200.25,117.01,162.14,81.09,4.703372,482.56,739.64,207.72,116.42,171.46,82.73,3.934146,482.29,740.31,205.63,125.89,162.44,79.04,3.39273533333333,481.54,613.61,359.32,496.04
2026-01-13 00:40:59,XPQ-01 Main,2026-01-13 00:40:00,807.75,75.24,4.118995,480.99,802.52,221.47,145.29,166.53,75.35,4.67003866666667,481.52,809.86,226.83,144.94,173.81,76.8,4.26747933333333,480.92,810.87,224.66,152.04,165.08,73.56,3.42606866666667,480.54,672.96,442.27,505.41
2026-01-13 00:41:59,XPQ-01 Main,2026-01-13 00:41:00,932.78,79.36,4.04232833333333,479.87,932.27,256.48,155.7,203.73,79.45,4.57003866666667,480.01,932.05,260.43,154.45,209.4,80.48,4.16747933333333,480.14,934.0,258.38,161.09,201.79,78.15,3.39273533333333,479.45,775.29,471.25,614.93
2026-01-13 00:42:59,XPQ-01 Main,2026-01-13 00:42:00,839.63,82.93,3.808995,481.86,832.27,230.04,127.81,191.09,83.12,4.603372,482.0,843.63,236.59,127.09,199.01,84.28,3.434146,481.9,842.98,234.17,135.88,190.27,81.38,3.39273533333333,481.69,700.79,390.78,580.37
2026-01-13 00:43:59,XPQ-01 Main,2026-01-13 00:43:00,818.0,82.43,3.988995,481.53,812.53,224.39,125.74,185.62,82.79,4.503372,481.63,823.06,230.67,126.21,192.68,83.65,3.7674793333333296,481.62,818.42,227.2,133.48,183.44,80.86,3.6927353333333297,481.33,682.27,385.43,561.74
2026-01-13 00:44:59,XPQ-01 Main,2026-01-13 00:44:00,831.82,82.35,4.06566166666667,481.69,827.85,228.8,128.42,189.02,82.72,4.703372,482.03,836.0,234.39,128.95,195.4,83.46,3.834146,481.59,831.6,230.83,135.53,186.37,80.88,3.659402,481.46,694.03,392.91,570.79
2026-01-13 00:45:59,XPQ-01 Main,2026-01-13 00:45:00,854.79,83.42,4.21232833333333,481.25,850.22,234.74,127.05,196.9,84.03,4.83670533333333,481.72,862.57,241.71,129.29,203.74,84.43,4.034146,481.19,851.57,236.1,135.67,192.95,81.8,3.759402,480.84,712.54,392.01,593.59
2026-01-13 00:46:59,XPQ-01 Main,2026-01-13 00:46:00,834.01,82.17,4.508995,481.53,828.2,228.68,129.85,188.09,82.29,5.203372,481.84,836.21,234.5,128.73,195.69,83.55,4.534146,481.73,837.64,232.44,137.27,187.46,80.68,3.79273533333333,481.03,695.62,395.84,571.24
2026-01-13 00:47:59,XPQ-01 Main,2026-01-13 00:47:00,800.34,81.95,3.9523283333333294,482.07,794.67,219.68,123.88,181.14,82.54,4.503372,482.2,808.05,226.77,125.83,187.97,83.1,3.80081266666667,482.23,798.31,221.86,132.21,177.59,80.21,3.559402,481.78,668.31,381.92,546.69
2026-01-13 00:48:59,XPQ-01 Main,2026-01-13 00:48:00,832.07,81.93,4.03232833333333,481.61,824.91,227.94,129.84,187.03,82.15,4.47003866666667,481.81,835.85,234.25,129.35,194.82,83.31,3.9008126666666705,481.52,835.46,231.92,137.83,185.93,80.33,3.7260686666666705,481.5,694.12,397.01,567.78
2026-01-13 00:49:59,XPQ-01 Main,2026-01-13 00:49:00,859.84,83.21,4.15232833333333,481.67,857.19,236.76,129.5,197.84,83.67,4.803372,481.7,865.03,242.5,130.56,203.56,84.17,3.90081266666667,481.83,857.3,238.11,136.62,194.3,81.8,3.759402,481.47,717.37,396.69,595.7
2026-01-13 00:50:59,XPQ-01 Main,2026-01-13 00:50:00,840.87,82.5,3.93232833333333,481.76,831.76,229.74,128.64,189.93,82.8,4.63670533333333,481.87,847.12,237.61,128.7,198.73,83.94,3.56747933333333,482.01,843.75,234.35,137.85,188.9,80.78,3.59273533333333,481.4,701.69,395.19,577.55
2026-01-13 00:51:59,XPQ-01 Main,2026-01-13 00:51:00,799.1,81.08,4.03232833333333,481.69,793.93,219.39,126.35,178.73,81.66,4.503372,482.12,805.88,226.04,128.35,185.42,82.22,3.934146,481.67,797.49,221.32,134.43,175.26,79.35,3.659402,481.29,666.74,389.13,539.41
2026-01-13 00:52:59,XPQ-01 Main,2026-01-13 00:52:00,795.66,81.61,4.23232833333333,482.21,784.9,217.02,124.16,177.59,81.96,4.93670533333333,482.35,802.91,225.41,124.73,186.91,83.18,4.06747933333333,482.42,799.17,222.16,133.79,176.55,79.7,3.6927353333333297,481.85,664.58,382.68,541.05
2026-01-13 00:53:59,XPQ-01 Main,2026-01-13 00:53:00,803.05,81.44,3.96566166666667,482.42,793.72,219.71,125.77,179.55,81.91,4.503372,482.95,810.99,227.81,127.1,188.25,82.88,3.8674793333333297,482.29,804.43,223.54,135.26,177.5,79.54,3.52606866666667,482.02,671.06,388.12,545.31
2026-01-13 00:54:59,XPQ-01 Main,2026-01-13 00:54:00,794.14,80.67,3.878995,482.0,783.89,216.62,126.4,175.58,81.16,4.603372,482.27,803.42,225.54,127.98,184.39,82.15,3.8674793333333297,482.26,795.11,220.87,136.0,173.43,78.69,3.159402,481.47,663.04,390.38,533.4
2026-01-13 00:55:59,XPQ-01 Main,2026-01-13 00:55:00,775.94,80.55,3.8756616666666703,482.58,772.46,213.75,124.7,173.32,81.17,4.503372,482.83,782.93,220.01,126.92,179.07,81.59,3.7674793333333296,482.77,772.42,214.84,131.89,169.24,78.88,3.359402,482.13,648.6,383.51,521.63
2026-01-13 00:56:59,XPQ-01 Main,2026-01-13 00:56:00,762.06,80.95,4.22232833333333,482.63,753.95,208.77,120.29,170.26,81.67,4.73670533333333,482.99,772.05,216.91,123.13,177.87,82.22,4.00081266666667,482.54,760.18,211.4,129.41,166.57,78.97,3.92606866666667,482.36,637.09,372.82,514.7
2026-01-13 00:57:59,XPQ-01 Main,2026-01-13 00:57:00,800.48,80.81,4.18566166666667,482.23,788.26,218.06,127.13,176.86,81.2,4.803372,482.72,808.36,227.02,128.1,186.99,82.5,4.134146,482.23,804.81,223.57,137.64,175.79,78.74,3.62606866666667,481.76,668.65,392.87,539.65
2026-01-13 00:58:59,XPQ-01 Main,2026-01-13 00:58:00,806.08,81.79,4.15566166666667,482.58,792.59,219.37,125.35,179.63,82.01,4.703372,483.08,812.89,228.5,125.1,190.64,83.61,4.00081266666667,482.68,812.76,225.94,136.08,180.0,79.77,3.759402,481.99,673.81,386.53,550.26
2026-01-13 00:59:59,XPQ-01 Main,2026-01-13 00:59:00,793.51,81.73,3.93232833333333,482.63,784.97,217.26,124.3,178.04,82.0,4.53670533333333,482.84,798.69,224.42,124.23,186.56,83.23,3.7674793333333296,482.78,796.88,221.68,132.98,177.13,79.97,3.49273533333333,482.26,663.36,381.51,541.74
2026-01-13 01:00:59,XPQ-01 Main,2026-01-13 01:00:00,779.44,80.72,4.02232833333333,482.75,775.16,214.67,124.29,174.83,81.5,4.77003866666667,482.94,788.36,221.49,127.42,180.73,81.73,3.7674793333333296,482.71,774.78,215.59,132.19,169.94,78.93,3.52606866666667,482.59,651.76,383.9,525.5
2026-01-13 01:01:59,XPQ-01 Main,2026-01-13 01:01:00,789.34,81.62,4.06566166666667,482.74,779.48,215.9,122.07,177.68,82.42,4.803372,483.1,801.19,225.14,125.55,186.45,82.95,3.834146,482.63,787.33,219.0,132.65,173.85,79.5,3.559402,482.49,660.04,380.27,537.98
2026-01-13 01:02:59,XPQ-01 Main,2026-01-13 01:02:00,816.37,81.36,4.108995,482.41,807.7,223.53,128.43,182.75,81.82,4.77003866666667,482.64,823.83,231.31,129.79,191.15,82.73,4.06747933333333,482.38,817.59,227.33,137.62,180.49,79.52,3.49273533333333,482.2,682.17,395.83,554.39
2026-01-13 01:03:59,XPQ-01 Main,2026-01-13 01:03:00,787.59,81.0,4.118995,483.28,780.73,216.38,125.29,176.33,81.52,4.903372,483.46,794.89,223.64,126.94,183.8,82.28,4.06747933333333,483.43,787.15,219.29,133.77,173.52,79.2,3.39273533333333,482.96,659.3,386.0,533.64
2026-01-13 01:04:59,XPQ-01 Main,2026-01-13 01:04:00,772.42,80.21,4.05566166666667,482.39,758.28,209.87,124.18,168.87,80.56,4.603372,482.87,780.98,219.37,125.12,179.85,82.09,4.034146,482.31,777.98,216.18,135.16,168.37,77.98,3.52606866666667,481.99,645.42,384.46,517.1
2026-01-13 01:05:59,XPQ-01 Main,2026-01-13 01:05:00,813.42,81.44,3.7756616666666702,482.04,808.59,223.56,127.51,183.37,82.1,4.403372,482.16,821.46,230.45,130.02,189.88,82.51,3.66747933333333,482.09,810.2,225.16,135.73,179.17,79.71,3.259402,481.87,679.18,393.26,552.42
2026-01-13 01:06:59,XPQ-01 Main,2026-01-13 01:06:00,826.1,81.32,4.26566166666667,482.26,819.97,226.85,131.26,184.72,81.52,5.103372,482.51,829.36,232.8,130.83,192.22,82.67,3.90081266666667,482.24,828.95,230.4,138.78,183.54,79.76,3.79273533333333,482.02,690.06,400.87,560.48
2026-01-13 01:07:59,XPQ-01 Main,2026-01-13 01:07:00,775.13,80.42,4.108995,482.23,772.07,213.51,126.14,172.16,80.67,4.603372,482.37,777.55,218.27,126.02,177.96,81.61,3.96747933333333,482.39,775.78,215.67,132.17,170.15,78.97,3.759402,481.94,647.45,384.33,520.27
2026-01-13 01:08:59,XPQ-01 Main,2026-01-13 01:08:00,772.96,80.46,4.108995,481.83,763.73,211.16,123.99,170.41,80.86,4.77003866666667,482.31,779.38,218.64,124.97,178.74,81.95,3.834146,481.7,775.78,215.33,132.82,168.6,78.55,3.7260686666666705,481.48,645.12,381.79,517.75
2026-01-13 01:09:59,XPQ-01 Main,2026-01-13 01:09:00,806.2,81.67,4.03232833333333,482.37,801.16,221.63,127.4,181.06,81.78,4.803372,482.46,808.47,226.98,126.3,187.8,82.98,3.90081266666667,482.5,808.98,224.98,133.97,180.16,80.25,3.39273533333333,482.14,673.59,387.67,549.03
2026-01-13 01:10:59,XPQ-01 Main,2026-01-13 01:10:00,771.12,80.37,4.23232833333333,482.44,766.99,212.18,124.57,171.49,80.91,4.83670533333333,482.69,776.82,218.24,126.24,177.65,81.52,4.20081266666667,482.63,769.53,213.97,131.91,168.12,78.67,3.659402,482.0,644.38,382.72,517.25
2026-01-13 01:11:59,XPQ-01 Main,2026-01-13 01:11:00,784.49,80.41,3.97566166666667,482.56,780.52,216.02,127.3,174.36,80.77,4.403372,482.74,788.23,221.41,127.81,180.16,81.56,4.034146,482.64,784.72,218.28,133.79,171.79,78.9,3.49273533333333,482.3,655.71,388.89,526.31
2026-01-13 01:12:59,XPQ-01 Main,2026-01-13 01:12:00,802.4,81.04,4.098995,482.34,798.18,220.93,127.88,179.9,81.51,4.703372,482.78,807.37,226.68,129.07,186.12,82.17,3.934146,482.15,801.64,222.77,135.15,176.74,79.44,3.659402,482.08,670.38,392.1,542.76
2026-01-13 01:13:59,XPQ-01 Main,2026-01-13 01:13:00,773.29,79.64,4.47566166666667,482.1,767.14,212.1,127.45,169.19,79.87,5.23670533333333,482.45,776.93,218.14,127.35,176.62,81.11,4.36747933333333,482.23,775.82,215.51,134.89,167.76,77.93,3.8260686666666706,481.62,645.75,389.68,513.56
2026-01-13 01:14:59,XPQ-01 Main,2026-01-13 01:14:00,825.12,81.89,4.35566166666667,482.3,819.05,226.6,129.82,185.53,81.93,5.003372,482.59,826.23,231.98,128.15,193.12,83.32,4.20081266666667,482.31,830.07,230.71,136.98,185.33,80.42,3.859402,482.0,689.3,394.94,563.98
2026-01-13 01:15:59,XPQ-01 Main,2026-01-13 01:15:00,776.69,81.29,4.098995,482.33,777.01,214.93,123.56,175.66,81.79,4.73670533333333,482.49,780.68,219.18,124.77,179.57,82.12,3.80081266666667,482.42,772.4,214.77,128.85,171.45,79.94,3.759402,482.08,648.88,377.18,526.69
2026-01-13 01:16:59,XPQ-01 Main,2026-01-13 01:16:00,781.53,80.62,4.218995,482.47,773.27,213.96,125.8,172.61,80.81,4.83670533333333,482.89,785.78,220.81,125.39,181.02,82.2,4.20081266666667,482.59,785.54,218.35,134.09,171.87,78.84,3.62606866666667,481.92,653.12,385.28,525.5
2026-01-13 01:17:59,XPQ-01 Main,2026-01-13 01:17:00,793.18,80.77,4.07566166666667,482.35,785.58,217.43,126.85,176.2,81.16,4.63670533333333,482.71,799.39,224.44,127.58,183.85,82.16,4.00081266666667,482.23,794.56,220.84,135.05,174.08,79.01,3.59273533333333,482.12,662.71,389.48,534.12
2026-01-13 01:18:59,XPQ-01 Main,2026-01-13 01:18:00,776.15,80.22,3.92232833333333,482.52,768.93,212.74,125.68,171.25,80.62,4.63670533333333,482.82,782.72,219.97,126.6,178.99,81.64,3.80081266666667,482.73,776.79,215.99,133.95,169.1,78.39,3.32606866666667,481.99,648.7,386.23,519.34
2026-01-13 01:19:59,XPQ-01 Main,2026-01-13 01:19:00,750.93,79.65,4.06566166666667,482.26,738.64,204.38,121.67,163.88,80.29,4.67003866666667,482.81,761.42,213.85,124.2,173.45,81.3,3.96747933333333,482.17,752.73,209.08,132.2,161.34,77.35,3.559402,481.8,627.31,378.08,498.67
2026-01-13 01:20:59,XPQ-01 Main,2026-01-13 01:20:00,804.46,81.54,4.01232833333333,482.14,791.83,219.0,125.41,179.28,81.94,4.57003866666667,482.56,813.14,228.29,126.34,189.74,83.24,4.034146,482.14,808.42,224.56,136.27,178.25,79.44,3.42606866666667,481.71,671.85,388.01,547.27
2026-01-13 01:21:59,XPQ-01 Main,2026-01-13 01:21:00,786.05,80.75,4.16566166666667,482.06,778.46,215.24,124.63,175.19,81.48,4.603372,482.4,795.97,223.42,127.59,182.91,82.02,4.334146,482.11,783.72,217.7,133.98,171.19,78.75,3.559402,481.67,656.36,386.2,529.3
2026-01-13 01:22:59,XPQ-01 Main,2026-01-13 01:22:00,803.97,81.36,4.018995,482.32,791.67,219.01,125.71,179.07,81.84,4.803372,482.72,813.44,228.49,127.21,189.28,83.0,3.834146,482.4,806.79,224.2,136.61,177.4,79.23,3.42606866666667,481.85,671.7,389.54,545.75
2026-01-13 01:23:59,XPQ-01 Main,2026-01-13 01:23:00,776.11,81.25,3.898995,482.38,764.51,211.52,121.71,172.66,81.73,4.43670533333333,482.84,784.92,220.52,123.15,182.55,82.9,3.7008126666666703,482.45,778.91,216.45,132.29,171.09,79.11,3.559402,481.85,648.49,377.16,526.3
2026-01-13 01:24:59,XPQ-01 Main,2026-01-13 01:24:00,803.92,81.85,4.01232833333333,481.99,800.18,221.31,125.34,182.14,82.38,4.73670533333333,482.26,809.83,227.14,126.89,188.06,82.89,3.934146,481.84,801.75,222.72,132.55,178.45,80.28,3.359402,481.86,671.17,384.78,548.65
2026-01-13 01:25:59,XPQ-01 Main,2026-01-13 01:25:00,795.35,80.7,3.8556616666666703,481.75,787.33,217.67,126.22,177.04,81.43,4.47003866666667,482.2,805.5,225.89,129.17,184.86,81.97,3.834146,481.56,793.22,220.14,135.6,173.02,78.71,3.259402,481.49,663.71,390.99,534.92
2026-01-13 01:26:59,XPQ-01 Main,2026-01-13 01:26:00,794.56,81.4,4.508995,481.69,787.87,217.75,123.91,178.77,82.19,5.23670533333333,482.23,804.69,225.71,127.17,186.1,82.56,4.16747933333333,481.58,791.12,219.49,133.15,174.23,79.45,4.12606866666667,481.26,662.96,384.23,539.1
2026-01-13 01:27:59,XPQ-01 Main,2026-01-13 01:27:00,805.87,81.5,4.28566166666667,482.08,799.87,221.29,127.0,181.08,81.87,5.003372,482.57,810.79,227.54,127.56,188.18,82.77,4.134146,481.88,806.94,224.09,134.73,178.74,79.86,3.72606866666667,481.78,672.91,389.29,548.0
2026-01-13 01:28:59,XPQ-01 Main,2026-01-13 01:28:00,810.59,81.03,4.35566166666667,482.04,809.33,223.81,129.56,182.29,81.51,4.87003866666667,482.52,814.46,228.62,130.69,187.37,82.02,4.26747933333333,482.01,807.98,224.38,135.82,178.45,79.57,3.92606866666667,481.6,676.8,396.08,548.11
2026-01-13 01:29:59,XPQ-01 Main,2026-01-13 01:29:00,822.42,82.17,4.15566166666667,482.14,820.32,226.99,127.39,187.49,82.71,4.97003866666667,482.62,828.03,232.38,129.01,192.83,83.11,3.96747933333333,481.9,818.92,227.46,134.23,183.32,80.68,3.52606866666667,481.89,686.82,390.63,563.65
2026-01-13 01:30:59,XPQ-01 Main,2026-01-13 01:30:00,817.61,81.34,4.17566166666667,481.67,813.44,224.78,130.28,183.11,81.48,4.73670533333333,481.94,819.32,229.71,129.31,189.63,82.62,4.00081266666667,481.63,820.07,227.65,136.68,181.78,79.93,3.79273533333333,481.42,682.13,396.27,554.53
2026-01-13 01:31:59,XPQ-01 Main,2026-01-13 01:31:00,763.12,81.1,4.08566166666667,482.17,751.77,208.04,119.31,170.21,81.89,4.503372,482.66,774.9,217.49,122.48,179.49,82.6,4.034146,481.93,762.69,211.84,130.26,166.82,78.82,3.7260686666666705,481.92,637.37,372.06,516.52
2026-01-13 01:32:59,XPQ-01 Main,2026-01-13 01:32:00,767.82,80.73,4.16566166666667,482.01,770.27,213.05,123.94,172.99,81.29,4.803372,482.48,770.59,216.23,125.37,175.9,81.43,4.10081266666667,481.84,762.61,211.77,128.47,168.12,79.46,3.59273533333333,481.71,641.04,377.78,517.01
2026-01-13 01:33:59,XPQ-01 Main,2026-01-13 01:33:00,810.66,81.46,4.388995,481.72,808.79,223.45,128.76,182.47,81.71,5.07003866666667,482.06,812.38,227.87,128.45,187.91,82.56,4.36747933333333,481.81,810.8,225.07,134.57,180.15,80.12,3.72606866666667,481.28,676.4,391.78,550.53
2026-01-13 01:34:59,XPQ-01 Main,2026-01-13 01:34:00,761.58,79.03,4.06566166666667,481.84,754.01,208.46,126.57,165.4,79.42,4.603372,482.22,767.37,215.25,127.45,173.14,80.53,4.00081266666667,481.74,763.37,211.92,134.69,163.34,77.15,3.59273533333333,481.55,635.63,388.71,501.88
2026-01-13 01:35:59,XPQ-01 Main,2026-01-13 01:35:00,800.27,81.28,4.24232833333333,481.55,796.38,220.0,127.37,179.12,81.5,4.703372,481.98,802.73,225.08,126.92,185.42,82.52,4.10081266666667,481.53,801.72,222.42,133.87,177.37,79.82,3.92606866666667,481.14,667.5,388.16,541.92
2026-01-13 01:36:59,XPQ-01 Main,2026-01-13 01:36:00,1519.48,63.22,4.588995,470.96,1518.21,409.86,315.22,260.79,63.75,4.93670533333333,471.5,1525.85,418.71,319.43,269.73,64.52,4.50081266666667,471.23,1514.37,410.94,323.87,251.95,61.4,4.32606866666667,470.15,1239.52,958.52,782.48
2026-01-13 01:37:59,XPQ-01 Main,2026-01-13 01:37:00,933.38,79.09,3.96566166666667,479.8,933.69,256.83,157.06,203.08,79.1,4.53670533333333,480.16,931.3,260.29,155.19,208.62,80.23,3.934146,480.07,935.14,258.54,161.99,201.43,77.93,3.42606866666667,479.16,775.67,474.24,613.12
2026-01-13 01:38:59,XPQ-01 Main,2026-01-13 01:38:00,886.67,77.89,4.45566166666667,479.98,884.28,243.43,152.19,189.75,78.01,4.97003866666667,480.38,887.17,247.99,151.25,196.15,79.19,4.46747933333333,480.09,888.56,245.74,158.27,187.88,76.48,3.92606866666667,479.49,737.15,461.7,573.79
2026-01-13 01:39:59,XPQ-01 Main,2026-01-13 01:39:00,921.75,79.3,4.36566166666667,480.14,922.88,254.18,154.58,201.68,79.37,4.97003866666667,480.5,919.64,257.08,152.99,206.47,80.35,4.20081266666667,480.16,922.74,255.31,159.08,199.55,78.19,3.92606866666667,479.77,766.56,466.65,607.7
2026-01-13 01:40:59,XPQ-01 Main,2026-01-13 01:40:00,936.19,79.48,4.25566166666667,480.26,937.37,258.26,156.09,205.56,79.64,4.803372,480.56,935.46,261.5,155.15,210.06,80.44,4.16747933333333,480.22,935.73,259.0,160.7,202.61,78.35,3.79273533333333,479.99,778.76,471.95,618.23
2026-01-13 01:41:59,XPQ-01 Main,2026-01-13 01:41:00,1021.49,75.76,4.208995,478.25,1023.39,280.59,182.66,212.79,75.88,4.57003866666667,478.6,1019.59,284.05,181.63,218.09,76.84,4.334146,478.53,1021.48,281.51,187.53,209.83,74.56,3.7260686666666705,477.6,846.15,551.82,640.71
2026-01-13 01:42:59,XPQ-01 Main,2026-01-13 01:42:00,1047.2,74.33,4.208995,478.2,1049.78,287.91,191.71,214.56,74.57,4.603372,478.51,1046.58,291.39,191.49,219.25,75.32,4.26747933333333,478.3,1045.23,288.05,196.3,210.37,73.11,3.759402,477.78,867.36,579.5,644.18
2026-01-13 01:43:59,XPQ-01 Main,2026-01-13 01:43:00,1019.08,75.64,4.17566166666667,478.6,1020.31,280.08,182.21,212.19,75.87,4.603372,479.11,1018.96,284.04,182.0,217.63,76.71,4.30081266666667,478.67,1017.96,280.66,187.57,208.56,74.35,3.62606866666667,478.03,844.79,551.78,638.37
2026-01-13 01:44:59,XPQ-01 Main,2026-01-13 01:44:00,1016.84,75.56,4.51232833333333,478.15,1016.78,278.78,182.05,210.87,75.69,4.87003866666667,478.35,1016.36,282.94,181.33,216.88,76.72,4.66747933333333,478.32,1017.39,280.41,187.59,208.03,74.27,3.9927353333333295,477.77,842.13,550.98,635.78
2026-01-13 01:45:59,XPQ-01 Main,2026-01-13 01:45:00,1001.91,74.84,4.33232833333333,478.51,994.46,272.88,180.18,204.76,75.07,4.77003866666667,478.84,1006.55,280.48,180.73,213.99,76.4,4.434146,478.66,1004.73,277.05,189.14,202.26,73.04,3.79273533333333,478.02,830.42,550.05,621.01
2026-01-13 01:46:59,XPQ-01 Main,2026-01-13 01:46:00,997.45,74.31,4.33232833333333,478.92,997.0,273.83,182.18,204.05,74.6,4.83670533333333,479.22,999.26,278.66,182.54,210.0,75.47,4.434146,479.05,996.09,274.93,188.2,200.16,72.85,3.7260686666666705,478.48,827.41,552.92,614.21
2026-01-13 01:47:59,XPQ-01 Main,2026-01-13 01:47:00,1014.99,76.7,4.14566166666667,478.99,1011.85,278.03,176.84,214.39,77.14,4.67003866666667,479.4,1019.87,284.42,178.44,221.43,77.86,4.00081266666667,478.98,1013.26,279.65,184.56,209.94,75.11,3.759402,478.57,842.1,539.83,645.75
2026-01-13 01:48:59,XPQ-01 Main,2026-01-13 01:48:00,944.98,77.59,4.198995,479.24,939.11,258.06,162.49,200.21,77.65,4.67003866666667,479.45,947.16,264.3,161.38,208.46,79.07,4.234146,479.44,948.67,262.06,169.95,199.11,76.06,3.6927353333333297,478.83,784.42,493.82,607.78
2026-01-13 01:49:59,XPQ-01 Main,2026-01-13 01:49:00,960.93,77.85,4.17566166666667,479.85,959.88,264.1,164.42,206.62,78.25,4.73670533333333,480.14,964.51,269.53,165.49,212.5,78.9,4.10081266666667,480.07,958.4,265.05,170.97,202.4,76.39,3.6927353333333297,479.34,798.67,500.88,621.53
2026-01-13 01:50:59,XPQ-01 Main,2026-01-13 01:50:00,926.09,77.22,4.04566166666667,479.8,929.02,255.66,161.35,198.32,77.57,4.67003866666667,480.02,926.58,258.79,161.71,201.95,78.06,4.16747933333333,479.86,922.67,255.17,165.66,193.82,76.02,3.29273533333333,479.51,769.62,488.72,594.1
2026-01-13 01:51:59,XPQ-01 Main,2026-01-13 01:51:00,986.17,76.23,4.06566166666667,479.1,982.42,270.01,173.78,206.47,76.51,4.37003866666667,479.58,988.96,275.9,174.2,213.81,77.53,4.234146,479.1,987.13,272.47,181.26,203.33,74.64,3.59273533333333,478.64,818.38,529.24,623.61
2026-01-13 01:52:59,XPQ-01 Main,2026-01-13 01:52:00,1026.96,77.92,4.12232833333333,478.52,1018.76,279.62,174.0,218.78,78.26,4.503372,478.79,1033.06,287.78,174.97,228.24,79.36,4.20081266666667,478.58,1029.05,283.81,183.84,215.86,76.13,3.659402,478.19,851.2,532.82,662.88
2026-01-13 01:53:59,XPQ-01 Main,2026-01-13 01:53:00,1064.57,78.9,3.8456616666666705,478.56,1063.67,292.05,178.15,230.93,79.18,4.43670533333333,479.05,1066.83,297.26,178.21,237.42,79.98,3.7674793333333296,478.48,1063.21,293.13,184.9,227.16,77.56,3.32606866666667,478.15,882.43,541.25,695.51
2026-01-13 01:54:59,XPQ-01 Main,2026-01-13 01:54:00,1072.85,77.69,5.54232833333333,478.21,1071.76,294.07,183.32,229.64,78.15,5.73670533333333,478.59,1077.4,299.9,184.82,235.84,78.71,5.034146,478.11,1069.39,294.69,190.59,224.39,76.22,5.859402,477.95,888.66,558.73,689.87
2026-01-13 01:55:59,XPQ-01 Main,2026-01-13 01:55:00,1138.22,76.5,3.808995,477.16,1128.3,308.67,197.39,237.22,76.87,4.27003866666667,477.47,1145.76,318.42,199.0,248.29,78.03,3.90081266666667,477.41,1140.59,313.65,208.86,233.92,74.59,3.259402,476.59,940.74,605.24,719.43
2026-01-13 01:56:59,XPQ-01 Main,2026-01-13 01:56:00,1123.31,77.27,3.82232833333333,477.47,1118.49,306.37,192.01,238.63,77.91,4.703372,477.85,1131.95,314.64,195.37,246.71,78.41,3.834146,477.43,1119.5,308.01,201.96,232.45,75.49,2.92606866666667,477.11,929.02,589.34,717.79
2026-01-13 01:57:59,XPQ-01 Main,2026-01-13 01:57:00,1372.42,67.0,4.018995,473.23,1376.34,373.25,269.41,245.74,67.39,4.67003866666667,473.53,1374.39,378.95,271.76,253.35,68.19,4.034146,473.69,1366.52,372.72,276.7,239.27,65.41,3.359402,472.47,1124.92,817.87,738.35
2026-01-13 01:58:59,XPQ-01 Main,2026-01-13 01:58:00,1090.99,75.57,4.16566166666667,477.4,1087.98,297.81,194.44,225.49,75.73,4.57003866666667,477.64,1092.73,303.77,194.0,233.15,76.87,4.334146,477.64,1092.27,300.56,201.74,222.73,74.12,3.59273533333333,476.92,902.14,590.19,681.36
2026-01-13 01:59:59,XPQ-01 Main,2026-01-13 01:59:00,1116.45,76.02,3.8556616666666703,477.41,1112.03,304.31,197.05,231.59,76.16,4.43670533333333,477.59,1119.12,311.17,196.49,240.2,77.4,3.8674793333333297,477.79,1118.21,307.75,205.17,229.22,74.51,3.259402,476.86,923.23,598.71,701.01
2026-01-13 02:00:59,XPQ-01 Main,2026-01-13 02:00:00,1019.84,80.35,4.088995,479.37,1012.81,278.48,164.86,224.24,80.57,4.803372,479.66,1024.12,285.8,164.54,233.21,81.71,4.10081266666667,479.41,1022.58,282.5,173.99,222.4,78.76,3.359402,479.03,846.79,503.4,679.86
2026-01-13 02:01:59,XPQ-01 Main,2026-01-13 02:01:00,940.73,77.67,3.97566166666667,479.84,935.11,257.33,162.85,199.1,77.4,4.603372,480.32,937.96,262.16,159.53,207.78,79.32,3.7674793333333296,479.97,949.11,262.36,169.59,200.12,76.29,3.559402,479.22,781.85,491.97,607.01
2026-01-13 02:02:59,XPQ-01 Main,2026-01-13 02:02:00,908.76,76.77,3.788995,479.7,902.88,248.47,158.75,190.79,76.87,4.13670533333333,480.24,910.59,254.38,158.09,199.0,78.3,3.8674793333333297,479.68,912.8,252.22,166.39,189.45,75.13,3.359402,479.18,755.08,483.23,579.24
2026-01-13 02:03:59,XPQ-01 Main,2026-01-13 02:03:00,914.11,76.38,3.9523283333333294,480.52,912.01,251.31,161.32,192.62,76.66,4.43670533333333,480.86,916.74,256.54,161.64,198.87,77.6,4.134146,480.7,913.57,252.98,167.69,189.42,74.88,3.29273533333333,480.01,760.82,490.66,580.9
2026-01-13 02:04:59,XPQ-01 Main,2026-01-13 02:04:00,941.74,77.5,3.998995,479.88,939.88,258.82,162.3,201.23,77.84,4.603372,480.31,944.53,263.84,162.8,207.12,78.62,4.00081266666667,479.73,940.81,260.13,168.76,197.55,76.03,3.39273533333333,479.61,782.78,493.86,605.9
2026-01-13 02:05:59,XPQ-01 Main,2026-01-13 02:05:00,932.17,77.85,3.97566166666667,480.16,930.09,256.24,159.6,200.24,78.2,4.57003866666667,480.61,934.83,261.32,160.18,206.36,79.0,3.8674793333333297,480.06,931.6,257.71,166.27,196.68,76.37,3.49273533333333,479.8,775.27,486.04,603.28
2026-01-13 02:06:59,XPQ-01 Main,2026-01-13 02:06:00,868.85,80.28,3.87566166666667,480.64,868.15,239.32,142.74,192.04,80.26,4.503372,480.77,867.09,242.56,140.55,197.31,81.45,3.7008126666666703,480.72,871.3,241.43,147.5,190.89,79.13,3.42606866666667,480.42,723.31,430.79,580.24
2026-01-13 02:07:59,XPQ-01 Main,2026-01-13 02:07:00,857.43,79.22,4.108995,480.97,855.17,235.97,143.32,187.16,79.4,4.603372,481.35,858.91,240.5,142.67,193.11,80.43,4.234146,480.93,858.2,237.85,149.22,185.03,77.84,3.49273533333333,480.65,714.32,435.21,565.3
2026-01-13 02:08:59,XPQ-01 Main,2026-01-13 02:08:00,861.79,79.98,4.008995,481.3,857.08,236.56,141.74,189.25,80.04,4.57003866666667,481.64,862.9,241.86,140.42,196.69,81.39,4.06747933333333,481.45,865.38,240.01,148.62,188.38,78.51,3.39273533333333,480.81,718.44,430.78,574.32
2026-01-13 02:09:59,XPQ-01 Main,2026-01-13 02:09:00,885.4,80.36,3.998995,480.79,881.17,243.0,144.77,195.11,80.31,4.503372,481.02,884.58,247.58,142.5,202.34,81.76,3.96747933333333,480.85,890.45,246.75,151.21,194.84,79.0,3.52606866666667,480.49,737.33,438.49,592.29
2026-01-13 02:10:59,XPQ-01 Main,2026-01-13 02:10:00,853.18,81.0,4.12232833333333,481.5,848.14,234.35,136.16,190.49,81.35,4.93670533333333,481.99,857.41,240.33,136.56,197.54,82.26,4.034146,481.32,853.98,236.89,143.88,187.93,79.4,3.39273533333333,481.2,711.57,416.6,575.96
2026-01-13 02:11:59,XPQ-01 Main,2026-01-13 02:11:00,861.19,79.91,4.13232833333333,481.19,855.91,236.22,141.34,189.13,80.1,4.603372,481.68,863.99,242.15,140.97,196.65,81.27,4.234146,481.27,863.68,239.41,148.65,187.52,78.37,3.559402,480.62,717.78,430.96,573.29
2026-01-13 02:12:59,XPQ-01 Main,2026-01-13 02:12:00,880.07,79.95,3.988995,481.22,876.02,241.82,144.04,193.96,80.28,4.603372,481.75,883.81,247.71,144.48,200.91,81.19,4.06747933333333,481.23,880.37,244.03,151.46,191.18,78.38,3.29273533333333,480.66,733.56,439.97,586.05
2026-01-13 02:13:59,XPQ-01 Main,2026-01-13 02:13:00,883.86,80.44,3.9523283333333294,481.04,878.33,242.38,143.02,195.47,80.7,4.37003866666667,481.45,887.64,248.62,142.93,203.14,81.78,4.134146,481.03,885.61,245.45,150.98,193.51,78.84,3.359402,480.63,736.44,436.93,592.12
2026-01-13 02:14:59,XPQ-01 Main,2026-01-13 02:14:00,866.39,78.73,4.13232833333333,481.07,859.73,237.24,146.32,186.62,78.7,4.603372,481.51,867.05,242.91,144.46,194.97,80.35,4.36747933333333,481.11,872.4,241.78,153.8,186.55,77.16,3.42606866666667,480.6,721.94,444.58,568.14
2026-01-13 02:15:59,XPQ-01 Main,2026-01-13 02:15:00,892.16,80.39,4.378995,481.07,888.72,245.26,144.87,197.78,80.67,5.07003866666667,481.56,895.09,250.76,144.85,204.53,81.61,4.36747933333333,481.06,892.67,247.38,151.97,195.17,78.9,3.6927353333333297,480.59,743.4,441.7,597.49
2026-01-13 02:16:59,XPQ-01 Main,2026-01-13 02:16:00,871.82,79.6,4.33232833333333,480.82,869.73,239.85,144.4,191.43,79.83,5.003372,481.17,873.59,244.58,144.08,197.45,80.78,4.234146,480.9,872.14,241.64,150.59,188.87,78.19,3.759402,480.38,726.06,439.08,577.74
2026-01-13 02:17:59,XPQ-01 Main,2026-01-13 02:17:00,869.74,80.59,3.988995,481.49,862.28,238.14,140.03,192.52,80.87,4.53670533333333,481.91,874.47,245.19,140.12,201.06,82.04,4.134146,481.55,872.46,242.03,148.76,190.84,78.87,3.29273533333333,481.02,725.37,428.91,584.42
2026-01-13 02:18:59,XPQ-01 Main,2026-01-13 02:18:00,859.54,79.32,3.978995,481.5,856.65,236.61,142.89,188.49,79.69,4.53670533333333,481.95,863.33,242.07,143.58,194.63,80.47,4.034146,481.53,858.63,238.19,149.62,185.27,77.8,3.359402,481.04,716.87,436.09,568.39
2026-01-13 02:19:59,XPQ-01 Main,2026-01-13 02:19:00,872.68,80.37,4.07566166666667,481.23,870.95,240.39,142.19,193.8,80.63,4.67003866666667,481.57,874.7,245.1,141.98,199.51,81.48,4.00081266666667,481.33,872.37,241.92,148.24,191.06,79.01,3.559402,480.79,727.41,432.42,584.38
2026-01-13 02:20:59,XPQ-01 Main,2026-01-13 02:20:00,850.02,79.77,4.01232833333333,481.06,844.35,232.99,139.66,186.12,79.99,4.603372,481.57,853.63,239.17,139.43,193.87,81.18,4.10081266666667,481.08,852.09,236.12,147.34,184.43,78.13,3.32606866666667,480.53,708.28,426.44,564.42
2026-01-13 02:21:59,XPQ-01 Main,2026-01-13 02:21:00,1036.46,79.2,3.788995,479.29,1032.35,283.82,170.96,226.51,79.82,4.47003866666667,479.62,1044.76,291.53,173.84,233.89,80.26,3.934146,479.33,1032.28,285.12,180.01,220.88,77.52,2.959402,478.92,860.47,524.81,681.28
2026-01-13 02:22:59,XPQ-01 Main,2026-01-13 02:22:00,980.46,77.54,3.988995,479.75,978.38,269.21,168.24,210.0,78.04,4.703372,480.1,985.63,275.33,170.09,216.41,78.62,3.934146,479.83,977.36,270.2,175.71,205.14,75.95,3.32606866666667,479.32,814.74,514.04,631.55
2026-01-13 02:23:59,XPQ-01 Main,2026-01-13 02:23:00,991.34,76.83,4.13232833333333,479.29,992.35,272.73,173.2,210.58,77.23,4.73670533333333,479.68,994.12,277.51,174.22,215.71,77.8,4.16747933333333,479.48,987.54,272.74,178.96,205.77,75.46,3.49273533333333,478.72,822.98,526.38,632.06
2026-01-13 02:24:59,XPQ-01 Main,2026-01-13 02:24:00,970.25,75.13,3.8123283333333298,479.66,973.23,267.68,175.89,201.7,75.37,4.303372,479.89,969.91,270.88,175.58,205.92,76.09,3.834146,479.87,967.62,267.52,180.06,197.69,73.93,3.29273533333333,479.21,806.08,531.54,605.3
2026-01-13 02:25:59,XPQ-01 Main,2026-01-13 02:25:00,880.12,80.4,3.9123283333333294,481.58,880.35,243.12,144.59,195.37,80.38,4.33670533333333,481.95,877.72,246.19,142.45,200.63,81.54,4.10081266666667,481.75,882.29,244.83,149.21,194.02,79.27,3.29273533333333,481.05,734.14,436.25,590.02
2026-01-13 02:26:59,XPQ-01 Main,2026-01-13 02:26:00,890.11,80.25,3.93232833333333,481.47,895.73,247.38,147.48,198.64,80.3,4.403372,481.81,885.55,248.24,145.44,201.12,81.03,4.06747933333333,481.52,889.06,246.67,149.78,195.86,79.43,3.32606866666667,481.08,742.29,442.7,595.63
2026-01-13 02:27:59,XPQ-01 Main,2026-01-13 02:27:00,860.88,80.64,3.9123283333333294,481.69,857.31,236.86,139.46,191.25,80.8,4.303372,482.2,862.46,241.97,138.76,197.99,81.89,4.06747933333333,481.73,862.89,239.43,146.03,189.55,79.22,3.359402,481.14,718.26,424.25,578.79
2026-01-13 02:28:59,XPQ-01 Main,2026-01-13 02:28:00,856.67,79.98,4.188995,481.5,853.06,235.59,141.37,188.22,79.96,4.97003866666667,481.8,855.87,239.94,139.37,195.15,81.38,4.36747933333333,481.57,861.07,238.93,147.56,187.7,78.61,3.22606866666667,481.12,714.46,428.3,571.08
2026-01-13 02:29:59,XPQ-01 Main,2026-01-13 02:29:00,870.18,80.26,3.808995,481.6,868.98,239.99,143.14,192.53,80.25,4.403372,481.98,868.59,243.63,141.16,198.28,81.46,3.90081266666667,481.78,872.97,242.25,148.28,191.45,79.06,3.12606866666667,481.06,725.88,432.59,582.27
2026-01-13 02:30:59,XPQ-01 Main,2026-01-13 02:30:00,887.55,82.54,3.898995,477.06,888.3,243.1,136.97,200.68,82.59,4.403372,477.41,885.68,245.98,135.18,205.28,83.52,4.00081266666667,477.06,888.68,244.3,141.39,198.94,81.51,3.29273533333333,476.71,733.38,413.55,604.9
2026-01-13 02:31:59,XPQ-01 Main,2026-01-13 02:31:00,871.13,80.37,3.74232833333333,480.12,871.8,240.01,142.78,192.8,80.36,4.23670533333333,480.36,868.68,242.85,140.7,197.71,81.47,3.7674793333333296,480.31,872.93,241.56,147.14,191.39,79.28,3.22606866666667,479.7,724.43,430.62,581.9
2026-01-13 02:32:59,XPQ-01 Main,2026-01-13 02:32:00,869.05,80.25,4.02232833333333,480.61,871.78,240.25,143.5,192.41,80.16,4.603372,481.0,864.76,242.09,140.7,196.39,81.29,3.934146,480.82,870.59,241.09,146.77,191.12,79.31,3.52606866666667,480.02,723.42,430.97,579.93
2026-01-13 02:33:59,XPQ-01 Main,2026-01-13 02:33:00,854.65,80.88,3.8556616666666703,480.71,859.1,236.82,139.0,191.61,80.95,4.43670533333333,481.08,851.28,238.34,137.26,194.6,81.72,3.8674793333333297,480.89,853.58,236.44,141.9,189.04,79.98,3.259402,480.17,711.6,418.16,575.26
2026-01-13 02:34:59,XPQ-01 Main,2026-01-13 02:34:00,862.27,80.64,3.8423283333333296,480.55,863.16,237.86,140.37,191.89,80.71,4.23670533333333,480.76,861.16,240.94,138.8,196.41,81.67,3.834146,480.7,862.48,238.9,144.65,189.87,79.55,3.459402,480.18,717.7,423.83,578.16
2026-01-13 02:35:59,XPQ-01 Main,2026-01-13 02:35:00,910.69,81.08,3.97566166666667,480.23,911.89,251.23,146.63,203.82,81.18,4.47003866666667,480.67,908.65,254.07,145.11,208.52,82.08,4.10081266666667,480.2,911.54,252.2,151.26,201.6,79.99,3.359402,479.82,757.5,443.0,613.95
2026-01-13 02:36:59,XPQ-01 Main,2026-01-13 02:36:00,860.55,80.86,3.97566166666667,480.02,855.17,235.41,138.42,190.32,80.87,4.37003866666667,480.31,861.24,240.73,136.64,197.97,82.3,4.10081266666667,480.17,865.23,239.36,145.45,189.96,79.4,3.459402,479.59,715.5,420.51,578.25
2026-01-13 02:37:59,XPQ-01 Main,2026-01-13 02:37:00,876.92,81.18,3.7323283333333297,480.2,877.93,241.85,140.87,196.48,81.27,4.103372,480.52,875.22,244.66,139.37,201.04,82.18,3.96747933333333,480.19,877.63,242.86,145.34,194.42,80.1,3.12606866666667,479.89,729.37,425.57,591.94
2026-01-13 02:38:59,XPQ-01 Main,2026-01-13 02:38:00,844.08,80.2,3.7756616666666702,480.58,841.26,231.8,138.2,185.59,80.2,4.23670533333333,480.87,843.85,236.2,136.43,192.27,81.55,3.70081266666667,480.83,847.12,234.62,144.25,184.88,78.84,3.39273533333333,480.04,702.62,418.89,562.73
2026-01-13 02:39:59,XPQ-01 Main,2026-01-13 02:39:00,889.64,80.98,3.988995,480.29,889.22,245.0,142.83,198.89,81.23,4.63670533333333,480.75,890.31,249.0,142.47,204.13,82.0,4.06747933333333,480.29,889.4,246.1,148.59,196.06,79.7,3.259402,479.83,740.1,433.88,599.07
2026-01-13 02:40:59,XPQ-01 Main,2026-01-13 02:40:00,893.17,81.82,3.8556616666666703,479.96,887.15,244.24,139.01,200.23,82.14,4.47003866666667,480.52,898.57,251.21,139.31,208.13,83.1,3.7008126666666703,479.98,893.8,247.09,147.41,198.1,80.23,3.39273533333333,479.38,742.54,425.74,606.46
2026-01-13 02:41:59,XPQ-01 Main,2026-01-13 02:41:00,862.09,80.52,3.888995,479.93,853.04,234.89,138.45,189.66,80.77,4.47003866666667,480.23,867.03,242.2,138.37,198.63,82.05,3.8674793333333297,479.86,866.22,239.58,147.58,188.43,78.73,3.32606866666667,479.71,716.67,424.4,576.73
2026-01-13 02:42:59,XPQ-01 Main,2026-01-13 02:42:00,873.12,80.71,3.8456616666666705,480.36,867.18,238.97,139.91,192.99,80.96,4.47003866666667,480.88,876.75,245.27,139.87,200.99,82.08,3.8674793333333297,480.34,875.42,242.23,148.16,191.38,79.07,3.19273533333333,479.86,726.47,427.94,585.37
2026-01-13 02:43:59,XPQ-01 Main,2026-01-13 02:43:00,872.65,81.68,3.83232833333333,479.79,864.12,237.88,135.66,195.19,82.11,4.503372,480.23,879.39,245.64,136.69,203.95,83.07,4.00081266666667,479.68,874.45,241.72,145.43,192.9,79.85,2.99273533333333,479.47,725.24,417.77,592.05
2026-01-13 02:44:59,XPQ-01 Main,2026-01-13 02:44:00,1473.32,60.97,3.92232833333333,470.02,1466.01,395.05,310.12,242.64,61.62,4.33670533333333,470.38,1483.98,406.27,315.79,252.6,62.46,4.00081266666667,470.27,1469.99,398.18,320.82,233.29,58.81,3.42606866666667,469.42,1199.5,946.73,728.53
2026-01-13 02:45:59,XPQ-01 Main,2026-01-13 02:45:00,900.4,78.33,3.898995,479.77,895.02,246.32,152.58,193.33,78.5,4.27003866666667,480.06,902.89,252.16,152.14,200.98,79.73,4.10081266666667,479.79,903.28,249.76,159.99,191.61,76.76,3.32606866666667,479.46,748.25,464.7,585.92
2026-01-13 02:46:59,XPQ-01 Main,2026-01-13 02:46:00,971.32,80.74,3.808995,479.56,967.74,266.24,156.51,215.33,80.89,4.53670533333333,479.85,972.79,271.54,155.57,222.52,81.96,3.734146,479.54,973.45,269.05,163.56,213.43,79.37,3.159402,479.3,806.83,475.64,651.29
2026-01-13 02:47:59,XPQ-01 Main,2026-01-13 02:47:00,952.51,79.41,4.13232833333333,479.42,947.35,260.48,157.36,207.51,79.68,4.63670533333333,479.66,956.55,266.98,157.41,215.23,80.72,4.234146,479.53,953.64,263.52,165.34,205.02,77.84,3.52606866666667,479.08,790.98,480.11,627.76
2026-01-13 02:48:59,XPQ-01 Main,2026-01-13 02:48:00,855.7,80.61,3.91232833333333,480.4,849.49,234.12,137.37,188.81,80.86,4.43670533333333,480.8,859.63,240.43,137.3,196.73,82.0,3.8674793333333297,480.35,857.98,237.49,145.62,187.36,78.96,3.42606866666667,480.04,712.04,420.3,572.9
2026-01-13 02:49:59,XPQ-01 Main,2026-01-13 02:49:00,858.7,80.73,3.9456616666666706,480.61,852.08,234.79,138.23,189.45,80.78,4.47003866666667,480.81,860.23,240.75,136.74,197.7,82.24,3.8674793333333297,480.87,863.79,239.3,146.1,189.33,79.17,3.49273533333333,480.15,714.84,421.07,576.49
2026-01-13 02:50:59,XPQ-01 Main,2026-01-13 02:50:00,899.02,81.4,4.01232833333333,479.84,887.45,244.29,140.82,199.4,81.68,4.57003866666667,480.16,905.42,252.91,140.93,209.86,83.02,3.90081266666667,479.8,904.17,250.02,151.65,198.69,79.49,3.559402,479.55,747.22,433.4,607.95
2026-01-13 02:51:59,XPQ-01 Main,2026-01-13 02:51:00,905.06,80.76,3.9556616666666704,480.1,895.37,246.6,144.07,199.95,81.13,4.503372,480.45,911.68,254.82,144.96,209.53,82.24,4.034146,480.09,908.12,251.23,154.28,198.2,78.91,3.32606866666667,479.76,752.65,443.31,607.68
2026-01-13 02:52:59,XPQ-01 Main,2026-01-13 02:52:00,841.69,79.82,4.02232833333333,480.69,836.22,230.58,138.38,184.22,79.96,4.63670533333333,480.94,843.54,236.03,137.63,191.6,81.22,4.06747933333333,480.71,845.32,234.2,145.62,183.17,78.28,3.359402,480.43,700.8,421.63,558.99
2026-01-13 02:53:59,XPQ-01 Main,2026-01-13 02:53:00,854.13,80.28,3.988995,480.22,848.17,233.62,138.99,187.45,80.33,4.67003866666667,480.62,855.22,239.17,137.67,195.35,81.74,4.10081266666667,480.29,858.99,237.67,146.39,187.14,78.76,3.19273533333333,479.76,710.46,423.05,569.93
2026-01-13 02:54:59,XPQ-01 Main,2026-01-13 02:54:00,862.95,81.15,3.94566166666667,480.42,860.55,237.17,138.34,192.47,81.2,4.37003866666667,480.62,862.84,241.25,136.72,198.34,82.33,3.934146,480.4,865.44,239.66,143.91,191.26,79.91,3.52606866666667,480.23,718.08,418.97,582.07
2026-01-13 02:55:59,XPQ-01 Main,2026-01-13 02:55:00,884.61,80.75,3.918995,480.59,878.86,242.28,142.66,195.58,80.79,4.403372,480.79,885.37,247.66,140.96,203.43,82.19,4.10081266666667,480.62,889.6,246.43,150.13,195.19,79.26,3.259402,480.35,736.37,433.75,594.2
2026-01-13 02:56:59,XPQ-01 Main,2026-01-13 02:56:00,875.11,81.29,4.018995,480.36,870.72,239.88,139.57,194.84,81.3,4.53670533333333,480.65,875.22,244.79,137.58,202.13,82.67,3.96747933333333,480.46,879.38,243.45,146.34,194.53,79.91,3.559402,479.97,728.11,423.49,591.5
2026-01-13 02:57:59,XPQ-01 Main,2026-01-13 02:57:00,848.1,80.08,3.7223283333333295,480.98,846.13,233.38,140.15,186.31,79.91,4.13670533333333,481.33,844.83,236.65,137.19,192.5,81.44,3.80081266666667,481.14,853.35,236.51,145.33,186.51,78.88,3.22606866666667,480.47,706.55,422.67,565.32
2026-01-13 02:58:59,XPQ-01 Main,2026-01-13 02:58:00,858.26,80.5,3.84232833333333,481.03,855.4,235.91,140.37,189.33,80.33,4.47003866666667,481.21,855.88,239.73,137.27,195.88,81.89,3.8674793333333297,481.3,863.5,239.44,145.82,189.72,79.29,3.19273533333333,480.59,715.09,423.46,574.94
2026-01-13 02:59:59,XPQ-01 Main,2026-01-13 02:59:00,836.22,81.09,3.8656616666666705,481.6,833.9,230.34,134.43,186.79,81.17,4.503372,481.73,836.53,234.49,132.92,192.72,82.32,3.7008126666666703,481.7,838.22,232.73,140.14,185.53,79.79,3.39273533333333,481.38,697.55,407.49,565.05
2026-01-13 03:00:59,XPQ-01 Main,2026-01-13 03:00:00,850.87,81.32,3.8756616666666703,480.78,852.1,235.07,136.24,191.41,81.47,4.47003866666667,481.16,849.72,237.79,135.1,195.61,82.28,4.034146,480.64,850.78,235.69,140.62,188.94,80.22,3.12606866666667,480.53,708.55,411.97,575.96
2026-01-13 03:01:59,XPQ-01 Main,2026-01-13 03:01:00,819.76,80.47,3.7223283333333295,481.0,818.27,225.71,133.79,181.57,80.5,4.403372,481.14,819.43,229.45,132.08,187.01,81.68,3.7008126666666703,481.15,821.57,227.8,138.86,180.36,79.24,3.059402,480.69,682.96,404.73,548.94
2026-01-13 03:02:59,XPQ-01 Main,2026-01-13 03:02:00,843.25,80.83,3.85232833333333,480.87,837.36,231.11,135.93,186.58,80.82,4.33670533333333,481.4,843.86,236.21,133.95,194.04,82.29,3.834146,480.61,848.54,235.04,142.84,186.35,79.37,3.39273533333333,480.6,702.36,412.72,566.97
2026-01-13 03:03:59,XPQ-01 Main,2026-01-13 03:03:00,844.46,80.74,3.698995,481.1,847.48,233.9,137.44,188.94,80.87,4.33670533333333,481.59,842.32,235.98,136.12,192.38,81.63,3.66747933333333,481.06,843.58,233.79,141.06,186.24,79.72,3.09273533333333,480.64,703.67,414.62,567.56
2026-01-13 03:04:59,XPQ-01 Main,2026-01-13 03:04:00,878.6,82.05,4.008995,481.08,880.41,242.93,137.96,199.82,82.29,4.703372,481.51,878.36,246.08,137.48,203.92,82.92,4.00081266666667,481.15,877.03,243.09,142.69,196.67,80.94,3.32606866666667,480.58,732.11,418.13,600.41
2026-01-13 03:05:59,XPQ-01 Main,2026-01-13 03:05:00,822.99,79.45,3.73232833333333,481.18,815.79,225.22,136.51,178.94,79.5,4.13670533333333,481.52,824.64,230.97,135.22,187.06,81.04,3.7674793333333296,481.08,828.53,229.73,144.13,178.56,77.81,3.29273533333333,480.93,685.92,415.86,544.56
2026-01-13 03:06:59,XPQ-01 Main,2026-01-13 03:06:00,818.81,79.02,3.878995,481.37,815.01,225.14,137.35,177.83,79.14,4.63670533333333,481.89,819.76,229.74,136.46,184.46,80.39,3.634146,481.19,821.66,227.83,143.77,176.45,77.52,3.359402,481.02,682.7,417.57,538.74
2026-01-13 03:07:59,XPQ-01 Main,2026-01-13 03:07:00,822.94,79.19,3.8756616666666703,480.75,817.2,225.41,136.41,179.29,79.58,4.57003866666667,481.24,828.08,231.8,137.38,186.61,80.53,3.70081266666667,480.67,823.54,228.07,144.21,176.6,77.46,3.359402,480.33,685.28,417.99,542.5
2026-01-13 03:08:59,XPQ-01 Main,2026-01-13 03:08:00,839.94,79.73,4.18566166666667,480.88,832.77,229.75,137.7,183.59,80.0,4.83670533333333,481.41,844.23,236.43,137.86,191.85,81.21,4.26747933333333,480.84,842.81,233.46,146.1,182.0,77.98,3.459402,480.39,699.63,421.65,557.44
2026-01-13 03:09:59,XPQ-01 Main,2026-01-13 03:09:00,885.16,75.24,4.06566166666667,479.89,880.92,242.49,158.64,183.21,75.6,4.503372,480.42,889.0,248.49,159.71,190.31,76.6,4.16747933333333,479.94,885.55,244.79,165.92,179.97,73.52,3.52606866666667,479.31,735.77,484.28,553.49
2026-01-13 03:10:59,XPQ-01 Main,2026-01-13 03:10:00,905.98,76.63,3.9223283333333296,479.7,904.77,248.87,158.84,191.5,76.97,4.33670533333333,480.09,908.3,253.79,159.41,197.11,77.75,4.16747933333333,479.89,904.86,250.1,164.82,187.82,75.16,3.259402,479.1,752.76,483.07,576.43
2026-01-13 03:11:59,XPQ-01 Main,2026-01-13 03:11:00,989.57,80.11,4.108995,479.28,991.17,272.45,161.78,219.2,80.46,4.57003866666667,479.5,991.26,276.57,162.27,223.82,80.96,4.06747933333333,479.39,986.28,272.48,167.27,214.78,78.9,3.6927353333333297,478.95,821.49,491.32,657.79
2026-01-13 03:12:59,XPQ-01 Main,2026-01-13 03:12:00,969.35,78.75,3.56566166666667,479.69,962.65,264.83,161.85,209.42,79.12,4.103372,479.94,975.53,272.45,162.85,217.98,80.11,3.534146,479.82,969.86,268.15,170.95,206.33,77.0,3.059402,479.32,805.42,495.65,633.73
2026-01-13 03:13:59,XPQ-01 Main,2026-01-13 03:13:00,986.54,79.66,3.608995,479.59,983.14,270.48,161.56,215.96,80.07,4.23670533333333,480.22,991.81,277.08,162.72,223.46,80.84,3.66747933333333,479.59,984.66,271.97,169.93,212.23,78.06,2.92606866666667,478.98,819.53,494.21,651.65
2026-01-13 03:14:59,XPQ-01 Main,2026-01-13 03:14:00,968.46,79.39,3.7123283333333297,479.3,963.46,264.73,159.82,210.72,79.68,4.403372,479.45,972.87,271.54,160.08,218.64,80.68,3.50081266666667,479.62,969.04,267.76,168.09,208.15,77.8,3.22606866666667,478.84,804.02,487.99,637.5
2026-01-13 03:15:59,XPQ-01 Main,2026-01-13 03:15:00,955.14,79.05,3.65232833333333,479.43,948.51,260.71,158.81,206.37,79.25,4.27003866666667,479.76,959.27,267.89,158.62,215.25,80.5,3.60081266666667,479.71,957.63,264.57,167.5,204.65,77.38,3.09273533333333,478.82,793.17,484.93,626.27
2026-01-13 03:16:59,XPQ-01 Main,2026-01-13 03:16:00,972.53,79.44,4.078995,479.39,965.53,265.37,160.01,211.24,79.71,4.73670533333333,479.75,977.82,273.06,160.28,220.27,80.86,4.034146,479.67,974.25,269.14,169.16,209.17,77.75,3.459402,478.77,807.57,489.46,640.67
2026-01-13 03:17:59,XPQ-01 Main,2026-01-13 03:17:00,1028.7,79.46,3.6556616666666706,478.68,1023.63,281.03,168.52,224.02,79.91,4.103372,479.19,1035.54,288.72,170.19,232.44,80.68,3.634146,478.76,1026.93,283.18,177.9,220.26,77.79,3.22606866666667,478.09,852.93,516.61,676.72
2026-01-13 03:18:59,XPQ-01 Main,2026-01-13 03:18:00,930.98,77.56,4.02232833333333,479.64,927.73,255.33,159.65,198.58,77.94,4.63670533333333,480.05,935.13,261.08,160.55,205.26,78.77,3.934146,479.51,930.07,257.03,166.88,195.01,75.98,3.49273533333333,479.36,773.45,487.07,598.86
2026-01-13 03:19:59,XPQ-01 Main,2026-01-13 03:19:00,904.51,76.06,3.788995,480.06,902.38,248.5,159.89,190.22,76.55,4.403372,480.3,909.12,254.03,161.41,195.9,77.18,3.734146,480.07,902.02,249.58,166.49,185.74,74.46,3.22606866666667,479.8,752.11,487.79,571.86
2026-01-13 03:20:59,XPQ-01 Main,2026-01-13 03:20:00,821.08,78.1,3.6756616666666706,481.27,821.2,226.81,140.69,177.49,78.37,4.203372,481.75,821.26,230.08,140.51,182.01,79.16,3.734146,481.08,820.78,227.56,145.61,174.44,76.77,3.09273533333333,480.98,684.45,426.81,533.93
2026-01-13 03:21:59,XPQ-01 Main,2026-01-13 03:21:00,821.31,78.06,4.12232833333333,481.05,817.49,225.46,141.15,175.49,77.92,4.63670533333333,481.36,819.95,229.75,138.89,182.56,79.59,4.16747933333333,481.32,826.49,229.11,146.98,175.53,76.67,3.559402,480.47,684.33,427.02,533.59
2026-01-13 03:22:59,XPQ-01 Main,2026-01-13 03:22:00,840.1,77.94,4.02232833333333,480.92,843.77,232.81,145.97,181.21,77.88,4.53670533333333,481.19,835.04,233.74,143.5,184.42,78.92,4.16747933333333,480.89,841.49,233.23,148.62,179.51,77.03,3.359402,480.68,699.78,438.09,545.15
2026-01-13 03:23:59,XPQ-01 Main,2026-01-13 03:23:00,810.22,78.18,3.8456616666666705,481.34,813.25,224.5,140.26,175.25,78.07,4.27003866666667,481.4,805.45,225.63,137.63,178.54,79.2,3.90081266666667,481.47,811.97,225.35,142.95,173.96,77.26,3.359402,481.16,675.49,420.83,527.76
2026-01-13 03:24:59,XPQ-01 Main,2026-01-13 03:24:00,803.12,77.23,3.998995,481.35,802.47,221.62,140.41,171.05,77.29,4.53670533333333,481.7,802.09,224.74,139.22,176.17,78.46,3.96747933333333,481.26,804.81,223.23,145.09,169.34,75.94,3.49273533333333,481.08,669.59,424.72,516.55
2026-01-13 03:25:59,XPQ-01 Main,2026-01-13 03:25:00,804.89,77.21,3.96566166666667,480.9,799.81,220.59,140.68,169.53,76.95,4.53670533333333,481.32,802.66,224.81,137.92,177.24,78.92,3.96747933333333,481.0,812.21,225.02,146.81,170.43,75.77,3.39273533333333,480.36,670.43,425.41,517.19
2026-01-13 03:26:59,XPQ-01 Main,2026-01-13 03:26:00,828.82,78.46,3.7523283333333297,481.17,827.54,228.38,141.47,179.11,78.47,4.203372,481.3,827.61,231.78,139.8,184.53,79.71,3.80081266666667,481.26,831.33,230.6,146.41,177.87,77.21,3.259402,480.94,690.76,427.68,541.52
2026-01-13 03:27:59,XPQ-01 Main,2026-01-13 03:27:00,806.6,78.2,3.798995,481.38,804.22,221.97,138.51,173.17,78.09,4.23670533333333,481.59,804.31,225.46,136.25,178.96,79.56,3.96747933333333,481.63,811.27,225.1,143.39,172.74,76.94,3.19273533333333,480.93,672.53,418.15,524.86
2026-01-13 03:28:59,XPQ-01 Main,2026-01-13 03:28:00,780.77,77.07,3.9423283333333297,481.12,774.47,213.76,136.51,164.25,76.91,4.503372,481.42,780.12,218.49,134.37,171.94,78.79,4.134146,481.1,787.72,218.4,142.94,164.67,75.52,3.19273533333333,480.82,650.65,413.82,500.85
2026-01-13 03:29:59,XPQ-01 Main,2026-01-13 03:29:00,818.7,77.95,3.8123283333333298,480.62,816.6,225.08,140.67,175.61,78.05,4.33670533333333,480.86,818.8,229.13,139.68,181.38,79.23,3.934146,480.76,820.69,227.33,146.06,173.95,76.58,3.159402,480.23,681.54,426.41,530.94
2026-01-13 03:30:59,XPQ-01 Main,2026-01-13 03:30:00,856.25,78.92,3.93232833333333,481.05,858.6,236.85,145.17,187.09,79.01,4.57003866666667,481.25,854.1,239.21,143.71,190.93,79.9,4.10081266666667,481.23,856.05,237.37,148.81,184.67,77.87,3.12606866666667,480.66,713.42,437.68,562.69
2026-01-13 03:31:59,XPQ-01 Main,2026-01-13 03:31:00,827.82,78.56,4.018995,481.22,827.13,228.31,140.76,179.36,78.67,4.43670533333333,481.72,827.23,231.84,139.75,184.61,79.73,4.234146,481.26,829.1,229.83,145.66,177.39,77.28,3.39273533333333,480.68,689.99,426.17,541.36
2026-01-13 03:32:59,XPQ-01 Main,2026-01-13 03:32:00,816.28,77.92,3.76566166666667,481.27,817.08,225.49,141.05,175.63,77.97,4.203372,481.69,814.67,228.39,139.59,180.1,79.04,3.90081266666667,481.47,817.07,226.56,145.12,173.75,76.75,3.19273533333333,480.66,680.44,425.76,529.48
2026-01-13 03:33:59,XPQ-01 Main,2026-01-13 03:33:00,858.71,76.42,3.82232833333333,480.79,856.16,236.0,153.3,178.86,75.93,4.33670533333333,481.28,853.13,239.01,148.88,186.11,78.09,3.96747933333333,481.08,866.84,240.07,157.97,180.53,75.26,3.159402,480.01,715.09,460.15,545.5
2026-01-13 03:34:59,XPQ-01 Main,2026-01-13 03:34:00,832.47,77.84,3.7756616666666702,481.18,830.62,229.21,143.78,178.24,77.83,4.23670533333333,481.63,831.02,232.93,142.08,184.25,79.19,4.00081266666667,481.33,835.76,231.68,149.08,177.15,76.51,3.09273533333333,480.58,693.81,434.95,539.64
2026-01-13 03:35:59,XPQ-01 Main,2026-01-13 03:35:00,819.61,77.48,3.93232833333333,481.14,814.67,224.83,141.77,174.27,77.57,4.53670533333333,481.44,821.23,230.05,141.01,181.26,78.93,4.10081266666667,481.21,822.93,228.18,148.21,172.92,75.93,3.159402,480.79,683.06,431.0,528.45
2026-01-13 03:36:59,XPQ-01 Main,2026-01-13 03:36:00,797.4,77.67,3.898995,481.54,791.55,218.71,136.99,170.07,77.88,4.33670533333333,482.08,800.04,224.32,136.86,177.55,79.2,3.96747933333333,481.4,800.61,222.06,144.3,168.44,75.94,3.39273533333333,481.14,665.1,418.16,516.06
2026-01-13 03:37:59,XPQ-01 Main,2026-01-13 03:37:00,812.3,78.03,3.818995,481.3,810.18,223.68,138.94,174.69,78.26,4.47003866666667,481.85,813.87,228.16,138.77,180.51,79.28,3.934146,481.33,812.86,225.35,144.79,172.27,76.55,3.059402,480.72,677.18,422.5,527.47
2026-01-13 03:38:59,XPQ-01 Main,2026-01-13 03:38:00,805.54,77.91,3.998995,481.33,798.8,220.51,137.92,171.88,77.99,4.47003866666667,481.69,807.76,226.41,137.02,179.79,79.53,4.134146,481.43,810.06,224.66,145.29,171.04,76.22,3.39273533333333,480.86,671.59,420.23,522.7
2026-01-13 03:39:59,XPQ-01 Main,2026-01-13 03:39:00,798.57,77.29,3.97566166666667,480.89,795.2,219.3,138.73,169.65,77.41,4.603372,481.31,799.7,224.0,138.07,175.99,78.68,4.134146,481.04,800.8,221.87,144.61,168.0,75.79,3.19273533333333,480.31,665.16,421.41,513.65
2026-01-13 03:40:59,XPQ-01 Main,2026-01-13 03:40:00,814.72,77.68,3.7556616666666702,481.23,807.81,222.93,141.63,171.88,77.17,4.27003866666667,481.73,810.47,227.21,137.42,180.48,79.56,3.734146,481.39,825.87,228.94,147.72,174.35,76.3,3.259402,480.56,679.08,426.78,526.71
2026-01-13 03:41:59,XPQ-01 Main,2026-01-13 03:41:00,803.44,77.62,3.688995,481.55,799.04,220.66,139.45,170.49,77.4,4.23670533333333,481.73,802.25,224.91,136.78,177.43,79.2,3.734146,481.71,809.02,224.57,144.95,170.87,76.26,3.09273533333333,481.21,670.13,421.19,518.8
2026-01-13 03:42:59,XPQ-01 Main,2026-01-13 03:42:00,715.87,74.43,4.01232833333333,482.15,714.82,197.68,131.95,147.03,74.42,4.43670533333333,482.46,714.37,200.55,130.64,151.74,75.79,4.16747933333333,482.25,718.41,199.61,136.02,145.65,73.08,3.42606866666667,481.74,597.83,398.61,444.43
2026-01-13 03:43:59,XPQ-01 Main,2026-01-13 03:43:00,691.48,71.16,4.03232833333333,482.06,687.05,190.02,133.41,134.97,71.12,4.57003866666667,482.39,691.54,194.06,132.61,141.29,72.92,4.034146,482.01,695.86,193.3,138.82,133.99,69.45,3.49273533333333,481.78,577.37,404.84,410.26
2026-01-13 03:44:59,XPQ-01 Main,2026-01-13 03:44:00,708.19,72.47,4.098995,481.88,706.87,195.48,134.19,141.91,72.66,4.503372,482.39,708.49,198.76,134.01,146.61,73.81,4.434146,481.7,709.21,196.86,138.68,139.57,70.94,3.359402,481.55,591.1,406.88,428.09
2026-01-13 03:45:59,XPQ-01 Main,2026-01-13 03:45:00,668.47,75.96,4.24232833333333,482.18,657.88,182.07,117.03,139.11,76.52,4.77003866666667,482.7,676.55,189.89,119.04,147.49,77.82,4.26747933333333,481.93,670.99,186.36,126.07,136.87,73.55,3.6927353333333297,481.92,558.33,362.14,423.46
2026-01-13 03:46:59,XPQ-01 Main,2026-01-13 03:46:00,623.51,74.88,3.94566166666667,482.76,614.25,170.19,112.18,127.6,75.1,4.503372,483.3,628.5,176.64,112.65,135.34,76.86,3.8674793333333297,482.55,627.78,174.56,119.73,126.64,72.67,3.459402,482.44,521.39,344.56,389.58
2026-01-13 03:47:59,XPQ-01 Main,2026-01-13 03:47:00,533.17,80.53,4.34232833333333,484.56,524.75,145.98,85.45,117.61,80.9,4.97003866666667,484.98,538.92,151.95,85.94,124.48,82.29,4.30081266666667,484.18,535.82,149.59,92.51,116.81,78.39,3.759402,484.53,447.51,263.9,358.9
2026-01-13 03:48:59,XPQ-01 Main,2026-01-13 03:48:00,618.16,75.4,4.35232833333333,482.75,615.96,170.62,113.24,127.29,74.72,5.103372,483.21,611.98,172.0,109.16,132.67,77.22,4.434146,482.63,626.54,174.24,116.51,129.24,74.27,3.52606866666667,482.4,516.86,338.91,389.2
2026-01-13 03:49:59,XPQ-01 Main,2026-01-13 03:49:00,590.22,74.59,4.098995,482.84,582.83,161.42,108.51,118.61,73.78,4.603372,483.19,586.7,164.95,104.78,126.64,77.05,4.00081266666667,482.88,601.14,167.24,114.15,121.69,72.94,3.6927353333333297,482.45,493.61,327.43,366.94
2026-01-13 03:50:59,XPQ-01 Main,2026-01-13 03:50:00,708.03,80.96,4.178995,481.82,700.6,193.62,114.59,155.54,80.51,4.803372,482.09,705.61,197.93,110.62,163.43,82.81,4.16747933333333,481.87,717.9,199.34,120.43,158.14,79.56,3.559402,481.49,590.89,345.64,477.11
2026-01-13 03:51:59,XPQ-01 Main,2026-01-13 03:51:00,734.46,81.71,4.42232833333333,481.56,729.75,201.6,117.09,163.83,81.36,5.003372,482.08,730.96,205.0,113.2,170.62,83.33,4.434146,481.52,742.66,206.0,122.25,165.59,80.45,3.8260686666666706,481.06,612.6,352.54,500.03
2026-01-13 03:52:59,XPQ-01 Main,2026-01-13 03:52:00,694.16,81.23,4.208995,482.02,687.4,190.11,111.33,153.56,80.96,4.83670533333333,482.43,693.3,194.55,108.33,161.11,82.98,3.934146,481.92,701.78,194.89,117.52,155.24,79.73,3.859402,481.71,579.56,337.17,469.9
2026-01-13 03:53:59,XPQ-01 Main,2026-01-13 03:53:00,588.3,86.06,4.388995,483.84,580.99,161.34,80.71,139.03,86.48,5.103372,484.26,594.24,167.34,81.04,145.76,87.4,4.16747933333333,483.6,589.68,164.37,88.11,138.13,84.31,3.89273533333333,483.67,493.05,249.87,422.92
2026-01-13 03:54:59,XPQ-01 Main,2026-01-13 03:54:00,662.65,80.48,4.018995,482.84,653.89,181.2,106.45,146.31,80.86,4.63670533333333,483.38,668.23,187.83,107.07,154.04,82.11,3.834146,482.61,665.83,185.17,114.57,145.04,78.47,3.59273533333333,482.53,554.21,328.09,445.4
2026-01-13 03:55:59,XPQ-01 Main,2026-01-13 03:55:00,678.64,81.92,3.898995,482.82,671.68,186.11,104.92,153.36,82.53,4.37003866666667,483.13,686.4,192.85,106.71,160.26,83.24,3.8674793333333297,482.6,677.84,188.59,113.04,150.63,79.98,3.459402,482.71,567.56,324.66,464.25
2026-01-13 03:56:59,XPQ-01 Main,2026-01-13 03:56:00,619.36,78.5,4.198995,483.07,616.77,170.94,104.98,134.74,78.88,4.703372,483.38,622.52,175.05,105.44,139.25,79.72,4.36747933333333,483.01,618.79,172.25,110.01,132.3,76.89,3.52606866666667,482.81,518.23,320.43,406.28
2026-01-13 03:57:59,XPQ-01 Main,2026-01-13 03:57:00,644.74,77.05,4.108995,482.6,638.09,176.77,112.51,136.04,77.06,4.73670533333333,483.09,646.25,181.52,111.52,142.76,78.8,4.06747933333333,482.3,649.87,180.66,118.67,135.72,75.28,3.52606866666667,482.42,538.95,342.7,414.52
2026-01-13 03:58:59,XPQ-01 Main,2026-01-13 03:58:00,613.23,77.52,4.24232833333333,483.12,610.53,169.3,105.76,131.76,77.99,4.87003866666667,483.43,616.6,173.32,106.6,136.13,78.73,3.9008126666666705,482.84,612.56,170.54,110.81,128.92,75.84,3.959402,483.09,513.17,323.17,396.82
2026-01-13 03:59:59,XPQ-01 Main,2026-01-13 03:59:00,745.82,83.76,3.8756616666666703,482.34,742.8,205.57,110.25,173.03,84.33,4.47003866666667,482.84,751.68,211.11,111.94,178.6,84.73,3.80081266666667,482.24,742.96,206.44,117.38,169.47,82.21,3.359402,481.95,623.11,339.57,521.09
2026-01-13 04:00:59,XPQ-01 Main,2026-01-13 04:00:00,768.94,83.11,4.07566166666667,482.02,761.54,210.55,116.22,175.35,83.35,4.63670533333333,482.39,773.31,217.05,115.84,183.22,84.52,4.034146,482.07,771.98,214.4,124.35,174.55,81.45,3.559402,481.6,642.01,356.4,533.11
2026-01-13 04:01:59,XPQ-01 Main,2026-01-13 04:01:00,782.23,83.76,4.178995,482.09,776.75,214.79,116.31,180.07,84.0,4.903372,482.38,786.17,220.65,115.79,186.9,85.01,4.00081266666667,482.13,783.76,217.75,123.57,178.89,82.28,3.62606866666667,481.76,653.19,355.67,545.87
2026-01-13 04:02:59,XPQ-01 Main,2026-01-13 04:02:00,763.91,83.51,4.08566166666667,482.53,753.23,208.55,112.76,175.11,84.07,4.603372,482.85,774.25,217.45,114.46,184.0,84.91,4.134146,482.4,764.26,212.51,122.83,172.95,81.53,3.52606866666667,482.33,638.5,350.06,532.06
2026-01-13 04:03:59,XPQ-01 Main,2026-01-13 04:03:00,723.58,82.28,3.98566166666667,482.97,712.88,197.62,110.38,163.4,82.86,4.403372,483.39,732.9,206.0,112.17,172.21,83.79,3.96747933333333,482.69,724.94,201.72,120.22,161.34,80.19,3.59273533333333,482.83,605.34,342.76,496.95
2026-01-13 04:04:59,XPQ-01 Main,2026-01-13 04:04:00,651.12,86.92,4.52232833333333,484.21,642.15,178.35,86.07,155.47,87.49,5.07003866666667,484.37,659.22,185.78,87.37,163.39,88.18,4.40081266666667,484.23,652.0,181.99,95.15,154.02,85.07,4.09273533333333,484.03,546.12,268.6,472.88
2026-01-13 04:05:59,XPQ-01 Main,2026-01-13 04:05:00,676.19,86.75,4.298995,484.38,662.89,184.23,90.98,159.85,86.91,4.97003866666667,484.93,682.56,192.53,89.64,169.96,88.45,4.16747933333333,484.28,683.13,190.59,100.64,161.56,84.88,3.759402,483.93,567.35,281.26,491.38
2026-01-13 04:06:59,XPQ-01 Main,2026-01-13 04:06:00,736.95,83.9,4.308995,483.21,727.99,201.8,108.92,169.46,84.17,4.97003866666667,483.51,742.35,208.78,108.68,177.62,85.35,4.26747933333333,483.16,740.53,206.19,117.31,168.93,82.19,3.6927353333333297,482.96,616.78,334.91,516.01
2026-01-13 04:07:59,XPQ-01 Main,2026-01-13 04:07:00,829.38,84.42,3.9423283333333297,482.21,817.25,226.03,119.18,191.84,84.94,4.503372,482.44,839.71,235.71,120.66,202.08,85.86,3.934146,482.27,831.18,231.02,130.56,190.21,82.45,3.39273533333333,481.94,692.77,370.4,584.12
2026-01-13 04:08:59,XPQ-01 Main,2026-01-13 04:08:00,854.02,85.36,3.8656616666666705,482.48,849.79,235.15,120.53,201.67,85.84,4.47003866666667,482.52,860.46,241.6,121.75,208.31,86.34,4.00081266666667,482.59,851.81,236.98,128.72,198.62,83.92,3.12606866666667,482.34,713.73,371.0,608.61
2026-01-13 04:09:59,XPQ-01 Main,2026-01-13 04:09:00,753.03,82.01,4.098995,482.93,741.16,205.34,115.93,169.14,82.48,4.503372,483.19,762.14,214.23,117.19,178.76,83.63,4.06747933333333,482.88,755.8,210.36,126.27,167.85,79.91,3.72606866666667,482.71,629.93,359.39,515.75
2026-01-13 04:10:59,XPQ-01 Main,2026-01-13 04:10:00,777.45,81.99,3.698995,482.96,770.08,213.42,120.45,176.01,82.53,4.17003866666667,483.34,784.84,220.63,122.13,183.51,83.25,3.66747933333333,482.81,777.44,216.34,129.08,173.22,80.18,3.259402,482.72,650.39,371.66,532.74
2026-01-13 04:11:59,XPQ-01 Main,2026-01-13 04:11:00,673.98,86.63,4.26566166666667,484.57,660.67,183.7,90.1,159.47,87.07,5.03670533333333,484.88,682.78,192.56,90.55,169.43,88.2,4.36747933333333,484.43,678.49,189.46,100.57,159.7,84.62,3.39273533333333,484.42,565.73,281.22,488.6
2026-01-13 04:12:59,XPQ-01 Main,2026-01-13 04:12:00,697.69,87.52,4.18566166666667,484.41,691.56,192.1,91.16,168.71,87.98,4.87003866666667,484.54,704.75,198.74,91.96,175.41,88.57,4.034146,484.59,696.78,194.58,99.04,166.97,86.01,3.659402,484.1,585.42,282.16,511.09
2026-01-13 04:13:59,XPQ-01 Main,2026-01-13 04:13:00,714.18,86.28,4.13232833333333,483.91,705.89,195.97,97.94,169.41,86.57,4.77003866666667,484.34,719.31,202.68,97.65,177.36,87.6,4.10081266666667,483.85,717.35,199.98,106.33,169.15,84.66,3.52606866666667,483.52,598.63,301.92,515.93
2026-01-13 04:14:59,XPQ-01 Main,2026-01-13 04:14:00,723.38,86.28,4.47566166666667,484.06,717.43,199.18,99.73,172.07,86.52,5.17003866666667,484.23,727.37,204.96,99.17,178.96,87.47,4.234146,484.16,725.34,202.39,107.0,171.5,84.84,4.02606866666667,483.79,606.53,305.9,522.52
2026-01-13 04:15:59,XPQ-01 Main,2026-01-13 04:15:00,819.36,79.17,3.8556616666666703,481.96,812.19,224.59,137.06,177.23,79.1,4.203372,482.55,820.49,230.29,135.24,185.48,80.8,3.934146,481.86,825.39,229.12,144.23,177.47,77.6,3.42606866666667,481.47,684.01,416.53,540.19
2026-01-13 04:16:59,XPQ-01 Main,2026-01-13 04:16:00,916.64,82.76,3.6323283333333296,481.09,911.31,251.52,140.69,208.05,82.84,4.13670533333333,481.48,917.96,257.11,139.16,215.97,84.06,3.7008126666666703,481.05,920.64,255.21,148.21,207.48,81.37,3.059402,480.74,763.83,428.06,631.51
2026-01-13 04:17:59,XPQ-01 Main,2026-01-13 04:17:00,970.95,83.68,3.708995,481.42,963.87,266.03,144.94,222.66,83.81,4.13670533333333,481.56,974.54,273.17,143.65,231.7,84.99,3.80081266666667,481.69,974.43,270.44,153.68,222.16,82.24,3.19273533333333,481.01,809.65,442.26,676.52
2026-01-13 04:18:59,XPQ-01 Main,2026-01-13 04:18:00,1019.61,83.11,3.6123283333333296,480.62,1013.09,279.31,153.9,232.54,83.39,4.07003866666667,480.9,1024.92,286.73,153.86,241.17,84.3,3.734146,480.62,1020.83,282.78,163.07,230.52,81.64,3.02606866666667,480.35,848.83,470.84,704.23
2026-01-13 04:19:59,XPQ-01 Main,2026-01-13 04:19:00,999.41,82.14,3.898995,480.07,993.2,273.5,154.7,225.11,82.42,4.57003866666667,480.5,1003.28,280.46,154.65,233.55,83.38,3.7674793333333296,480.09,1001.74,277.08,163.65,223.15,80.64,3.359402,479.62,831.04,473.0,681.81
2026-01-13 04:20:59,XPQ-01 Main,2026-01-13 04:20:00,1024.55,83.77,3.798995,480.37,1016.3,279.8,152.08,234.21,83.87,4.43670533333333,480.39,1029.52,287.97,150.45,243.59,85.08,3.90081266666667,480.78,1027.82,284.71,161.16,233.98,82.36,3.059402,479.94,852.49,463.69,711.78
2026-01-13 04:21:59,XPQ-01 Main,2026-01-13 04:21:00,1014.4,82.69,3.6756616666666706,480.46,1010.07,278.23,155.29,230.41,82.93,4.07003866666667,480.55,1018.21,284.82,154.89,238.24,83.84,3.60081266666667,480.73,1014.9,281.15,163.57,228.34,81.29,3.359402,480.1,844.19,473.75,696.99
2026-01-13 04:22:59,XPQ-01 Main,2026-01-13 04:22:00,990.24,82.66,3.7656616666666705,481.02,985.71,272.0,151.5,225.11,82.96,4.33670533333333,481.54,994.56,278.6,151.7,232.93,83.8,3.734146,480.99,990.46,274.45,159.85,222.61,81.23,3.22606866666667,480.53,825.05,463.06,680.66
2026-01-13 04:23:59,XPQ-01 Main,2026-01-13 04:23:00,904.31,80.58,3.58566166666667,481.04,899.12,248.15,146.05,199.98,80.76,4.17003866666667,481.6,906.88,254.05,145.47,207.64,81.9,3.634146,480.96,906.93,251.29,153.55,198.4,79.08,2.959402,480.56,753.49,445.06,606.03
2026-01-13 04:24:59,XPQ-01 Main,2026-01-13 04:24:00,888.23,80.34,3.88566166666667,481.49,883.8,244.12,144.58,196.35,80.53,4.27003866666667,481.81,890.88,249.69,144.06,203.35,81.6,4.00081266666667,481.45,890.01,246.95,151.52,194.5,78.89,3.39273533333333,481.2,740.77,440.15,594.19
2026-01-13 04:25:59,XPQ-01 Main,2026-01-13 04:25:00,959.81,82.07,3.7323283333333297,481.21,954.63,263.56,149.92,216.29,82.19,4.303372,481.74,961.53,269.44,148.72,224.3,83.34,3.50081266666667,481.14,963.27,267.02,157.63,215.15,80.67,3.39273533333333,480.75,800.01,456.28,655.74
2026-01-13 04:26:59,XPQ-01 Main,2026-01-13 04:26:00,943.3,80.89,3.64566166666667,481.02,941.99,259.92,152.17,210.18,81.0,4.17003866666667,481.22,942.57,263.89,150.89,216.3,82.02,3.60081266666667,481.04,945.35,262.12,158.17,208.36,79.65,3.159402,480.8,785.93,461.23,634.84
2026-01-13 04:27:59,XPQ-01 Main,2026-01-13 04:27:00,925.33,81.02,3.98566166666667,481.05,922.25,254.34,148.48,205.92,81.11,4.53670533333333,481.34,926.5,259.6,147.19,212.92,82.26,3.9008126666666705,481.35,927.26,257.07,155.22,204.66,79.68,3.52606866666667,480.47,771.01,450.89,623.5
2026-01-13 04:28:59,XPQ-01 Main,2026-01-13 04:28:00,910.92,80.8,4.08566166666667,481.87,901.27,248.99,145.9,201.36,80.98,4.83670533333333,482.19,916.16,257.15,145.37,211.29,82.38,3.96747933333333,482.14,915.33,254.18,155.6,200.79,79.04,3.459402,481.29,760.32,446.87,613.44
2026-01-13 04:29:59,XPQ-01 Main,2026-01-13 04:29:00,924.99,80.86,3.7123283333333297,481.56,913.75,252.32,147.31,204.34,81.12,4.203372,481.91,931.73,261.33,147.4,215.09,82.49,3.7674793333333296,481.76,929.48,257.93,158.08,203.51,78.97,3.159402,481.02,771.57,452.79,622.94
2026-01-13 04:30:59,XPQ-01 Main,2026-01-13 04:30:00,896.7,80.87,3.82232833333333,481.59,884.52,244.31,142.97,197.75,81.04,4.53670533333333,481.8,903.41,253.27,142.48,208.5,82.56,3.7674793333333296,481.69,902.18,250.44,153.32,197.55,79.0,3.159402,481.29,748.03,438.76,603.8
2026-01-13 04:31:59,XPQ-01 Main,2026-01-13 04:31:00,907.21,80.77,3.74232833333333,481.79,903.85,249.71,145.88,202.35,81.12,4.13670533333333,482.03,911.2,255.62,146.42,209.12,81.92,3.834146,481.98,906.59,251.76,153.32,199.35,79.27,3.259402,481.37,757.09,445.63,610.82
2026-01-13 04:32:59,XPQ-01 Main,2026-01-13 04:32:00,902.79,80.97,3.798995,481.76,892.06,246.58,143.98,199.64,81.11,4.37003866666667,482.15,908.21,254.7,143.25,209.82,82.59,3.734146,481.67,908.11,252.08,153.63,199.33,79.21,3.29273533333333,481.47,753.36,440.85,608.79
2026-01-13 04:33:59,XPQ-01 Main,2026-01-13 04:33:00,896.35,79.33,3.898995,481.77,890.08,246.09,148.52,195.82,79.67,4.503372,482.22,900.96,252.65,149.15,203.64,80.68,3.90081266666667,481.58,898.02,249.25,156.8,193.23,77.65,3.29273533333333,481.51,747.99,454.48,592.69
2026-01-13 04:34:59,XPQ-01 Main,2026-01-13 04:34:00,892.32,79.59,3.9223283333333296,482.16,886.69,245.19,146.94,196.2,80.04,4.503372,482.45,898.8,252.32,148.36,203.75,80.84,3.8674793333333297,482.28,891.47,247.73,155.32,192.84,77.88,3.39273533333333,481.76,745.24,450.62,592.79
2026-01-13 04:35:59,XPQ-01 Main,2026-01-13 04:35:00,896.8,79.68,3.8223283333333296,482.49,887.43,245.71,147.26,196.42,80.01,4.403372,482.83,902.78,253.5,147.91,205.64,81.18,3.7674793333333296,482.32,900.18,250.28,156.81,194.53,77.86,3.29273533333333,482.31,749.49,451.98,596.59
2026-01-13 04:36:59,XPQ-01 Main,2026-01-13 04:36:00,906.84,79.77,3.7323283333333297,482.32,899.87,248.91,148.73,199.41,80.16,4.303372,482.47,912.99,256.33,149.78,207.64,81.1,3.7008126666666703,482.45,907.65,252.37,157.59,196.67,78.04,3.19273533333333,482.04,757.61,456.1,603.72
2026-01-13 04:37:59,XPQ-01 Main,2026-01-13 04:37:00,909.02,79.87,4.008995,482.03,896.19,247.76,148.22,198.14,80.07,4.57003866666667,482.48,915.53,257.04,148.1,209.51,81.66,4.06747933333333,482.13,915.33,254.19,159.29,197.81,77.89,3.39273533333333,481.47,758.98,455.61,605.46
2026-01-13 04:38:59,XPQ-01 Main,2026-01-13 04:38:00,877.18,79.8,3.64566166666667,482.67,871.78,241.45,143.76,193.68,80.3,4.403372,483.03,884.03,248.35,145.4,200.46,80.95,3.60081266666667,482.54,875.73,243.57,151.63,189.92,78.15,2.92606866666667,482.46,733.37,440.8,584.07
2026-01-13 04:39:59,XPQ-01 Main,2026-01-13 04:39:00,923.29,80.02,3.898995,482.17,917.15,253.68,150.4,203.6,80.43,4.47003866666667,482.68,929.66,261.05,151.53,211.56,81.3,3.8674793333333297,482.16,923.08,256.39,159.16,200.61,78.34,3.359402,481.68,771.12,461.08,615.76
2026-01-13 04:40:59,XPQ-01 Main,2026-01-13 04:40:00,945.27,81.13,3.7323283333333297,481.96,936.14,258.84,149.39,210.54,81.55,4.27003866666667,482.49,952.55,267.36,150.66,220.24,82.54,3.8674793333333297,481.92,947.12,262.94,159.9,208.11,79.3,3.059402,481.47,789.14,459.95,638.89
2026-01-13 04:41:59,XPQ-01 Main,2026-01-13 04:41:00,920.35,79.9,3.9123283333333294,481.91,909.63,251.37,151.44,200.34,79.77,4.43670533333333,482.17,921.79,258.67,148.91,211.01,81.7,4.134146,482.08,929.64,258.2,160.71,201.72,78.21,3.159402,481.47,768.24,461.06,613.07
2026-01-13 04:42:59,XPQ-01 Main,2026-01-13 04:42:00,876.53,78.89,3.56566166666667,482.76,870.62,241.14,147.83,190.07,78.93,3.8700386666666704,483.12,877.58,246.62,146.56,197.98,80.37,3.60081266666667,482.69,881.39,245.18,155.14,189.36,77.35,3.22606866666667,482.46,732.94,449.53,577.4
2026-01-13 04:43:59,XPQ-01 Main,2026-01-13 04:43:00,931.82,82.22,3.688995,482.41,925.23,256.02,144.43,211.11,82.53,4.37003866666667,482.69,937.06,263.15,144.79,219.4,83.46,3.634146,482.46,933.15,259.45,153.16,209.01,80.66,3.059402,482.09,778.63,442.38,639.51
2026-01-13 04:44:59,XPQ-01 Main,2026-01-13 04:44:00,927.82,80.64,3.7756616666666702,481.97,917.67,253.58,150.46,204.01,80.48,4.403372,482.17,928.47,260.59,147.69,214.48,82.36,3.634146,482.23,937.3,260.4,159.27,205.69,79.07,3.29273533333333,481.52,774.57,457.42,624.18
2026-01-13 04:45:59,XPQ-01 Main,2026-01-13 04:45:00,908.51,79.92,3.84232833333333,482.39,902.03,249.47,149.36,199.25,80.01,4.303372,482.8,911.18,256.07,148.35,207.52,81.35,3.834146,482.66,912.31,253.57,157.23,198.51,78.39,3.39273533333333,481.72,759.11,454.94,605.28
2026-01-13 04:46:59,XPQ-01 Main,2026-01-13 04:46:00,766.33,79.39,4.22232833333333,483.8,764.43,212.05,128.75,168.14,79.4,4.73670533333333,484.08,765.83,215.78,127.17,173.26,80.62,4.20081266666667,484.05,768.72,214.34,133.4,167.15,78.16,3.72606866666667,483.28,642.17,389.32,508.55
2026-01-13 04:47:59,XPQ-01 Main,2026-01-13 04:47:00,966.05,78.84,4.35232833333333,481.23,965.34,266.34,162.71,210.52,79.12,5.003372,481.35,967.55,271.09,162.84,215.98,79.85,4.10081266666667,481.5,965.26,267.8,168.55,207.09,77.56,3.959402,480.84,805.23,494.09,633.59
2026-01-13 04:48:59,XPQ-01 Main,2026-01-13 04:48:00,863.3,74.88,4.418995,482.03,861.2,238.13,157.21,178.51,75.05,5.103372,482.35,864.42,242.58,156.96,184.35,76.14,4.16747933333333,482.08,864.29,240.09,162.74,176.11,73.44,3.9927353333333295,481.68,720.8,476.91,538.96
2026-01-13 04:49:59,XPQ-01 Main,2026-01-13 04:49:00,930.68,77.42,4.04232833333333,481.82,922.6,254.98,159.71,197.53,77.76,4.603372,482.28,936.72,262.84,160.67,205.82,78.82,3.934146,481.86,932.7,258.9,168.28,194.85,75.68,3.59273533333333,481.33,776.73,488.67,598.2
2026-01-13 04:50:59,XPQ-01 Main,2026-01-13 04:50:00,951.19,78.69,3.898995,480.72,944.03,260.28,159.4,205.27,78.98,4.47003866666667,481.12,955.79,267.57,159.89,213.95,80.1,3.8674793333333297,480.79,953.75,264.17,168.37,203.07,76.98,3.359402,480.25,792.03,487.65,622.3
2026-01-13 04:51:59,XPQ-01 Main,2026-01-13 04:51:00,982.04,79.55,4.11232833333333,480.76,979.85,270.05,162.76,214.92,79.72,4.703372,481.03,983.73,275.46,162.18,221.8,80.72,4.10081266666667,481.07,982.54,272.25,169.55,212.75,78.2,3.52606866666667,480.18,817.76,494.49,649.47
2026-01-13 04:52:59,XPQ-01 Main,2026-01-13 04:52:00,938.75,78.39,4.08566166666667,481.19,933.15,257.46,159.76,201.61,78.38,4.67003866666667,481.62,938.9,263.2,158.22,209.85,79.85,4.16747933333333,481.42,944.21,261.77,166.92,201.16,76.96,3.42606866666667,480.53,782.42,484.9,612.62
2026-01-13 04:53:59,XPQ-01 Main,2026-01-13 04:53:00,950.82,78.99,4.008995,481.13,943.23,260.26,158.76,205.75,79.17,4.503372,481.63,954.27,267.46,158.53,214.72,80.45,4.06747933333333,481.26,954.96,264.68,167.49,204.37,77.34,3.459402,480.5,792.4,484.77,624.84
2026-01-13 04:54:59,XPQ-01 Main,2026-01-13 04:54:00,953.71,79.33,4.098995,481.09,951.24,262.48,158.88,208.26,79.5,4.73670533333333,481.3,955.35,267.53,158.3,214.88,80.51,4.06747933333333,481.16,954.53,264.71,165.49,206.03,77.96,3.49273533333333,480.82,794.72,482.67,629.17
2026-01-13 04:55:59,XPQ-01 Main,2026-01-13 04:55:00,1003.41,79.44,4.078995,480.57,995.17,274.29,164.19,219.17,80.03,4.67003866666667,480.81,1012.99,283.41,167.07,228.49,80.72,3.934146,480.67,1002.07,277.56,175.0,214.99,77.56,3.62606866666667,480.23,835.26,506.26,662.66
2026-01-13 04:56:59,XPQ-01 Main,2026-01-13 04:56:00,1071.72,78.0,3.788995,479.4,1066.12,293.13,182.1,229.35,78.32,4.37003866666667,479.78,1076.09,300.41,182.96,238.1,79.29,3.8674793333333297,479.48,1072.93,296.38,191.13,226.19,76.38,3.12606866666667,478.93,889.92,556.19,693.64
2026-01-13 04:57:59,XPQ-01 Main,2026-01-13 04:57:00,934.51,81.05,3.878995,481.33,928.42,256.36,147.17,209.45,81.82,4.503372,481.78,945.16,264.89,150.95,216.99,82.09,3.80081266666667,481.29,929.94,257.88,157.04,204.06,79.25,3.32606866666667,480.92,779.14,455.15,630.5
2026-01-13 04:58:59,XPQ-01 Main,2026-01-13 04:58:00,951.46,81.63,3.56566166666667,481.35,942.97,260.43,147.13,214.24,82.43,4.17003866666667,481.74,963.85,270.07,151.21,223.08,82.78,3.40081266666667,481.24,947.55,262.8,158.56,209.1,79.68,3.12606866666667,481.06,793.31,456.91,646.41
2026-01-13 04:59:59,XPQ-01 Main,2026-01-13 04:59:00,1018.75,83.0,3.93232833333333,480.66,1010.01,278.32,152.83,232.28,83.54,4.503372,480.83,1028.44,287.85,155.04,241.93,84.19,3.8674793333333297,480.94,1017.8,282.01,164.15,228.93,81.27,3.42606866666667,480.2,848.18,472.02,703.15
2026-01-13 05:00:59,XPQ-01 Main,2026-01-13 05:00:00,1086.39,83.03,3.72232833333333,479.04,1076.35,295.74,161.07,247.71,83.84,4.33670533333333,479.29,1101.26,307.09,165.8,258.02,84.13,3.66747933333333,479.07,1081.55,298.62,174.43,242.03,81.13,3.159402,478.75,901.46,501.3,747.75
2026-01-13 05:01:59,XPQ-01 Main,2026-01-13 05:01:00,995.71,82.05,3.88566166666667,480.19,986.56,271.66,153.19,224.05,82.55,4.403372,480.36,1005.18,281.0,155.05,233.6,83.32,3.8674793333333297,480.34,995.39,275.54,164.07,220.93,80.28,3.39273533333333,479.87,828.2,472.32,678.58
2026-01-13 05:02:59,XPQ-01 Main,2026-01-13 05:02:00,1022.87,82.68,4.05232833333333,480.04,1014.23,279.18,154.34,232.26,83.29,4.403372,480.2,1033.72,288.89,157.17,241.82,83.85,4.00081266666667,480.22,1020.67,282.45,165.85,228.26,80.9,3.759402,479.69,850.52,477.37,702.34
2026-01-13 05:03:59,XPQ-01 Main,2026-01-13 05:03:00,1082.99,82.77,3.83232833333333,479.17,1071.93,294.59,161.74,245.94,83.55,4.67003866666667,479.42,1097.02,306.03,166.27,256.54,83.92,3.7674793333333296,479.25,1080.03,298.27,175.18,240.7,80.85,3.059402,478.84,898.89,503.19,743.19
2026-01-13 05:04:59,XPQ-01 Main,2026-01-13 05:04:00,1064.26,83.91,3.8756616666666703,479.21,1055.58,290.01,155.18,244.79,84.46,4.403372,479.34,1075.01,299.93,157.51,254.51,85.03,3.934146,479.46,1062.19,293.46,166.78,241.19,82.25,3.29273533333333,478.83,883.41,479.47,740.49
2026-01-13 05:05:59,XPQ-01 Main,2026-01-13 05:05:00,1020.13,83.77,3.9556616666666704,479.96,1009.68,277.89,148.24,234.58,84.53,4.73670533333333,480.17,1035.35,289.32,152.44,244.66,84.87,3.834146,480.12,1015.36,280.91,161.01,229.78,81.9,3.29273533333333,479.58,848.12,461.68,709.01
2026-01-13 05:06:59,XPQ-01 Main,2026-01-13 05:06:00,898.64,81.59,4.02232833333333,480.07,888.14,244.53,138.7,201.1,82.32,4.63670533333333,480.21,911.12,254.6,142.13,210.51,82.88,3.8674793333333297,480.19,896.67,248.17,150.13,197.19,79.56,3.559402,479.82,747.29,430.96,608.8
2026-01-13 05:07:59,XPQ-01 Main,2026-01-13 05:07:00,940.09,81.51,3.91232833333333,479.75,931.41,256.31,145.48,210.82,82.3,4.57003866666667,479.91,952.32,265.91,149.38,219.57,82.68,4.06747933333333,479.79,936.54,259.02,156.75,205.85,79.56,3.09273533333333,479.56,781.23,451.61,636.24
2026-01-13 05:08:59,XPQ-01 Main,2026-01-13 05:08:00,1021.55,82.7,3.798995,479.54,1013.68,278.77,153.26,232.56,83.5,4.403372,479.83,1034.2,288.77,157.67,241.6,83.74,3.734146,479.64,1016.77,281.0,165.2,227.03,80.86,3.259402,479.13,848.54,476.14,701.19
2026-01-13 05:09:59,XPQ-01 Main,2026-01-13 05:09:00,967.95,82.48,3.74232833333333,480.74,961.6,265.14,147.73,219.81,83.0,4.43670533333333,481.1,975.77,273.13,149.61,228.09,83.62,3.66747933333333,480.81,966.49,267.75,157.53,216.33,80.84,3.12606866666667,480.32,806.03,454.87,664.23
2026-01-13 05:10:59,XPQ-01 Main,2026-01-13 05:10:00,939.19,81.05,3.64566166666667,480.74,934.77,257.6,149.88,209.26,81.3,4.23670533333333,480.82,942.53,263.84,149.73,216.65,82.27,3.634146,481.09,940.27,260.62,157.66,207.22,79.58,3.059402,480.31,782.06,457.27,633.13
2026-01-13 05:11:59,XPQ-01 Main,2026-01-13 05:11:00,973.29,80.7,3.93232833333333,479.45,969.23,266.38,155.43,216.0,81.17,4.53670533333333,479.62,978.87,273.34,156.94,223.35,81.82,3.90081266666667,479.78,971.76,268.56,164.11,212.22,79.11,3.359402,478.95,808.28,476.48,651.57
2026-01-13 05:12:59,XPQ-01 Main,2026-01-13 05:12:00,971.18,79.84,3.8123283333333298,479.9,967.8,266.27,158.98,213.43,80.2,4.47003866666667,480.01,975.36,272.54,159.73,220.37,80.97,3.7674793333333296,480.19,970.37,268.47,166.61,210.16,78.36,3.19273533333333,479.51,807.28,485.32,643.96
2026-01-13 05:13:59,XPQ-01 Main,2026-01-13 05:13:00,1008.43,82.0,3.498995,480.29,1007.05,277.44,156.82,228.64,82.47,4.103372,480.48,1013.37,283.28,158.25,234.53,82.89,3.26747933333333,480.33,1004.86,278.21,164.27,224.05,80.65,3.12606866666667,480.07,838.93,479.34,687.21
2026-01-13 05:14:59,XPQ-01 Main,2026-01-13 05:14:00,950.4,79.97,3.64566166666667,480.34,943.31,259.81,155.13,208.29,80.2,4.03670533333333,480.53,954.82,267.05,155.1,216.99,81.35,3.60081266666667,480.55,953.08,263.88,163.83,206.57,78.35,3.29273533333333,479.93,790.74,474.05,631.84
2026-01-13 05:15:59,XPQ-01 Main,2026-01-13 05:15:00,1018.3,82.3,3.9523283333333294,480.05,1011.81,278.52,156.18,230.32,82.77,4.603372,480.3,1026.2,286.84,157.81,238.86,83.43,4.10081266666667,480.23,1016.89,281.36,165.94,226.8,80.71,3.159402,479.62,846.73,479.94,695.99
2026-01-13 05:16:59,XPQ-01 Main,2026-01-13 05:16:00,1009.29,82.98,3.9523283333333294,480.29,1005.34,276.84,152.45,230.93,83.46,4.603372,480.37,1015.72,283.99,154.05,238.24,83.97,3.96747933333333,480.53,1006.82,278.83,161.31,227.03,81.52,3.29273533333333,479.97,839.65,467.81,696.19
2026-01-13 05:17:59,XPQ-01 Main,2026-01-13 05:17:00,1013.6,82.11,3.88566166666667,480.85,1009.87,278.46,157.34,229.62,82.49,4.47003866666667,481.09,1018.78,285.23,158.17,236.82,83.16,3.90081266666667,481.01,1012.15,280.53,165.58,226.12,80.68,3.29273533333333,480.45,844.22,481.1,692.55
2026-01-13 05:18:59,XPQ-01 Main,2026-01-13 05:18:00,1023.84,82.3,3.878995,480.81,1017.92,280.63,157.69,231.89,82.69,4.43670533333333,480.98,1030.17,288.38,158.66,240.28,83.45,3.834146,481.01,1023.45,283.67,167.15,228.9,80.76,3.359402,480.43,852.68,483.5,701.07
2026-01-13 05:19:59,XPQ-01 Main,2026-01-13 05:19:00,1033.3,82.33,3.8556616666666703,479.64,1025.35,281.98,158.5,232.62,82.64,4.47003866666667,479.79,1039.42,290.26,158.9,241.88,83.58,3.80081266666667,479.85,1035.14,286.22,168.39,230.65,80.77,3.29273533333333,479.26,858.46,485.79,705.16
2026-01-13 05:20:59,XPQ-01 Main,2026-01-13 05:20:00,1018.15,82.33,3.83232833333333,479.99,1010.62,278.11,156.83,229.17,82.53,4.303372,480.13,1022.45,285.75,156.22,238.48,83.65,3.8674793333333297,480.25,1021.37,282.63,166.23,228.14,80.82,3.32606866666667,479.58,846.48,479.28,695.79
2026-01-13 05:21:59,XPQ-01 Main,2026-01-13 05:21:00,1006.73,82.12,3.978995,480.41,1000.75,275.68,156.43,226.57,82.29,4.703372,480.67,1009.84,282.5,155.61,234.94,83.37,3.96747933333333,480.6,1009.61,279.55,164.83,225.17,80.69,3.259402,479.96,837.72,476.87,686.69
2026-01-13 05:22:59,XPQ-01 Main,2026-01-13 05:22:00,1009.79,82.51,3.908995,480.33,1006.34,277.18,154.32,229.72,83.01,4.57003866666667,480.62,1016.95,284.44,156.16,236.93,83.5,4.06747933333333,480.49,1006.08,278.51,163.06,225.41,81.02,3.09273533333333,479.87,840.13,473.54,692.07
2026-01-13 05:23:59,XPQ-01 Main,2026-01-13 05:23:00,994.37,81.89,3.978995,480.39,987.17,271.95,153.86,223.97,82.42,4.67003866666667,480.68,1002.95,280.56,156.02,232.64,83.05,4.034146,480.55,992.98,274.92,163.93,220.04,80.19,3.22606866666667,479.95,827.43,473.81,676.65
2026-01-13 05:24:59,XPQ-01 Main,2026-01-13 05:24:00,1006.12,82.43,4.098995,480.26,998.99,275.19,153.04,228.19,83.05,4.73670533333333,480.57,1016.07,284.1,155.87,237.11,83.56,4.16747933333333,480.31,1003.31,277.7,163.87,223.81,80.68,3.39273533333333,479.91,836.98,472.78,689.11
2026-01-13 05:25:59,XPQ-01 Main,2026-01-13 05:25:00,1041.34,82.97,3.8656616666666705,479.46,1034.83,284.5,156.04,237.48,83.57,4.603372,479.75,1051.35,293.54,158.87,246.08,84.01,3.80081266666667,479.64,1037.83,286.79,166.6,232.8,81.32,3.19273533333333,478.98,864.82,481.5,716.36
2026-01-13 05:26:59,XPQ-01 Main,2026-01-13 05:26:00,1122.8,81.84,3.9556616666666704,478.51,1114.53,305.76,173.31,251.35,82.33,4.47003866666667,478.74,1132.11,315.47,175.45,261.66,83.06,3.934146,478.76,1121.75,309.4,184.95,247.72,80.13,3.459402,478.02,930.62,533.72,760.73
2026-01-13 05:27:59,XPQ-01 Main,2026-01-13 05:27:00,1125.29,81.99,3.8656616666666705,479.47,1120.5,308.06,174.3,253.61,82.41,4.303372,479.68,1131.83,315.96,175.76,262.12,83.06,4.10081266666667,479.66,1123.53,310.54,184.06,249.68,80.49,3.19273533333333,479.08,934.56,534.13,765.4
2026-01-13 05:28:59,XPQ-01 Main,2026-01-13 05:28:00,1128.12,83.47,3.988995,478.54,1119.9,307.3,166.49,257.96,84.02,4.53670533333333,478.76,1138.29,317.14,169.13,268.01,84.57,4.00081266666667,478.7,1126.19,310.67,178.41,253.89,81.82,3.42606866666667,478.17,935.11,514.03,779.86
2026-01-13 05:29:59,XPQ-01 Main,2026-01-13 05:29:00,1178.89,82.02,4.098995,477.77,1169.66,320.36,181.53,263.36,82.34,4.73670533333333,478.05,1186.44,330.16,182.2,274.43,83.31,4.00081266666667,478.08,1180.58,325.08,193.04,261.11,80.41,3.559402,477.17,975.6,556.77,798.89
2026-01-13 05:30:59,XPQ-01 Main,2026-01-13 05:30:00,1123.37,81.1,3.97566166666667,478.39,1113.45,305.4,175.15,249.55,81.85,4.37003866666667,478.65,1137.92,317.02,179.78,260.23,82.28,4.134146,478.65,1118.73,308.47,188.26,243.91,79.16,3.42606866666667,477.87,930.89,543.18,753.69
2026-01-13 05:31:59,XPQ-01 Main,2026-01-13 05:31:00,1093.38,81.44,3.798995,478.69,1084.22,297.41,172.17,242.07,81.49,4.203372,478.79,1096.3,305.66,170.61,252.86,82.89,3.934146,479.16,1099.63,303.49,182.14,242.26,79.93,3.259402,478.12,906.57,524.92,737.19
2026-01-13 05:32:59,XPQ-01 Main,2026-01-13 05:32:00,1156.16,80.78,3.908995,477.68,1144.43,313.41,182.54,254.17,81.22,4.43670533333333,477.9,1166.75,324.57,184.51,266.05,82.17,4.06747933333333,477.97,1157.31,318.65,195.38,251.38,78.96,3.22606866666667,477.16,956.63,562.43,771.6
2026-01-13 05:33:59,XPQ-01 Main,2026-01-13 05:33:00,1083.51,82.28,3.678995,478.38,1070.97,293.62,165.99,241.81,82.44,4.27003866666667,478.62,1089.4,303.6,165.33,253.99,83.81,3.80081266666667,478.79,1090.16,300.61,177.78,241.86,80.57,2.959402,477.73,897.82,509.11,737.66
2026-01-13 05:34:59,XPQ-01 Main,2026-01-13 05:34:00,1129.67,80.07,3.84232833333333,477.77,1120.21,306.96,180.27,248.05,80.89,4.403372,477.93,1144.26,318.2,185.35,257.86,81.2,3.834146,477.88,1124.55,309.73,193.01,241.57,78.13,3.29273533333333,477.49,934.89,558.63,747.48
2026-01-13 05:35:59,XPQ-01 Main,2026-01-13 05:35:00,1115.59,80.79,4.07566166666667,477.84,1108.55,303.7,176.03,246.83,81.42,4.63670533333333,478.07,1126.43,313.44,179.36,256.09,81.91,4.10081266666667,478.1,1111.8,306.23,187.26,241.76,79.06,3.49273533333333,477.36,923.37,542.65,744.68
2026-01-13 05:36:59,XPQ-01 Main,2026-01-13 05:36:00,1157.94,79.23,3.9423283333333297,476.67,1153.98,315.29,190.02,251.22,79.75,4.403372,476.88,1165.54,323.62,192.62,259.31,80.28,4.00081266666667,477.1,1154.28,317.14,199.6,246.14,77.67,3.42606866666667,476.04,956.05,582.24,756.66
2026-01-13 05:37:59,XPQ-01 Main,2026-01-13 05:37:00,1144.83,81.25,4.188995,476.94,1141.32,312.07,178.43,255.24,81.96,4.63670533333333,477.15,1155.81,321.0,182.59,263.05,82.15,4.334146,477.22,1137.35,312.69,188.77,248.61,79.64,3.59273533333333,476.44,945.76,549.79,766.91
2026-01-13 05:38:59,XPQ-01 Main,2026-01-13 05:38:00,1107.11,80.95,4.06566166666667,477.21,1104.05,301.99,175.11,245.23,81.38,4.47003866666667,477.48,1113.07,309.41,176.78,253.07,81.98,4.16747933333333,477.59,1104.22,303.72,183.92,241.01,79.5,3.559402,476.57,915.12,535.81,739.32
2026-01-13 05:39:59,XPQ-01 Main,2026-01-13 05:39:00,1189.19,81.92,3.8556616666666703,476.46,1183.34,323.17,180.89,267.34,82.82,4.403372,476.58,1205.19,334.38,187.25,276.32,82.78,3.90081266666667,476.85,1179.06,323.9,193.47,259.31,80.15,3.259402,475.94,981.45,561.6,802.96
2026-01-13 05:40:59,XPQ-01 Main,2026-01-13 05:40:00,1167.53,80.47,4.098995,476.68,1162.33,317.51,186.94,255.91,80.75,4.63670533333333,476.88,1172.59,325.63,187.45,265.13,81.65,4.16747933333333,477.17,1167.67,320.85,196.37,253.14,79.01,3.49273533333333,476.0,963.99,570.76,774.18
2026-01-13 05:41:59,XPQ-01 Main,2026-01-13 05:41:00,1172.08,79.56,3.72232833333333,476.43,1166.58,318.63,189.76,255.12,80.24,4.23670533333333,476.72,1183.44,328.4,193.94,264.15,80.61,3.634146,476.75,1166.23,320.23,200.88,248.99,77.83,3.29273533333333,475.83,967.26,584.58,768.26
2026-01-13 05:42:59,XPQ-01 Main,2026-01-13 05:42:00,1169.55,79.43,3.988995,476.6,1165.17,318.34,190.54,254.49,80.05,4.47003866666667,476.73,1179.08,327.22,194.03,262.73,80.44,3.96747933333333,476.96,1164.39,319.95,200.73,248.65,77.81,3.52606866666667,476.12,965.51,585.3,765.87
2026-01-13 05:43:59,XPQ-01 Main,2026-01-13 05:43:00,1198.52,79.96,3.998995,476.3,1192.39,325.43,193.41,261.37,80.38,4.503372,476.43,1205.66,334.52,195.25,270.95,81.13,3.96747933333333,476.83,1197.51,328.84,204.01,257.46,78.38,3.52606866666667,475.64,988.79,592.68,789.78
2026-01-13 05:44:59,XPQ-01 Main,2026-01-13 05:44:00,1162.95,81.26,3.798995,476.25,1156.54,315.56,183.8,255.97,81.23,4.23670533333333,476.49,1162.97,322.75,181.6,266.33,82.62,3.66747933333333,476.82,1169.34,321.0,192.74,256.25,79.92,3.49273533333333,475.43,959.32,558.14,778.54
2026-01-13 05:45:59,XPQ-01 Main,2026-01-13 05:45:00,1190.32,81.12,4.15232833333333,476.52,1185.05,323.71,185.48,264.84,81.91,4.503372,476.71,1203.72,334.03,190.72,273.43,82.02,4.234146,476.85,1182.19,324.74,197.06,257.59,79.42,3.7260686666666705,475.99,982.49,573.26,795.86
2026-01-13 05:46:59,XPQ-01 Main,2026-01-13 05:46:00,1187.6,77.86,3.8556616666666703,475.8,1182.41,322.39,201.02,251.4,78.1,4.303372,476.04,1191.7,330.36,201.55,260.63,79.11,3.834146,476.3,1188.69,326.0,210.17,248.55,76.36,3.42606866666667,475.07,978.75,612.74,760.58
2026-01-13 05:47:59,XPQ-01 Main,2026-01-13 05:47:00,1248.04,78.14,4.07566166666667,475.68,1243.08,338.87,207.64,267.22,78.96,4.63670533333333,475.86,1261.49,349.53,213.46,276.0,79.1,4.16747933333333,476.14,1239.56,339.91,219.24,259.26,76.36,3.42606866666667,475.03,1028.31,640.34,802.48
2026-01-13 05:48:59,XPQ-01 Main,2026-01-13 05:48:00,1216.03,79.73,3.88566166666667,475.55,1206.0,328.64,193.2,265.32,80.84,4.303372,475.79,1237.09,342.74,201.84,276.27,80.75,3.8674793333333297,476.04,1204.99,330.32,208.11,256.12,77.61,3.49273533333333,474.82,1001.71,603.15,797.7
2026-01-13 05:49:59,XPQ-01 Main,2026-01-13 05:49:00,1237.96,79.24,3.97566166666667,471.78,1230.99,332.89,197.34,267.74,80.5,4.53670533333333,471.87,1259.59,346.01,207.04,276.77,80.07,3.96747933333333,472.17,1223.3,332.79,211.53,256.53,77.15,3.42606866666667,471.32,1011.69,615.91,801.04
2026-01-13 05:50:59,XPQ-01 Main,2026-01-13 05:50:00,1205.89,80.45,3.898995,467.35,1197.4,320.71,185.66,261.2,81.51,4.57003866666667,467.42,1225.49,333.52,193.45,270.77,81.37,3.9008126666666705,467.77,1194.79,321.98,199.35,252.27,78.46,3.22606866666667,466.84,976.21,578.45,784.24
2026-01-13 05:51:59,XPQ-01 Main,2026-01-13 05:51:00,1260.59,79.72,3.998995,472.7,1250.1,338.68,198.39,273.88,80.98,4.53670533333333,472.86,1284.74,353.69,208.72,284.64,80.64,3.90081266666667,473.12,1246.93,339.82,214.3,262.98,77.52,3.559402,472.13,1032.2,621.41,821.5
2026-01-13 05:52:59,XPQ-01 Main,2026-01-13 05:52:00,1245.42,79.63,3.7323283333333297,472.74,1234.66,334.7,196.22,270.79,80.98,4.003372,472.94,1270.34,349.61,207.03,281.26,80.53,3.90081266666667,472.89,1231.28,335.55,212.2,259.23,77.38,3.29273533333333,472.38,1019.86,615.45,811.28
2026-01-13 05:53:59,XPQ-01 Main,2026-01-13 05:53:00,1025.06,75.01,4.198995,473.62,1017.75,276.22,182.91,206.81,74.91,4.73670533333333,473.77,1025.13,282.84,181.43,216.48,76.64,4.20081266666667,474.13,1032.3,281.86,190.94,206.83,73.48,3.659402,472.97,840.92,555.28,630.13
2026-01-13 05:54:59,XPQ-01 Main,2026-01-13 05:54:00,990.14,72.34,4.02232833333333,474.64,980.7,266.87,180.9,195.66,73.43,4.47003866666667,475.1,1005.53,278.07,187.51,204.23,73.66,3.8674793333333297,474.93,984.19,269.13,192.05,187.97,69.95,3.7260686666666705,473.9,814.07,560.47,587.86
2026-01-13 05:55:59,XPQ-01 Main,2026-01-13 05:55:00,1097.25,74.53,3.8656616666666705,473.9,1087.32,295.3,191.98,222.49,75.71,4.303372,474.04,1116.52,308.19,200.06,231.63,75.68,3.90081266666667,474.38,1087.91,297.24,204.58,213.41,72.19,3.39273533333333,473.28,900.72,596.62,667.53
2026-01-13 05:56:59,XPQ-01 Main,2026-01-13 05:56:00,1001.55,72.12,3.908995,473.95,993.68,270.01,185.72,195.57,72.51,4.403372,474.21,1007.68,278.13,187.88,204.68,73.67,3.8674793333333297,474.22,1003.3,274.09,194.88,192.06,70.19,3.459402,473.44,822.23,568.48,592.3
2026-01-13 05:57:59,XPQ-01 Main,2026-01-13 05:57:00,977.13,67.34,3.898995,474.95,964.37,262.71,190.63,180.27,68.71,4.37003866666667,475.4,995.81,275.44,199.45,189.31,68.84,3.90081266666667,475.06,971.21,265.76,202.92,171.07,64.45,3.42606866666667,474.39,803.91,593.01,540.65
2026-01-13 05:58:59,XPQ-01 Main,2026-01-13 05:58:00,1082.95,73.79,3.998995,474.23,1073.63,291.73,193.88,217.21,74.6,4.33670533333333,474.34,1096.76,302.98,199.23,226.81,75.13,4.134146,474.79,1078.44,294.88,205.39,210.86,71.63,3.52606866666667,473.56,889.59,598.51,654.88
2026-01-13 05:59:59,XPQ-01 Main,2026-01-13 05:59:00,864.29,74.69,3.97566166666667,476.09,854.77,233.2,153.15,174.78,75.21,4.37003866666667,476.09,873.34,242.14,155.76,183.67,76.27,3.90081266666667,476.58,864.77,237.41,162.65,171.62,72.58,3.659402,475.58,712.75,471.56,530.06
2026-01-13 06:00:59,XPQ-01 Main,2026-01-13 06:00:00,906.6,75.15,4.24232833333333,475.91,898.39,244.99,159.8,184.54,75.6,4.603372,476.04,915.5,253.81,161.86,193.15,76.65,4.06747933333333,476.44,905.91,248.55,168.78,181.43,73.22,4.059402,475.25,747.35,490.44,559.13
2026-01-13 06:01:59,XPQ-01 Main,2026-01-13 06:01:00,1734.69,54.67,5.898995,463.65,1722.08,457.24,377.96,251.55,55.41,5.903372,463.92,1751.49,473.38,388.04,264.78,56.36,5.86747933333333,464.39,1730.52,462.53,391.55,239.9,52.24,5.92606866666667,462.63,1393.15,1157.54,756.24
2026-01-13 06:02:59,XPQ-01 Main,2026-01-13 06:02:00,1050.77,71.25,4.03232833333333,473.97,1046.31,284.28,198.62,202.87,71.45,4.47003866666667,474.17,1052.17,290.43,199.24,210.89,72.69,4.134146,474.3,1053.82,287.93,206.25,199.97,69.61,3.49273533333333,473.44,862.64,604.12,613.73
2026-01-13 06:03:59,XPQ-01 Main,2026-01-13 06:03:00,1078.13,77.38,3.9523283333333294,475.15,1073.33,292.2,184.04,226.63,77.63,4.47003866666667,475.23,1081.18,299.26,184.43,235.14,78.68,3.934146,475.73,1079.88,295.85,192.73,224.17,75.83,3.459402,474.49,887.31,561.2,685.94
2026-01-13 06:04:59,XPQ-01 Main,2026-01-13 06:04:00,1071.05,76.6,3.8123283333333298,476.0,1062.87,289.98,183.38,224.41,77.43,4.37003866666667,476.08,1084.01,300.48,188.56,233.35,77.78,3.96747933333333,476.43,1066.25,292.64,194.79,218.03,74.57,3.09273533333333,475.5,883.1,566.73,675.79
2026-01-13 06:05:59,XPQ-01 Main,2026-01-13 06:05:00,951.7,75.49,4.118995,476.02,945.85,257.97,170.5,193.27,74.99,4.63670533333333,476.04,946.17,262.34,166.24,202.29,77.26,4.034146,476.6,963.07,264.35,176.82,195.87,74.23,3.6927353333333297,475.42,784.67,513.56,591.42
2026-01-13 06:06:59,XPQ-01 Main,2026-01-13 06:06:00,1070.34,72.66,3.888995,473.66,1067.71,289.84,198.54,210.74,72.79,4.33670533333333,473.84,1070.84,295.45,198.35,218.29,74.01,3.96747933333333,474.11,1072.48,292.84,205.33,208.18,71.2,3.359402,473.03,878.12,602.22,637.22
2026-01-13 06:07:59,XPQ-01 Main,2026-01-13 06:07:00,1125.65,70.84,3.6656616666666704,472.74,1121.11,303.82,210.92,218.29,71.91,4.17003866666667,473.07,1139.62,313.84,217.99,225.27,71.86,3.66747933333333,473.11,1116.21,304.1,220.63,208.9,68.75,3.159402,472.05,921.75,649.54,652.45
2026-01-13 06:08:59,XPQ-01 Main,2026-01-13 06:08:00,1230.0,75.52,4.03232833333333,470.9,1225.97,330.73,214.98,251.21,75.98,4.33670533333333,470.99,1236.4,339.19,217.61,259.9,76.67,4.234146,471.53,1227.64,333.33,224.33,246.22,73.92,3.52606866666667,470.18,1003.25,656.92,757.33
2026-01-13 06:09:59,XPQ-01 Main,2026-01-13 06:09:00,1149.14,72.99,3.998995,472.46,1143.85,309.71,209.47,227.71,73.6,4.303372,472.83,1157.53,318.69,213.32,236.31,74.23,4.20081266666667,472.93,1146.04,312.01,219.13,221.86,71.15,3.49273533333333,471.6,940.4,641.93,685.87
2026-01-13 06:10:59,XPQ-01 Main,2026-01-13 06:10:00,1187.64,73.84,4.198995,471.47,1182.98,319.42,213.23,237.57,74.42,4.703372,471.63,1196.05,328.68,217.07,245.94,74.97,4.26747933333333,472.25,1183.89,321.77,222.55,231.7,72.12,3.62606866666667,470.52,969.87,652.85,715.22
2026-01-13 06:11:59,XPQ-01 Main,2026-01-13 06:11:00,1124.45,76.11,3.778995,472.07,1121.95,303.54,195.47,231.52,76.41,4.203372,472.35,1127.4,310.06,196.4,239.21,77.29,3.90081266666667,472.47,1124.0,305.84,203.2,227.87,74.64,3.22606866666667,471.4,919.44,595.07,698.6
2026-01-13 06:12:59,XPQ-01 Main,2026-01-13 06:12:00,1260.14,78.06,4.208995,470.77,1252.3,337.91,207.52,266.21,78.87,4.87003866666667,471.0,1274.77,349.55,213.4,276.06,79.12,4.20081266666667,471.13,1253.33,340.12,219.97,258.77,76.19,3.559402,470.18,1027.58,640.88,801.04
2026-01-13 06:13:59,XPQ-01 Main,2026-01-13 06:13:00,1258.37,75.68,4.06566166666667,470.4,1251.61,337.31,217.09,257.64,76.47,4.57003866666667,470.55,1272.2,348.68,223.03,267.1,76.76,4.26747933333333,471.02,1251.29,339.33,228.74,250.14,73.8,3.359402,469.62,1025.32,668.86,774.87
2026-01-13 06:14:59,XPQ-01 Main,2026-01-13 06:14:00,1258.77,75.27,4.06566166666667,471.44,1254.13,338.76,220.23,256.68,75.89,4.53670533333333,471.63,1268.9,348.53,224.39,265.23,76.34,4.06747933333333,472.0,1253.27,340.61,230.27,250.14,73.57,3.59273533333333,470.7,1027.91,674.88,772.05
2026-01-13 06:15:59,XPQ-01 Main,2026-01-13 06:15:00,1125.43,72.63,4.16566166666667,472.49,1122.5,303.97,206.78,221.82,73.15,4.57003866666667,472.77,1132.35,311.7,209.61,229.08,73.78,4.20081266666667,472.93,1121.45,305.41,214.77,216.25,70.95,3.7260686666666705,471.79,921.07,631.16,667.16
2026-01-13 06:16:59,XPQ-01 Main,2026-01-13 06:16:00,1049.61,71.7,3.8223283333333296,473.75,1045.0,283.77,191.64,208.65,71.87,4.37003866666667,473.97,1060.67,292.68,196.66,215.62,73.24,3.7674793333333296,474.15,1043.17,284.87,200.55,201.45,70.0,3.32606866666667,473.15,861.33,588.85,625.72
2026-01-13 06:17:59,XPQ-01 Main,2026-01-13 06:17:00,1054.5,75.59,4.12232833333333,474.08,1042.27,283.24,184.01,214.45,75.89,4.73670533333333,474.53,1062.54,293.53,185.61,225.69,77.24,4.034146,474.42,1058.69,289.15,194.93,212.21,73.64,3.59273533333333,473.28,865.93,564.55,652.35
2026-01-13 06:18:59,XPQ-01 Main,2026-01-13 06:18:00,1131.34,78.89,4.288995,472.84,1124.3,304.6,185.42,240.6,79.21,4.97003866666667,473.17,1136.93,313.29,186.73,250.74,80.2,4.40081266666667,473.37,1132.79,308.68,195.59,237.9,77.24,3.49273533333333,471.98,926.58,567.74,729.23
2026-01-13 06:19:59,XPQ-01 Main,2026-01-13 06:19:00,1154.17,76.8,3.96566166666667,472.58,1149.1,311.25,197.16,240.51,77.34,4.47003866666667,472.8,1162.82,320.09,200.2,249.01,77.94,4.034146,473.01,1150.58,313.43,206.66,235.25,75.13,3.39273533333333,471.94,944.77,604.02,724.77
2026-01-13 06:20:59,XPQ-01 Main,2026-01-13 06:20:00,1150.69,77.41,3.9423283333333297,472.77,1140.9,309.14,192.32,241.29,78.2,4.33670533333333,473.05,1165.5,321.01,197.7,251.24,78.59,4.00081266666667,473.18,1145.68,312.18,204.38,234.86,75.44,3.49273533333333,472.08,942.32,594.39,727.39
2026-01-13 06:21:59,XPQ-01 Main,2026-01-13 06:21:00,1205.68,77.67,4.03232833333333,472.05,1196.89,323.73,200.66,253.49,78.41,4.603372,472.26,1220.15,335.59,205.8,263.56,78.82,3.96747933333333,472.61,1200.0,326.54,212.75,247.16,75.79,3.52606866666667,471.3,985.86,619.21,764.21
2026-01-13 06:22:59,XPQ-01 Main,2026-01-13 06:22:00,1070.28,73.1,4.188995,472.77,1060.66,287.5,193.92,211.54,73.71,4.73670533333333,473.0,1081.04,297.62,197.6,220.6,74.49,4.30081266666667,473.04,1069.13,291.35,204.22,206.41,71.09,3.52606866666667,472.29,876.47,595.74,638.55
2026-01-13 06:23:59,XPQ-01 Main,2026-01-13 06:23:00,1020.29,72.21,4.43232833333333,471.56,1009.34,272.85,185.92,199.45,73.15,4.97003866666667,471.8,1034.47,284.13,191.9,208.91,73.65,4.434146,471.92,1017.04,276.43,197.54,192.77,69.84,3.89273533333333,470.96,833.4,575.36,601.13
2026-01-13 06:24:59,XPQ-01 Main,2026-01-13 06:24:00,929.04,76.28,4.298995,472.98,927.34,251.44,162.95,190.91,76.06,4.803372,473.09,924.63,254.65,160.08,197.3,77.65,4.234146,473.32,935.16,255.0,167.76,191.01,75.14,3.859402,472.53,761.09,490.79,579.23
2026-01-13 06:25:59,XPQ-01 Main,2026-01-13 06:25:00,1005.3,78.45,4.67566166666667,473.28,994.55,269.85,165.02,213.01,79.05,5.103372,473.61,1016.18,280.15,168.19,223.16,79.86,4.60081266666667,473.55,1005.18,274.15,176.49,209.23,76.44,4.32606866666667,472.67,824.14,509.71,645.41
2026-01-13 06:26:59,XPQ-01 Main,2026-01-13 06:26:00,958.8,78.66,4.408995,473.64,947.14,257.14,157.35,202.35,78.94,5.03670533333333,473.79,966.29,266.53,158.13,213.31,80.33,4.26747933333333,473.99,962.97,262.95,168.33,201.2,76.7,3.92606866666667,473.15,786.62,483.81,616.87
2026-01-13 06:27:59,XPQ-01 Main,2026-01-13 06:27:00,935.97,76.19,4.798995,473.05,929.7,252.07,162.11,192.45,76.48,5.403372,473.22,940.94,259.26,163.01,200.57,77.6,4.80081266666667,473.48,937.28,255.6,170.2,190.05,74.49,4.19273533333333,472.47,766.92,495.31,583.06
2026-01-13 06:28:59,XPQ-01 Main,2026-01-13 06:28:00,961.73,78.04,4.298995,473.01,952.32,258.2,161.34,201.16,78.01,4.93670533333333,473.15,963.99,265.54,159.89,211.12,79.72,4.034146,473.36,968.88,264.21,170.06,201.43,76.41,3.92606866666667,472.5,787.95,491.3,613.71
2026-01-13 06:29:59,XPQ-01 Main,2026-01-13 06:29:00,1011.22,78.02,4.278995,473.79,1000.34,271.64,167.5,213.18,78.63,4.77003866666667,474.11,1022.74,282.32,170.91,223.81,79.48,4.26747933333333,474.18,1010.57,275.92,179.34,209.36,75.95,3.79273533333333,473.06,829.88,517.75,646.35
2026-01-13 06:30:59,XPQ-01 Main,2026-01-13 06:30:00,950.93,76.07,4.418995,473.91,943.74,256.22,164.93,195.38,76.41,5.13670533333333,473.98,957.78,264.44,166.29,203.6,77.45,4.534146,474.54,951.29,259.93,173.3,192.73,74.36,3.59273533333333,473.2,780.6,504.52,591.71
2026-01-13 06:31:59,XPQ-01 Main,2026-01-13 06:31:00,942.42,77.51,4.208995,473.48,937.31,254.32,160.85,196.66,77.41,4.67003866666667,473.58,941.26,259.59,158.76,204.67,79.01,4.234146,473.97,948.7,258.99,167.6,196.74,76.12,3.7260686666666705,472.9,772.9,487.21,598.07
2026-01-13 06:32:59,XPQ-01 Main,2026-01-13 06:32:00,984.98,76.49,4.608995,472.93,977.53,264.98,167.99,204.33,77.25,5.37003866666667,473.21,996.42,274.53,172.31,212.13,77.62,4.36747933333333,473.33,980.99,267.38,177.42,198.73,74.6,4.09273533333333,472.25,806.89,517.72,615.2
2026-01-13 06:33:59,XPQ-01 Main,2026-01-13 06:33:00,980.21,76.94,4.52232833333333,473.37,974.83,264.43,167.84,203.75,77.19,5.03670533333333,473.59,984.78,271.59,168.51,211.84,78.26,4.56747933333333,473.86,981.04,267.68,175.74,201.48,75.36,3.959402,472.65,803.7,512.08,617.08
2026-01-13 06:34:59,XPQ-01 Main,2026-01-13 06:34:00,931.15,75.4,4.208995,473.62,925.8,251.23,164.62,189.02,75.41,4.73670533333333,473.84,932.46,257.34,163.89,196.95,76.87,4.16747933333333,474.21,935.2,255.31,171.39,188.14,73.92,3.7260686666666705,472.82,763.88,499.9,574.12
2026-01-13 06:35:59,XPQ-01 Main,2026-01-13 06:35:00,913.68,74.98,4.38566166666667,473.44,912.87,247.66,165.14,183.88,74.4,4.97003866666667,473.61,905.62,249.78,160.37,190.56,76.51,4.30081266666667,473.95,922.57,251.78,168.76,185.9,74.04,3.89273533333333,472.75,749.22,494.27,560.34
2026-01-13 06:36:59,XPQ-01 Main,2026-01-13 06:36:00,947.15,77.36,4.298995,473.72,941.56,255.62,160.41,198.41,77.76,4.63670533333333,473.86,953.21,263.02,161.96,205.84,78.59,4.40081266666667,474.18,946.68,258.54,168.41,195.22,75.72,3.859402,473.12,777.18,490.77,599.46
2026-01-13 06:37:59,XPQ-01 Main,2026-01-13 06:37:00,903.59,76.25,4.13232833333333,476.83,898.72,245.67,158.19,186.81,76.31,4.47003866666667,476.91,905.76,251.46,157.54,194.14,77.65,4.36747933333333,477.15,906.3,249.16,164.87,185.71,74.78,3.559402,476.42,746.29,480.6,566.66
2026-01-13 06:38:59,XPQ-01 Main,2026-01-13 06:38:00,816.94,78.62,4.398995,477.71,809.56,221.73,136.74,173.32,78.51,4.97003866666667,477.74,817.09,227.22,134.79,181.0,80.2,4.30081266666667,477.96,824.16,227.01,143.55,174.09,77.15,3.92606866666667,477.41,675.96,415.08,528.41
2026-01-13 06:39:59,XPQ-01 Main,2026-01-13 06:39:00,875.03,77.6,4.15232833333333,478.08,863.64,236.77,145.72,185.87,78.7,4.703372,478.14,891.28,248.01,151.88,195.07,78.9,3.96747933333333,478.29,870.16,239.87,157.72,179.98,75.21,3.79273533333333,477.82,724.65,455.33,560.93
2026-01-13 06:40:59,XPQ-01 Main,2026-01-13 06:40:00,903.05,79.99,4.598995,477.35,889.3,243.42,142.77,196.8,80.94,5.17003866666667,477.61,919.02,255.45,148.18,207.7,81.41,4.534146,477.56,900.83,247.84,156.1,192.2,77.62,4.09273533333333,476.89,746.71,447.05,596.7
2026-01-13 06:41:59,XPQ-01 Main,2026-01-13 06:41:00,778.84,78.39,4.26566166666667,478.15,778.89,213.42,133.49,166.02,77.93,4.77003866666667,478.26,771.93,215.0,129.47,171.09,79.74,4.20081266666667,478.63,785.71,216.59,136.56,167.41,77.49,3.8260686666666706,477.56,645.01,399.52,504.52
2026-01-13 06:42:59,XPQ-01 Main,2026-01-13 06:42:00,795.12,77.27,4.96566166666667,477.75,787.41,215.55,135.95,166.96,77.55,5.603372,477.75,800.29,222.69,136.69,174.56,78.73,4.76747933333333,478.32,797.66,219.76,143.56,165.44,75.53,4.52606866666667,477.2,657.99,416.19,506.96
2026-01-13 06:43:59,XPQ-01 Main,2026-01-13 06:43:00,849.11,80.08,4.46566166666667,478.39,837.05,229.53,135.64,184.28,80.54,5.003372,478.45,859.0,239.29,137.38,193.93,81.6,4.30081266666667,478.77,851.29,234.81,145.92,182.55,78.11,4.09273533333333,477.94,703.62,418.95,560.75
2026-01-13 06:44:59,XPQ-01 Main,2026-01-13 06:44:00,765.31,75.5,4.65566166666667,479.61,751.78,206.7,134.47,156.14,75.77,5.37003866666667,479.69,772.7,215.78,135.5,165.56,77.38,4.534146,479.93,771.44,213.32,143.9,155.3,73.35,4.059402,479.22,635.8,413.88,477.0
2026-01-13 06:45:59,XPQ-01 Main,2026-01-13 06:45:00,867.21,80.03,4.85566166666667,478.16,854.99,234.32,138.86,187.76,80.4,5.403372,478.17,875.82,243.84,140.03,197.26,81.54,4.734146,478.57,870.82,240.1,148.9,186.43,78.14,4.42606866666667,477.72,718.27,427.79,571.45
2026-01-13 06:46:59,XPQ-01 Main,2026-01-13 06:46:00,726.68,77.03,5.15566166666667,479.43,715.9,196.79,124.4,151.43,77.27,5.703372,479.59,732.6,204.51,124.9,159.49,78.73,4.934146,479.68,731.54,202.17,132.42,150.5,75.08,4.82606866666667,479.01,603.47,381.72,461.42
2026-01-13 06:47:59,XPQ-01 Main,2026-01-13 06:47:00,706.01,76.73,5.05566166666667,480.53,696.93,191.99,122.58,146.91,76.78,5.43670533333333,480.73,709.62,198.59,122.27,155.41,78.59,5.00081266666667,480.84,711.5,197.06,130.36,146.94,74.8,4.72606866666667,480.01,587.65,375.22,449.26
2026-01-13 06:48:59,XPQ-01 Main,2026-01-13 06:48:00,733.45,77.11,5.588995,480.45,722.54,199.08,125.17,154.09,77.62,6.33670533333333,480.88,741.68,207.55,127.27,162.97,78.82,5.16747933333333,480.6,736.13,203.76,134.54,152.02,74.88,5.259402,479.86,610.39,386.97,469.08
2026-01-13 06:49:59,XPQ-01 Main,2026-01-13 06:49:00,638.77,75.25,5.198995,481.54,634.48,175.1,114.99,131.13,75.19,5.903372,481.75,638.83,179.21,113.97,137.07,76.89,4.96747933333333,481.98,643.0,178.47,120.15,130.88,73.66,4.72606866666667,480.89,532.78,349.11,399.08
2026-01-13 06:50:59,XPQ-01 Main,2026-01-13 06:50:00,682.6,76.66,4.918995,481.04,676.16,186.39,119.25,142.33,76.65,5.37003866666667,481.34,684.19,191.8,118.64,149.63,78.36,4.80081266666667,481.56,687.46,190.57,125.64,142.29,74.96,4.59273533333333,480.23,568.76,363.53,434.26
2026-01-13 06:51:59,XPQ-01 Main,2026-01-13 06:51:00,682.01,75.19,5.48566166666667,480.86,670.81,184.89,119.92,139.73,75.88,6.23670533333333,481.12,692.14,193.88,123.02,148.05,76.91,5.234146,481.26,683.08,189.31,129.09,136.99,72.78,4.99273533333333,480.21,568.09,372.03,424.77
2026-01-13 06:52:59,XPQ-01 Main,2026-01-13 06:52:00,650.07,75.54,5.118995,481.39,638.27,176.22,113.48,133.81,76.27,5.97003866666667,481.64,659.93,184.95,116.55,142.15,77.33,4.76747933333333,481.49,652.0,180.9,122.73,131.23,73.04,4.62606866666667,481.03,542.07,352.76,407.2
2026-01-13 06:53:59,XPQ-01 Main,2026-01-13 06:53:00,684.13,74.78,5.36566166666667,481.54,672.71,185.71,121.58,139.45,75.38,6.103372,481.93,692.68,194.33,124.31,148.3,76.64,5.034146,481.84,687.0,190.6,131.1,137.27,72.32,4.959402,480.84,570.64,376.98,425.02
2026-01-13 06:54:59,XPQ-01 Main,2026-01-13 06:54:00,658.11,76.47,5.478995,482.02,649.68,179.58,114.02,137.36,76.94,6.203372,482.04,664.99,186.56,115.68,144.74,78.12,5.00081266666667,482.22,659.67,183.35,121.85,135.46,74.35,5.22606866666667,481.81,549.49,351.55,417.56
2026-01-13 06:55:59,XPQ-01 Main,2026-01-13 06:55:00,677.62,76.7,4.91232833333333,481.32,666.76,184.07,116.35,141.54,77.25,5.503372,481.4,686.14,192.2,118.48,149.87,78.45,4.66747933333333,481.4,679.97,188.69,125.33,139.58,74.41,4.559402,481.14,564.96,360.16,430.98
2026-01-13 06:56:59,XPQ-01 Main,2026-01-13 06:56:00,659.69,77.35,5.01232833333333,480.72,648.18,178.75,111.29,138.85,78.03,5.77003866666667,480.98,669.74,187.4,113.95,146.97,79.03,4.50081266666667,480.73,661.16,183.18,120.37,136.48,75.0,4.759402,480.45,549.33,345.62,422.3
2026-01-13 06:57:59,XPQ-01 Main,2026-01-13 06:57:00,656.08,75.43,4.76566166666667,485.53,651.4,181.34,118.4,136.24,75.48,5.403372,485.9,657.24,185.89,117.89,142.61,77.07,4.46747933333333,485.79,659.6,184.53,124.26,135.69,73.75,4.42606866666667,484.9,551.76,360.55,414.54
2026-01-13 06:58:59,XPQ-01 Main,2026-01-13 06:58:00,669.57,77.14,4.63232833333333,482.54,664.42,183.82,117.38,140.73,76.79,5.303372,482.9,666.51,187.36,114.82,147.43,78.89,4.534146,482.82,677.78,188.45,122.57,142.13,75.73,4.059402,481.9,559.62,354.78,430.29
2026-01-13 06:59:59,XPQ-01 Main,2026-01-13 06:59:00,653.98,77.67,4.84232833333333,483.1,648.45,179.56,113.33,138.57,77.41,5.33670533333333,483.11,651.62,183.29,111.12,145.13,79.4,4.66747933333333,483.5,661.86,184.37,118.68,139.73,76.22,4.52606866666667,482.68,547.22,343.14,423.42
2026-01-13 07:00:59,XPQ-01 Main,2026-01-13 07:00:00,638.8,75.96,4.43232833333333,483.04,633.47,175.49,114.1,132.43,75.76,5.003372,483.23,638.26,179.48,112.44,138.91,77.73,4.20081266666667,483.15,644.66,179.49,119.49,133.05,74.4,4.09273533333333,482.73,534.46,346.03,404.39
2026-01-13 07:01:59,XPQ-01 Main,2026-01-13 07:01:00,646.56,76.37,4.61232833333333,483.18,642.08,177.95,114.02,135.69,76.56,5.43670533333333,483.34,648.73,182.45,114.02,141.38,77.84,4.36747933333333,483.26,648.87,180.73,119.71,134.48,74.69,4.02606866666667,482.95,541.13,347.74,411.55
2026-01-13 07:02:59,XPQ-01 Main,2026-01-13 07:02:00,630.12,74.44,4.698995,482.5,624.3,172.66,115.21,128.03,74.34,5.43670533333333,482.67,630.38,177.16,114.23,134.55,76.23,4.434146,482.88,635.67,176.79,120.87,128.21,72.76,4.22606866666667,481.93,526.61,350.3,390.79
2026-01-13 07:03:59,XPQ-01 Main,2026-01-13 07:03:00,561.05,70.45,4.388995,483.54,555.46,154.01,108.71,108.15,70.53,5.13670533333333,483.84,562.53,158.42,108.88,114.15,72.36,4.234146,483.78,565.18,157.49,114.3,107.39,68.47,3.79273533333333,483.01,469.91,331.89,329.69
2026-01-13 07:04:59,XPQ-01 Main,2026-01-13 07:04:00,549.39,68.42,5.25566166666667,481.62,546.02,150.72,110.69,100.97,67.39,6.07003866666667,481.8,543.14,152.38,107.21,107.25,70.73,4.96747933333333,482.07,559.0,155.18,114.42,103.68,67.15,4.72606866666667,480.99,458.29,332.32,311.91
2026-01-13 07:05:59,XPQ-01 Main,2026-01-13 07:05:00,570.23,68.3,4.93232833333333,481.66,563.25,155.53,113.24,105.1,68.03,5.57003866666667,481.95,570.36,160.03,112.72,112.25,70.56,4.80081266666667,481.99,577.1,160.19,119.12,105.51,66.31,4.42606866666667,481.05,475.75,345.08,322.86
2026-01-13 07:06:59,XPQ-01 Main,2026-01-13 07:06:00,574.87,69.87,5.508995,481.58,567.19,156.66,111.48,108.83,69.85,6.13670533333333,482.06,577.46,161.98,111.62,115.73,71.98,5.30081266666667,481.68,579.95,160.89,117.66,108.48,67.79,5.09273533333333,480.99,479.53,340.76,333.04
2026-01-13 07:07:59,XPQ-01 Main,2026-01-13 07:07:00,480.26,76.49,4.92232833333333,483.78,471.81,130.83,83.88,99.11,76.33,5.63670533333333,484.1,483.11,136.18,82.97,105.41,78.58,4.66747933333333,484.21,485.87,135.44,89.31,99.97,74.57,4.459402,483.04,402.46,256.16,304.49
2026-01-13 07:08:59,XPQ-01 Main,2026-01-13 07:08:00,1762.44,45.53,5.378995,464.76,1760.56,468.55,416.53,212.17,45.39,5.77003866666667,465.17,1760.56,477.22,418.26,223.12,47.07,5.434146,465.67,1766.19,472.98,422.78,207.94,44.13,4.92606866666667,463.45,1418.75,1257.56,643.23
2026-01-13 07:09:59,XPQ-01 Main,2026-01-13 07:09:00,688.61,75.33,4.85566166666667,480.46,678.21,186.81,122.29,140.54,75.44,5.23670533333333,480.49,693.29,193.91,122.4,148.78,77.22,4.70081266666667,480.75,694.33,192.37,130.16,140.34,73.32,4.62606866666667,480.15,573.09,374.85,429.65
2026-01-13 07:10:59,XPQ-01 Main,2026-01-13 07:10:00,833.04,76.86,5.15566166666667,479.23,829.57,227.8,146.94,173.57,76.32,5.703372,479.23,826.72,230.75,142.67,180.67,78.48,5.06747933333333,479.77,842.83,232.91,151.6,176.03,75.77,4.69273533333333,478.68,691.46,441.2,530.28
2026-01-13 07:11:59,XPQ-01 Main,2026-01-13 07:11:00,868.28,79.0,5.02232833333333,478.6,858.06,235.3,144.93,184.93,78.71,5.603372,478.61,867.62,241.87,142.02,194.76,80.8,4.70081266666667,479.19,879.17,242.64,152.81,187.33,77.49,4.759402,478.0,719.8,439.76,567.02
2026-01-13 07:12:59,XPQ-01 Main,2026-01-13 07:12:00,837.29,77.84,5.108995,479.11,827.56,227.21,143.19,175.95,77.56,5.77003866666667,479.31,837.56,233.79,140.74,185.6,79.68,5.10081266666667,479.6,846.75,233.85,150.92,177.95,76.26,4.459402,478.42,694.85,434.86,539.5
2026-01-13 07:13:59,XPQ-01 Main,2026-01-13 07:13:00,843.36,77.86,5.098995,479.09,835.15,229.2,145.31,176.77,77.25,5.67003866666667,479.21,838.29,234.03,140.73,186.16,79.77,5.134146,479.76,856.65,236.59,151.74,180.52,76.55,4.49273533333333,478.29,699.83,437.79,543.46
2026-01-13 07:14:59,XPQ-01 Main,2026-01-13 07:14:00,881.03,80.04,5.71232833333334,478.57,868.07,238.07,142.36,190.4,80.09,6.23670533333333,478.7,885.74,246.92,141.58,201.56,81.83,5.50081266666667,479.07,889.29,245.36,152.67,191.51,78.19,5.39273533333333,477.95,730.35,436.61,583.47
2026-01-13 07:15:59,XPQ-01 Main,2026-01-13 07:15:00,851.36,80.28,5.098995,479.05,840.01,230.7,133.91,187.21,81.34,5.703372,479.23,867.33,241.95,139.63,196.7,81.54,4.934146,479.34,846.74,233.83,146.2,181.98,77.96,4.659402,478.58,706.48,419.74,565.89
2026-01-13 07:16:59,XPQ-01 Main,2026-01-13 07:16:00,888.03,78.67,5.56566166666667,477.54,880.58,240.86,150.32,187.32,77.99,6.07003866666667,477.43,881.46,245.2,144.9,196.83,80.53,5.26747933333333,478.27,902.05,248.45,156.58,191.85,77.47,5.359402,476.9,734.51,451.8,576.0
2026-01-13 07:17:59,XPQ-01 Main,2026-01-13 07:17:00,921.45,79.18,5.03232833333333,477.15,912.47,249.4,152.01,196.8,79.14,5.37003866666667,477.0,923.71,256.69,150.52,206.42,80.8,4.86747933333333,477.84,928.18,255.47,160.56,197.59,77.61,4.859402,476.6,761.56,463.09,600.8
2026-01-13 07:18:59,XPQ-01 Main,2026-01-13 07:18:00,912.85,78.9,5.018995,477.18,901.26,246.4,151.87,193.54,78.67,5.53670533333333,477.28,913.73,254.01,149.3,204.37,80.75,4.734146,477.77,923.56,254.08,160.85,195.94,77.29,4.79273533333333,476.48,754.49,462.02,593.85
2026-01-13 07:19:59,XPQ-01 Main,2026-01-13 07:19:00,914.88,78.53,5.08566166666667,477.26,899.36,246.05,147.88,196.09,79.84,5.63670533333333,477.43,935.61,260.05,156.03,207.18,79.88,4.90081266666667,477.62,909.67,250.27,162.52,189.34,75.88,4.72606866666667,476.73,756.37,466.43,592.61
2026-01-13 07:20:59,XPQ-01 Main,2026-01-13 07:20:00,869.62,78.19,5.198995,476.18,851.76,232.53,139.38,185.38,79.93,5.803372,476.35,896.01,248.44,150.04,197.15,79.58,5.00081266666667,476.48,861.08,236.38,155.77,177.04,75.08,4.79273533333333,475.72,717.35,445.19,559.56
2026-01-13 07:21:59,XPQ-01 Main,2026-01-13 07:21:00,819.91,77.63,5.098995,476.86,803.99,219.67,136.77,171.0,78.09,5.803372,476.92,831.04,230.84,139.23,182.74,79.54,4.96747933333333,477.43,824.71,226.76,148.77,170.06,75.26,4.52606866666667,476.24,677.27,424.78,523.79
2026-01-13 07:22:59,XPQ-01 Main,2026-01-13 07:22:00,848.2,78.05,5.03232833333333,476.74,832.65,227.52,137.19,181.18,79.72,5.73670533333333,476.93,872.28,242.21,147.2,191.81,79.33,4.76747933333333,477.14,839.67,230.75,152.21,173.02,75.08,4.59273533333333,476.14,700.49,436.6,546.01
2026-01-13 07:23:59,XPQ-01 Main,2026-01-13 07:23:00,872.94,76.67,5.608995,475.9,857.41,233.84,146.15,181.19,77.84,6.13670533333333,476.12,892.24,247.37,153.17,192.34,78.23,5.46747933333333,476.37,869.18,238.43,160.01,175.74,73.94,5.22606866666667,475.2,719.64,459.33,549.27
2026-01-13 07:24:59,XPQ-01 Main,2026-01-13 07:24:00,779.93,76.87,5.25566166666667,476.81,775.79,211.74,138.76,159.3,75.4,5.63670533333333,476.75,765.44,212.75,129.9,167.61,79.04,5.134146,477.8,798.56,219.59,141.87,166.78,76.17,4.99273533333333,475.87,644.08,410.53,493.69
2026-01-13 07:25:59,XPQ-01 Main,2026-01-13 07:25:00,913.68,76.65,4.908995,475.72,907.58,247.45,156.44,190.89,77.34,5.27003866666667,475.81,922.69,255.63,160.09,198.3,77.81,4.734146,476.17,910.76,249.81,165.45,186.41,74.79,4.72606866666667,475.19,752.89,481.98,575.6
2026-01-13 07:26:59,XPQ-01 Main,2026-01-13 07:26:00,937.88,73.81,4.898995,474.97,930.97,253.23,169.86,186.97,74.02,5.17003866666667,474.75,941.9,260.57,170.72,195.5,75.32,4.834146,475.76,940.77,257.79,178.15,185.33,72.09,4.69273533333333,474.39,771.59,518.73,567.8
2026-01-13 07:27:59,XPQ-01 Main,2026-01-13 07:27:00,1127.57,77.83,5.44232833333333,473.31,1118.1,303.09,184.87,240.0,79.22,5.87003866666667,473.17,1150.39,317.16,195.3,249.34,78.72,5.26747933333333,474.05,1114.22,304.22,199.11,229.66,75.56,5.19273533333333,472.7,924.47,579.28,718.99
2026-01-13 07:28:59,XPQ-01 Main,2026-01-13 07:28:00,1066.33,77.42,5.308995,473.81,1057.4,287.08,176.35,226.22,78.87,5.77003866666667,473.73,1088.22,300.23,186.57,234.63,78.27,5.134146,474.35,1053.38,287.88,189.62,215.73,75.11,5.02606866666667,473.35,875.18,552.54,676.58
2026-01-13 07:29:59,XPQ-01 Main,2026-01-13 07:29:00,875.4,74.24,5.32232833333333,475.09,867.55,236.22,156.56,175.17,74.56,5.703372,475.38,881.61,244.03,158.05,183.31,75.74,5.134146,475.52,877.04,240.14,164.7,172.96,72.42,5.12606866666667,474.37,720.39,479.31,531.44
2026-01-13 07:30:59,XPQ-01 Main,2026-01-13 07:30:00,889.2,76.99,5.088995,475.24,880.44,239.63,153.16,183.42,76.76,5.503372,475.24,888.74,246.11,150.96,193.25,78.81,5.034146,475.98,898.4,246.22,161.19,185.04,75.4,4.72606866666667,474.5,731.96,465.31,561.71
2026-01-13 07:31:59,XPQ-01 Main,2026-01-13 07:31:00,918.89,75.85,4.96566166666667,475.15,910.38,247.76,160.31,188.39,76.16,5.37003866666667,475.18,925.0,256.08,161.74,197.57,77.38,4.76747933333333,475.85,921.3,252.42,169.48,186.46,74.0,4.759402,474.41,756.27,491.53,572.42
2026-01-13 07:32:59,XPQ-01 Main,2026-01-13 07:32:00,935.37,74.68,5.34566166666667,475.09,926.67,252.22,165.42,188.73,75.2,5.73670533333333,475.17,944.28,261.36,168.37,197.58,76.11,5.40081266666667,475.69,935.15,256.15,175.0,185.41,72.72,4.89273533333333,474.4,769.74,508.79,571.72
2026-01-13 07:33:59,XPQ-01 Main,2026-01-13 07:33:00,879.54,71.88,5.398995,475.53,869.9,236.99,162.95,170.82,72.36,5.63670533333333,475.56,888.4,246.09,165.39,178.18,73.29,5.30081266666667,476.15,880.34,241.39,170.87,167.43,69.99,5.259402,474.87,724.47,499.21,516.43
2026-01-13 07:34:59,XPQ-01 Main,2026-01-13 07:34:00,861.97,74.98,5.87566166666667,475.43,855.08,232.89,154.23,173.61,74.76,6.403372,475.63,861.16,238.59,152.41,182.16,76.7,5.80081266666667,476.05,869.66,238.34,161.05,174.51,73.49,5.42606866666667,474.61,709.82,467.69,530.28
2026-01-13 07:35:59,XPQ-01 Main,2026-01-13 07:35:00,898.36,71.93,5.33232833333333,474.38,889.38,241.76,164.93,176.17,73.0,5.83670533333333,474.62,911.73,252.01,171.38,184.39,73.25,5.334146,474.95,893.96,244.43,175.37,169.7,69.54,4.82606866666667,473.59,738.2,511.68,530.25
2026-01-13 07:36:59,XPQ-01 Main,2026-01-13 07:36:00,910.21,72.38,5.14566166666667,475.07,900.43,245.17,165.53,180.17,73.64,5.43670533333333,475.12,926.67,256.36,173.07,188.26,73.62,5.00081266666667,475.52,903.53,247.5,176.55,172.52,69.89,4.99273533333333,474.56,749.03,515.15,540.94
2026-01-13 07:37:59,XPQ-01 Main,2026-01-13 07:37:00,884.46,75.15,5.26566166666667,475.46,876.93,238.96,156.42,179.97,75.48,5.73670533333333,475.75,889.8,246.48,157.78,188.46,76.68,5.234146,475.86,886.66,242.96,164.97,177.79,73.31,4.82606866666667,474.77,728.41,479.16,546.22
2026-01-13 07:38:59,XPQ-01 Main,2026-01-13 07:38:00,876.14,73.17,5.36566166666667,475.18,866.93,235.99,157.94,174.31,74.1,6.03670533333333,475.28,889.32,246.22,163.28,182.42,74.51,5.234146,475.86,872.16,238.94,167.86,168.76,70.9,4.82606866666667,474.42,721.16,489.09,525.49
2026-01-13 07:39:59,XPQ-01 Main,2026-01-13 07:39:00,916.24,73.9,5.778995,474.57,907.02,246.63,163.29,183.3,74.67,6.13670533333333,474.66,928.13,256.59,167.75,192.06,75.32,5.80081266666667,475.14,913.56,249.96,173.5,178.61,71.73,5.39273533333333,473.89,753.18,504.55,553.98
2026-01-13 07:40:59,XPQ-01 Main,2026-01-13 07:40:00,880.72,71.42,5.13232833333333,476.05,868.42,236.93,163.31,170.83,72.28,5.53670533333333,476.26,893.7,247.84,168.59,180.33,73.05,5.00081266666667,476.53,880.06,241.49,174.39,165.89,68.92,4.859402,475.37,726.27,506.29,517.05
2026-01-13 07:41:59,XPQ-01 Main,2026-01-13 07:41:00,884.28,72.95,5.408995,476.11,875.8,238.94,161.13,174.61,73.49,5.83670533333333,476.28,893.9,247.95,164.11,183.33,74.51,5.36747933333333,476.64,883.14,242.39,170.49,171.25,70.87,5.02606866666667,475.42,729.28,495.73,529.18
2026-01-13 07:42:59,XPQ-01 Main,2026-01-13 07:42:00,848.62,74.96,4.978995,476.04,836.33,228.07,150.88,170.07,74.8,5.47003866666667,476.18,851.52,236.21,149.87,180.9,77.01,4.734146,476.69,858.01,235.48,160.06,171.34,73.07,4.72606866666667,475.26,699.75,460.82,522.31
2026-01-13 07:43:59,XPQ-01 Main,2026-01-13 07:43:00,870.48,76.24,5.18566166666667,476.99,861.37,235.37,151.8,178.98,76.26,5.67003866666667,477.1,873.7,242.82,151.36,188.54,77.98,5.16747933333333,477.63,876.36,241.01,160.36,179.0,74.48,4.72606866666667,476.24,719.2,463.53,546.51
2026-01-13 07:44:59,XPQ-01 Main,2026-01-13 07:44:00,910.6,72.69,4.83232833333333,476.29,901.76,246.16,166.01,180.64,73.63,5.303372,476.46,923.95,256.33,171.45,188.54,73.98,4.734146,476.74,906.1,248.78,175.95,174.63,70.44,4.459402,475.67,751.26,513.42,543.81
2026-01-13 07:45:59,XPQ-01 Main,2026-01-13 07:45:00,939.77,74.33,5.06566166666667,476.92,926.39,253.28,166.29,190.53,75.34,5.603372,477.22,955.14,265.33,172.59,200.99,75.87,4.834146,477.22,937.79,257.75,179.09,184.69,71.79,4.759402,476.33,776.37,517.96,576.21
2026-01-13 07:46:59,XPQ-01 Main,2026-01-13 07:46:00,835.03,77.06,5.16566166666667,477.7,827.15,226.4,144.46,173.46,76.84,5.63670533333333,477.83,834.49,232.21,142.38,182.34,78.82,5.034146,478.22,843.45,232.31,151.77,174.8,75.51,4.82606866666667,477.06,690.93,438.61,530.6
2026-01-13 07:47:59,XPQ-01 Main,2026-01-13 07:47:00,1013.81,70.42,4.82232833333333,474.17,1000.97,272.0,188.99,194.72,71.76,5.203372,474.43,1034.23,285.73,198.14,204.42,71.8,4.80081266666667,474.67,1006.23,274.99,202.15,185.9,67.69,4.459402,473.41,832.71,589.28,585.04
2026-01-13 07:48:59,XPQ-01 Main,2026-01-13 07:48:00,1101.15,76.62,4.07566166666667,473.41,1081.51,293.33,184.94,227.52,77.6,4.73670533333333,473.49,1122.1,309.46,192.31,241.78,78.26,4.034146,474.0,1099.84,300.22,201.64,221.9,74.01,3.459402,472.74,903.01,578.88,691.2
2026-01-13 07:49:59,XPQ-01 Main,2026-01-13 07:49:00,1122.09,75.38,4.36566166666667,473.04,1113.86,301.68,196.26,228.35,75.84,4.93670533333333,472.92,1131.29,311.81,199.11,237.97,76.69,4.434146,473.96,1121.13,305.92,206.53,224.63,73.61,3.7260686666666705,472.23,919.41,601.9,690.95
2026-01-13 07:50:59,XPQ-01 Main,2026-01-13 07:50:00,1135.12,76.29,3.9523283333333294,473.48,1119.63,303.72,192.56,234.25,77.25,4.403372,473.74,1154.55,318.58,199.8,246.74,77.72,3.8674793333333297,474.08,1131.2,308.71,207.69,227.75,73.89,3.59273533333333,472.63,931.01,600.05,708.74
2026-01-13 07:51:59,XPQ-01 Main,2026-01-13 07:51:00,1099.57,75.8,3.9556616666666704,473.83,1097.4,297.94,192.25,227.24,76.34,4.403372,473.89,1105.21,305.03,195.22,233.84,76.76,3.90081266666667,474.43,1096.12,299.48,200.07,222.02,74.29,3.559402,473.17,902.45,587.55,683.1
2026-01-13 07:52:59,XPQ-01 Main,2026-01-13 07:52:00,1051.17,77.1,4.26566166666667,474.26,1042.63,283.38,178.79,219.21,77.49,4.57003866666667,474.37,1058.42,292.34,180.72,228.96,78.49,4.234146,474.69,1052.45,287.79,188.92,216.32,75.32,3.9927353333333295,473.71,863.51,548.43,664.49
2026-01-13 07:53:59,XPQ-01 Main,2026-01-13 07:53:00,1161.6,74.93,3.83232833333333,471.77,1147.9,310.21,201.52,234.61,75.86,4.303372,472.01,1179.39,324.28,208.66,246.86,76.37,3.834146,472.39,1157.49,314.76,216.14,228.01,72.57,3.359402,470.89,949.25,626.32,709.48
2026-01-13 07:54:59,XPQ-01 Main,2026-01-13 07:54:00,1149.91,70.07,4.41232833333333,473.15,1142.35,309.58,214.78,212.07,70.26,5.07003866666667,473.21,1155.15,318.46,215.95,220.63,71.46,4.434146,473.87,1152.22,314.37,222.59,209.16,68.48,3.7260686666666705,472.37,942.41,653.33,641.86
2026-01-13 07:55:59,XPQ-01 Main,2026-01-13 07:55:00,971.01,76.21,4.178995,476.08,964.44,263.03,169.11,201.04,76.53,4.53670533333333,476.08,975.68,270.58,170.36,209.39,77.57,4.26747933333333,476.74,972.9,267.11,177.68,198.6,74.53,3.7260686666666705,475.43,800.72,517.15,609.04
2026-01-13 07:56:59,XPQ-01 Main,2026-01-13 07:56:00,994.35,75.9,4.06566166666667,475.93,981.34,267.72,170.11,206.23,77.14,4.47003866666667,476.21,1013.74,281.05,178.27,216.5,77.2,4.034146,476.29,987.97,270.99,183.87,198.51,73.36,3.6927353333333297,475.28,819.76,532.26,621.25
2026-01-13 07:57:59,XPQ-01 Main,2026-01-13 07:57:00,993.6,76.4,4.03232833333333,476.11,985.48,268.92,171.56,206.51,76.92,4.403372,476.17,1001.76,277.73,174.23,215.51,77.76,4.10081266666667,476.53,993.57,272.76,181.59,202.92,74.52,3.59273533333333,475.63,819.42,527.38,624.94
2026-01-13 07:58:59,XPQ-01 Main,2026-01-13 07:58:00,981.45,76.03,3.898995,476.02,977.19,266.49,173.58,201.8,75.81,4.403372,476.0,978.77,271.39,170.77,209.24,77.47,3.96747933333333,476.65,988.4,271.33,179.51,202.4,74.81,3.32606866666667,475.41,809.21,523.85,613.44
2026-01-13 07:59:59,XPQ-01 Main,2026-01-13 07:59:00,953.14,77.63,3.83232833333333,476.34,947.73,258.76,162.62,200.33,77.64,4.43670533333333,476.36,953.7,264.51,161.49,208.38,79.04,3.734146,476.73,957.97,263.13,169.99,200.01,76.2,3.32606866666667,475.92,786.4,494.09,608.73
2026-01-13 08:00:59,XPQ-01 Main,2026-01-13 08:00:00,938.35,77.45,4.07566166666667,476.55,929.69,254.0,159.03,197.34,77.86,4.703372,476.79,945.86,262.51,160.82,206.02,78.83,3.834146,476.85,939.51,258.06,168.29,194.75,75.66,3.6927353333333297,476.01,774.57,488.13,598.11
2026-01-13 08:01:59,XPQ-01 Main,2026-01-13 08:01:00,852.78,81.46,3.93232833333333,478.24,845.36,231.54,135.07,187.53,81.14,4.403372,478.25,851.02,237.17,131.48,196.27,83.08,3.80081266666667,479.04,861.95,237.7,141.85,190.19,80.16,3.59273533333333,477.42,706.4,408.4,573.99
2026-01-13 08:02:59,XPQ-01 Main,2026-01-13 08:02:00,856.7,81.61,3.8656616666666705,478.11,851.22,233.17,135.81,188.77,81.17,4.67003866666667,477.89,852.29,237.24,131.28,196.56,83.16,3.7674793333333296,478.71,866.6,239.04,141.42,191.86,80.5,3.159402,477.74,709.45,408.51,577.19
2026-01-13 08:03:59,XPQ-01 Main,2026-01-13 08:03:00,879.74,82.15,4.13232833333333,477.98,871.57,238.57,136.14,195.27,82.03,4.53670533333333,477.94,880.32,245.18,133.71,204.03,83.64,4.30081266666667,478.79,887.34,244.6,143.71,196.89,80.77,3.559402,477.22,728.35,413.56,596.2
2026-01-13 08:04:59,XPQ-01 Main,2026-01-13 08:04:00,851.36,81.13,3.93232833333333,477.93,841.33,230.46,134.15,186.64,81.2,4.47003866666667,478.15,855.32,238.13,133.29,196.19,82.72,3.96747933333333,478.34,857.42,236.19,143.09,187.28,79.46,3.359402,477.28,704.78,410.53,570.11
2026-01-13 08:05:59,XPQ-01 Main,2026-01-13 08:05:00,873.62,81.11,3.9523283333333294,476.48,859.46,234.69,133.51,192.53,82.18,4.53670533333333,476.4,892.03,247.46,139.57,203.21,82.43,3.8674793333333297,476.96,869.37,238.92,147.02,187.73,78.73,3.459402,476.08,721.07,420.1,583.47
2026-01-13 08:06:59,XPQ-01 Main,2026-01-13 08:06:00,874.25,81.2,3.898995,476.74,859.08,234.67,132.56,193.43,82.49,4.33670533333333,476.76,895.15,248.56,140.33,204.8,82.49,3.834146,477.3,868.53,238.77,147.39,187.56,78.63,3.52606866666667,476.17,722.0,420.27,585.79
2026-01-13 08:07:59,XPQ-01 Main,2026-01-13 08:07:00,887.86,81.51,4.15566166666667,476.66,873.48,238.49,134.89,196.18,82.4,4.93670533333333,476.63,903.73,250.95,139.88,207.56,82.93,3.96747933333333,477.35,886.38,243.65,148.47,192.69,79.21,3.559402,475.98,733.09,423.24,596.42
2026-01-13 08:08:59,XPQ-01 Main,2026-01-13 08:08:00,791.84,80.42,4.06566166666667,476.95,778.64,212.76,124.45,171.48,80.93,4.67003866666667,477.06,802.89,223.11,126.72,182.02,82.07,4.06747933333333,477.57,794.0,218.32,135.66,170.44,78.24,3.459402,476.22,654.2,386.83,523.95
2026-01-13 08:09:59,XPQ-01 Main,2026-01-13 08:09:00,739.71,82.92,3.808995,477.88,731.98,200.42,111.07,166.02,83.11,4.33670533333333,477.85,743.42,206.92,110.85,173.73,84.3,3.7008126666666703,478.44,743.73,204.95,118.78,166.13,81.35,3.39273533333333,477.34,612.29,340.7,505.88
2026-01-13 08:10:59,XPQ-01 Main,2026-01-13 08:10:00,787.73,83.22,4.04232833333333,477.86,772.9,211.69,113.62,177.8,84.26,4.67003866666667,477.99,805.41,224.16,119.0,188.84,84.6,3.96747933333333,478.29,784.89,216.22,127.18,174.3,80.78,3.49273533333333,477.31,652.07,359.8,540.94
2026-01-13 08:11:59,XPQ-01 Main,2026-01-13 08:11:00,737.03,86.8,4.12232833333333,478.01,724.19,198.33,96.99,172.58,87.17,4.93670533333333,477.9,745.67,207.57,97.55,182.6,88.2,3.934146,478.59,741.22,204.36,107.25,173.33,85.04,3.49273533333333,477.53,610.26,301.79,528.5
2026-01-13 08:12:59,XPQ-01 Main,2026-01-13 08:12:00,768.65,84.33,3.96566166666667,477.51,757.91,207.41,107.38,176.97,85.49,4.53670533333333,477.55,785.09,218.33,113.33,186.04,85.4,3.734146,478.0,762.94,210.06,119.66,172.13,82.11,3.62606866666667,476.99,635.8,340.37,535.13
2026-01-13 08:13:59,XPQ-01 Main,2026-01-13 08:13:00,718.19,86.82,4.16566166666667,478.38,704.82,193.29,91.59,169.55,87.98,4.73670533333333,478.33,736.47,205.07,97.39,179.34,87.88,4.034146,478.69,713.28,196.79,104.39,165.58,84.59,3.7260686666666705,478.11,595.15,293.37,514.47
2026-01-13 08:14:59,XPQ-01 Main,2026-01-13 08:14:00,696.32,86.47,4.05566166666667,478.52,687.37,188.47,93.52,163.18,86.76,4.57003866666667,478.48,702.02,195.64,93.52,171.14,87.75,3.934146,479.06,699.56,193.05,101.66,163.39,84.91,3.659402,478.01,577.16,288.71,497.72
2026-01-13 08:15:59,XPQ-01 Main,2026-01-13 08:15:00,712.04,85.12,4.308995,477.87,706.9,193.53,101.31,164.35,85.12,5.07003866666667,477.85,712.72,198.4,99.64,170.89,86.39,4.134146,478.49,716.48,197.44,107.35,165.21,83.85,3.7260686666666705,477.27,589.36,308.3,500.45
2026-01-13 08:16:59,XPQ-01 Main,2026-01-13 08:16:00,715.79,83.46,4.18566166666667,478.15,708.27,193.94,106.57,161.55,83.47,4.77003866666667,477.89,718.24,200.05,105.25,168.66,84.84,4.234146,479.0,720.86,198.85,113.15,162.5,82.07,3.559402,477.56,592.83,324.97,492.71
2026-01-13 08:17:59,XPQ-01 Main,2026-01-13 08:17:00,746.37,84.26,4.188995,478.43,738.95,202.56,105.45,172.55,85.33,4.903372,478.35,760.35,211.86,110.67,180.02,85.19,4.034146,479.05,739.81,204.13,115.91,167.65,82.26,3.6260686666666704,477.9,618.55,332.02,520.22
2026-01-13 08:18:59,XPQ-01 Main,2026-01-13 08:18:00,731.71,85.56,3.97566166666667,478.61,724.35,198.6,100.91,170.08,86.0,4.63670533333333,478.57,738.71,205.94,102.05,177.27,86.67,3.7674793333333296,479.26,732.09,202.07,108.93,168.8,84.03,3.52606866666667,478.0,606.61,311.88,516.16
2026-01-13 08:19:59,XPQ-01 Main,2026-01-13 08:19:00,686.48,85.98,4.088995,479.07,682.67,187.27,95.19,161.0,86.08,4.803372,478.77,687.59,191.88,94.1,166.7,87.08,3.734146,479.96,689.16,190.49,100.8,161.21,84.79,3.7260686666666705,478.49,569.64,290.09,488.91
2026-01-13 08:20:59,XPQ-01 Main,2026-01-13 08:20:00,699.85,87.48,4.06566166666667,479.54,691.84,190.12,89.38,167.07,88.17,4.603372,479.32,710.42,198.32,92.12,174.08,88.39,3.96747933333333,480.06,697.29,192.9,98.2,164.54,85.87,3.6260686666666704,479.22,581.33,279.7,505.69
2026-01-13 08:21:59,XPQ-01 Main,2026-01-13 08:21:00,660.82,87.81,3.8756616666666703,479.07,657.73,180.51,84.86,158.59,88.17,4.303372,478.76,664.89,185.46,85.32,163.69,88.68,3.60081266666667,479.73,659.84,182.4,90.85,157.26,86.59,3.72606866666667,478.72,548.36,261.03,479.54
2026-01-13 08:22:59,XPQ-01 Main,2026-01-13 08:22:00,642.28,88.09,3.83232833333333,480.64,636.33,175.22,81.16,154.72,88.56,4.47003866666667,480.7,648.36,181.56,82.16,161.11,89.09,3.60081266666667,481.26,642.17,177.95,88.53,153.6,86.64,3.42606866666667,479.95,534.73,251.84,469.43
2026-01-13 08:23:59,XPQ-01 Main,2026-01-13 08:23:00,636.94,88.48,3.888995,480.43,631.55,173.8,80.25,153.84,88.66,4.47003866666667,480.2,639.9,179.03,79.46,159.83,89.55,3.7674793333333296,481.1,639.37,177.2,86.32,154.11,87.25,3.42606866666667,479.97,530.04,246.02,467.78
2026-01-13 08:24:59,XPQ-01 Main,2026-01-13 08:24:00,672.8,88.15,4.06566166666667,480.91,665.16,183.27,83.1,162.43,89.02,4.77003866666667,480.82,684.16,191.62,86.85,170.06,89.06,3.8674793333333297,481.53,669.09,185.57,93.09,159.47,86.36,3.559402,480.37,560.46,263.04,491.95
2026-01-13 08:25:59,XPQ-01 Main,2026-01-13 08:25:00,628.3,90.61,4.35566166666667,481.26,619.8,170.9,70.16,155.2,91.12,5.23670533333333,481.2,637.03,178.55,71.28,163.02,91.62,4.00081266666667,481.85,628.05,174.32,78.97,154.95,89.1,3.8260686666666706,480.73,523.77,220.41,473.17
2026-01-13 08:26:59,XPQ-01 Main,2026-01-13 08:26:00,624.35,89.54,4.018995,481.64,615.84,169.93,73.34,152.54,90.12,4.57003866666667,481.41,633.61,177.68,75.01,160.24,90.57,3.96747933333333,482.25,623.59,173.28,82.13,151.63,87.93,3.52606866666667,481.27,520.9,230.48,464.4
2026-01-13 08:27:59,XPQ-01 Main,2026-01-13 08:27:00,625.86,88.49,4.03232833333333,481.44,615.52,169.77,78.65,150.0,88.56,4.603372,481.18,630.33,176.69,77.09,157.56,89.82,3.734146,482.06,631.74,175.47,85.71,151.83,87.08,3.759402,481.07,521.93,241.45,459.39
2026-01-13 08:28:59,XPQ-01 Main,2026-01-13 08:28:00,548.15,85.99,5.098995,481.6,542.21,149.7,73.35,129.87,87.07,5.603372,481.63,558.78,156.68,77.39,135.48,86.83,4.76747933333333,481.94,543.45,150.91,81.32,126.24,84.07,4.92606866666667,481.23,457.29,232.06,391.59
2026-01-13 08:29:59,XPQ-01 Main,2026-01-13 08:29:00,502.96,84.59,4.93232833333333,481.83,493.43,136.3,70.19,115.4,85.44,5.403372,482.08,512.29,143.77,72.79,122.56,85.98,4.70081266666667,482.14,503.17,139.73,78.47,113.88,82.34,4.69273533333333,481.28,419.8,221.44,351.84
2026-01-13 08:30:59,XPQ-01 Main,2026-01-13 08:30:00,516.97,87.44,4.34566166666667,481.6,505.74,139.48,66.62,121.77,87.73,4.87003866666667,481.39,523.69,146.92,66.47,130.03,89.04,4.06747933333333,482.4,521.49,144.88,74.58,123.19,85.55,4.09273533333333,480.99,431.28,207.67,374.99
2026-01-13 08:31:59,XPQ-01 Main,2026-01-13 08:31:00,531.24,87.23,4.51232833333333,481.25,515.88,142.27,67.58,124.39,87.87,5.07003866666667,481.24,542.55,152.06,69.06,134.62,88.98,4.26747933333333,481.75,535.3,148.55,78.1,125.23,84.85,4.19273533333333,480.77,442.88,214.73,384.24
2026-01-13 08:32:59,XPQ-01 Main,2026-01-13 08:32:00,554.53,89.0,4.65232833333333,481.64,541.94,149.52,64.0,133.98,90.23,5.27003866666667,481.66,572.02,160.52,68.89,143.78,90.18,4.30081266666667,482.33,549.63,152.65,76.01,131.6,86.59,4.39273533333333,480.93,462.68,208.9,409.35
2026-01-13 08:33:59,XPQ-01 Main,2026-01-13 08:33:00,545.62,83.37,4.64232833333333,480.78,534.24,147.13,78.07,123.79,84.58,5.07003866666667,480.69,558.75,156.5,82.61,132.0,84.77,4.36747933333333,481.51,543.89,150.8,88.3,120.91,80.76,4.49273533333333,480.14,454.42,248.98,376.7
2026-01-13 08:34:59,XPQ-01 Main,2026-01-13 08:34:00,517.75,89.08,4.818995,481.33,500.77,138.17,59.77,123.7,90.04,5.43670533333333,481.5,533.43,149.53,62.64,134.95,90.71,4.56747933333333,481.67,519.06,144.02,71.93,123.98,86.5,4.459402,480.83,431.72,194.34,382.63
2026-01-13 08:35:59,XPQ-01 Main,2026-01-13 08:35:00,527.06,87.89,4.578995,481.53,511.39,141.16,63.93,124.96,89.02,5.103372,481.61,543.24,152.32,67.9,135.18,89.36,4.334146,481.88,526.55,146.18,75.68,123.69,85.3,4.29273533333333,481.1,439.66,207.52,383.83
2026-01-13 08:36:59,XPQ-01 Main,2026-01-13 08:36:00,568.03,87.26,4.46566166666667,481.16,555.13,153.02,70.71,134.65,88.53,4.93670533333333,480.95,585.27,163.98,75.87,144.07,88.48,4.334146,481.81,563.69,156.46,82.53,131.8,84.75,4.12606866666667,480.71,473.46,229.11,410.52
2026-01-13 08:37:59,XPQ-01 Main,2026-01-13 08:37:00,563.21,87.8,4.34232833333333,481.08,547.98,151.0,68.63,133.45,88.93,4.903372,480.97,578.82,162.2,72.93,143.35,89.13,4.034146,481.8,562.83,156.17,80.34,131.57,85.35,4.09273533333333,480.46,469.37,221.9,408.37
2026-01-13 08:38:59,XPQ-01 Main,2026-01-13 08:38:00,552.05,88.26,4.63232833333333,480.93,538.39,148.29,67.02,131.01,89.03,5.303372,480.94,565.22,158.41,69.25,141.3,89.8,4.26747933333333,481.7,552.53,153.22,78.0,131.22,85.96,4.32606866666667,480.14,459.92,214.26,403.53
2026-01-13 08:39:59,XPQ-01 Main,2026-01-13 08:39:00,532.87,83.57,4.88566166666667,481.03,517.26,142.53,76.02,119.8,84.44,5.67003866666667,481.18,545.28,152.88,78.95,129.95,85.46,4.46747933333333,481.75,536.06,148.63,86.89,119.26,80.82,4.52606866666667,480.16,444.04,241.86,369.0
2026-01-13 08:40:59,XPQ-01 Main,2026-01-13 08:40:00,403.86,92.42,5.98566166666667,482.48,390.34,107.89,39.97,99.52,92.8,6.803372,482.36,412.88,116.02,39.38,108.06,93.96,5.40081266666667,483.11,408.37,113.64,47.97,102.05,90.5,5.759402,481.97,337.55,127.32,309.63
2026-01-13 08:41:59,XPQ-01 Main,2026-01-13 08:41:00,442.68,93.52,5.698995,483.02,426.41,118.08,38.5,110.52,94.44,6.503372,483.28,458.22,128.92,40.73,120.55,94.74,5.16747933333333,483.32,443.41,123.43,49.43,111.23,91.38,5.42606866666667,482.45,370.43,128.66,342.3
2026-01-13 08:42:59,XPQ-01 Main,2026-01-13 08:42:00,445.32,89.99,5.86566166666667,482.42,433.57,119.92,48.58,108.35,91.25,6.503372,482.41,461.43,129.58,52.63,116.1,91.08,5.30081266666667,482.71,440.97,122.66,58.36,106.26,87.65,5.79273533333333,482.14,372.17,159.57,330.71
2026-01-13 08:43:59,XPQ-01 Main,2026-01-13 08:43:00,398.21,94.79,5.76566166666667,484.15,382.32,106.13,30.44,100.53,95.71,6.63670533333333,484.39,412.9,116.41,32.43,110.36,95.94,5.20081266666667,484.36,399.41,111.46,41.01,101.58,92.73,5.459402,483.7,334.0,103.88,312.48
2026-01-13 08:44:59,XPQ-01 Main,2026-01-13 08:44:00,450.23,91.9,5.998995,483.55,440.18,122.01,44.64,110.45,92.71,6.57003866666667,483.4,460.32,129.56,46.56,118.5,93.07,5.46747933333333,483.93,450.2,125.56,53.72,110.32,89.91,5.959402,483.31,377.13,144.92,339.27
2026-01-13 08:45:59,XPQ-01 Main,2026-01-13 08:45:00,492.82,91.13,6.008995,483.43,481.84,133.48,51.18,121.97,92.21,6.57003866666667,483.4,507.43,142.86,54.94,130.04,92.12,5.60081266666667,483.98,489.19,136.37,61.3,120.08,89.06,5.859402,482.89,412.71,167.43,372.08
2026-01-13 08:46:59,XPQ-01 Main,2026-01-13 08:46:00,364.61,94.28,5.998995,482.08,353.04,97.51,32.67,90.41,94.05,6.63670533333333,482.01,366.93,103.02,29.02,97.03,95.81,5.66747933333333,482.63,373.86,103.94,37.53,94.82,92.98,5.69273533333333,481.61,304.48,99.22,282.26
2026-01-13 08:47:59,XPQ-01 Main,2026-01-13 08:47:00,428.34,91.68,5.86566166666667,481.79,416.9,115.15,43.18,104.81,92.46,6.57003866666667,482.12,439.71,123.41,44.96,111.79,92.78,5.46747933333333,482.08,428.42,118.93,51.13,104.41,89.81,5.559402,481.17,357.5,139.27,321.01
2026-01-13 08:48:59,XPQ-01 Main,2026-01-13 08:48:00,442.9,91.79,5.82232833333333,482.8,431.24,119.27,45.37,109.09,92.33,6.47003866666667,482.54,452.08,127.1,45.8,117.01,93.12,5.36747933333333,483.5,445.38,124.06,53.65,110.31,89.93,5.62606866666667,482.38,370.42,144.82,336.42
2026-01-13 08:49:59,XPQ-01 Main,2026-01-13 08:49:00,453.58,91.67,5.998995,482.73,438.33,121.23,46.2,111.15,92.34,6.67003866666667,482.56,465.97,130.99,47.3,119.36,92.96,5.234146,483.34,456.43,127.09,55.14,111.93,89.71,6.09273533333333,482.29,379.31,148.64,342.44
2026-01-13 08:50:59,XPQ-01 Main,2026-01-13 08:50:00,433.04,91.6,5.74232833333333,483.16,420.51,116.51,44.61,106.45,92.23,6.37003866666667,483.08,443.16,124.6,45.56,113.76,92.83,5.30081266666667,483.34,435.46,121.34,52.62,107.0,89.74,5.559402,483.07,362.45,142.78,327.2
2026-01-13 08:51:59,XPQ-01 Main,2026-01-13 08:51:00,425.75,91.42,5.63232833333333,483.17,414.55,114.85,45.17,103.97,91.72,6.27003866666667,483.08,433.9,122.01,44.52,111.01,92.81,5.034146,483.4,428.79,119.48,52.04,105.77,89.73,5.59273533333333,483.03,356.34,141.73,320.75
2026-01-13 08:52:59,XPQ-01 Main,2026-01-13 08:52:00,433.32,91.36,5.608995,482.98,423.31,117.11,45.95,106.0,91.75,6.27003866666667,482.9,440.68,124.0,45.79,113.02,92.68,5.434146,483.71,435.96,121.43,53.06,107.32,89.64,5.12606866666667,482.34,362.54,144.8,326.34
2026-01-13 08:53:59,XPQ-01 Main,2026-01-13 08:53:00,422.14,92.79,5.788995,483.21,412.09,114.11,41.09,104.79,93.1,6.53670533333333,482.94,429.54,120.82,40.37,111.65,94.04,5.36747933333333,483.72,424.8,118.43,47.82,106.6,91.24,5.459402,482.97,353.35,129.27,323.04
2026-01-13 08:54:59,XPQ-01 Main,2026-01-13 08:54:00,447.47,90.4,5.67566166666667,482.83,437.36,120.98,50.31,108.8,90.77,6.17003866666667,482.51,454.24,127.69,50.17,115.45,91.71,5.40081266666667,483.49,450.8,125.58,57.12,109.87,88.73,5.459402,482.49,374.25,157.59,334.12
2026-01-13 08:55:59,XPQ-01 Main,2026-01-13 08:55:00,437.48,90.49,5.598995,483.46,425.88,117.94,48.68,106.18,90.9,6.23670533333333,483.27,444.3,125.11,48.71,113.05,91.84,5.134146,484.16,442.26,123.33,55.76,107.24,88.72,5.42606866666667,482.94,366.38,153.14,326.47
2026-01-13 08:56:59,XPQ-01 Main,2026-01-13 08:56:00,426.47,91.49,5.74232833333333,483.26,416.76,115.36,44.97,104.81,91.9,6.57003866666667,482.93,433.0,121.85,44.95,111.55,92.75,5.334146,484.01,429.65,119.8,51.89,105.95,89.81,5.32606866666667,482.83,357.01,141.82,322.31
2026-01-13 08:57:59,XPQ-01 Main,2026-01-13 08:57:00,428.1,90.89,5.83232833333333,483.55,417.63,115.7,46.92,104.47,91.22,6.47003866666667,483.27,434.52,122.33,46.61,111.1,92.21,5.46747933333333,484.18,432.14,120.56,53.5,105.74,89.23,5.559402,483.2,358.59,147.03,321.31
2026-01-13 08:58:59,XPQ-01 Main,2026-01-13 08:58:00,443.25,91.58,6.188995,484.04,430.4,119.34,45.55,108.99,92.27,6.77003866666667,483.86,455.13,128.31,46.64,117.69,92.97,5.70081266666667,484.75,444.22,124.03,54.76,109.98,89.52,6.09273533333333,483.52,371.67,146.94,336.66
2026-01-13 08:59:59,XPQ-01 Main,2026-01-13 08:59:00,341.84,95.84,7.118995,484.49,332.65,92.31,24.15,86.21,96.29,7.97003866666667,484.36,350.53,98.93,23.8,93.19,96.89,6.50081266666667,485.22,342.34,95.66,31.04,88.24,94.33,6.89273533333333,483.9,286.9,78.99,267.65
2026-01-13 09:00:59,XPQ-01 Main,2026-01-13 09:00:00,228.62,91.26,10.5756616666667,485.02,218.52,60.78,22.42,52.53,91.98,11.803372,485.28,236.61,66.82,22.7,58.55,93.24,9.534146,485.15,230.74,64.49,28.32,54.01,88.57,10.3927353333333,484.62,192.1,73.43,165.1
2026-01-13 09:01:59,XPQ-01 Main,2026-01-13 09:01:00,214.9,97.9,11.0323283333333,486.14,206.73,57.61,8.44,51.13,98.66,12.1367053333333,486.17,224.5,63.56,8.7,58.04,98.89,10.034146,486.56,213.45,59.83,15.24,53.24,96.14,10.9260686666667,485.71,180.99,32.39,162.42
2026-01-13 09:02:59,XPQ-01 Main,2026-01-13 09:02:00,216.41,86.69,10.9523283333333,484.95,206.99,57.54,27.52,48.91,87.15,12.1367053333333,485.08,221.15,62.47,27.63,54.89,89.32,9.734146,485.33,221.1,61.8,33.15,50.5,83.6,10.9927353333333,484.44,181.81,88.3,154.3
2026-01-13 09:03:59,XPQ-01 Main,2026-01-13 09:03:00,235.1,93.83,10.008995,485.73,228.18,63.53,19.41,57.47,94.74,10.9367053333333,485.57,241.58,68.31,20.41,63.01,95.13,9.10081266666667,486.15,235.56,65.99,25.39,58.04,91.62,9.99273533333333,485.47,197.83,65.21,178.52
2026-01-13 09:04:59,XPQ-01 Main,2026-01-13 09:04:00,228.0,95.91,10.9523283333333,486.91,219.89,61.39,15.46,58.22,96.65,12.003372,487.08,236.32,67.0,16.22,63.18,96.86,9.90081266666667,487.16,227.78,63.93,20.92,58.77,94.21,10.959402,486.49,192.32,52.59,180.17
2026-01-13 09:05:59,XPQ-01 Main,2026-01-13 09:05:00,185.8,97.95,10.8856616666667,486.86,174.32,48.67,8.45,45.93,98.35,12.203372,486.93,194.13,55.02,7.03,51.94,99.1,9.834146,487.05,188.94,53.03,13.52,49.1,96.41,10.6260686666667,486.61,156.72,29.0,146.97
2026-01-13 09:06:59,XPQ-01 Main,2026-01-13 09:06:00,143.53,88.91,12.4656616666667,487.5,133.48,37.32,-17.7,29.54,85.79,13.7700386666667,487.61,155.45,44.11,-20.33,36.02,87.08,11.2674793333333,487.57,141.67,39.81,-12.72,34.6,93.86,12.359402,487.3,121.24,-50.75,100.16
2026-01-13 09:07:59,XPQ-01 Main,2026-01-13 09:07:00,205.2,98.0,12.3556616666667,486.31,202.8,56.55,5.65,52.6,99.43,13.6700386666667,486.28,216.89,61.4,11.12,57.9,98.2,11.1008126666667,486.58,195.9,54.93,13.71,49.53,96.37,12.2927353333333,486.08,172.88,30.49,160.03
2026-01-13 09:08:59,XPQ-01 Main,2026-01-13 09:08:00,112.2,98.55,12.1656616666667,486.67,103.16,28.79,-4.95,24.89,98.08,13.403372,486.88,119.78,33.94,-6.69,30.12,97.62,10.834146,486.83,113.65,31.88,-0.86,28.5,99.95,12.259402,486.3,94.61,-12.51,83.51
2026-01-13 09:09:59,XPQ-01 Main,2026-01-13 09:09:00,192.52,99.41,12.398995,486.88,178.56,49.85,0.37,46.18,100.0,13.703372,486.97,207.79,58.9,2.91,53.34,99.85,11.534146,487.12,191.19,53.67,8.51,46.65,98.38,11.959402,486.56,162.41,11.79,146.16
2026-01-13 09:10:59,XPQ-01 Main,2026-01-13 09:10:00,183.48,99.51,11.298995,487.09,174.17,48.66,0.5,45.55,99.98,12.4367053333333,487.33,195.24,55.37,3.39,51.45,100.0,10.2674793333333,487.21,181.03,50.82,7.72,45.15,98.56,11.1927353333333,486.73,154.84,11.61,142.15
2026-01-13 09:11:59,XPQ-01 Main,2026-01-13 09:11:00,132.45,98.88,12.9456616666667,487.23,122.1,34.11,-4.86,28.46,98.58,13.8367053333333,487.24,142.07,40.3,-6.77,34.09,98.08,12.034146,487.48,133.17,37.41,-0.46,32.37,99.99,12.959402,486.98,111.82,-12.09,94.93
2026-01-13 09:12:59,XPQ-01 Main,2026-01-13 09:12:00,152.78,99.79,13.178995,486.93,142.06,39.66,0.25,34.91,100.0,13.903372,487.01,163.76,46.43,-0.1,38.93,100.0,12.1674793333333,487.22,152.53,42.82,4.1,36.52,99.38,13.459402,486.54,128.9,4.25,110.36
2026-01-13 09:13:59,XPQ-01 Main,2026-01-13 09:13:00,153.63,98.64,13.0323283333333,486.18,144.53,40.29,4.26,35.62,99.29,13.9367053333333,486.22,157.1,44.47,4.34,40.45,99.43,11.934146,486.49,159.24,44.63,8.98,37.2,97.2,13.2260686666667,485.82,129.39,17.59,113.26
2026-01-13 09:14:59,XPQ-01 Main,2026-01-13 09:14:00,162.33,99.29,12.7323283333333,486.27,152.06,42.38,2.6,38.51,99.77,13.5700386666667,486.37,170.15,48.19,2.65,43.52,99.81,11.7008126666667,486.69,164.78,46.19,7.53,40.17,98.28,12.9260686666667,485.75,136.76,12.78,122.19
2026-01-13 09:15:59,XPQ-01 Main,2026-01-13 09:15:00,179.93,93.29,12.1656616666667,486.23,171.67,47.85,14.55,42.84,94.69,12.9367053333333,486.38,192.46,54.5,16.81,45.21,93.73,11.234146,486.58,175.64,49.23,18.2,41.14,91.45,12.3260686666667,485.75,151.58,49.56,129.19
2026-01-13 09:16:59,XPQ-01 Main,2026-01-13 09:16:00,188.52,98.14,12.5423283333333,486.5,179.42,50.04,6.86,47.18,98.96,13.5367053333333,486.65,199.23,56.45,8.16,52.4,98.81,11.734146,486.84,186.9,52.41,12.66,47.71,96.65,12.359402,486.01,158.9,27.68,147.28
2026-01-13 09:17:59,XPQ-01 Main,2026-01-13 09:17:00,127.81,99.62,12.1223283333333,486.44,118.1,32.95,-1.96,28.87,99.77,12.7700386666667,486.54,135.3,38.31,-3.76,34.82,99.42,11.334146,486.51,130.02,36.46,2.73,32.83,99.66,12.259402,486.27,107.72,-2.98,96.52
2026-01-13 09:18:59,XPQ-01 Main,2026-01-13 09:18:00,192.59,97.88,11.498995,486.25,186.2,51.91,8.08,49.25,98.68,12.4700386666667,486.36,200.89,56.88,9.54,53.67,98.46,10.6008126666667,486.56,190.67,53.44,13.34,49.18,96.51,11.4260686666667,485.83,162.23,30.95,152.1
2026-01-13 09:19:59,XPQ-01 Main,2026-01-13 09:19:00,167.63,98.45,12.198995,486.43,160.92,44.86,5.76,39.65,98.96,12.903372,486.34,171.05,48.45,5.37,44.3,99.27,11.4674793333333,486.95,170.92,47.94,10.17,41.46,97.12,12.2260686666667,486.01,141.26,21.31,125.41
2026-01-13 09:20:59,XPQ-01 Main,2026-01-13 09:20:00,146.21,94.47,11.7523283333333,486.03,142.19,39.64,11.08,36.24,95.63,12.5367053333333,486.0,150.89,42.68,12.49,38.7,95.17,11.0674793333333,486.16,145.57,40.79,14.43,35.4,92.61,11.659402,485.92,123.11,38.0,110.35
2026-01-13 09:21:59,XPQ-01 Main,2026-01-13 09:21:00,164.77,99.81,12.5656616666667,486.41,159.56,44.51,-2.48,40.58,99.81,13.4367053333333,486.41,172.35,48.79,-1.82,45.98,99.92,11.5674793333333,486.59,162.4,45.55,3.21,41.95,99.71,12.6927353333333,486.24,138.84,-1.1,128.51
2026-01-13 09:22:59,XPQ-01 Main,2026-01-13 09:22:00,175.1,97.82,12.0323283333333,485.86,165.14,45.99,7.51,42.01,98.44,12.9700386666667,485.71,180.69,51.11,7.47,46.9,98.76,11.0008126666667,486.3,179.47,50.29,12.26,43.59,96.26,12.1260686666667,485.58,147.39,27.24,132.5
2026-01-13 09:23:59,XPQ-01 Main,2026-01-13 09:23:00,172.46,98.8,12.208995,486.29,167.09,46.6,4.48,43.21,99.47,12.903372,486.26,180.75,51.15,5.44,48.15,99.37,11.5008126666667,486.4,169.53,47.53,9.85,43.95,97.58,12.2260686666667,486.2,145.29,19.77,135.32
2026-01-13 09:24:59,XPQ-01 Main,2026-01-13 09:24:00,189.6,98.49,13.178995,486.22,179.77,50.1,5.79,46.98,99.25,14.0367053333333,486.29,199.66,56.54,6.14,53.93,99.36,12.034146,486.65,189.38,53.08,12.6,49.19,96.87,13.459402,485.71,159.72,24.53,150.1
2026-01-13 09:25:59,XPQ-01 Main,2026-01-13 09:25:00,167.84,99.15,12.888995,486.31,159.33,44.43,1.94,39.38,99.88,13.5367053333333,486.2,174.81,49.48,2.93,46.09,99.8,11.934146,486.57,169.37,47.5,8.8,41.05,97.78,13.1927353333333,486.17,141.41,13.67,126.52
2026-01-13 09:26:59,XPQ-01 Main,2026-01-13 09:26:00,158.57,99.13,12.4523283333333,485.99,148.71,41.43,1.95,37.99,99.87,13.6367053333333,486.18,169.0,47.84,3.16,44.13,99.74,11.234146,486.37,158.01,44.26,8.41,39.21,97.78,12.4927353333333,485.43,133.53,13.52,121.33
2026-01-13 09:27:59,XPQ-01 Main,2026-01-13 09:27:00,173.58,99.69,11.3123283333333,485.78,163.85,45.65,-0.34,42.03,100.0,12.203372,486.03,182.79,51.7,0.31,48.24,100.0,10.3008126666667,485.89,174.11,48.74,6.03,43.76,99.07,11.4260686666667,485.41,146.09,5.99,134.03
2026-01-13 09:28:59,XPQ-01 Main,2026-01-13 09:28:00,191.25,99.79,11.4456616666667,486.0,180.57,50.33,-1.73,48.52,99.94,12.303372,486.01,204.18,57.75,-0.46,55.06,100.0,10.334146,486.16,189.0,52.96,5.36,49.75,99.42,11.6927353333333,485.85,161.04,3.18,153.33
2026-01-13 09:29:59,XPQ-01 Main,2026-01-13 09:29:00,178.7,98.51,11.7323283333333,485.17,168.29,46.83,4.98,43.35,99.35,12.5700386666667,485.11,188.54,53.23,5.88,49.61,99.3,10.834146,485.28,179.26,50.15,11.48,44.79,96.87,11.7927353333333,485.13,150.21,22.34,137.75
2026-01-13 09:30:59,XPQ-01 Main,2026-01-13 09:30:00,159.7,99.31,12.0656616666667,485.63,150.01,41.78,1.57,37.28,99.91,12.9700386666667,485.89,170.53,48.23,2.49,42.85,99.83,10.8008126666667,485.81,158.55,44.37,7.43,38.51,98.19,12.4260686666667,485.17,134.37,11.49,118.64
2026-01-13 09:31:59,XPQ-01 Main,2026-01-13 09:31:00,167.87,99.54,12.2756616666667,485.48,155.67,43.32,0.63,39.49,99.99,13.4700386666667,485.38,179.32,50.69,1.82,44.94,99.92,11.1008126666667,485.9,168.6,47.2,6.56,40.39,98.71,12.259402,485.16,141.21,9.02,124.82
2026-01-13 09:32:59,XPQ-01 Main,2026-01-13 09:32:00,164.9,99.41,11.5323283333333,485.0,156.79,43.59,1.75,37.07,99.89,12.4700386666667,485.08,168.96,47.72,2.56,41.5,99.81,10.6674793333333,485.36,168.94,47.23,6.59,37.82,98.52,11.459402,484.56,138.55,10.9,116.38
2026-01-13 09:33:59,XPQ-01 Main,2026-01-13 09:33:00,181.32,98.85,11.198995,485.12,174.36,48.5,3.92,45.09,99.62,12.3700386666667,485.48,190.78,53.91,5.62,50.68,99.39,10.3008126666667,485.33,178.81,49.98,10.28,45.48,97.54,10.9260686666667,484.55,152.39,19.81,141.25
2026-01-13 09:34:59,XPQ-01 Main,2026-01-13 09:34:00,162.54,99.18,11.4223283333333,485.67,152.54,42.47,2.28,39.96,99.84,12.8700386666667,485.57,174.32,49.28,3.31,45.71,99.74,10.5674793333333,485.97,160.75,45.02,8.39,41.08,97.98,10.8260686666667,485.47,136.78,13.98,126.75
2026-01-13 09:35:59,XPQ-01 Main,2026-01-13 09:35:00,167.66,98.96,11.318995,485.36,159.36,44.39,2.92,40.26,99.74,12.503372,485.78,176.7,49.93,4.6,45.56,99.49,10.434146,485.19,166.93,46.67,8.96,40.61,97.65,11.0260686666667,485.12,140.99,16.48,126.44
2026-01-13 09:36:59,XPQ-01 Main,2026-01-13 09:36:00,155.31,99.42,11.3123283333333,485.8,145.93,40.67,1.15,37.96,99.95,12.3700386666667,485.82,165.32,46.73,1.92,43.66,99.9,10.2674793333333,485.8,154.69,43.33,7.1,39.35,98.41,11.2927353333333,485.78,130.73,10.16,120.97
2026-01-13 09:37:59,XPQ-01 Main,2026-01-13 09:37:00,164.35,97.28,11.4756616666667,485.32,158.44,44.13,6.35,41.66,98.86,12.7700386666667,485.54,176.31,49.79,9.8,46.77,97.88,10.534146,485.14,158.29,44.27,13.11,40.34,95.1,11.1260686666667,485.27,138.19,29.26,128.77
2026-01-13 09:38:59,XPQ-01 Main,2026-01-13 09:38:00,179.18,99.66,17.0656616666667,485.29,170.05,47.32,1.13,43.68,99.97,18.1700386666667,485.45,189.42,53.53,1.91,48.03,99.92,15.7008126666667,485.5,178.07,49.81,6.02,44.35,99.09,17.3260686666667,484.91,150.65,9.07,136.07
2026-01-13 09:39:59,XPQ-01 Main,2026-01-13 09:39:00,105.37,98.79,16.488995,485.24,102.61,28.56,-5.84,25.55,97.49,17.403372,485.41,113.15,31.96,-4.17,29.23,99.0,15.234146,485.22,100.34,28.06,-1.28,25.49,99.87,16.8260686666667,485.1,88.58,-11.29,80.27
2026-01-13 09:40:59,XPQ-01 Main,2026-01-13 09:40:00,135.01,99.37,17.108995,485.51,129.78,36.15,0.92,33.9,99.96,18.003372,485.5,142.99,40.39,2.64,38.45,99.77,16.1008126666667,485.5,132.26,37.02,6.23,34.05,98.37,17.2260686666667,485.54,113.56,9.79,106.4
2026-01-13 09:41:59,XPQ-01 Main,2026-01-13 09:41:00,164.01,98.07,16.688995,484.57,163.2,45.36,3.85,40.64,99.55,17.3367053333333,484.5,176.33,49.72,8.32,45.43,98.37,15.7008126666667,484.66,152.5,42.61,10.78,38.41,96.28,17.0260686666667,484.54,137.69,22.94,124.48
2026-01-13 09:42:59,XPQ-01 Main,2026-01-13 09:42:00,139.96,99.75,17.3656616666667,484.39,134.91,37.48,-2.25,31.42,99.74,18.303372,484.74,146.0,41.19,-1.85,36.47,99.87,16.1674793333333,484.54,138.97,38.78,2.86,32.99,99.63,17.6260686666667,483.89,117.45,-1.24,100.87
2026-01-13 09:43:59,XPQ-01 Main,2026-01-13 09:43:00,174.82,98.69,17.4556616666667,485.57,169.59,47.25,3.62,44.25,99.67,18.4367053333333,485.66,185.14,52.31,6.4,49.95,99.19,16.4008126666667,485.5,169.72,47.51,10.59,43.84,97.21,17.5260686666667,485.55,147.06,20.61,138.04
2026-01-13 09:44:59,XPQ-01 Main,2026-01-13 09:44:00,151.74,99.38,17.298995,485.35,146.17,40.69,0.74,37.16,99.98,18.3700386666667,485.25,161.4,45.58,3.12,41.79,99.72,16.134146,485.43,147.66,41.33,6.58,36.69,98.43,17.3927353333333,485.37,127.6,10.44,115.64
2026-01-13 09:45:59,XPQ-01 Main,2026-01-13 09:45:00,130.25,98.33,17.608995,485.05,121.02,33.66,-6.28,27.9,97.56,18.4700386666667,485.31,140.77,39.76,-6.92,32.07,97.75,16.534146,485.18,128.98,36.05,-2.4,30.03,99.68,17.8260686666667,484.64,109.47,-15.6,90.0
2026-01-13 09:46:59,XPQ-01 Main,2026-01-13 09:46:00,149.36,99.57,17.5323283333333,485.65,146.01,40.67,-4.46,34.77,99.19,18.603372,485.9,155.23,43.9,-3.89,39.12,99.51,16.0008126666667,485.76,146.84,41.1,0.27,35.82,100.0,17.9927353333333,485.29,125.66,-8.07,109.71
2026-01-13 09:47:59,XPQ-01 Main,2026-01-13 09:47:00,138.17,99.8,17.2323283333333,484.11,132.28,36.74,-2.07,32.58,99.8,18.003372,484.11,144.14,40.6,-1.62,37.11,99.91,16.2008126666667,484.08,138.08,38.54,2.64,33.84,99.7,17.4927353333333,484.15,115.88,-1.04,103.52
2026-01-13 09:48:59,XPQ-01 Main,2026-01-13 09:48:00,168.57,99.73,17.0423283333333,484.73,171.47,47.7,-0.15,37.51,100.0,17.803372,485.08,172.38,48.63,1.13,41.71,99.96,16.1674793333333,484.55,161.85,45.2,4.73,37.78,99.22,17.159402,484.57,141.54,5.72,116.99
2026-01-13 09:49:59,XPQ-01 Main,2026-01-13 09:49:00,187.87,96.74,16.6523283333333,484.04,181.59,50.39,10.06,44.78,97.57,17.6367053333333,484.23,198.78,56.04,11.03,48.73,97.53,15.534146,484.36,183.24,51.12,14.57,44.91,95.12,16.7927353333333,483.53,157.55,35.67,138.41
2026-01-13 09:50:59,XPQ-01 Main,2026-01-13 09:50:00,167.07,98.7,16.5456616666667,484.68,157.08,43.66,0.01,38.24,100.0,17.5700386666667,485.07,178.16,50.29,5.19,43.52,99.3,15.6008126666667,484.8,165.96,46.34,10.39,40.12,96.81,16.459402,484.18,140.3,15.6,121.88
2026-01-13 09:51:59,XPQ-01 Main,2026-01-13 09:51:00,154.9,99.57,17.2656616666667,484.72,152.15,42.29,-4.27,33.33,99.19,18.4700386666667,485.09,163.65,46.2,-3.67,37.81,99.53,16.0674793333333,484.86,148.89,41.58,0.5,34.42,99.99,17.259402,484.21,130.08,-7.44,105.55
2026-01-13 09:52:59,XPQ-01 Main,2026-01-13 09:52:00,144.03,99.67,17.2323283333333,484.75,142.54,39.65,-3.62,31.84,99.36,18.303372,485.12,150.68,42.52,-2.15,36.81,99.83,15.9674793333333,484.57,138.89,38.79,1.97,32.47,99.82,17.4260686666667,484.55,120.96,-3.8,101.12
2026-01-13 09:53:59,XPQ-01 Main,2026-01-13 09:53:00,154.69,99.74,16.4323283333333,484.47,157.75,43.85,-2.62,34.44,99.71,18.1700386666667,484.87,157.16,44.33,-1.15,39.86,99.96,14.534146,484.42,149.16,41.63,3.38,35.24,99.54,16.5927353333333,484.13,129.81,-0.38,109.54
2026-01-13 09:54:59,XPQ-01 Main,2026-01-13 09:54:00,147.93,99.32,15.6756616666667,484.89,146.73,40.81,-5.48,32.52,98.61,17.303372,485.25,157.44,44.46,-4.25,38.9,99.41,13.934146,484.99,139.61,39.0,1.24,34.04,99.93,15.7927353333333,484.43,124.27,-8.49,105.46
2026-01-13 09:55:59,XPQ-01 Main,2026-01-13 09:55:00,177.07,98.96,14.9323283333333,484.34,173.89,48.32,1.59,44.61,99.94,16.2367053333333,484.42,188.76,53.19,5.87,50.64,99.33,13.434146,484.26,168.57,47.07,9.59,43.09,97.61,15.1260686666667,484.33,148.58,17.06,138.34
2026-01-13 09:56:59,XPQ-01 Main,2026-01-13 09:56:00,150.47,99.65,14.788995,484.4,150.07,41.68,-3.71,33.95,99.41,16.003372,484.4,161.1,45.43,-1.42,39.79,99.94,13.234146,484.65,140.24,39.17,3.08,34.22,99.6,15.1260686666667,484.15,126.28,-2.05,107.96
2026-01-13 09:57:59,XPQ-01 Main,2026-01-13 09:57:00,153.66,99.67,15.4456616666667,483.55,156.98,43.57,-2.81,34.01,99.66,17.003372,483.77,155.76,43.82,-0.37,39.76,100.0,13.6008126666667,483.33,148.23,41.31,3.93,34.09,99.34,15.7260686666667,483.54,128.7,0.75,107.87
2026-01-13 09:58:59,XPQ-01 Main,2026-01-13 09:58:00,149.42,99.58,15.398995,483.56,145.85,40.47,-4.1,34.04,99.28,16.903372,484.0,159.2,44.82,-2.33,40.61,99.84,13.534146,483.47,143.2,39.89,3.06,35.12,99.62,15.759402,483.2,125.18,-3.37,109.77
2026-01-13 09:59:59,XPQ-01 Main,2026-01-13 09:59:00,153.82,99.56,15.3756616666667,483.67,155.72,43.22,-4.23,33.26,99.2,17.003372,483.6,166.0,46.69,-2.15,39.67,99.85,13.4674793333333,483.47,139.75,38.98,2.98,34.07,99.62,15.659402,483.93,128.89,-3.4,107.0
2026-01-13 10:00:59,XPQ-01 Main,2026-01-13 10:00:00,156.09,99.66,15.9423283333333,483.58,158.96,44.07,-3.21,33.58,99.55,17.503372,483.43,169.18,47.61,-0.94,39.35,99.97,14.1674793333333,483.85,140.14,39.08,3.52,33.9,99.46,16.159402,483.44,130.77,-0.63,106.83
2026-01-13 10:01:59,XPQ-01 Main,2026-01-13 10:01:00,149.08,99.63,15.808995,483.51,146.9,40.74,-3.53,34.03,99.47,17.4700386666667,483.77,158.24,44.55,-1.49,40.32,99.93,14.3674793333333,483.58,142.1,39.59,3.54,34.78,99.49,15.5927353333333,483.17,124.88,-1.48,109.13
2026-01-13 10:02:59,XPQ-01 Main,2026-01-13 10:02:00,154.49,99.4,15.2523283333333,483.9,160.93,44.7,-5.26,32.82,98.74,16.7700386666667,484.06,158.38,44.58,-3.5,39.35,99.61,13.734146,483.65,144.17,40.21,1.86,33.95,99.85,15.259402,483.98,129.49,-6.89,106.11
2026-01-13 10:03:59,XPQ-01 Main,2026-01-13 10:03:00,162.41,99.67,15.818995,483.53,158.45,43.96,-3.47,34.75,99.5,17.4367053333333,483.53,163.77,46.07,-1.34,40.6,99.95,14.0674793333333,483.45,165.01,46.0,3.26,35.16,99.57,15.959402,483.61,136.03,-1.55,110.51
2026-01-13 10:04:59,XPQ-01 Main,2026-01-13 10:04:00,155.15,99.66,14.9323283333333,483.89,152.12,42.23,-1.85,35.91,99.87,16.4700386666667,484.25,163.3,46.01,0.28,41.71,100.0,13.3008126666667,483.89,150.04,41.83,4.86,36.25,99.11,15.0260686666667,483.55,130.07,3.29,113.88
2026-01-13 10:05:59,XPQ-01 Main,2026-01-13 10:05:00,136.98,99.48,16.4656616666667,483.42,133.93,37.14,-4.35,30.84,99.02,17.6367053333333,483.8,146.51,41.25,-2.83,37.2,99.71,15.4008126666667,483.47,130.49,36.34,2.48,32.06,99.7,16.359402,482.99,114.73,-4.7,100.11
2026-01-13 10:06:59,XPQ-01 Main,2026-01-13 10:06:00,136.4,99.15,17.0856616666667,483.6,132.8,36.84,-5.51,30.22,98.38,18.203372,483.94,142.85,40.22,-4.89,35.96,99.09,15.7674793333333,483.56,133.57,37.22,0.34,31.97,99.99,17.2927353333333,483.29,114.28,-10.06,98.15
2026-01-13 10:07:59,XPQ-01 Main,2026-01-13 10:07:00,112.07,97.75,17.1323283333333,482.5,113.52,31.41,-6.69,22.99,96.02,18.4367053333333,482.36,113.41,31.84,-6.54,28.27,97.43,15.834146,482.73,109.28,30.41,-1.59,25.05,99.8,17.1260686666667,482.41,93.66,-14.82,76.3
2026-01-13 10:08:59,XPQ-01 Main,2026-01-13 10:08:00,130.54,98.9,17.3556616666667,483.32,125.16,34.71,-5.75,29.38,98.14,18.703372,483.44,136.48,38.38,-5.88,34.66,98.59,15.9008126666667,483.18,129.98,36.21,-0.67,31.64,99.98,17.459402,483.35,109.31,-12.29,95.68
2026-01-13 10:09:59,XPQ-01 Main,2026-01-13 10:09:00,159.53,99.55,15.598995,483.38,151.58,42.02,-4.66,37.7,99.24,16.6367053333333,483.35,168.82,47.49,-4.53,41.87,99.42,14.5674793333333,483.53,158.2,44.1,-0.35,39.01,100.0,15.5927353333333,483.26,133.61,-9.55,118.58
2026-01-13 10:10:59,XPQ-01 Main,2026-01-13 10:10:00,153.98,99.67,16.9323283333333,483.5,151.92,42.12,0.76,36.97,99.98,18.3367053333333,483.52,161.16,45.36,1.34,40.99,99.95,15.434146,483.7,148.87,41.5,5.15,37.76,99.08,17.0260686666667,483.3,128.98,7.24,115.71
2026-01-13 10:11:59,XPQ-01 Main,2026-01-13 10:11:00,121.07,98.46,17.208995,483.71,121.85,33.8,-6.21,25.69,97.2,18.403372,483.86,125.24,35.27,-5.68,30.49,98.31,15.634146,483.81,116.12,32.38,-1.31,27.14,99.88,17.5927353333333,483.45,101.45,-13.2,83.32
2026-01-13 10:12:59,XPQ-01 Main,2026-01-13 10:12:00,118.12,99.46,16.6123283333333,483.62,115.16,31.94,-3.69,26.02,99.01,17.703372,483.7,127.24,35.81,-2.97,31.17,99.55,15.5008126666667,483.67,111.96,31.21,1.62,27.46,99.83,16.6260686666667,483.47,98.97,-5.04,84.65
2026-01-13 10:13:59,XPQ-01 Main,2026-01-13 10:13:00,169.16,95.6,16.298995,483.14,163.9,45.42,10.77,40.42,96.63,17.4700386666667,483.21,177.48,49.9,11.71,44.87,96.76,14.9674793333333,483.2,166.1,46.26,15.62,40.9,93.42,16.459402,483.01,141.59,38.1,126.18
2026-01-13 10:14:59,XPQ-01 Main,2026-01-13 10:14:00,190.47,95.98,16.298995,483.05,182.06,50.44,11.09,46.45,97.27,17.4700386666667,483.26,201.45,56.65,13.04,51.81,96.97,15.1674793333333,483.13,187.9,52.31,17.3,46.4,93.7,16.259402,482.75,159.4,41.43,144.66
2026-01-13 10:15:59,XPQ-01 Main,2026-01-13 10:15:00,145.37,97.75,17.0223283333333,483.19,127.31,35.28,5.66,31.6,98.43,18.3700386666667,483.3,156.63,44.06,4.42,37.88,99.33,15.734146,483.37,152.15,42.38,10.91,35.03,95.48,16.959402,482.89,121.72,20.99,104.51
2026-01-13 10:16:59,XPQ-01 Main,2026-01-13 10:16:00,115.87,95.07,16.3223283333333,483.08,104.84,29.05,6.8,24.06,96.23,17.403372,483.39,122.11,34.35,6.32,30.07,97.86,15.134146,483.15,120.67,33.59,12.1,26.76,91.12,16.4260686666667,482.71,96.99,25.22,80.89
2026-01-13 10:17:59,XPQ-01 Main,2026-01-13 10:17:00,171.02,97.09,17.698995,482.92,165.23,45.76,8.36,39.62,97.84,19.003372,483.04,180.81,50.83,8.49,44.58,98.24,16.2008126666667,483.1,167.03,46.5,13.23,41.08,95.19,17.8927353333333,482.62,143.09,30.08,125.28
2026-01-13 10:18:59,XPQ-01 Main,2026-01-13 10:18:00,134.69,99.52,17.318995,482.94,125.63,34.78,-4.0,31.16,99.19,18.503372,483.1,145.52,40.93,-3.84,36.65,99.46,16.0008126666667,483.24,132.92,37.0,1.26,33.24,99.93,17.459402,482.48,112.71,-6.58,101.05
2026-01-13 10:19:59,XPQ-01 Main,2026-01-13 10:19:00,132.6,99.51,17.2656616666667,484.69,130.61,36.31,-0.26,31.68,100.0,18.4700386666667,484.74,141.15,39.82,1.69,36.33,99.89,15.9008126666667,484.79,126.04,35.22,5.26,31.7,98.65,17.4260686666667,484.53,111.34,6.69,99.72
2026-01-13 10:20:59,XPQ-01 Main,2026-01-13 10:20:00,134.54,99.71,17.498995,484.85,133.61,37.15,-2.94,31.18,99.56,18.7700386666667,484.85,141.52,39.93,-2.37,36.04,99.78,16.2008126666667,484.99,128.51,35.92,2.09,32.54,99.79,17.5260686666667,484.7,113.01,-3.22,99.76
2026-01-13 10:21:59,XPQ-01 Main,2026-01-13 10:21:00,151.42,97.58,14.708995,484.58,145.79,40.53,4.14,38.31,99.42,16.5367053333333,484.49,162.96,45.94,8.88,43.23,97.95,12.5674793333333,484.61,145.52,40.66,11.32,35.93,95.38,15.0260686666667,484.64,127.13,24.34,117.47
2026-01-13 10:22:59,XPQ-01 Main,2026-01-13 10:22:00,127.82,99.15,14.9656616666667,484.45,121.88,33.87,-5.56,28.93,98.21,16.5700386666667,484.67,137.63,38.81,-4.11,35.31,99.33,13.034146,484.44,123.94,34.6,1.22,30.33,99.92,15.2927353333333,484.25,107.29,-8.44,94.57
2026-01-13 10:23:59,XPQ-01 Main,2026-01-13 10:23:00,110.67,89.91,15.5223283333333,483.52,101.28,28.09,-13.13,20.64,84.38,17.103372,483.58,122.97,34.61,-13.79,27.46,89.37,13.8008126666667,483.58,107.76,30.04,-7.1,24.32,95.99,15.659402,483.39,92.73,-34.02,72.42
2026-01-13 10:24:59,XPQ-01 Main,2026-01-13 10:24:00,150.63,99.67,16.1556616666667,483.83,151.09,41.92,-3.66,33.98,99.43,17.7700386666667,483.91,163.1,45.93,-1.68,39.69,99.91,14.434146,483.98,137.7,38.41,2.85,34.52,99.66,16.259402,483.61,126.26,-2.49,108.18
2026-01-13 10:25:59,XPQ-01 Main,2026-01-13 10:25:00,115.52,98.53,15.5423283333333,483.31,116.42,32.26,-5.98,23.36,96.87,17.303372,483.48,118.69,33.4,-4.62,28.54,98.72,13.4674793333333,483.52,111.44,31.04,-0.35,24.32,99.99,15.859402,482.92,96.71,-10.95,76.22
2026-01-13 10:26:59,XPQ-01 Main,2026-01-13 10:26:00,155.12,99.07,15.0123283333333,483.45,148.19,41.09,-6.66,35.46,98.28,16.4367053333333,483.53,164.93,46.4,-6.14,41.58,98.93,13.1674793333333,483.5,152.24,42.43,-0.46,37.43,99.99,15.4260686666667,483.32,129.93,-13.27,114.46
2026-01-13 10:27:59,XPQ-01 Main,2026-01-13 10:27:00,112.02,99.55,15.3656616666667,483.53,109.03,30.25,-3.51,25.24,99.05,17.0367053333333,483.74,120.54,33.93,-1.73,29.73,99.83,13.534146,483.49,106.5,29.68,1.75,25.46,99.76,15.5260686666667,483.36,93.85,-3.5,80.43
2026-01-13 10:28:59,XPQ-01 Main,2026-01-13 10:28:00,133.79,94.04,15.6223283333333,484.16,121.63,33.77,-12.18,26.29,90.73,17.3367053333333,484.18,148.66,41.89,-13.11,33.57,93.15,13.8008126666667,484.34,131.09,36.59,-5.79,30.3,98.22,15.7260686666667,483.96,112.26,-31.08,90.16
2026-01-13 10:29:59,XPQ-01 Main,2026-01-13 10:29:00,110.39,99.38,15.1523283333333,484.13,106.21,29.49,-4.04,24.16,98.63,16.703372,483.99,118.64,33.42,-2.1,29.06,99.74,13.6008126666667,484.32,106.32,29.69,1.63,24.47,99.78,15.159402,484.08,92.6,-4.51,77.69
2026-01-13 10:30:59,XPQ-01 Main,2026-01-13 10:30:00,181.36,99.47,14.9856616666667,484.16,171.59,47.63,0.65,44.93,99.99,16.4367053333333,484.27,195.99,55.25,2.38,51.59,99.89,13.5008126666667,484.41,176.5,49.26,8.0,45.85,98.51,15.0260686666667,483.8,152.15,11.02,142.37
2026-01-13 10:31:59,XPQ-01 Main,2026-01-13 10:31:00,110.58,97.75,14.8556616666667,483.89,108.31,30.06,-7.3,25.02,96.0,16.3367053333333,484.06,117.32,33.05,-6.38,29.4,97.73,13.3008126666667,483.89,106.09,29.59,-2.54,25.99,99.52,14.9260686666667,483.72,92.7,-16.22,80.42
2026-01-13 10:32:59,XPQ-01 Main,2026-01-13 10:32:00,149.22,99.29,14.4423283333333,484.15,136.8,37.98,-4.98,35.87,99.05,16.103372,484.25,158.71,44.74,-6.45,41.81,98.83,12.7674793333333,484.4,152.14,42.46,0.14,39.42,100.0,14.459402,483.81,125.18,-11.29,117.09
2026-01-13 10:33:59,XPQ-01 Main,2026-01-13 10:33:00,102.69,99.61,16.8123283333333,483.84,97.59,27.09,-2.11,24.51,99.63,17.803372,483.98,111.72,31.46,-0.01,28.85,100.0,15.4674793333333,483.86,98.74,27.54,3.12,24.37,99.19,17.159402,483.69,86.09,1.0,77.72
2026-01-13 10:34:59,XPQ-01 Main,2026-01-13 10:34:00,154.77,99.74,16.998995,484.09,147.7,41.0,-3.97,37.77,99.45,18.303372,484.13,165.67,46.69,-1.51,42.66,99.94,15.5008126666667,484.33,150.95,42.13,2.14,37.49,99.84,17.1927353333333,483.81,129.81,-3.34,117.92
2026-01-13 10:35:59,XPQ-01 Main,2026-01-13 10:35:00,152.06,99.7,17.4556616666667,483.89,144.34,40.03,-3.14,37.53,99.65,18.503372,483.88,159.7,45.0,-4.24,42.67,99.51,16.134146,484.34,152.14,42.45,1.4,40.38,99.94,17.7260686666667,483.46,127.48,-5.98,120.58
2026-01-13 10:36:59,XPQ-01 Main,2026-01-13 10:36:00,167.57,98.95,16.0756616666667,483.82,162.38,45.04,5.03,42.76,99.32,16.8367053333333,484.02,172.58,48.63,4.85,46.51,99.46,14.9674793333333,484.08,167.75,46.78,8.76,43.93,98.07,16.4260686666667,483.36,140.45,18.64,133.2
2026-01-13 10:37:59,XPQ-01 Main,2026-01-13 10:37:00,182.37,98.23,13.4756616666667,483.95,177.67,49.28,5.96,46.23,99.18,14.3367053333333,483.92,193.74,54.59,8.74,49.83,98.5,12.434146,484.35,175.7,49.03,11.2,44.76,97.01,13.659402,483.58,152.91,25.9,140.82
2026-01-13 10:38:59,XPQ-01 Main,2026-01-13 10:38:00,171.8,95.98,15.8456616666667,483.99,162.02,44.97,11.69,41.74,96.3,16.903372,484.04,177.44,49.99,10.8,46.0,97.35,14.5008126666667,484.17,175.95,49.09,15.42,43.67,94.29,16.1260686666667,483.75,144.05,37.9,131.42
2026-01-13 10:39:59,XPQ-01 Main,2026-01-13 10:39:00,147.08,96.97,15.608995,483.93,139.16,38.62,8.21,35.74,97.46,16.7367053333333,483.9,152.55,42.97,7.64,39.98,98.22,14.3674793333333,484.1,149.54,41.73,12.05,37.56,95.22,15.7260686666667,483.79,123.31,27.91,113.28
2026-01-13 10:40:59,XPQ-01 Main,2026-01-13 10:40:00,158.4,96.27,15.3123283333333,483.9,149.99,41.6,9.27,37.67,97.1,16.1700386666667,483.54,166.08,46.76,9.28,43.25,97.78,14.2008126666667,484.31,159.13,44.43,14.51,39.68,93.92,15.559402,483.85,132.8,33.05,120.6
2026-01-13 10:41:59,XPQ-01 Main,2026-01-13 10:41:00,147.19,99.17,14.9556616666667,484.25,141.25,39.2,1.97,36.98,99.86,16.1367053333333,484.07,156.17,44.03,3.5,41.96,99.65,13.7008126666667,484.7,144.15,40.26,7.6,37.47,98.0,15.0260686666667,483.97,123.49,13.06,116.41
2026-01-13 10:42:59,XPQ-01 Main,2026-01-13 10:42:00,126.2,99.75,15.9656616666667,484.6,123.95,34.44,-2.32,29.2,99.68,17.2700386666667,484.17,128.59,36.25,-1.76,33.67,99.86,14.534146,484.92,126.07,35.26,2.33,30.46,99.71,16.0927353333333,484.71,105.94,-1.76,93.32
2026-01-13 10:43:59,XPQ-01 Main,2026-01-13 10:43:00,136.85,99.77,17.2656616666667,484.58,138.77,38.56,-2.4,31.33,99.71,18.2700386666667,484.72,143.17,40.4,-1.97,35.98,99.85,15.934146,484.79,128.6,35.92,2.37,32.74,99.74,17.5927353333333,484.22,114.87,-2.0,100.05
2026-01-13 10:44:59,XPQ-01 Main,2026-01-13 10:44:00,138.94,99.87,17.1656616666667,484.2,137.54,38.19,-1.55,33.57,99.89,18.3367053333333,484.29,140.28,39.54,-1.05,37.31,99.96,15.834146,484.33,138.99,38.8,2.47,34.43,99.74,17.3260686666667,483.99,116.53,-0.13,105.31
2026-01-13 10:45:59,XPQ-01 Main,2026-01-13 10:45:00,137.64,99.8,17.0556616666667,484.49,133.89,37.21,-2.45,33.17,99.73,18.303372,484.66,145.43,41.01,-1.73,37.64,99.89,15.534146,484.51,133.61,37.31,2.33,34.2,99.77,17.3260686666667,484.29,115.53,-1.86,105.01
2026-01-13 10:46:59,XPQ-01 Main,2026-01-13 10:46:00,135.72,99.78,16.888995,483.32,131.7,36.51,-2.61,32.47,99.68,18.003372,483.28,141.22,39.71,-2.07,36.86,99.84,15.6674793333333,483.38,134.24,37.41,2.0,33.62,99.82,16.9927353333333,483.29,113.64,-2.68,102.96
2026-01-13 10:47:59,XPQ-01 Main,2026-01-13 10:47:00,139.9,99.72,16.7656616666667,482.21,133.08,36.79,-2.08,32.78,99.8,17.903372,482.38,148.09,41.59,-1.98,38.57,99.87,15.5674793333333,482.55,138.53,38.5,3.52,34.97,99.5,16.8260686666667,481.7,116.88,-0.55,106.31
2026-01-13 10:48:59,XPQ-01 Main,2026-01-13 10:48:00,147.1,99.75,16.8656616666667,482.64,141.03,39.05,-2.7,35.15,99.71,18.1700386666667,482.66,154.37,43.35,-2.26,40.63,99.85,15.5674793333333,482.6,145.89,40.6,2.88,36.87,99.7,16.859402,482.68,123.0,-2.08,112.65
2026-01-13 10:49:59,XPQ-01 Main,2026-01-13 10:49:00,140.49,99.62,14.888995,482.24,137.55,38.06,-3.93,33.24,99.31,16.303372,482.41,148.91,41.79,-2.05,39.16,99.86,13.234146,482.16,135.02,37.53,2.71,33.97,99.68,15.1260686666667,482.13,117.38,-3.27,106.37
2026-01-13 10:50:59,XPQ-01 Main,2026-01-13 10:50:00,149.82,99.71,14.678995,482.36,146.63,40.57,-2.21,35.58,99.81,16.3700386666667,482.32,158.73,44.55,-0.56,41.41,99.99,12.8674793333333,482.42,144.1,40.08,4.22,36.42,99.34,14.7927353333333,482.33,125.2,1.45,113.42
2026-01-13 10:51:59,XPQ-01 Main,2026-01-13 10:51:00,157.38,99.53,14.5423283333333,482.63,158.56,43.89,0.59,37.63,99.99,16.0367053333333,482.58,162.51,45.64,1.68,42.98,99.92,12.9674793333333,482.73,151.07,42.04,6.33,38.62,98.68,14.6260686666667,482.57,131.57,8.6,119.24
2026-01-13 10:52:59,XPQ-01 Main,2026-01-13 10:52:00,150.5,99.64,14.7456616666667,483.26,142.94,39.59,-1.86,35.72,99.86,16.0367053333333,483.16,162.08,45.61,-0.43,42.29,99.99,13.1008126666667,483.72,146.5,40.83,5.09,37.06,99.07,15.0927353333333,482.9,126.02,2.8,115.06
2026-01-13 10:53:59,XPQ-01 Main,2026-01-13 10:53:00,197.27,99.32,15.3123283333333,482.87,192.97,53.39,3.21,50.4,99.8,16.6367053333333,482.72,206.11,57.95,4.75,55.05,99.63,13.6008126666667,483.43,192.73,53.68,8.73,50.46,98.54,15.6927353333333,482.48,165.02,16.69,155.91
2026-01-13 10:54:59,XPQ-01 Main,2026-01-13 10:54:00,166.83,99.56,14.8223283333333,482.77,158.36,43.81,-0.08,39.61,100.0,16.403372,482.76,178.28,50.13,1.3,45.84,99.96,12.9674793333333,483.29,163.85,45.61,6.6,40.76,98.71,15.0927353333333,482.26,139.55,7.83,126.21
2026-01-13 10:55:59,XPQ-01 Main,2026-01-13 10:55:00,162.82,99.64,14.6856616666667,482.82,159.7,44.22,-1.42,36.78,99.93,15.7700386666667,482.82,171.33,48.14,0.55,42.78,99.99,13.2674793333333,482.94,157.42,43.82,5.33,37.41,99.0,15.0260686666667,482.7,136.19,4.45,116.97
2026-01-13 10:56:59,XPQ-01 Main,2026-01-13 10:56:00,158.07,99.73,14.6123283333333,482.99,152.55,42.24,-1.04,38.13,99.96,16.1367053333333,482.68,166.53,46.8,-0.15,43.83,100.0,12.734146,483.36,155.14,43.23,4.91,39.51,99.24,14.959402,482.92,132.27,3.72,121.48
2026-01-13 10:57:59,XPQ-01 Main,2026-01-13 10:57:00,182.37,99.89,14.588995,483.04,176.77,48.92,-1.6,46.82,99.94,16.1367053333333,482.7,190.47,53.56,-1.25,51.39,99.97,13.0008126666667,483.63,179.87,50.13,3.26,47.92,99.77,14.6260686666667,482.78,152.61,0.41,146.14
2026-01-13 10:58:59,XPQ-01 Main,2026-01-13 10:58:00,137.37,99.69,14.6556616666667,483.05,136.08,37.68,-3.73,32.73,99.36,16.3367053333333,483.05,143.41,40.34,-2.65,36.87,99.74,12.734146,483.44,132.62,36.94,0.94,33.33,99.96,14.8927353333333,482.66,114.95,-5.43,102.93
2026-01-13 10:59:59,XPQ-01 Main,2026-01-13 10:59:00,190.83,99.8,15.2223283333333,483.34,183.11,50.75,-2.43,49.32,99.88,16.803372,483.41,203.18,57.17,-0.62,55.87,99.99,13.4008126666667,483.58,186.2,51.89,4.89,50.14,99.53,15.459402,483.04,159.81,1.84,155.34
2026-01-13 11:00:59,XPQ-01 Main,2026-01-13 11:00:00,171.72,99.8,16.5423283333333,484.54,164.34,45.67,-1.54,43.09,99.94,17.603372,484.6,182.41,51.45,-0.66,48.91,99.99,15.534146,484.72,168.4,47.04,4.6,44.47,99.47,16.4927353333333,484.3,144.16,2.39,136.47
2026-01-13 11:01:59,XPQ-01 Main,2026-01-13 11:01:00,164.4,99.85,16.5756616666667,484.55,158.84,44.1,-2.7,41.44,99.79,17.7700386666667,484.31,170.58,48.12,-2.03,45.94,99.9,15.334146,485.15,163.78,45.78,2.18,42.42,99.87,16.6260686666667,484.17,138.0,-2.55,129.81
2026-01-13 11:02:59,XPQ-01 Main,2026-01-13 11:02:00,145.35,99.81,16.5556616666667,484.78,140.93,39.18,-1.73,35.46,99.88,17.4367053333333,485.0,152.83,43.14,-0.64,40.18,99.99,15.434146,484.88,142.28,39.75,3.46,36.24,99.55,16.7927353333333,484.46,122.07,1.08,111.89
2026-01-13 11:03:59,XPQ-01 Main,2026-01-13 11:03:00,171.84,98.83,16.5223283333333,484.43,165.45,45.95,5.39,44.21,99.27,17.9367053333333,484.18,179.98,50.74,0.05,48.84,100.0,15.3674793333333,484.82,170.1,47.53,10.72,44.52,97.22,16.259402,484.29,144.22,16.16,137.57
2026-01-13 11:04:59,XPQ-01 Main,2026-01-13 11:04:00,147.17,99.22,16.5756616666667,484.5,141.48,39.32,2.81,36.37,99.7,17.903372,484.29,154.33,43.49,3.45,39.99,99.63,15.2674793333333,484.59,145.7,40.72,6.86,36.97,98.32,16.559402,484.63,123.53,13.12,113.33
2026-01-13 11:05:59,XPQ-01 Main,2026-01-13 11:05:00,149.23,99.49,16.1323283333333,484.53,147.02,40.86,-4.7,34.61,99.09,17.503372,484.37,157.48,44.39,-4.46,40.06,99.39,14.6674793333333,484.64,143.2,40.02,0.73,36.53,99.98,16.2260686666667,484.58,125.27,-8.43,111.2
2026-01-13 11:06:59,XPQ-01 Main,2026-01-13 11:06:00,146.99,99.54,17.0856616666667,484.7,140.77,39.11,-4.29,36.48,99.31,18.6367053333333,484.42,153.54,43.31,-4.79,40.51,99.31,15.6008126666667,485.07,146.66,41.01,-0.47,38.32,99.99,17.0260686666667,484.61,123.43,-9.56,115.31
2026-01-13 11:07:59,XPQ-01 Main,2026-01-13 11:07:00,99.77,98.62,15.998995,484.32,94.43,26.22,2.88,21.73,99.13,17.2367053333333,484.32,103.11,29.08,2.06,25.27,99.67,14.6674793333333,484.67,101.77,28.42,5.89,23.68,97.04,16.0927353333333,483.98,83.71,10.83,70.68
2026-01-13 11:08:59,XPQ-01 Main,2026-01-13 11:08:00,217.51,81.88,15.118995,483.24,212.0,58.71,33.25,46.73,81.48,16.6367053333333,483.15,217.85,61.31,32.23,50.38,84.24,13.6674793333333,483.77,222.68,62.05,36.24,48.18,79.92,15.059402,482.78,182.07,101.71,145.29
2026-01-13 11:09:59,XPQ-01 Main,2026-01-13 11:09:00,260.27,86.28,15.3423283333333,483.2,251.84,69.77,34.99,59.09,86.05,16.4367053333333,483.16,263.1,74.01,33.64,64.27,88.6,14.4008126666667,483.53,265.88,74.08,39.36,61.4,84.19,15.1927353333333,482.91,217.85,107.99,184.76
2026-01-13 11:10:59,XPQ-01 Main,2026-01-13 11:10:00,165.74,88.05,15.2123283333333,483.78,158.89,44.06,20.8,34.14,85.4,16.5700386666667,483.67,162.57,45.79,16.15,39.27,92.48,13.9008126666667,484.19,175.78,49.04,23.29,39.7,86.25,15.159402,483.49,138.89,60.24,113.12
2026-01-13 11:11:59,XPQ-01 Main,2026-01-13 11:11:00,202.1,83.52,16.1223283333333,483.66,196.73,54.53,29.88,41.54,81.18,17.2367053333333,483.41,200.5,56.45,25.75,45.41,86.98,15.134146,484.13,209.06,58.33,31.54,45.85,82.39,15.9927353333333,483.42,169.31,87.18,132.8
2026-01-13 11:12:59,XPQ-01 Main,2026-01-13 11:12:00,193.53,81.14,15.5456616666667,483.38,190.56,52.79,30.61,40.06,79.45,16.903372,483.13,191.03,53.75,27.77,42.52,83.72,14.534146,483.83,198.99,55.49,31.65,42.55,80.24,15.1927353333333,483.17,162.03,90.03,125.13
2026-01-13 11:13:59,XPQ-01 Main,2026-01-13 11:13:00,215.38,93.93,15.108995,483.73,200.72,55.69,14.47,51.08,96.21,16.6700386666667,483.71,231.12,65.06,18.21,60.85,95.8,13.9674793333333,483.86,214.28,59.77,25.34,51.66,89.78,14.6927353333333,483.63,180.52,58.02,163.59
2026-01-13 11:14:59,XPQ-01 Main,2026-01-13 11:14:00,121.63,91.33,15.088995,483.77,104.83,29.06,11.56,23.61,89.82,16.5367053333333,483.78,127.19,35.83,8.18,30.5,96.59,14.0008126666667,484.18,132.86,37.06,16.08,29.17,87.58,14.7260686666667,483.34,101.96,35.81,83.28
2026-01-13 11:15:59,XPQ-01 Main,2026-01-13 11:15:00,145.03,82.65,15.4656616666667,482.28,133.62,36.92,20.69,27.43,79.84,16.903372,482.37,145.39,40.85,17.53,33.73,88.73,14.134146,482.83,156.09,43.39,24.78,32.34,79.38,15.359402,481.62,121.17,62.99,93.5
2026-01-13 11:16:59,XPQ-01 Main,2026-01-13 11:16:00,134.22,87.37,15.818995,481.7,120.22,33.18,16.75,24.67,82.73,17.0700386666667,481.86,134.59,37.78,10.92,31.58,94.51,14.634146,482.24,147.84,41.05,20.08,32.24,84.89,15.759402,481.0,112.01,47.75,88.49
2026-01-13 11:17:59,XPQ-01 Main,2026-01-13 11:17:00,223.33,84.93,13.4756616666667,481.78,217.11,59.94,31.31,49.08,84.31,15.4367053333333,481.87,224.41,62.99,29.62,52.78,87.21,11.5674793333333,482.33,228.48,63.45,34.01,51.13,83.26,13.4260686666667,481.14,186.38,94.93,152.99
2026-01-13 11:18:59,XPQ-01 Main,2026-01-13 11:18:00,223.44,89.27,12.978995,480.86,217.73,59.99,26.68,50.85,88.55,14.503372,480.88,224.92,63.0,24.17,54.78,91.49,11.6008126666667,481.4,227.66,63.12,29.31,53.69,87.77,12.8260686666667,480.32,186.11,80.16,159.31
2026-01-13 11:19:59,XPQ-01 Main,2026-01-13 11:19:00,231.01,93.23,14.1423283333333,481.09,217.28,59.91,20.56,53.3,93.3,15.7700386666667,481.01,238.31,66.76,18.61,60.51,95.58,12.5008126666667,481.56,237.44,65.87,26.42,57.33,90.82,14.159402,480.71,192.54,65.59,171.14
2026-01-13 11:20:59,XPQ-01 Main,2026-01-13 11:20:00,282.75,92.1,13.2556616666667,480.58,276.91,76.27,27.7,68.45,92.7,14.6700386666667,480.47,289.07,80.89,28.22,73.2,93.31,11.834146,481.06,282.27,78.23,32.82,68.93,90.29,13.259402,480.21,235.39,88.73,210.58
2026-01-13 11:21:59,XPQ-01 Main,2026-01-13 11:21:00,237.97,88.59,13.1123283333333,480.07,229.23,63.06,30.19,53.41,87.05,14.4367053333333,479.95,235.74,65.9,25.73,58.43,91.52,11.7674793333333,480.58,248.92,68.91,32.8,58.41,87.19,13.1260686666667,479.67,197.88,88.72,170.25
2026-01-13 11:22:59,XPQ-01 Main,2026-01-13 11:22:00,262.82,90.98,12.9556616666667,480.8,256.71,70.74,28.99,61.13,90.36,14.5367053333333,480.61,264.53,74.04,26.01,65.25,92.89,11.5008126666667,481.27,267.21,74.1,31.73,64.35,89.69,12.8260686666667,480.53,218.88,86.72,190.73
2026-01-13 11:23:59,XPQ-01 Main,2026-01-13 11:23:00,252.06,90.42,13.2456616666667,481.52,246.33,67.99,28.36,60.41,90.52,14.703372,481.34,254.61,71.36,27.52,64.25,91.92,11.834146,481.9,255.24,70.89,31.9,61.64,88.81,13.1927353333333,481.31,210.24,87.79,186.3
2026-01-13 11:24:59,XPQ-01 Main,2026-01-13 11:24:00,277.61,95.15,13.298995,481.33,262.89,72.54,19.11,66.32,96.09,14.9700386666667,481.43,290.83,81.52,19.47,76.2,96.89,11.734146,481.66,279.12,77.45,28.62,69.48,92.46,13.1927353333333,480.9,231.51,67.2,212.0
2026-01-13 11:25:59,XPQ-01 Main,2026-01-13 11:25:00,248.88,95.21,13.1556616666667,482.61,232.86,64.41,17.27,57.93,95.83,14.8700386666667,482.6,261.09,73.38,16.16,67.11,97.22,11.334146,483.06,252.7,70.32,25.35,62.13,92.59,13.259402,482.18,208.11,58.78,187.17
2026-01-13 11:26:59,XPQ-01 Main,2026-01-13 11:26:00,324.63,92.01,13.4856616666667,482.45,313.21,86.61,31.41,79.3,92.97,15.403372,482.25,337.26,94.71,33.13,86.43,93.38,11.934146,482.88,323.43,90.01,39.33,79.69,89.67,13.1260686666667,482.23,271.33,103.87,245.42
2026-01-13 11:27:59,XPQ-01 Main,2026-01-13 11:27:00,260.03,89.2,12.9656616666667,481.81,252.74,69.76,31.31,60.93,88.94,14.6367053333333,481.59,260.81,73.18,29.56,65.69,91.19,11.634146,482.49,266.55,74.08,35.14,63.39,87.46,12.6260686666667,481.35,217.02,96.02,190.0
2026-01-13 11:28:59,XPQ-01 Main,2026-01-13 11:28:00,271.9,88.23,13.588995,481.35,262.22,72.33,32.9,60.72,87.93,15.3367053333333,481.33,275.92,77.35,31.03,66.71,90.67,12.134146,481.87,277.56,77.03,37.7,63.83,86.1,13.2927353333333,480.85,226.72,101.63,191.27
2026-01-13 11:29:59,XPQ-01 Main,2026-01-13 11:29:00,247.95,94.14,14.9656616666667,481.05,235.68,64.97,19.51,56.59,94.54,16.4367053333333,480.99,257.44,72.12,18.26,64.32,96.2,13.6674793333333,481.57,250.72,69.55,26.21,60.22,91.7,14.7927353333333,480.59,206.64,63.98,181.14
2026-01-13 11:30:59,XPQ-01 Main,2026-01-13 11:30:00,302.7,91.14,14.6756616666667,480.74,298.86,82.35,32.85,73.8,91.36,15.9700386666667,480.69,305.3,85.46,32.35,77.27,92.24,13.4674793333333,481.19,303.92,84.25,36.4,74.38,89.82,14.5927353333333,480.34,252.06,101.6,225.45
2026-01-13 11:31:59,XPQ-01 Main,2026-01-13 11:31:00,246.79,87.65,14.8123283333333,481.23,240.11,66.21,31.72,53.53,86.03,16.403372,481.01,244.41,68.49,27.27,58.29,90.57,13.534146,481.79,255.86,71.02,34.1,58.35,86.34,14.4927353333333,480.88,205.72,93.09,170.16
2026-01-13 11:32:59,XPQ-01 Main,2026-01-13 11:32:00,183.32,96.38,14.5323283333333,482.52,167.6,46.35,12.49,42.43,95.93,15.903372,482.66,187.47,52.69,7.78,49.93,98.81,13.234146,482.92,194.9,54.21,17.14,49.1,94.41,14.459402,481.98,153.25,37.41,141.45
2026-01-13 11:33:59,XPQ-01 Main,2026-01-13 11:33:00,303.89,93.98,14.018995,480.81,294.08,81.05,24.46,76.06,95.2,15.6367053333333,480.71,316.09,88.47,27.25,83.16,95.03,12.434146,481.17,301.5,83.61,32.94,75.71,91.7,13.9927353333333,480.54,253.13,84.65,234.93
2026-01-13 11:34:59,XPQ-01 Main,2026-01-13 11:34:00,325.43,91.56,15.0756616666667,481.3,318.25,87.81,33.9,80.16,92.1,16.3700386666667,481.04,331.04,92.71,34.34,85.31,92.77,14.034146,481.64,327.0,90.8,39.53,80.77,89.82,14.8260686666667,481.22,271.32,107.77,246.24
2026-01-13 11:35:59,XPQ-01 Main,2026-01-13 11:35:00,331.05,91.27,15.288995,480.92,323.97,89.27,34.23,81.6,92.21,16.7367053333333,480.49,339.99,95.16,36.25,86.69,92.26,13.934146,481.54,329.18,91.37,40.58,80.74,89.35,15.1927353333333,480.75,275.8,111.07,249.02
2026-01-13 11:36:59,XPQ-01 Main,2026-01-13 11:36:00,290.66,93.84,15.0856616666667,480.22,285.5,78.53,27.06,72.56,93.7,16.6367053333333,479.92,291.53,81.52,24.85,76.54,95.11,13.534146,480.93,294.96,81.72,30.29,74.97,92.72,15.0927353333333,479.8,241.78,82.21,224.08
2026-01-13 11:37:59,XPQ-01 Main,2026-01-13 11:37:00,286.98,93.57,14.6523283333333,480.61,282.16,77.69,27.53,71.23,93.27,15.9367053333333,480.22,287.05,80.31,25.03,74.3,94.77,13.534146,481.3,291.71,80.9,29.8,73.5,92.67,14.4927353333333,480.32,238.9,82.36,219.04
2026-01-13 11:38:59,XPQ-01 Main,2026-01-13 11:38:00,296.13,93.46,13.908995,480.76,285.29,78.6,25.77,71.51,94.08,15.3367053333333,480.5,306.45,85.75,25.95,78.41,94.94,12.6674793333333,481.25,296.64,82.28,32.65,73.38,91.36,13.7260686666667,480.53,246.63,84.37,223.31
2026-01-13 11:39:59,XPQ-01 Main,2026-01-13 11:39:00,266.98,94.35,14.5523283333333,480.52,250.88,69.09,20.55,64.66,95.3,15.5367053333333,480.23,279.58,78.18,21.13,73.95,96.15,13.534146,480.97,270.47,74.99,29.55,67.5,91.61,14.5927353333333,480.37,222.27,71.22,206.11
2026-01-13 11:40:59,XPQ-01 Main,2026-01-13 11:40:00,294.43,93.04,14.918995,481.32,284.81,78.56,26.88,71.96,93.68,16.4700386666667,480.99,303.23,84.94,27.37,77.86,94.34,13.5674793333333,481.81,295.24,81.99,33.06,73.07,91.11,14.7260686666667,481.15,245.5,87.31,222.89
2026-01-13 11:41:59,XPQ-01 Main,2026-01-13 11:41:00,206.51,93.85,15.088995,482.16,189.27,52.29,19.02,46.78,92.63,16.5700386666667,481.99,208.89,58.65,13.35,54.53,97.13,13.4674793333333,482.72,221.38,61.57,23.51,54.41,91.8,15.2260686666667,481.75,172.5,55.88,155.72
2026-01-13 11:42:59,XPQ-01 Main,2026-01-13 11:42:00,344.29,91.24,14.998995,480.53,331.4,91.28,34.17,81.0,92.14,16.3367053333333,480.3,355.01,99.28,35.53,89.54,92.95,13.5674793333333,480.93,346.46,96.05,43.11,82.48,88.62,15.0927353333333,480.36,286.61,112.82,253.02
2026-01-13 11:43:59,XPQ-01 Main,2026-01-13 11:43:00,272.28,94.08,15.198995,481.68,254.72,70.3,20.01,65.23,95.6,16.5367053333333,481.54,288.44,80.91,22.51,75.67,95.85,13.834146,482.29,273.68,76.04,30.95,66.99,90.78,15.2260686666667,481.23,227.24,73.46,207.89
2026-01-13 11:44:59,XPQ-01 Main,2026-01-13 11:44:00,213.94,88.93,14.478995,482.34,205.38,56.71,27.75,46.63,85.94,16.0367053333333,481.98,206.73,58.09,20.69,51.95,92.9,13.034146,483.32,229.72,63.93,29.29,54.18,87.97,14.359402,481.71,178.74,77.73,152.76
2026-01-13 11:45:59,XPQ-01 Main,2026-01-13 11:45:00,327.16,93.43,13.6656616666667,482.72,314.26,86.91,28.11,80.67,94.43,15.303372,482.3,339.28,95.33,29.87,89.18,94.82,12.234146,483.36,327.93,91.36,37.21,81.89,91.04,13.459402,482.49,273.6,95.18,251.73
2026-01-13 11:46:59,XPQ-01 Main,2026-01-13 11:46:00,276.59,91.43,13.3423283333333,483.73,267.09,74.01,29.35,65.45,91.25,14.7700386666667,483.5,279.2,78.65,27.28,71.17,93.37,11.9008126666667,484.4,283.49,79.1,33.91,68.67,89.66,13.359402,483.28,231.77,90.54,205.29
2026-01-13 11:47:59,XPQ-01 Main,2026-01-13 11:47:00,285.26,90.56,13.2123283333333,483.59,278.78,77.24,33.04,67.96,89.93,14.9367053333333,483.4,285.51,80.4,29.86,72.62,92.49,11.6674793333333,484.23,291.48,81.3,36.17,71.57,89.25,13.0260686666667,483.13,238.95,99.08,212.15
2026-01-13 11:48:59,XPQ-01 Main,2026-01-13 11:48:00,313.58,94.29,13.7223283333333,483.96,301.59,83.64,26.01,77.95,94.86,15.403372,483.58,322.03,90.7,25.83,85.77,95.75,12.134146,484.5,317.12,88.56,33.6,80.44,92.27,13.6260686666667,483.79,262.9,85.45,244.16
2026-01-13 11:49:59,XPQ-01 Main,2026-01-13 11:49:00,235.33,91.53,13.598995,483.04,220.24,60.96,23.74,53.53,91.41,15.2700386666667,482.93,241.24,67.86,21.42,62.05,94.53,11.734146,483.55,244.5,68.11,30.56,58.54,88.65,13.7927353333333,482.66,196.93,75.72,174.12
2026-01-13 11:50:59,XPQ-01 Main,2026-01-13 11:50:00,292.39,92.24,13.2856616666667,483.28,283.2,78.41,30.59,71.5,91.94,14.7367053333333,482.75,294.3,82.77,27.81,77.17,94.08,11.634146,483.96,299.68,83.6,34.94,75.26,90.7,13.4927353333333,483.12,244.78,93.34,223.93
2026-01-13 11:51:59,XPQ-01 Main,2026-01-13 11:51:00,291.88,92.7,12.8656616666667,484.3,274.23,76.11,26.18,69.84,93.64,14.7367053333333,484.11,304.12,85.74,26.72,80.27,94.88,11.3008126666667,484.8,297.31,83.06,36.24,73.05,89.58,12.559402,483.99,244.91,89.14,223.15
2026-01-13 11:52:59,XPQ-01 Main,2026-01-13 11:52:00,231.94,93.64,12.8456616666667,483.75,219.94,60.94,21.77,55.28,93.04,14.4367053333333,483.4,232.77,65.57,17.97,61.51,95.99,11.234146,484.49,243.11,67.86,25.95,60.42,91.88,12.859402,483.35,194.37,65.7,177.21
2026-01-13 11:53:59,XPQ-01 Main,2026-01-13 11:53:00,251.5,90.94,13.0756616666667,482.71,235.84,65.23,26.69,57.91,90.82,14.603372,482.45,258.09,72.53,24.6,65.55,93.62,11.7674793333333,483.26,260.57,72.56,32.91,62.18,88.38,12.859402,482.41,210.32,84.2,185.63
2026-01-13 11:54:59,XPQ-01 Main,2026-01-13 11:54:00,264.03,93.69,13.398995,482.57,244.48,67.64,22.51,62.76,94.13,14.8367053333333,482.62,275.14,77.3,20.94,73.1,96.13,12.334146,482.87,272.48,75.81,31.29,67.87,90.81,13.0260686666667,482.23,220.76,74.74,203.74
2026-01-13 11:55:59,XPQ-01 Main,2026-01-13 11:55:00,269.62,91.33,13.3223283333333,482.74,254.86,70.5,29.25,62.68,90.62,14.903372,482.55,272.69,76.65,25.25,70.49,94.14,12.034146,483.32,281.32,78.33,34.69,68.58,89.24,13.0260686666667,482.37,225.48,89.19,201.75
2026-01-13 11:56:59,XPQ-01 Main,2026-01-13 11:56:00,245.56,91.39,15.2656616666667,483.34,233.2,64.57,25.75,57.47,91.26,16.8700386666667,483.19,249.42,70.21,23.7,64.5,93.86,13.834146,483.98,254.08,70.83,31.39,61.42,89.04,15.0927353333333,482.85,205.61,80.85,183.38
2026-01-13 11:57:59,XPQ-01 Main,2026-01-13 11:57:00,230.3,89.28,14.4756616666667,483.34,222.44,61.6,28.67,53.23,88.04,15.803372,483.05,229.01,64.44,24.73,58.03,91.99,13.034146,483.92,239.45,66.77,31.48,57.78,87.81,14.5927353333333,483.06,192.82,84.89,169.03
2026-01-13 11:58:59,XPQ-01 Main,2026-01-13 11:58:00,280.0,93.09,14.8656616666667,482.65,266.47,73.7,25.07,67.7,93.78,16.4367053333333,482.5,289.6,81.39,25.1,76.28,94.99,13.134146,483.2,283.92,79.04,33.14,70.57,90.52,15.0260686666667,482.25,234.12,83.31,214.55
2026-01-13 11:59:59,XPQ-01 Main,2026-01-13 11:59:00,280.94,92.36,14.5323283333333,482.83,269.49,74.5,27.54,66.85,92.46,15.5367053333333,482.64,285.34,80.28,25.85,74.47,94.47,13.534146,483.75,287.97,80.2,33.96,70.68,90.14,14.5260686666667,482.09,234.98,87.35,212.01
2026-01-13 12:00:59,XPQ-01 Main,2026-01-13 12:00:00,283.53,93.56,14.8756616666667,483.06,270.98,75.0,27.21,68.59,92.96,16.303372,482.79,284.98,80.15,23.08,74.36,95.5,13.4674793333333,483.7,294.62,82.1,30.89,73.6,92.21,14.859402,482.69,237.25,81.18,216.56
2026-01-13 12:01:59,XPQ-01 Main,2026-01-13 12:01:00,296.65,94.22,14.4323283333333,482.58,285.22,78.89,24.77,73.92,94.82,15.9700386666667,482.55,304.62,85.6,24.86,81.09,95.61,13.1008126666667,483.01,300.13,83.52,31.81,75.94,92.23,14.2260686666667,482.18,248.0,81.44,230.95
2026-01-13 12:02:59,XPQ-01 Main,2026-01-13 12:02:00,257.26,91.55,14.6856616666667,483.7,250.11,69.32,28.26,60.65,90.64,15.7700386666667,483.79,256.29,72.22,24.19,66.03,93.9,13.534146,484.27,265.38,74.0,31.48,65.47,90.13,14.759402,483.06,215.54,83.93,192.16
2026-01-13 12:03:59,XPQ-01 Main,2026-01-13 12:03:00,263.94,92.19,14.5856616666667,483.72,253.29,70.19,26.58,63.15,92.17,16.103372,483.43,267.24,75.27,24.86,69.05,94.09,13.3008126666667,484.4,271.27,75.71,31.44,66.17,90.33,14.359402,483.33,221.16,82.88,198.37
2026-01-13 12:04:59,XPQ-01 Main,2026-01-13 12:04:00,254.92,92.31,14.7556616666667,483.82,247.1,68.5,25.41,60.83,92.27,16.303372,483.96,257.55,72.61,23.68,66.58,94.22,13.334146,484.43,260.13,72.55,30.13,63.83,90.43,14.6260686666667,483.07,213.65,79.22,191.25
2026-01-13 12:05:59,XPQ-01 Main,2026-01-13 12:05:00,265.65,92.51,14.498995,483.77,256.71,71.15,26.26,63.26,92.36,15.9700386666667,483.8,270.73,76.3,24.11,68.97,94.4,13.1008126666667,484.41,269.51,75.17,30.78,66.58,90.77,14.4260686666667,483.1,222.62,81.15,198.81
2026-01-13 12:06:59,XPQ-01 Main,2026-01-13 12:06:00,274.3,92.15,14.7656616666667,483.49,266.54,73.86,27.86,65.83,92.09,16.003372,483.55,276.64,77.9,26.08,71.33,93.92,13.5674793333333,483.96,279.72,77.97,32.38,68.69,90.45,14.7260686666667,482.98,229.73,86.32,205.85
2026-01-13 12:07:59,XPQ-01 Main,2026-01-13 12:07:00,256.92,92.45,14.588995,483.58,248.17,68.72,24.57,62.1,92.98,15.8367053333333,483.21,262.45,73.92,24.63,67.83,93.99,13.0674793333333,484.46,260.14,72.59,30.13,63.58,90.37,14.859402,483.08,215.23,79.34,193.51
2026-01-13 12:08:59,XPQ-01 Main,2026-01-13 12:08:00,280.18,93.44,14.6656616666667,483.35,271.42,75.18,24.13,70.06,94.55,16.1367053333333,483.08,291.47,82.0,26.54,75.63,94.36,13.3674793333333,483.84,277.64,77.42,30.77,69.41,91.42,14.4927353333333,483.12,234.61,81.44,215.1
2026-01-13 12:09:59,XPQ-01 Main,2026-01-13 12:09:00,249.3,87.93,14.988995,483.28,240.56,66.6,32.36,56.04,86.6,16.203372,483.06,248.15,69.84,28.31,61.44,90.82,13.8008126666667,483.97,259.19,72.25,35.53,60.91,86.38,14.959402,482.82,208.7,96.2,178.39
2026-01-13 12:10:59,XPQ-01 Main,2026-01-13 12:10:00,238.48,89.28,15.4756616666667,483.58,227.8,63.09,28.45,54.75,88.73,16.6700386666667,483.58,241.66,68.1,25.96,60.89,91.99,14.0674793333333,484.37,245.98,68.58,33.06,58.67,87.12,15.6927353333333,482.8,199.78,87.48,174.32
2026-01-13 12:11:59,XPQ-01 Main,2026-01-13 12:11:00,249.49,96.41,15.8323283333333,484.17,241.12,66.85,18.47,61.96,95.83,17.103372,483.94,249.29,70.32,13.53,67.2,98.03,14.4008126666667,485.04,258.05,72.07,21.32,67.56,95.36,15.9927353333333,483.53,209.24,53.31,196.71
2026-01-13 12:12:59,XPQ-01 Main,2026-01-13 12:12:00,281.83,92.47,13.098995,484.21,271.6,75.35,28.63,69.0,92.37,14.8700386666667,484.11,285.02,80.38,26.52,75.14,94.3,11.2674793333333,484.84,288.87,80.66,33.55,72.47,90.75,13.159402,483.68,236.39,88.7,216.61
2026-01-13 12:13:59,XPQ-01 Main,2026-01-13 12:13:00,290.26,95.14,13.188995,484.35,281.17,78.04,22.79,73.63,95.53,14.6367053333333,484.33,295.95,83.49,22.36,79.0,96.22,11.7008126666667,484.9,293.66,82.02,28.12,75.19,93.66,13.2260686666667,483.82,243.54,73.27,227.82
2026-01-13 12:14:59,XPQ-01 Main,2026-01-13 12:14:00,271.03,91.33,13.2423283333333,483.73,260.46,72.18,29.01,64.92,91.3,14.703372,483.47,276.3,77.83,27.41,70.88,93.27,11.7674793333333,484.4,276.33,77.11,33.97,67.84,89.42,13.259402,483.31,227.12,90.39,203.65
2026-01-13 12:15:59,XPQ-01 Main,2026-01-13 12:15:00,308.57,93.69,12.908995,484.6,296.81,82.42,27.08,76.6,94.28,14.3700386666667,484.6,316.33,89.28,27.33,83.28,95.01,11.4674793333333,485.13,312.57,87.34,33.8,78.12,91.78,12.8927353333333,484.06,259.04,88.21,238.0
2026-01-13 12:16:59,XPQ-01 Main,2026-01-13 12:16:00,287.69,91.96,13.298995,483.71,275.67,76.37,29.49,69.55,92.07,14.5700386666667,483.56,293.08,82.59,27.96,76.89,93.98,11.8674793333333,484.52,294.31,82.11,35.71,73.06,89.84,13.459402,483.05,241.07,93.16,219.5
2026-01-13 12:17:59,XPQ-01 Main,2026-01-13 12:17:00,274.8,92.52,13.2323283333333,484.25,264.93,73.52,26.24,67.16,93.14,14.8367053333333,484.18,283.45,79.94,26.51,73.59,94.08,11.5674793333333,484.8,276.03,77.08,32.59,68.64,90.34,13.2927353333333,483.77,230.53,85.33,209.39
2026-01-13 12:19:59,XPQ-01 Main,2026-01-13 12:19:00,279.94,92.34,13.2323283333333,483.83,270.61,75.02,27.24,67.37,92.71,14.8700386666667,483.71,287.33,80.96,26.66,73.83,94.06,11.634146,484.46,281.88,78.66,33.21,69.63,90.26,13.1927353333333,483.34,234.64,87.11,210.83
2026-01-13 12:20:59,XPQ-01 Main,2026-01-13 12:20:00,277.15,91.92,13.6223283333333,483.89,268.58,74.47,28.17,67.25,92.24,15.3700386666667,483.77,281.76,79.4,27.58,73.13,93.57,12.1008126666667,484.47,281.12,78.45,33.63,69.24,89.95,13.3927353333333,483.43,232.32,89.38,209.62
2026-01-13 12:21:59,XPQ-01 Main,2026-01-13 12:21:00,273.82,93.27,13.1756616666667,483.92,265.05,73.49,25.77,67.8,93.47,14.7700386666667,483.75,278.23,78.4,24.67,73.38,94.79,11.7008126666667,484.51,278.18,77.65,30.79,70.13,91.56,13.059402,483.5,229.54,81.23,211.3
2026-01-13 12:22:59,XPQ-01 Main,2026-01-13 12:22:00,274.95,93.11,13.6756616666667,483.52,268.07,74.26,26.43,67.73,93.16,15.5700386666667,483.31,277.09,78.02,24.92,72.9,94.63,12.0008126666667,484.19,279.69,78.01,30.89,70.19,91.53,13.459402,483.05,230.29,82.23,210.82
2026-01-13 12:23:59,XPQ-01 Main,2026-01-13 12:23:00,290.13,90.43,14.5423283333333,483.23,281.26,77.86,31.84,68.19,90.61,15.7700386666667,483.04,295.67,83.21,30.98,74.14,92.27,13.334146,483.92,293.45,81.8,37.19,70.37,88.41,14.5260686666667,482.73,242.86,100.01,212.7
2026-01-13 12:24:59,XPQ-01 Main,2026-01-13 12:24:00,269.81,91.52,14.618995,483.63,262.37,72.69,29.25,63.81,90.91,15.5700386666667,483.46,269.23,75.84,26.05,68.37,93.44,13.9008126666667,484.32,277.84,77.5,32.28,67.44,90.2,14.3927353333333,483.12,226.03,87.58,199.62
2026-01-13 12:25:59,XPQ-01 Main,2026-01-13 12:25:00,251.87,92.04,15.188995,484.28,243.9,67.66,25.66,60.9,92.16,16.203372,483.97,255.63,72.09,24.59,65.88,93.69,14.2674793333333,484.98,256.06,71.55,30.03,63.02,90.28,15.0927353333333,483.89,211.29,80.27,189.8
2026-01-13 12:26:59,XPQ-01 Main,2026-01-13 12:26:00,266.34,93.92,13.7423283333333,484.88,259.91,72.2,22.79,67.08,94.69,14.8700386666667,484.65,273.17,77.13,24.06,71.4,94.76,12.3008126666667,485.55,265.95,74.39,27.87,66.85,92.3,14.059402,484.45,223.72,74.71,205.33
2026-01-13 12:27:59,XPQ-01 Main,2026-01-13 12:27:00,288.06,89.17,13.4556616666667,484.27,282.02,78.23,33.0,69.26,90.28,14.203372,483.94,295.08,83.21,35.26,73.96,90.27,12.534146,485.0,287.09,80.22,38.69,68.15,86.96,13.6260686666667,483.87,241.66,106.95,211.36
2026-01-13 12:28:59,XPQ-01 Main,2026-01-13 12:28:00,271.12,90.09,13.798995,485.39,259.41,72.16,30.36,63.44,90.2,14.703372,485.3,277.61,78.46,29.25,69.76,92.22,12.734146,485.9,276.34,77.36,35.91,66.06,87.86,13.959402,484.97,227.98,95.53,199.27
2026-01-13 12:29:59,XPQ-01 Main,2026-01-13 12:29:00,278.87,89.98,13.3223283333333,485.77,267.93,74.59,31.03,65.62,90.4,14.4367053333333,485.64,285.73,80.81,30.95,71.79,91.83,12.1008126666667,486.24,282.95,79.27,36.84,67.3,87.72,13.4260686666667,485.43,234.67,98.81,204.71
2026-01-13 12:30:59,XPQ-01 Main,2026-01-13 12:30:00,280.2,89.39,12.218995,485.36,270.09,75.09,33.62,65.48,88.96,13.2367053333333,484.86,281.82,79.62,31.09,71.43,91.69,10.934146,486.07,288.68,80.87,38.21,69.12,87.52,12.4927353333333,485.15,235.58,102.92,206.03
2026-01-13 12:31:59,XPQ-01 Main,2026-01-13 12:31:00,272.96,93.92,12.618995,485.79,263.32,73.31,23.26,67.95,94.61,13.703372,485.51,281.56,79.61,23.77,74.09,95.22,11.4008126666667,486.26,274.01,76.8,29.59,69.18,91.94,12.759402,485.58,229.71,76.62,211.21
2026-01-13 12:32:59,XPQ-01 Main,2026-01-13 12:32:00,285.66,86.63,13.3123283333333,485.32,279.87,77.79,38.5,66.4,86.51,14.2367053333333,485.0,287.24,81.18,37.35,70.96,88.49,11.9674793333333,486.09,289.88,81.17,42.39,68.06,84.89,13.7260686666667,484.88,240.14,118.23,205.43
2026-01-13 12:33:59,XPQ-01 Main,2026-01-13 12:33:00,254.35,93.74,13.1323283333333,484.92,244.7,67.97,23.14,62.21,93.73,13.9700386666667,484.49,258.15,72.87,21.36,67.33,95.32,11.9674793333333,485.57,260.22,72.82,27.31,64.99,92.19,13.459402,484.69,213.66,71.81,194.53
2026-01-13 12:34:59,XPQ-01 Main,2026-01-13 12:34:00,272.53,89.96,11.7556616666667,484.46,267.76,74.28,31.04,64.14,90.01,12.403372,484.14,274.3,77.4,30.05,68.64,91.61,10.634146,485.33,275.54,77.02,35.03,65.78,88.26,12.2260686666667,483.93,228.7,96.12,198.57
2026-01-13 12:35:59,XPQ-01 Main,2026-01-13 12:35:00,277.66,86.89,12.3223283333333,484.68,268.31,74.53,37.29,62.44,85.86,12.8700386666667,484.67,277.16,78.23,33.77,68.11,89.59,11.4674793333333,485.13,287.5,80.35,41.01,66.76,85.21,12.6260686666667,484.24,233.11,112.07,197.31
2026-01-13 12:36:59,XPQ-01 Main,2026-01-13 12:36:00,283.74,88.24,11.7756616666667,483.85,276.79,76.69,36.15,64.59,87.26,12.5367053333333,483.67,281.44,79.34,32.44,70.32,90.8,10.8008126666667,484.74,292.98,81.77,39.84,69.14,86.64,11.9927353333333,483.14,237.8,108.43,204.05
2026-01-13 12:37:59,XPQ-01 Main,2026-01-13 12:37:00,298.12,86.67,11.6423283333333,484.15,292.5,81.08,40.13,68.43,86.26,12.4700386666667,483.63,299.0,84.3,38.18,72.68,88.53,10.534146,485.1,302.86,84.64,43.38,70.7,85.23,11.9260686666667,483.72,250.01,121.7,211.81
2026-01-13 12:38:59,XPQ-01 Main,2026-01-13 12:38:00,306.05,90.44,9.72232833333333,483.27,300.15,83.06,34.54,73.29,90.46,10.303372,482.91,309.34,87.07,33.29,78.12,91.99,9.00081266666667,484.16,308.65,86.07,38.82,75.19,88.85,9.859402,482.74,256.2,106.65,226.6
2026-01-13 12:39:59,XPQ-01 Main,2026-01-13 12:39:00,306.34,88.72,9.92232833333333,482.39,300.08,82.97,37.31,71.58,88.68,10.5367053333333,482.42,309.01,86.81,36.09,76.59,90.46,9.034146,482.83,309.93,86.2,41.62,73.48,87.01,10.1927353333333,481.93,255.98,115.02,221.65
2026-01-13 12:40:59,XPQ-01 Main,2026-01-13 12:40:00,309.89,92.05,8.888995,482.2,298.0,82.36,30.82,75.2,92.53,9.73670533333333,482.32,318.14,89.35,30.64,82.22,93.71,7.90081266666667,482.63,313.54,87.16,37.58,77.2,89.91,9.02606866666667,481.65,258.87,99.03,234.62
2026-01-13 12:41:59,XPQ-01 Main,2026-01-13 12:41:00,306.23,86.44,9.618995,481.81,295.11,81.48,39.69,70.07,87.01,10.403372,481.65,313.19,87.86,40.29,77.19,88.65,8.80081266666667,482.35,310.41,86.26,46.74,71.4,83.67,9.659402,481.44,255.6,126.71,218.66
2026-01-13 12:42:59,XPQ-01 Main,2026-01-13 12:42:00,298.0,89.17,9.68566166666667,482.95,286.28,79.19,34.48,69.75,89.65,10.603372,482.73,305.44,85.92,34.58,76.83,91.19,8.96747933333333,483.71,302.28,84.21,41.21,71.64,86.68,9.49273533333333,482.41,249.32,110.27,218.22
2026-01-13 12:43:59,XPQ-01 Main,2026-01-13 12:43:00,309.48,91.08,9.188995,483.23,296.83,82.16,32.13,73.98,91.72,10.0367053333333,482.95,317.81,89.44,32.61,81.4,92.83,8.40081266666667,483.99,313.82,87.49,39.46,75.73,88.68,9.12606866666667,482.75,259.08,104.2,231.11
2026-01-13 12:44:59,XPQ-01 Main,2026-01-13 12:44:00,294.71,88.45,10.798995,483.14,284.38,78.71,36.28,68.49,88.37,11.6700386666667,482.83,298.24,83.9,34.84,74.95,90.68,9.734146,483.85,301.49,84.04,41.8,71.38,86.29,10.9927353333333,482.73,246.65,112.91,214.81
2026-01-13 12:45:59,XPQ-01 Main,2026-01-13 12:45:00,357.24,87.2,7.03232833333333,483.31,341.78,94.59,47.02,81.25,86.55,7.67003866666667,483.08,360.4,101.48,43.63,90.5,90.08,6.534146,484.19,369.54,103.02,53.9,86.89,84.98,6.89273533333333,482.65,299.09,144.54,258.65
2026-01-13 12:46:59,XPQ-01 Main,2026-01-13 12:46:00,373.97,88.54,7.06566166666667,483.25,359.63,99.57,44.85,88.04,89.1,7.503372,483.13,383.37,107.9,45.3,97.13,90.63,6.60081266666667,483.91,378.92,105.61,53.76,90.2,85.9,7.09273533333333,482.72,313.08,143.91,275.37
2026-01-13 12:47:59,XPQ-01 Main,2026-01-13 12:47:00,338.46,89.15,7.088995,483.85,322.14,89.31,38.33,79.31,90.04,7.603372,483.66,352.71,99.37,39.75,87.95,91.13,6.40081266666667,484.4,340.53,95.04,47.19,80.54,86.28,7.259402,483.49,283.72,125.27,247.8
2026-01-13 12:48:59,XPQ-01 Main,2026-01-13 12:48:00,333.74,87.9,7.098995,483.19,322.36,89.22,42.78,77.17,87.46,7.77003866666667,483.13,335.95,94.57,40.18,83.82,90.17,6.434146,483.9,342.91,95.54,47.9,80.92,86.05,7.09273533333333,482.55,279.34,130.86,241.91
2026-01-13 12:49:59,XPQ-01 Main,2026-01-13 12:49:00,372.02,89.84,6.91232833333333,482.81,359.66,99.55,40.7,89.83,91.09,7.703372,482.87,385.21,108.29,43.84,98.08,91.29,6.434146,483.14,371.19,103.32,50.23,89.25,87.15,6.59273533333333,482.41,311.16,134.77,277.16
2026-01-13 12:50:59,XPQ-01 Main,2026-01-13 12:50:00,325.47,89.94,6.698995,482.5,315.08,87.11,37.77,77.19,89.82,7.303372,482.37,329.09,92.46,35.87,83.56,91.89,6.36747933333333,483.03,332.25,92.46,43.08,80.2,88.09,6.42606866666667,482.11,272.04,116.72,240.95
2026-01-13 12:51:59,XPQ-01 Main,2026-01-13 12:51:00,350.96,86.59,7.94232833333333,483.01,340.31,94.18,46.36,80.46,86.64,8.503372,482.91,355.85,100.11,45.46,87.49,88.74,7.56747933333333,483.62,356.73,99.37,52.66,82.85,84.39,7.759402,482.49,293.65,144.48,250.8
2026-01-13 12:52:59,XPQ-01 Main,2026-01-13 12:52:00,358.51,88.75,7.408995,482.4,342.65,94.66,40.83,84.4,90.02,8.03670533333333,482.21,373.2,104.87,43.88,93.62,90.55,7.10081266666667,483.21,359.68,100.09,50.9,84.54,85.67,7.09273533333333,481.8,299.63,135.62,262.57
2026-01-13 12:53:59,XPQ-01 Main,2026-01-13 12:53:00,324.92,88.18,7.44566166666667,481.72,318.03,87.71,41.73,75.2,87.44,8.13670533333333,481.42,323.74,90.87,38.34,80.85,90.36,6.96747933333333,482.74,332.97,92.54,45.49,79.34,86.75,7.22606866666667,481.01,271.12,125.56,235.4
2026-01-13 12:54:59,XPQ-01 Main,2026-01-13 12:54:00,342.18,88.72,6.94232833333333,481.23,333.78,92.0,42.08,80.37,88.59,7.503372,481.05,345.37,96.82,40.37,85.79,90.48,6.46747933333333,482.01,347.39,96.43,46.66,82.73,87.1,6.859402,480.64,285.24,129.11,248.89
2026-01-13 12:55:59,XPQ-01 Main,2026-01-13 12:55:00,340.77,89.34,7.888995,481.46,331.92,91.52,40.56,81.07,89.43,8.503372,481.2,344.66,96.65,39.54,86.95,91.03,7.40081266666667,482.26,345.74,96.03,45.88,83.16,87.56,7.759402,480.92,284.21,125.97,251.18
2026-01-13 12:56:59,XPQ-01 Main,2026-01-13 12:56:00,366.11,86.75,6.898995,480.57,358.79,98.75,48.4,84.23,86.7,7.47003866666667,480.39,368.37,103.13,47.2,89.86,88.53,6.46747933333333,481.38,371.17,102.89,53.36,86.17,85.02,6.759402,479.94,304.76,148.96,260.25
2026-01-13 12:57:59,XPQ-01 Main,2026-01-13 12:57:00,383.52,85.93,6.708995,480.8,377.01,103.79,52.74,87.4,85.62,7.47003866666667,480.55,384.19,107.61,50.71,93.04,87.81,6.36747933333333,481.68,389.35,108.0,57.27,89.95,84.35,6.29273533333333,480.16,319.4,160.71,270.38
2026-01-13 12:58:59,XPQ-01 Main,2026-01-13 12:58:00,401.14,86.86,7.13232833333333,480.81,385.01,106.0,51.57,91.82,87.19,7.93670533333333,480.64,409.59,114.74,51.5,101.7,89.21,6.66747933333333,481.67,408.82,113.38,60.72,94.68,84.18,6.79273533333333,480.13,334.13,163.79,288.2
2026-01-13 12:59:59,XPQ-01 Main,2026-01-13 12:59:00,389.96,89.29,6.18566166666667,481.66,380.95,105.12,45.34,93.86,90.04,6.903372,481.59,398.91,111.92,46.84,100.53,90.64,5.86747933333333,482.29,390.02,108.34,52.71,93.89,87.2,5.79273533333333,481.1,325.37,144.9,288.28
2026-01-13 13:00:59,XPQ-01 Main,2026-01-13 13:00:00,376.83,86.01,6.698995,481.72,364.27,100.52,51.03,85.6,85.89,7.43670533333333,481.58,381.71,107.1,49.61,93.08,88.25,6.20081266666667,482.43,384.51,106.83,57.48,88.55,83.88,6.459402,481.16,314.46,158.12,267.22
2026-01-13 13:01:59,XPQ-01 Main,2026-01-13 13:01:00,388.44,86.01,6.708995,481.79,379.27,104.67,52.81,89.52,86.13,7.57003866666667,481.61,392.76,110.21,52.22,95.83,87.81,6.234146,482.49,393.3,109.3,58.65,91.1,84.08,6.32606866666667,481.26,324.18,163.67,276.45
2026-01-13 13:02:59,XPQ-01 Main,2026-01-13 13:02:00,431.15,81.37,5.978995,481.45,421.81,116.3,67.64,93.62,81.06,6.73670533333333,481.25,433.62,121.61,66.09,100.16,83.47,5.66747933333333,482.27,438.03,121.65,73.03,95.96,79.58,5.52606866666667,480.82,359.56,206.76,289.74
2026-01-13 13:03:59,XPQ-01 Main,2026-01-13 13:03:00,418.3,80.11,6.418995,481.26,405.84,111.84,65.9,89.46,80.51,6.83670533333333,481.09,425.39,119.28,67.06,97.78,82.47,6.06747933333333,482.13,423.67,117.6,74.05,90.37,77.35,6.359402,480.55,348.73,207.01,277.62
2026-01-13 13:04:59,XPQ-01 Main,2026-01-13 13:04:00,391.12,82.06,6.218995,481.7,377.35,104.11,58.15,84.88,82.5,6.53670533333333,481.45,398.67,111.84,59.1,92.9,84.38,6.00081266666667,482.45,397.34,110.42,66.0,85.94,79.31,6.12606866666667,481.2,326.37,183.24,263.73
2026-01-13 13:05:59,XPQ-01 Main,2026-01-13 13:05:00,400.17,79.78,6.16566166666667,481.45,388.46,107.07,64.0,84.42,79.69,6.63670533333333,481.28,404.86,113.59,63.63,92.49,82.39,5.734146,482.41,407.18,113.07,71.16,86.59,77.26,6.12606866666667,480.66,333.74,198.79,263.5
2026-01-13 13:06:59,XPQ-01 Main,2026-01-13 13:06:00,433.06,74.3,5.36566166666667,480.19,423.86,116.53,73.1,81.09,74.28,5.703372,479.79,437.65,122.4,73.38,88.02,76.81,5.30081266666667,481.13,437.67,121.28,79.47,82.0,71.81,5.09273533333333,479.64,360.22,225.95,251.11
2026-01-13 13:07:59,XPQ-01 Main,2026-01-13 13:07:00,482.59,78.53,4.808995,479.37,470.71,129.31,78.66,101.57,79.06,5.23670533333333,479.47,490.57,136.98,80.34,108.66,80.41,4.634146,479.86,486.49,134.45,86.05,101.0,76.12,4.559402,478.79,400.74,245.04,311.22
2026-01-13 13:08:59,XPQ-01 Main,2026-01-13 13:08:00,520.36,77.24,4.918995,478.93,506.67,138.94,86.41,107.75,78.01,5.403372,478.59,531.05,148.15,89.41,116.5,79.33,4.56747933333333,479.86,523.36,144.63,95.9,106.68,74.37,4.79273533333333,478.34,431.72,271.72,330.93
2026-01-13 13:09:59,XPQ-01 Main,2026-01-13 13:09:00,475.19,74.64,4.54566166666667,479.85,461.51,126.82,82.71,94.7,75.32,4.93670533333333,479.45,484.84,135.47,85.43,103.4,77.09,4.36747933333333,480.67,479.23,132.7,91.91,94.07,71.53,4.32606866666667,479.42,395.0,260.05,292.17
2026-01-13 13:10:59,XPQ-01 Main,2026-01-13 13:10:00,664.69,82.53,4.27566166666667,478.74,650.55,178.43,98.24,148.1,83.33,4.67003866666667,478.6,676.87,188.71,101.7,157.74,84.05,4.10081266666667,479.37,666.67,184.09,109.12,146.5,80.2,4.059402,478.26,551.23,309.06,452.34
2026-01-13 13:11:59,XPQ-01 Main,2026-01-13 13:11:00,640.44,83.31,4.36566166666667,479.34,627.73,172.4,92.56,144.36,84.18,4.93670533333333,479.33,653.13,182.36,96.17,153.52,84.74,4.40081266666667,479.94,640.46,177.03,103.19,142.52,81.0,3.759402,478.75,531.79,291.93,440.41
2026-01-13 13:12:59,XPQ-01 Main,2026-01-13 13:12:00,620.69,82.62,4.57566166666667,479.59,610.0,167.52,93.24,138.61,82.97,5.33670533333333,479.21,627.27,175.21,94.04,147.14,84.26,4.534146,480.48,624.8,172.92,101.9,138.95,80.64,3.859402,479.09,515.64,289.18,424.7
2026-01-13 13:13:59,XPQ-01 Main,2026-01-13 13:13:00,620.16,84.03,4.498995,479.5,607.21,166.81,87.28,141.23,85.07,4.803372,479.61,634.14,177.17,91.62,150.54,85.42,4.46747933333333,480.12,619.13,171.15,98.4,138.84,81.59,4.22606866666667,478.79,515.13,277.3,430.61
2026-01-13 13:14:59,XPQ-01 Main,2026-01-13 13:14:00,625.29,82.85,4.34566166666667,478.95,611.64,167.73,90.92,139.87,83.84,4.77003866666667,478.55,640.46,178.65,95.14,149.28,84.33,4.234146,479.86,623.76,172.41,101.96,137.69,80.36,4.02606866666667,478.44,518.79,288.02,426.84
2026-01-13 13:15:59,XPQ-01 Main,2026-01-13 13:15:00,616.59,82.24,4.43232833333333,480.02,605.36,166.55,92.29,137.83,83.09,5.07003866666667,479.9,627.14,175.25,95.59,146.1,83.68,4.50081266666667,480.45,617.27,170.9,102.04,135.82,79.95,3.7260686666666705,479.72,512.7,289.92,419.75
2026-01-13 13:16:59,XPQ-01 Main,2026-01-13 13:16:00,599.14,82.7,4.278995,479.57,587.14,161.25,87.63,133.94,83.68,4.87003866666667,479.5,612.26,171.09,91.48,143.08,84.25,4.134146,480.38,598.02,165.39,98.35,131.94,80.17,3.8260686666666706,478.82,497.73,277.47,408.96
2026-01-13 13:17:59,XPQ-01 Main,2026-01-13 13:17:00,577.83,81.82,4.24566166666667,478.91,565.42,155.04,87.03,126.9,82.47,4.77003866666667,478.74,588.02,164.09,89.26,135.77,83.56,4.10081266666667,479.82,580.04,160.23,96.6,126.26,79.42,3.859402,478.16,479.36,272.89,388.94
2026-01-13 13:18:59,XPQ-01 Main,2026-01-13 13:18:00,618.98,82.2,4.498995,478.53,610.34,167.4,92.6,138.29,83.09,5.003372,478.35,629.85,175.43,96.02,145.29,83.43,4.26747933333333,478.94,616.76,170.25,101.34,135.47,80.07,4.22606866666667,478.3,513.09,289.96,419.05
2026-01-13 13:19:59,XPQ-01 Main,2026-01-13 13:19:00,631.98,81.63,4.45566166666667,477.8,628.73,172.14,97.23,141.44,82.41,5.07003866666667,477.85,638.87,177.81,100.05,146.17,82.52,4.26747933333333,478.35,628.33,173.09,103.68,137.98,79.95,4.02606866666667,477.18,523.03,300.96,425.59
2026-01-13 13:20:59,XPQ-01 Main,2026-01-13 13:20:00,612.51,82.51,3.978995,478.05,603.86,165.44,90.73,136.65,83.31,4.43670533333333,477.85,623.9,173.62,93.57,142.89,83.66,4.00081266666667,478.53,609.77,168.15,98.49,134.01,80.58,3.49273533333333,477.76,507.21,282.8,413.55
2026-01-13 13:21:59,XPQ-01 Main,2026-01-13 13:21:00,658.65,81.16,4.398995,477.96,658.9,180.48,103.68,147.33,81.78,4.903372,477.83,662.37,184.32,105.62,150.59,81.87,4.434146,478.47,654.68,180.48,108.45,143.7,79.82,3.859402,477.58,545.28,317.76,441.63
2026-01-13 13:22:59,XPQ-01 Main,2026-01-13 13:22:00,630.32,82.71,4.33232833333333,478.14,619.49,169.77,92.05,141.81,83.88,4.803372,478.07,644.06,179.29,97.03,150.16,83.99,4.434146,478.57,627.42,173.01,102.85,138.32,80.25,3.759402,477.77,522.06,291.92,430.29
2026-01-13 13:23:59,XPQ-01 Main,2026-01-13 13:23:00,603.13,83.91,4.508995,478.0,586.89,160.81,84.29,136.21,85.04,5.03670533333333,478.14,619.52,172.46,88.82,146.85,85.57,4.56747933333333,478.35,603.0,166.16,96.74,134.25,81.13,3.92606866666667,477.51,499.42,269.85,417.31
2026-01-13 13:24:59,XPQ-01 Main,2026-01-13 13:24:00,619.93,80.63,4.35232833333333,480.74,611.07,168.3,98.13,135.66,81.03,4.93670533333333,480.71,626.42,175.42,99.26,143.44,82.23,4.26747933333333,481.37,622.29,172.51,106.11,135.09,78.64,3.859402,480.13,516.23,303.49,414.19
2026-01-13 13:25:59,XPQ-01 Main,2026-01-13 13:25:00,644.89,81.16,4.36566166666667,480.18,641.49,176.49,101.12,143.67,81.78,4.83670533333333,480.15,651.2,182.13,103.15,148.57,82.14,4.46747933333333,480.78,641.98,177.77,107.18,140.81,79.57,3.79273533333333,479.61,536.38,311.46,433.06
2026-01-13 13:26:59,XPQ-01 Main,2026-01-13 13:26:00,602.61,80.82,4.42232833333333,480.6,597.84,164.61,95.74,132.85,81.13,5.13670533333333,480.61,606.14,169.71,96.26,138.21,82.06,4.334146,481.24,603.85,167.34,101.32,131.7,79.26,3.79273533333333,479.95,501.65,293.31,402.76
2026-01-13 13:27:59,XPQ-01 Main,2026-01-13 13:27:00,625.66,80.88,4.54566166666667,480.08,620.27,170.59,97.47,139.27,81.93,5.03670533333333,480.04,635.76,177.79,101.71,144.99,81.87,4.40081266666667,480.75,620.95,171.91,105.35,135.07,78.85,4.19273533333333,479.45,520.29,304.53,419.33
2026-01-13 13:28:59,XPQ-01 Main,2026-01-13 13:28:00,587.44,80.99,4.518995,481.08,579.23,159.62,91.68,129.93,81.71,5.03670533333333,481.07,596.12,167.08,94.25,137.12,82.41,4.40081266666667,481.79,586.97,162.83,99.85,128.04,78.86,4.12606866666667,480.39,489.53,285.78,395.09
2026-01-13 13:29:59,XPQ-01 Main,2026-01-13 13:29:00,577.94,80.4,4.508995,481.75,570.5,157.41,93.32,126.08,80.38,4.93670533333333,481.63,580.12,162.81,92.52,133.26,82.14,4.66747933333333,482.5,583.19,162.04,99.68,127.09,78.69,3.92606866666667,481.12,482.27,285.52,386.44
2026-01-13 13:30:59,XPQ-01 Main,2026-01-13 13:30:00,593.95,80.22,4.598995,481.37,588.25,162.26,95.75,130.2,80.56,5.103372,481.28,597.96,167.61,96.45,136.19,81.61,4.60081266666667,481.91,595.64,165.36,102.05,129.33,78.5,4.09273533333333,480.91,495.23,294.25,395.71
2026-01-13 13:31:59,XPQ-01 Main,2026-01-13 13:31:00,572.5,80.09,4.44566166666667,481.47,565.11,155.79,92.37,124.8,80.38,5.07003866666667,481.35,576.53,161.76,92.91,131.4,81.65,4.334146,482.38,575.86,159.91,99.03,124.46,78.25,3.92606866666667,480.69,477.46,284.31,380.66
2026-01-13 13:32:59,XPQ-01 Main,2026-01-13 13:32:00,405.44,74.2,4.23232833333333,483.34,396.83,109.94,73.99,80.29,73.54,4.703372,483.34,406.0,114.26,72.37,86.96,76.86,4.134146,483.73,413.49,115.24,79.25,82.67,72.19,3.859402,482.95,339.44,225.6,249.92
2026-01-13 13:33:59,XPQ-01 Main,2026-01-13 13:33:00,426.36,72.11,5.208995,482.71,415.77,114.94,78.42,82.92,72.66,5.603372,482.42,433.6,121.9,80.38,89.47,74.39,5.10081266666667,483.52,429.72,119.68,85.35,82.01,69.29,4.92606866666667,482.2,356.52,244.15,254.4
2026-01-13 13:34:59,XPQ-01 Main,2026-01-13 13:34:00,1045.38,46.74,5.198995,473.66,1036.32,281.0,238.84,128.15,47.28,5.43670533333333,473.83,1067.73,294.9,246.26,138.95,49.14,4.86747933333333,474.62,1032.09,281.83,250.09,121.84,43.8,5.29273533333333,472.54,857.73,735.19,388.93
2026-01-13 13:35:59,XPQ-01 Main,2026-01-13 13:35:00,740.99,70.36,4.96566166666667,478.98,728.47,199.81,140.5,141.25,70.9,5.403372,479.11,749.97,209.4,143.96,151.13,72.41,4.86747933333333,479.83,744.53,205.59,150.89,139.1,67.78,4.62606866666667,478.01,614.8,435.35,431.48
2026-01-13 13:36:59,XPQ-01 Main,2026-01-13 13:36:00,861.11,77.34,4.01232833333333,478.89,848.27,232.81,145.29,181.27,78.03,4.47003866666667,478.92,872.46,243.31,149.24,191.62,78.89,4.034146,479.35,862.59,238.2,156.85,178.32,75.09,3.52606866666667,478.4,714.32,451.38,551.21
2026-01-13 13:37:59,XPQ-01 Main,2026-01-13 13:37:00,944.56,79.89,4.198995,478.0,930.29,254.74,150.4,204.79,80.6,4.603372,477.82,958.3,266.74,154.71,216.52,81.36,4.20081266666667,478.63,945.07,260.61,163.63,202.07,77.71,3.79273533333333,477.53,782.08,468.74,623.37
2026-01-13 13:38:59,XPQ-01 Main,2026-01-13 13:38:00,974.68,80.21,4.17566166666667,477.44,960.02,262.37,153.63,212.26,81.01,4.57003866666667,477.14,990.1,275.4,158.74,224.21,81.62,4.06747933333333,478.44,973.92,268.31,167.44,208.74,78.01,3.89273533333333,476.74,806.09,479.81,645.21
2026-01-13 13:39:59,XPQ-01 Main,2026-01-13 13:39:00,978.38,79.95,4.288995,477.18,963.81,263.51,154.57,212.87,80.92,4.53670533333333,477.22,995.46,276.69,160.9,224.46,81.28,4.36747933333333,477.74,975.88,268.52,168.76,208.07,77.67,3.959402,476.58,808.72,484.24,645.41
2026-01-13 13:40:59,XPQ-01 Main,2026-01-13 13:40:00,980.17,80.2,4.13232833333333,477.51,965.98,264.05,154.53,213.47,81.0,4.303372,477.51,995.22,277.03,159.69,225.56,81.62,4.36747933333333,478.48,979.31,269.66,168.48,209.95,77.99,3.7260686666666705,476.52,810.74,482.7,648.99
2026-01-13 13:41:59,XPQ-01 Main,2026-01-13 13:41:00,964.39,79.08,4.15566166666667,476.83,950.77,259.47,156.64,206.12,79.62,4.77003866666667,476.53,976.6,271.35,159.81,217.72,80.61,4.034146,477.92,965.82,265.75,169.07,204.18,77.02,3.659402,476.05,796.56,485.52,628.02
2026-01-13 13:42:59,XPQ-01 Main,2026-01-13 13:42:00,954.31,78.58,4.37566166666667,477.35,939.8,256.79,155.21,204.0,79.58,4.803372,477.06,972.39,270.44,161.82,215.45,79.96,4.434146,478.37,950.72,261.87,169.14,199.05,76.2,3.89273533333333,476.62,789.1,486.17,618.5
2026-01-13 13:43:59,XPQ-01 Main,2026-01-13 13:43:00,990.93,79.75,4.42232833333333,476.3,980.86,267.47,158.49,215.14,80.51,4.97003866666667,476.1,1003.54,278.49,163.17,225.14,80.97,4.534146,477.22,988.39,271.59,170.57,210.93,77.76,3.759402,475.57,817.55,492.23,651.21
2026-01-13 13:44:59,XPQ-01 Main,2026-01-13 13:44:00,953.03,79.07,4.62232833333333,476.09,933.07,254.43,149.86,204.91,80.72,5.07003866666667,476.22,980.7,272.12,161.23,218.44,80.46,4.534146,476.84,945.32,259.46,168.1,196.8,76.04,4.259402,475.21,786.0,479.19,620.15
2026-01-13 13:45:59,XPQ-01 Main,2026-01-13 13:45:00,938.29,79.93,4.44566166666667,476.6,927.0,252.94,150.5,202.38,80.25,4.903372,476.69,945.71,262.77,151.97,213.34,81.45,4.534146,477.53,942.16,258.9,161.32,201.77,78.1,3.89273533333333,475.59,774.61,463.79,617.49
2026-01-13 13:46:59,XPQ-01 Main,2026-01-13 13:46:00,1000.16,79.48,4.42232833333333,475.95,983.39,268.06,155.06,218.37,81.53,4.97003866666667,475.87,1033.86,286.66,170.12,230.33,80.44,4.434146,476.71,983.23,269.9,173.72,206.07,76.46,3.859402,475.25,824.63,498.9,654.77
2026-01-13 13:47:59,XPQ-01 Main,2026-01-13 13:47:00,1042.71,78.88,4.34566166666667,475.4,1028.46,280.04,165.29,225.94,80.71,4.73670533333333,475.24,1072.68,297.02,178.87,236.84,79.8,4.434146,476.16,1026.98,281.64,182.41,214.29,76.15,3.859402,474.8,858.7,526.58,677.06
2026-01-13 13:48:59,XPQ-01 Main,2026-01-13 13:48:00,1001.7,79.14,4.24232833333333,475.77,992.72,270.47,161.76,216.16,80.06,4.703372,475.53,1016.18,281.59,167.78,224.98,80.16,4.10081266666667,476.6,996.2,273.47,173.19,210.34,77.2,3.92606866666667,475.19,825.52,502.74,651.47
2026-01-13 13:49:59,XPQ-01 Main,2026-01-13 13:49:00,1029.23,79.81,4.26566166666667,476.13,1019.23,277.8,163.88,223.4,80.63,4.53670533333333,476.13,1043.29,289.57,169.34,233.76,80.98,4.26747933333333,477.12,1025.17,281.48,176.44,218.69,77.83,3.9927353333333295,475.13,848.85,509.67,675.85
2026-01-13 13:50:59,XPQ-01 Main,2026-01-13 13:50:00,1024.96,81.22,4.298995,476.01,1007.47,274.55,155.82,225.4,82.26,4.803372,475.87,1046.43,290.25,163.35,238.81,82.54,4.234146,476.95,1020.98,280.36,171.9,220.49,78.87,3.859402,475.21,845.16,491.07,684.7
2026-01-13 13:51:59,XPQ-01 Main,2026-01-13 13:51:00,1052.8,80.56,4.198995,475.67,1035.81,282.07,161.56,231.0,81.95,4.63670533333333,475.42,1079.42,299.13,172.06,243.97,81.72,4.10081266666667,476.62,1043.16,286.3,178.88,223.12,78.02,3.859402,474.96,867.5,512.5,698.1
2026-01-13 13:52:59,XPQ-01 Main,2026-01-13 13:52:00,1033.28,81.13,4.14232833333333,475.85,1022.95,278.69,161.73,226.35,81.37,4.603372,475.76,1039.39,288.22,162.47,237.32,82.52,4.10081266666667,476.75,1037.49,284.75,172.45,226.07,79.51,3.7260686666666705,475.03,851.66,496.65,689.74
2026-01-13 13:53:59,XPQ-01 Main,2026-01-13 13:53:00,1063.51,80.91,4.198995,475.87,1047.62,285.47,162.47,233.81,82.12,4.67003866666667,475.95,1086.87,301.44,171.61,246.83,82.11,4.16747933333333,476.69,1056.05,289.76,179.23,227.12,78.5,3.759402,474.96,876.68,513.3,707.77
2026-01-13 13:54:59,XPQ-01 Main,2026-01-13 13:54:00,1084.18,81.16,3.998995,475.95,1073.0,292.19,167.15,239.0,81.95,4.37003866666667,475.6,1100.12,305.16,172.58,250.05,82.3,4.034146,477.18,1079.42,296.49,180.46,234.43,79.24,3.59273533333333,475.06,893.83,520.19,723.47
2026-01-13 13:55:59,XPQ-01 Main,2026-01-13 13:55:00,1106.96,81.36,3.97566166666667,475.8,1095.69,298.31,169.28,245.03,82.27,4.47003866666667,475.55,1124.83,311.95,176.01,256.36,82.44,3.96747933333333,476.99,1100.37,302.09,183.48,239.33,79.36,3.49273533333333,474.87,912.35,528.78,740.71
2026-01-13 13:56:59,XPQ-01 Main,2026-01-13 13:56:00,903.11,77.37,4.198995,475.86,892.02,242.97,151.57,188.42,77.92,4.57003866666667,475.96,914.46,253.75,154.85,198.58,78.86,4.20081266666667,476.9,902.84,247.7,162.4,186.07,75.34,3.8260686666666706,474.72,744.42,468.82,573.06
2026-01-13 13:57:59,XPQ-01 Main,2026-01-13 13:57:00,930.06,76.78,4.06566166666667,476.22,919.98,250.82,157.12,195.04,77.87,4.33670533333333,476.18,946.31,262.67,164.04,204.06,77.94,4.10081266666667,477.18,923.9,253.74,168.94,188.79,74.52,3.759402,475.3,767.23,490.11,587.89
2026-01-13 13:58:59,XPQ-01 Main,2026-01-13 13:58:00,906.78,75.78,4.25566166666667,476.53,890.89,243.13,154.2,187.61,77.25,4.703372,476.58,929.01,258.0,163.71,198.74,77.18,4.20081266666667,477.35,900.44,247.4,168.99,180.03,72.91,3.859402,475.66,748.53,486.9,566.37
2026-01-13 13:59:59,XPQ-01 Main,2026-01-13 13:59:00,891.08,75.44,4.32232833333333,476.2,879.92,240.02,154.01,183.53,76.6,4.47003866666667,476.13,908.04,251.89,161.07,192.5,76.69,4.40081266666667,476.91,885.26,243.13,165.84,177.21,73.01,4.09273533333333,475.56,735.04,480.92,553.23
2026-01-13 14:00:59,XPQ-01 Main,2026-01-13 14:00:00,862.21,76.61,4.67566166666667,476.76,860.15,234.73,148.8,180.85,77.22,4.97003866666667,476.59,868.1,241.21,151.67,186.53,77.59,4.76747933333333,477.79,858.37,236.08,155.7,176.71,75.03,4.29273533333333,475.91,712.02,456.17,544.09
2026-01-13 14:01:59,XPQ-01 Main,2026-01-13 14:01:00,887.06,75.58,4.34566166666667,476.35,876.8,239.23,152.1,184.33,77.13,4.63670533333333,476.26,907.31,251.77,161.59,192.79,76.64,4.46747933333333,477.09,877.06,240.96,164.6,175.7,72.98,3.92606866666667,475.69,731.95,478.29,552.82
2026-01-13 14:02:59,XPQ-01 Main,2026-01-13 14:02:00,896.48,76.9,4.34566166666667,476.56,888.65,242.6,150.91,189.47,78.22,4.77003866666667,476.52,913.02,253.46,158.92,197.24,77.87,4.40081266666667,477.23,887.76,243.99,162.18,181.79,74.62,3.859402,475.93,740.05,472.01,568.49
2026-01-13 14:03:59,XPQ-01 Main,2026-01-13 14:03:00,871.62,77.11,4.398995,476.76,864.06,235.89,147.36,183.74,78.01,4.77003866666667,476.55,883.37,245.34,152.41,191.46,78.24,4.40081266666667,477.63,867.43,238.58,157.22,178.71,75.08,4.02606866666667,476.11,719.82,456.99,553.91
2026-01-13 14:04:59,XPQ-01 Main,2026-01-13 14:04:00,809.91,76.84,4.308995,476.6,794.79,216.94,136.96,167.79,77.47,4.67003866666667,476.56,821.6,228.15,140.72,179.19,78.65,4.16747933333333,477.38,813.33,223.56,149.04,166.0,74.41,4.09273533333333,475.86,668.65,426.72,512.98
2026-01-13 14:05:59,XPQ-01 Main,2026-01-13 14:05:00,881.72,75.76,4.38566166666667,476.87,863.56,235.88,148.92,182.39,77.46,4.73670533333333,476.79,907.48,252.09,159.75,194.17,77.22,4.534146,477.6,874.13,240.42,165.03,174.18,72.59,3.89273533333333,476.21,728.38,473.71,550.74
2026-01-13 14:06:59,XPQ-01 Main,2026-01-13 14:06:00,846.4,73.63,4.44566166666667,476.49,828.88,226.28,148.86,169.77,75.19,4.903372,476.59,868.72,241.17,158.41,180.73,75.2,4.46747933333333,477.12,841.61,231.19,163.5,162.46,70.48,3.959402,475.76,698.64,470.77,512.96
2026-01-13 14:07:59,XPQ-01 Main,2026-01-13 14:07:00,816.7,75.81,4.28566166666667,476.2,802.9,218.93,140.39,166.97,76.54,4.73670533333333,476.12,829.78,230.26,144.59,176.85,77.42,4.26747933333333,477.06,817.44,224.5,151.41,163.97,73.47,3.859402,475.41,673.69,436.39,507.79
2026-01-13 14:08:59,XPQ-01 Main,2026-01-13 14:08:00,731.61,76.15,4.52232833333333,477.68,717.22,196.19,127.05,148.7,76.03,5.07003866666667,477.73,735.76,204.84,126.79,160.12,78.4,4.46747933333333,478.5,741.85,204.32,136.9,150.79,74.04,4.02606866666667,476.8,605.35,390.75,459.61
2026-01-13 14:09:59,XPQ-01 Main,2026-01-13 14:09:00,815.94,75.58,4.42232833333333,476.6,795.91,217.24,137.42,167.59,77.33,4.903372,476.54,841.32,233.63,147.98,179.6,77.18,4.50081266666667,477.42,810.6,222.81,153.4,160.18,72.22,3.859402,475.85,673.68,438.8,507.37
2026-01-13 14:10:59,XPQ-01 Main,2026-01-13 14:10:00,678.32,70.37,5.498995,478.46,674.98,184.97,130.47,130.05,70.6,6.203372,478.33,680.62,189.7,131.26,135.41,71.8,5.434146,479.22,679.35,187.48,135.71,128.35,68.71,4.859402,477.82,562.15,397.44,393.81
2026-01-13 14:11:59,XPQ-01 Main,2026-01-13 14:11:00,492.36,68.84,5.15566166666667,479.8,493.07,135.45,99.67,90.8,67.34,5.43670533333333,479.57,483.22,135.08,94.55,94.59,70.73,5.20081266666667,480.72,500.79,138.61,100.45,94.34,68.46,4.82606866666667,479.11,409.15,294.67,279.73
2026-01-13 14:12:59,XPQ-01 Main,2026-01-13 14:12:00,580.87,66.48,5.35566166666667,478.63,568.64,155.8,117.1,101.97,65.67,5.77003866666667,478.49,580.9,162.05,115.9,112.07,69.51,5.234146,479.64,593.07,163.73,125.02,104.87,64.27,5.059402,477.75,481.58,358.02,318.92
2026-01-13 14:13:59,XPQ-01 Main,2026-01-13 14:13:00,713.87,69.88,4.55232833333333,477.57,703.72,192.51,134.35,136.24,71.2,5.003372,477.56,728.21,202.62,140.96,143.55,71.35,4.56747933333333,478.3,709.68,195.44,144.12,130.4,67.09,4.09273533333333,476.87,590.57,419.42,410.19
2026-01-13 14:14:59,XPQ-01 Main,2026-01-13 14:14:00,713.37,67.08,4.42232833333333,477.22,703.71,192.33,140.74,128.76,67.5,4.73670533333333,477.22,720.43,200.34,143.68,137.39,69.11,4.46747933333333,478.02,715.96,197.02,149.55,126.65,64.63,4.059402,476.43,589.7,433.98,392.8
2026-01-13 14:15:59,XPQ-01 Main,2026-01-13 14:15:00,761.23,68.84,4.598995,476.92,745.41,203.62,145.28,141.59,69.8,4.93670533333333,476.92,777.0,215.91,150.99,151.27,70.78,4.834146,477.67,761.27,209.36,156.48,137.33,65.96,4.02606866666667,476.17,628.89,452.75,430.19
2026-01-13 14:16:59,XPQ-01 Main,2026-01-13 14:16:00,758.24,68.56,4.488995,476.86,741.93,202.58,145.69,139.3,69.11,4.87003866666667,476.77,770.2,214.02,149.76,150.15,70.8,4.60081266666667,477.75,762.58,209.73,157.02,137.14,65.78,3.9927353333333295,476.06,626.33,452.47,426.59
2026-01-13 14:17:59,XPQ-01 Main,2026-01-13 14:17:00,768.49,68.21,4.54566166666667,476.89,756.89,206.67,148.4,141.24,68.94,5.07003866666667,476.76,780.34,216.84,153.04,150.49,70.11,4.50081266666667,477.79,768.24,211.32,158.7,137.87,65.58,4.059402,476.1,634.83,460.14,429.6
2026-01-13 14:18:59,XPQ-01 Main,2026-01-13 14:18:00,740.38,67.89,4.398995,477.9,724.36,198.23,143.74,135.04,68.47,4.803372,477.92,751.53,209.32,148.19,146.1,70.21,4.50081266666667,478.74,745.24,205.36,155.37,132.82,64.98,3.89273533333333,477.03,612.91,447.29,413.95
2026-01-13 14:19:59,XPQ-01 Main,2026-01-13 14:19:00,869.8,70.71,4.65566166666667,476.72,848.79,231.73,160.36,167.03,72.14,5.27003866666667,476.57,892.46,247.85,169.98,179.85,72.68,4.60081266666667,477.56,868.15,238.73,176.33,160.5,67.31,4.09273533333333,476.02,718.3,506.66,507.38
2026-01-13 14:20:59,XPQ-01 Main,2026-01-13 14:20:00,788.41,72.23,4.178995,476.27,767.65,209.34,143.16,151.72,72.73,4.57003866666667,476.28,801.55,222.5,147.23,165.43,74.7,4.30081266666667,477.15,796.02,218.62,157.22,151.0,69.27,3.659402,475.37,650.46,447.61,468.15
2026-01-13 14:21:59,XPQ-01 Main,2026-01-13 14:21:00,845.18,72.54,4.32232833333333,477.54,831.72,227.35,156.22,164.57,72.53,4.603372,477.45,850.25,236.66,156.84,176.07,74.67,4.46747933333333,478.55,853.57,235.1,166.66,165.35,70.43,3.89273533333333,476.62,699.11,479.71,505.99
2026-01-13 14:22:59,XPQ-01 Main,2026-01-13 14:22:00,885.16,71.92,4.03232833333333,477.28,866.41,236.83,161.46,172.19,72.95,4.303372,477.22,903.11,251.13,168.63,184.97,73.9,4.16747933333333,478.07,885.96,243.88,176.35,167.69,68.91,3.62606866666667,476.55,731.84,506.45,524.85
2026-01-13 14:23:59,XPQ-01 Main,2026-01-13 14:23:00,872.96,69.12,4.33232833333333,477.65,850.5,232.62,165.73,162.91,70.1,4.57003866666667,477.6,891.18,248.05,173.25,177.11,71.49,4.50081266666667,478.53,877.19,241.64,181.82,158.8,65.78,3.92606866666667,476.83,722.32,520.8,498.83
2026-01-13 14:24:59,XPQ-01 Main,2026-01-13 14:24:00,726.01,69.11,4.298995,479.25,715.97,196.42,142.64,134.2,68.6,4.703372,479.09,725.21,202.52,141.14,143.83,71.44,4.46747933333333,480.22,736.84,203.69,150.23,136.44,67.3,3.72606866666667,478.45,602.63,434.01,414.47
2026-01-13 14:25:59,XPQ-01 Main,2026-01-13 14:25:00,800.55,72.81,5.14566166666667,478.82,785.56,215.52,144.23,158.9,74.05,5.603372,478.82,817.76,228.06,151.51,169.41,74.54,4.86747933333333,479.41,798.32,220.43,157.33,153.61,69.86,4.959402,478.24,664.01,453.07,481.92
2026-01-13 14:26:59,XPQ-01 Main,2026-01-13 14:26:00,710.82,73.33,5.03232833333333,479.43,707.91,194.37,132.27,141.53,73.06,5.47003866666667,479.42,707.82,197.74,130.51,147.81,74.96,4.90081266666667,480.2,716.72,198.15,137.3,142.28,71.96,4.72606866666667,478.68,590.26,400.08,431.62
2026-01-13 14:27:59,XPQ-01 Main,2026-01-13 14:27:00,786.29,71.17,4.96566166666667,478.64,772.67,211.87,145.59,153.27,72.5,5.57003866666667,478.37,803.98,224.05,153.07,162.38,72.77,4.76747933333333,479.31,782.23,216.02,157.57,147.11,68.24,4.559402,478.23,651.94,456.22,462.75
2026-01-13 14:28:59,XPQ-01 Main,2026-01-13 14:28:00,679.98,71.06,4.908995,479.21,671.76,184.29,130.58,129.64,70.45,5.57003866666667,479.12,677.67,189.28,128.36,138.46,73.34,4.734146,480.19,690.5,190.85,137.19,132.19,69.39,4.42606866666667,478.33,564.41,396.13,400.28
2026-01-13 14:29:59,XPQ-01 Main,2026-01-13 14:29:00,804.69,72.03,5.13232833333333,479.05,785.13,215.44,146.38,157.73,73.3,5.67003866666667,479.0,824.36,230.05,154.29,170.03,74.06,5.00081266666667,479.77,804.59,222.29,161.25,152.56,68.73,4.72606866666667,478.37,667.78,461.93,480.33
2026-01-13 14:30:59,XPQ-01 Main,2026-01-13 14:30:00,756.7,72.58,5.318995,478.92,748.91,205.52,139.36,150.73,73.43,6.003372,478.81,765.87,213.58,143.53,157.85,73.99,5.134146,479.46,755.31,208.64,148.1,146.49,70.32,4.82606866666667,478.5,627.74,431.0,455.08
2026-01-13 14:31:59,XPQ-01 Main,2026-01-13 14:31:00,766.87,71.0,4.98566166666667,479.33,753.15,206.87,143.91,148.34,71.78,5.53670533333333,479.34,778.53,217.33,148.53,158.38,72.94,4.834146,479.84,768.94,212.53,155.11,144.96,68.28,4.59273533333333,478.8,636.73,447.55,451.69
2026-01-13 14:32:59,XPQ-01 Main,2026-01-13 14:32:00,714.67,70.39,5.05566166666667,479.57,710.48,195.3,137.61,138.0,70.81,5.603372,479.41,718.32,200.51,139.08,143.64,71.84,5.00081266666667,479.96,715.21,197.85,143.74,135.25,68.53,4.559402,479.35,593.66,420.43,416.9
2026-01-13 14:33:59,XPQ-01 Main,2026-01-13 14:33:00,715.1,68.72,4.75566166666667,479.46,711.69,195.53,141.46,134.27,68.84,5.303372,479.54,715.83,199.93,141.69,139.98,70.28,4.46747933333333,480.0,717.77,198.41,146.9,132.67,67.02,4.49273533333333,478.84,593.86,430.05,406.92
2026-01-13 14:34:59,XPQ-01 Main,2026-01-13 14:34:00,697.5,67.28,5.06566166666667,479.89,688.45,189.29,140.02,126.72,67.1,5.43670533333333,480.04,699.16,195.49,139.75,134.72,69.4,5.00081266666667,480.48,704.9,195.0,146.93,126.81,65.34,4.759402,479.14,579.78,426.69,388.25
2026-01-13 14:35:59,XPQ-01 Main,2026-01-13 14:35:00,714.58,67.91,5.14566166666667,479.64,704.42,193.55,142.59,130.5,67.51,5.67003866666667,479.61,714.97,199.77,141.63,140.07,70.32,4.934146,480.31,724.34,200.35,150.41,131.83,65.91,4.82606866666667,479.01,593.67,434.63,402.39
2026-01-13 14:36:59,XPQ-01 Main,2026-01-13 14:36:00,700.85,68.59,4.76566166666667,479.86,697.83,191.97,138.62,132.06,68.97,5.27003866666667,479.97,702.91,196.4,139.92,137.2,70.01,4.50081266666667,480.16,701.81,194.15,144.16,129.3,66.77,4.52606866666667,479.44,582.52,422.71,398.55
2026-01-13 14:37:59,XPQ-01 Main,2026-01-13 14:37:00,714.72,68.2,4.888995,479.5,706.8,194.2,142.14,131.73,67.97,5.403372,479.67,715.45,199.88,141.51,139.89,70.3,4.734146,480.05,721.91,199.54,149.03,132.09,66.33,4.52606866666667,478.79,593.62,432.68,403.71
2026-01-13 14:38:59,XPQ-01 Main,2026-01-13 14:38:00,704.75,68.39,4.92232833333333,479.99,697.32,191.88,138.1,132.2,69.15,5.53670533333333,480.28,713.77,199.56,141.63,138.7,69.97,4.60081266666667,480.29,703.14,194.5,145.72,128.17,66.05,4.62606866666667,479.39,585.94,425.45,399.07
2026-01-13 14:39:59,XPQ-01 Main,2026-01-13 14:39:00,707.48,66.89,5.06566166666667,481.71,701.0,193.54,143.65,129.07,66.84,5.57003866666667,481.62,708.43,198.68,143.78,136.46,68.84,4.96747933333333,482.15,713.02,198.09,150.19,128.49,65.01,4.659402,481.35,590.31,437.61,394.01
2026-01-13 14:40:59,XPQ-01 Main,2026-01-13 14:40:00,703.87,67.24,4.95566166666667,481.49,694.59,191.71,140.45,129.33,67.74,5.53670533333333,481.76,709.74,199.07,143.29,137.31,69.19,4.834146,481.86,707.28,196.27,148.92,126.69,64.8,4.49273533333333,480.87,587.05,432.66,393.33
2026-01-13 14:41:59,XPQ-01 Main,2026-01-13 14:41:00,720.5,64.91,4.778995,481.44,715.42,197.32,148.78,128.95,65.49,5.47003866666667,481.5,725.62,203.53,151.65,135.06,66.51,4.50081266666667,482.09,720.46,199.98,155.54,125.31,62.74,4.359402,480.74,600.84,455.97,389.32
2026-01-13 14:42:59,XPQ-01 Main,2026-01-13 14:42:00,713.96,67.51,5.078995,481.82,709.37,195.78,144.49,131.63,67.35,5.47003866666667,481.61,712.66,199.97,143.86,138.25,69.29,5.26747933333333,482.53,719.84,200.09,150.04,131.37,65.88,4.49273533333333,481.33,595.84,438.38,401.26
2026-01-13 14:43:59,XPQ-01 Main,2026-01-13 14:43:00,740.78,65.18,4.95232833333333,481.6,733.31,202.31,152.42,132.58,65.63,5.43670533333333,481.58,746.38,209.41,155.11,139.94,66.99,4.90081266666667,482.3,742.64,206.24,160.05,129.59,62.93,4.52606866666667,480.92,617.96,467.59,402.11
2026-01-13 14:44:59,XPQ-01 Main,2026-01-13 14:44:00,725.11,64.53,5.15566166666667,481.71,715.26,197.45,149.66,128.14,65.04,5.53670533333333,481.85,731.47,205.26,153.05,136.42,66.54,5.06747933333333,482.22,728.62,202.33,158.27,125.15,62.03,4.859402,481.07,605.04,460.98,389.71
2026-01-13 14:45:59,XPQ-01 Main,2026-01-13 14:45:00,706.66,66.9,5.56566166666667,481.94,703.95,194.31,144.03,129.7,66.92,6.103372,481.96,706.45,198.39,143.95,135.33,68.5,5.36747933333333,482.7,709.58,197.19,148.99,128.41,65.29,5.22606866666667,481.16,589.89,436.97,393.44
2026-01-13 14:46:59,XPQ-01 Main,2026-01-13 14:46:00,743.91,65.7,5.03232833333333,481.3,737.91,203.51,152.24,134.67,66.26,5.53670533333333,481.07,749.1,209.89,154.92,140.82,67.26,4.96747933333333,481.85,744.72,206.78,159.18,131.15,63.59,4.59273533333333,480.97,620.18,466.33,406.64
2026-01-13 14:47:59,XPQ-01 Main,2026-01-13 14:47:00,728.35,66.4,5.27566166666667,479.33,724.04,198.87,147.89,132.26,66.66,5.77003866666667,479.55,731.12,204.19,149.1,138.23,67.99,5.06747933333333,479.85,729.89,201.65,153.76,129.96,64.55,4.99273533333333,478.59,604.72,450.74,400.45
2026-01-13 14:48:59,XPQ-01 Main,2026-01-13 14:48:00,737.96,67.35,5.56566166666667,478.88,730.7,200.57,147.24,135.54,67.73,5.97003866666667,478.85,742.19,206.92,149.06,141.79,68.92,5.40081266666667,479.27,740.99,204.63,153.63,132.87,65.42,5.32606866666667,478.52,612.13,449.92,410.19
2026-01-13 14:49:59,XPQ-01 Main,2026-01-13 14:49:00,734.56,68.17,4.898995,479.57,729.56,200.38,145.85,136.83,68.42,5.23670533333333,479.31,738.26,206.2,146.95,142.9,69.71,4.70081266666667,480.37,735.86,203.61,151.79,134.69,66.37,4.759402,479.04,610.19,444.59,414.42
2026-01-13 14:50:59,XPQ-01 Main,2026-01-13 14:50:00,757.96,68.11,4.84232833333333,479.39,752.12,206.57,149.91,141.18,68.56,5.17003866666667,479.51,762.98,213.12,151.91,147.25,69.6,4.76747933333333,480.0,758.77,209.7,156.47,138.07,66.17,4.59273533333333,478.67,629.39,458.29,426.5
2026-01-13 14:51:59,XPQ-01 Main,2026-01-13 14:51:00,758.51,67.04,5.04232833333333,479.45,750.72,206.3,152.24,138.82,67.38,5.603372,479.44,763.03,213.0,154.2,146.05,68.77,4.90081266666667,479.87,761.77,210.62,159.54,136.41,64.99,4.62606866666667,479.05,629.93,465.98,421.28
2026-01-13 14:52:59,XPQ-01 Main,2026-01-13 14:52:00,806.63,59.52,4.86566166666667,478.46,804.62,220.66,175.84,131.66,59.94,5.33670533333333,478.69,810.37,225.86,177.95,136.76,60.93,4.76747933333333,478.86,804.89,221.96,180.94,127.77,57.68,4.49273533333333,477.82,668.48,534.73,396.19
2026-01-13 14:53:59,XPQ-01 Main,2026-01-13 14:53:00,942.74,69.0,5.398995,477.5,937.72,256.6,183.49,178.39,69.71,5.903372,477.59,950.56,264.37,187.46,184.86,70.21,5.30081266666667,477.98,939.93,258.78,191.3,173.02,67.08,4.99273533333333,476.93,779.74,562.26,536.26
2026-01-13 14:54:59,XPQ-01 Main,2026-01-13 14:54:00,880.4,66.76,5.298995,477.67,870.16,238.1,176.2,159.53,67.12,5.803372,477.37,887.19,246.74,178.87,168.59,68.59,5.134146,478.36,883.86,243.62,185.45,156.82,64.57,4.959402,477.29,728.45,540.53,484.94
2026-01-13 14:55:59,XPQ-01 Main,2026-01-13 14:55:00,844.28,65.5,4.898995,478.66,835.2,228.98,172.25,150.41,65.78,5.47003866666667,478.29,850.35,236.98,174.17,158.58,67.32,4.734146,479.42,847.28,234.05,180.43,147.98,63.42,4.49273533333333,478.28,700.01,526.85,456.98
2026-01-13 14:56:59,XPQ-01 Main,2026-01-13 14:56:00,857.6,65.72,5.14232833333333,478.13,846.27,231.75,173.24,153.3,66.27,5.53670533333333,478.2,867.26,241.64,176.83,161.84,67.51,5.00081266666667,478.87,859.28,236.88,182.45,149.53,63.39,4.89273533333333,477.31,710.27,532.53,464.67
2026-01-13 14:57:59,XPQ-01 Main,2026-01-13 14:57:00,875.18,67.09,4.94566166666667,477.93,862.86,236.14,174.36,158.71,67.31,5.43670533333333,477.74,881.79,245.51,176.22,167.94,68.99,4.66747933333333,478.78,880.88,242.87,183.36,156.71,64.97,4.72606866666667,477.28,724.52,533.95,483.35
2026-01-13 14:58:59,XPQ-01 Main,2026-01-13 14:58:00,882.83,68.49,4.818995,478.14,875.14,239.75,173.74,164.45,68.74,5.37003866666667,478.34,887.25,247.2,175.46,173.0,70.21,4.734146,478.7,886.1,244.21,182.08,162.23,66.52,4.359402,477.38,731.16,531.28,499.69
2026-01-13 14:59:59,XPQ-01 Main,2026-01-13 14:59:00,937.0,68.2,5.62232833333333,476.53,926.43,252.92,182.99,174.1,68.93,6.17003866666667,476.71,947.37,263.08,187.97,183.43,69.84,5.36747933333333,477.17,937.19,257.44,193.55,169.25,65.83,5.32606866666667,475.72,773.44,564.51,526.78
2026-01-13 15:00:59,XPQ-01 Main,2026-01-13 15:00:00,925.42,69.6,5.808995,477.73,913.59,249.96,177.42,175.31,70.29,6.203372,477.39,937.72,260.85,181.96,184.97,71.29,5.60081266666667,478.5,924.95,255.0,188.35,171.09,67.24,5.62606866666667,477.3,765.81,547.74,531.37
2026-01-13 15:01:59,XPQ-01 Main,2026-01-13 15:01:00,934.61,69.32,5.43232833333333,477.68,921.94,252.27,179.59,176.92,70.18,5.83670533333333,477.5,947.77,263.64,185.42,186.79,70.97,5.40081266666667,478.34,934.14,257.42,191.2,171.68,66.81,5.059402,477.19,773.33,556.2,535.39
2026-01-13 15:02:59,XPQ-01 Main,2026-01-13 15:02:00,899.69,69.7,5.418995,477.94,887.18,242.82,172.58,170.41,70.26,6.07003866666667,477.76,909.34,253.17,176.44,180.69,71.55,5.06747933333333,478.75,902.56,248.85,183.75,167.18,67.3,5.12606866666667,477.31,744.84,532.77,518.28
2026-01-13 15:03:59,XPQ-01 Main,2026-01-13 15:03:00,942.27,69.91,5.708995,477.78,928.8,254.22,179.69,179.23,70.62,6.27003866666667,477.92,954.28,265.67,184.82,190.04,71.69,5.50081266666667,478.41,943.73,259.94,191.7,175.05,67.43,5.359402,477.0,779.83,556.21,544.32
2026-01-13 15:04:59,XPQ-01 Main,2026-01-13 15:04:00,939.59,68.96,5.488995,478.32,930.11,254.81,182.77,177.19,69.61,5.97003866666667,478.13,949.03,264.38,187.15,186.1,70.51,5.334146,479.07,939.62,259.28,192.71,172.8,66.76,5.159402,477.75,778.47,562.62,536.1
2026-01-13 15:05:59,XPQ-01 Main,2026-01-13 15:05:00,909.08,71.55,5.23232833333333,478.08,894.18,244.89,169.84,176.03,71.97,5.703372,478.08,918.52,255.81,172.92,187.56,73.52,5.06747933333333,478.72,914.54,252.14,181.59,173.94,69.17,4.92606866666667,477.44,752.83,524.36,537.54
2026-01-13 15:06:59,XPQ-01 Main,2026-01-13 15:06:00,933.3,71.14,5.598995,478.09,925.94,253.54,176.74,181.42,71.63,6.103372,477.83,939.95,261.7,179.74,189.67,72.59,5.50081266666667,478.85,934.0,257.64,185.65,177.97,69.2,5.19273533333333,477.58,772.88,542.14,549.07
2026-01-13 15:07:59,XPQ-01 Main,2026-01-13 15:07:00,922.63,72.21,5.56566166666667,477.94,906.33,248.2,170.35,180.08,72.65,5.97003866666667,477.94,932.76,259.64,173.69,192.61,74.26,5.56747933333333,478.46,928.81,255.99,183.28,178.18,69.71,5.159402,477.42,763.84,527.32,550.87
2026-01-13 15:08:59,XPQ-01 Main,2026-01-13 15:08:00,898.47,72.06,4.988995,478.49,886.83,242.97,167.83,174.76,72.13,5.503372,478.41,903.0,251.77,168.48,185.54,74.03,4.96747933333333,479.34,905.58,249.92,177.88,174.46,70.02,4.49273533333333,477.71,744.66,514.19,534.76
2026-01-13 15:09:59,XPQ-01 Main,2026-01-13 15:09:00,916.52,70.78,5.85232833333333,478.77,905.02,248.07,173.41,176.66,71.36,6.23670533333333,478.57,926.81,258.54,177.13,185.99,72.41,5.734146,479.69,917.74,253.48,183.71,173.05,68.57,5.59273533333333,478.04,760.09,534.25,535.7
2026-01-13 15:10:59,XPQ-01 Main,2026-01-13 15:10:00,946.15,72.61,5.45566166666667,478.44,933.79,255.85,173.5,187.17,73.34,5.83670533333333,478.19,957.89,266.93,178.31,197.55,74.23,5.334146,479.23,946.77,261.35,185.28,183.0,70.27,5.19273533333333,477.89,784.12,537.1,567.71
2026-01-13 15:11:59,XPQ-01 Main,2026-01-13 15:11:00,941.11,72.45,5.26566166666667,478.21,928.98,254.27,174.53,184.43,72.63,5.87003866666667,478.01,948.16,264.25,175.92,194.99,74.25,5.00081266666667,479.26,946.19,261.04,184.6,183.39,70.48,4.92606866666667,477.36,779.56,535.05,562.81
2026-01-13 15:12:59,XPQ-01 Main,2026-01-13 15:12:00,932.74,70.86,5.098995,478.57,924.79,253.56,177.01,180.91,71.48,5.53670533333333,478.69,940.23,262.16,180.73,189.29,72.33,5.134146,479.16,933.19,257.48,186.49,176.7,68.78,4.62606866666667,477.87,773.2,544.23,546.9
2026-01-13 15:13:59,XPQ-01 Main,2026-01-13 15:13:00,949.09,69.82,5.218995,478.54,932.19,255.62,179.13,181.98,71.27,5.67003866666667,478.63,970.66,270.56,189.11,193.22,71.47,5.10081266666667,479.04,944.44,260.58,193.97,173.73,66.72,4.89273533333333,477.94,786.76,562.21,548.93
2026-01-13 15:14:59,XPQ-01 Main,2026-01-13 15:14:00,983.7,69.45,5.64232833333333,478.84,969.54,266.04,187.63,188.01,70.78,6.13670533333333,478.91,1002.27,279.52,196.7,198.15,70.97,5.534146,479.33,979.3,270.38,201.31,179.77,66.61,5.259402,478.28,815.94,585.63,565.93
2026-01-13 15:15:59,XPQ-01 Main,2026-01-13 15:15:00,960.7,68.76,5.07566166666667,478.73,953.18,261.32,188.55,179.91,69.03,5.603372,478.63,966.38,269.53,190.52,188.77,70.38,4.934146,479.51,962.55,265.78,197.32,177.37,66.85,4.69273533333333,478.03,796.63,576.38,546.05
2026-01-13 15:16:59,XPQ-01 Main,2026-01-13 15:16:00,983.61,69.23,5.14566166666667,478.79,971.75,266.48,189.09,187.11,70.34,5.503372,478.75,999.03,278.68,196.76,196.51,70.67,5.16747933333333,479.54,980.06,270.62,201.16,179.97,66.68,4.759402,478.08,815.78,587.01,563.59
2026-01-13 15:17:59,XPQ-01 Main,2026-01-13 15:17:00,981.82,70.99,5.75232833333333,478.82,971.82,266.5,185.8,190.66,71.62,6.17003866666667,478.8,991.78,276.69,189.97,199.5,72.42,5.634146,479.58,981.88,271.13,195.67,186.16,68.93,5.459402,478.08,814.32,571.43,576.32
2026-01-13 15:18:59,XPQ-01 Main,2026-01-13 15:18:00,996.59,69.41,5.23232833333333,478.55,985.31,270.01,191.89,189.25,70.22,5.47003866666667,478.48,1009.81,281.57,197.53,198.52,70.89,5.26747933333333,479.38,994.67,274.53,202.79,183.7,67.14,4.959402,477.78,826.11,592.21,571.47
2026-01-13 15:19:59,XPQ-01 Main,2026-01-13 15:19:00,990.05,70.3,5.11232833333333,478.99,980.05,268.86,189.54,190.29,70.85,5.63670533333333,478.97,999.61,278.97,193.5,199.93,71.86,5.10081266666667,479.76,990.49,273.62,199.92,186.42,68.2,4.59273533333333,478.26,821.44,582.96,576.64
2026-01-13 15:20:59,XPQ-01 Main,2026-01-13 15:20:00,1003.72,70.84,5.508995,478.09,993.94,271.97,190.15,193.93,71.4,5.93670533333333,477.91,1013.83,282.51,194.31,203.5,72.32,5.30081266666667,479.2,1003.4,276.74,200.53,190.12,68.8,5.29273533333333,477.16,831.21,584.99,587.55
2026-01-13 15:21:59,XPQ-01 Main,2026-01-13 15:21:00,985.53,71.87,5.318995,478.95,969.99,266.03,183.15,192.07,72.37,5.73670533333333,478.91,998.23,278.59,187.18,204.46,73.76,5.30081266666667,479.77,988.38,273.02,196.01,189.33,69.47,4.92606866666667,478.16,817.63,566.34,585.86
2026-01-13 15:22:59,XPQ-01 Main,2026-01-13 15:22:00,1014.92,71.41,4.73232833333333,479.38,1002.73,275.4,189.11,199.78,72.62,5.33670533333333,479.41,1032.16,288.22,197.51,209.56,72.77,4.60081266666667,479.99,1009.86,279.17,202.13,191.88,68.85,4.259402,478.76,842.78,588.75,601.22
2026-01-13 15:23:59,XPQ-01 Main,2026-01-13 15:23:00,883.81,72.02,4.86566166666667,477.73,869.23,237.92,162.49,172.65,72.82,5.37003866666667,477.86,896.66,249.57,167.74,183.86,73.88,4.80081266666667,478.3,885.54,243.89,175.25,168.8,69.37,4.42606866666667,477.04,731.39,505.47,525.31
2026-01-13 15:24:59,XPQ-01 Main,2026-01-13 15:24:00,902.8,72.87,4.84566166666667,477.43,887.09,242.72,164.16,177.81,73.47,5.47003866666667,477.52,915.67,254.61,168.3,189.2,74.72,4.60081266666667,477.86,905.63,249.29,176.37,174.9,70.41,4.459402,476.9,746.62,508.83,541.92
2026-01-13 15:25:59,XPQ-01 Main,2026-01-13 15:25:00,898.54,72.94,5.208995,477.68,883.0,241.41,163.4,176.83,73.45,5.47003866666667,477.43,910.88,253.56,167.01,188.33,74.82,5.16747933333333,478.75,901.73,248.52,175.52,174.67,70.54,4.99273533333333,476.86,743.49,505.92,539.84
2026-01-13 15:26:59,XPQ-01 Main,2026-01-13 15:26:00,872.48,70.6,5.06566166666667,477.33,856.52,234.09,163.7,166.27,71.26,5.603372,477.4,886.15,246.57,168.41,177.85,72.61,5.134146,478.22,874.78,240.76,176.29,163.19,67.93,4.459402,476.39,721.42,508.4,507.32
2026-01-13 15:27:59,XPQ-01 Main,2026-01-13 15:27:00,854.27,70.28,5.15566166666667,477.72,838.47,229.48,161.23,162.38,70.96,5.77003866666667,477.92,867.07,241.38,166.05,173.62,72.27,4.86747933333333,478.31,857.26,236.05,173.47,159.2,67.62,4.82606866666667,476.92,706.92,500.75,495.2
2026-01-13 15:28:59,XPQ-01 Main,2026-01-13 15:28:00,839.41,69.18,5.17566166666667,477.8,824.67,225.54,161.1,156.48,69.68,5.603372,477.44,851.01,236.88,164.86,167.37,71.24,4.934146,478.83,842.54,232.32,172.54,154.16,66.63,4.99273533333333,477.13,694.74,498.49,478.01
2026-01-13 15:29:59,XPQ-01 Main,2026-01-13 15:29:00,878.92,70.54,5.05566166666667,477.82,860.98,235.55,164.74,167.28,71.25,5.63670533333333,477.78,893.77,248.88,169.96,179.55,72.62,4.76747933333333,478.7,882.01,243.05,178.24,164.1,67.73,4.759402,476.98,727.49,512.94,510.94
2026-01-13 15:30:59,XPQ-01 Main,2026-01-13 15:30:00,861.28,70.52,4.82232833333333,477.35,842.36,230.21,161.24,163.25,71.15,5.47003866666667,477.31,875.86,243.69,166.09,176.17,72.76,4.634146,478.27,865.62,238.3,175.07,160.88,67.66,4.359402,476.47,712.19,502.41,500.3
2026-01-13 15:31:59,XPQ-01 Main,2026-01-13 15:31:00,868.73,70.89,5.008995,477.68,855.33,234.0,163.03,167.13,71.58,5.57003866666667,477.4,881.7,245.27,167.55,176.87,72.6,5.00081266666667,478.43,869.15,239.55,173.91,163.41,68.48,4.459402,477.2,718.82,504.49,507.41
2026-01-13 15:32:59,XPQ-01 Main,2026-01-13 15:32:00,889.36,70.55,4.74566166666667,477.49,876.13,239.61,167.21,169.81,71.25,5.203372,477.31,899.23,250.08,172.11,180.35,72.34,4.66747933333333,478.21,892.73,245.9,178.89,166.18,68.06,4.359402,476.94,735.59,518.21,516.34
2026-01-13 15:33:59,XPQ-01 Main,2026-01-13 15:33:00,871.04,70.11,4.808995,477.8,856.99,234.53,163.96,166.64,71.28,5.403372,477.59,888.06,247.12,171.29,176.16,71.69,4.66747933333333,478.53,868.06,239.28,175.98,160.37,67.35,4.359402,477.29,720.93,511.24,503.17
2026-01-13 15:34:59,XPQ-01 Main,2026-01-13 15:34:00,859.97,69.77,4.84232833333333,478.36,842.0,230.79,163.18,162.4,70.54,5.23670533333333,478.51,874.39,243.69,168.62,173.79,71.77,4.834146,478.9,863.5,238.12,175.83,158.71,67.0,4.459402,477.66,712.6,507.62,494.9
2026-01-13 15:35:59,XPQ-01 Main,2026-01-13 15:35:00,840.61,68.54,4.688995,478.24,829.11,226.97,163.33,156.79,69.25,4.87003866666667,478.16,851.61,237.4,168.04,166.16,70.31,4.80081266666667,479.25,841.12,231.99,173.79,152.85,66.04,4.39273533333333,477.29,696.36,505.16,475.81
2026-01-13 15:36:59,XPQ-01 Main,2026-01-13 15:36:00,830.62,67.24,5.05232833333333,478.73,817.78,224.11,164.51,151.19,67.67,5.703372,478.74,840.71,234.64,167.69,160.55,69.16,4.734146,479.73,833.38,230.06,174.11,148.58,64.91,4.72606866666667,477.73,688.81,506.32,460.32
2026-01-13 15:37:59,XPQ-01 Main,2026-01-13 15:37:00,836.34,67.64,4.88566166666667,478.24,824.51,225.71,165.64,152.31,67.69,5.403372,478.26,842.25,234.84,166.99,162.48,69.74,4.80081266666667,479.26,842.26,232.27,175.0,151.7,65.5,4.459402,477.21,692.82,507.62,466.5
2026-01-13 15:38:59,XPQ-01 Main,2026-01-13 15:38:00,834.42,66.56,4.87566166666667,478.26,821.4,224.89,167.89,148.84,66.34,5.27003866666667,478.12,838.04,233.58,168.3,159.9,68.88,4.934146,479.23,843.83,232.78,177.4,149.6,64.47,4.42606866666667,477.43,691.25,513.59,458.33
2026-01-13 15:39:59,XPQ-01 Main,2026-01-13 15:39:00,825.64,67.44,5.04232833333333,478.16,821.11,224.77,164.86,151.16,67.58,5.37003866666667,477.98,828.08,230.73,165.88,158.34,69.05,5.00081266666667,479.13,827.74,228.32,171.64,149.57,65.7,4.759402,477.38,683.82,502.39,459.07
2026-01-13 15:40:59,XPQ-01 Main,2026-01-13 15:40:00,825.72,70.03,5.26566166666667,478.5,816.49,223.78,158.32,157.36,70.5,5.67003866666667,478.39,832.57,232.06,161.17,165.82,71.71,5.26747933333333,479.22,828.1,228.56,167.35,154.67,67.87,4.859402,477.91,684.39,486.85,477.86
2026-01-13 15:41:59,XPQ-01 Main,2026-01-13 15:41:00,851.4,68.48,5.678995,478.22,842.59,230.7,166.57,159.06,69.06,5.97003866666667,478.02,859.36,239.45,170.35,167.4,70.09,5.734146,479.16,852.26,235.12,175.69,155.55,66.29,5.32606866666667,477.48,705.27,512.61,482.01
2026-01-13 15:42:59,XPQ-01 Main,2026-01-13 15:42:00,819.09,69.18,5.42232833333333,478.85,808.29,221.62,160.4,152.04,68.79,5.83670533333333,478.96,819.51,228.77,159.32,162.56,71.42,5.40081266666667,479.71,829.46,228.99,168.93,153.82,67.33,5.02606866666667,477.89,679.38,488.65,468.42
2026-01-13 15:43:59,XPQ-01 Main,2026-01-13 15:43:00,849.75,69.58,5.008995,478.59,838.06,229.77,162.88,161.46,70.4,5.503372,478.45,861.83,240.22,167.95,170.33,71.21,4.80081266666667,479.24,849.36,234.47,173.27,157.02,67.15,4.72606866666667,478.07,704.45,504.1,488.8
2026-01-13 15:44:59,XPQ-01 Main,2026-01-13 15:44:00,841.33,68.09,4.798995,478.55,828.49,227.1,164.39,156.25,68.89,5.23670533333333,478.26,852.66,237.59,169.68,165.83,69.89,4.80081266666667,479.27,842.84,232.72,175.53,152.03,65.47,4.359402,478.12,697.42,509.6,474.11
2026-01-13 15:45:59,XPQ-01 Main,2026-01-13 15:45:00,807.41,69.21,5.35566166666667,478.81,798.32,218.83,156.68,152.18,69.67,5.803372,478.45,814.07,227.05,159.49,160.51,70.93,5.26747933333333,479.76,809.82,223.77,165.57,149.57,67.03,4.99273533333333,478.22,669.64,481.75,462.26
2026-01-13 15:46:59,XPQ-01 Main,2026-01-13 15:46:00,857.1,69.93,5.07566166666667,478.47,842.39,230.82,164.19,161.55,70.14,5.53670533333333,478.25,864.46,240.92,166.44,172.83,72.03,4.70081266666667,479.29,864.44,238.62,175.1,160.8,67.64,4.99273533333333,477.88,710.37,505.73,495.18
2026-01-13 15:47:59,XPQ-01 Main,2026-01-13 15:47:00,812.85,67.86,4.988995,479.07,797.81,218.97,160.1,148.77,68.07,5.503372,478.98,819.81,228.74,162.66,160.21,70.17,4.834146,479.68,820.93,226.83,171.31,147.89,65.35,4.62606866666667,478.56,674.54,494.07,456.87
2026-01-13 15:48:59,XPQ-01 Main,2026-01-13 15:48:00,820.01,68.1,4.87566166666667,479.14,801.96,220.17,159.55,150.43,68.6,5.403372,479.2,832.15,232.25,163.87,162.65,70.45,4.76747933333333,479.68,825.91,228.17,172.22,148.32,65.26,4.459402,478.54,680.59,495.64,461.39
2026-01-13 15:49:59,XPQ-01 Main,2026-01-13 15:49:00,821.35,68.19,4.86566166666667,479.12,804.52,220.71,160.01,151.2,68.68,5.47003866666667,478.74,833.23,232.5,163.87,162.08,70.32,4.70081266666667,480.0,826.31,228.48,171.43,148.92,65.58,4.42606866666667,478.61,681.68,495.31,462.19
2026-01-13 15:50:59,XPQ-01 Main,2026-01-13 15:50:00,787.25,68.98,5.02232833333333,479.95,771.8,212.0,152.15,147.0,69.48,5.603372,479.67,797.78,223.14,156.02,158.0,71.15,4.96747933333333,481.05,792.17,219.37,163.62,144.96,66.31,4.49273533333333,479.13,654.5,471.79,449.96
2026-01-13 15:51:59,XPQ-01 Main,2026-01-13 15:51:00,789.66,69.63,5.21232833333333,479.64,776.11,213.19,151.64,149.29,70.16,5.83670533333333,479.38,798.33,223.01,155.21,159.15,71.59,4.80081266666667,480.43,794.53,219.87,162.03,146.77,67.14,4.99273533333333,479.11,656.08,468.88,455.21
2026-01-13 15:52:59,XPQ-01 Main,2026-01-13 15:52:00,800.41,68.26,4.76566166666667,479.73,781.53,214.76,156.81,146.12,68.17,5.33670533333333,479.82,806.43,225.44,158.39,159.86,71.04,4.534146,480.41,813.27,224.94,169.45,147.2,65.58,4.42606866666667,478.96,665.13,484.65,453.18
2026-01-13 15:53:59,XPQ-01 Main,2026-01-13 15:53:00,789.35,69.3,4.998995,479.76,772.6,212.36,152.09,147.48,69.61,5.37003866666667,479.79,798.54,223.18,155.17,159.45,71.67,4.96747933333333,480.36,796.91,220.45,163.99,146.5,66.62,4.659402,479.13,655.99,471.25,453.43
2026-01-13 15:54:59,XPQ-01 Main,2026-01-13 15:54:00,782.68,68.47,4.83232833333333,480.32,772.25,212.48,153.81,145.8,68.79,5.57003866666667,480.39,788.66,220.72,156.25,155.02,70.43,4.60081266666667,480.99,787.14,217.98,163.18,144.03,66.17,4.32606866666667,479.57,651.18,473.24,444.84
2026-01-13 15:55:59,XPQ-01 Main,2026-01-13 15:55:00,803.37,70.31,5.03232833333333,479.91,786.74,216.23,152.42,152.59,70.75,5.603372,479.97,814.06,227.68,155.75,163.78,72.47,5.00081266666667,480.69,809.31,223.94,164.06,150.93,67.7,4.49273533333333,479.07,667.85,472.22,467.29
2026-01-13 15:56:59,XPQ-01 Main,2026-01-13 15:56:00,805.58,69.01,5.388995,479.83,791.93,217.74,156.29,150.84,69.44,5.93670533333333,479.82,814.31,227.57,159.52,161.15,71.07,5.20081266666667,480.37,810.51,224.27,167.05,148.84,66.52,5.02606866666667,479.31,669.57,482.86,460.83
2026-01-13 15:57:59,XPQ-01 Main,2026-01-13 15:57:00,790.01,68.2,4.76566166666667,480.03,773.69,212.6,154.52,145.28,68.5,5.47003866666667,479.93,799.56,223.71,157.6,156.93,70.56,4.56747933333333,481.03,796.79,220.6,166.26,144.22,65.53,4.259402,479.13,656.92,478.38,446.44
2026-01-13 15:58:59,XPQ-01 Main,2026-01-13 15:58:00,792.62,69.19,5.15566166666667,479.91,783.31,215.29,153.06,150.49,70.11,5.67003866666667,479.82,803.86,224.76,158.15,158.33,70.75,5.06747933333333,480.67,790.69,218.85,162.8,145.77,66.71,4.72606866666667,479.22,658.9,474.01,454.58
2026-01-13 15:59:59,XPQ-01 Main,2026-01-13 15:59:00,771.93,68.5,4.86566166666667,479.93,758.83,208.5,150.2,143.97,69.2,5.43670533333333,479.48,783.01,218.84,154.57,153.37,70.43,4.734146,480.86,773.95,214.39,160.79,140.75,65.87,4.42606866666667,479.45,641.74,465.56,438.1
2026-01-13 16:00:59,XPQ-01 Main,2026-01-13 16:00:00,796.88,69.22,5.078995,479.52,779.03,213.85,153.5,147.78,69.36,5.57003866666667,479.4,805.37,225.08,155.84,160.41,71.73,4.834146,480.48,806.23,222.98,165.86,147.95,66.57,4.82606866666667,478.67,661.91,475.19,456.14
2026-01-13 16:01:59,XPQ-01 Main,2026-01-13 16:01:00,807.97,68.91,5.43232833333333,479.19,793.69,217.75,157.26,149.81,68.97,6.003372,479.11,813.93,227.3,158.75,160.64,71.13,5.36747933333333,480.1,816.29,225.6,167.64,149.79,66.63,4.92606866666667,478.37,670.66,483.66,460.25
2026-01-13 16:02:59,XPQ-01 Main,2026-01-13 16:02:00,805.03,67.96,5.06566166666667,479.3,791.58,217.24,159.36,146.29,67.62,5.503372,479.2,806.77,225.33,159.32,158.2,70.46,5.00081266666667,480.19,816.74,225.78,169.71,148.21,65.78,4.69273533333333,478.52,668.35,488.39,452.7
2026-01-13 16:03:59,XPQ-01 Main,2026-01-13 16:03:00,775.87,68.9,4.95566166666667,479.69,772.61,212.12,153.82,145.63,68.75,5.303372,479.33,774.06,216.35,152.97,152.06,70.5,4.76747933333333,480.77,780.94,216.17,159.24,145.54,67.46,4.79273533333333,478.96,644.64,466.03,443.23
2026-01-13 16:04:59,XPQ-01 Main,2026-01-13 16:04:00,772.29,66.31,4.92232833333333,480.06,759.45,208.81,155.86,137.76,66.23,5.47003866666667,479.79,777.11,217.26,156.97,148.26,68.66,4.734146,480.82,780.32,216.13,165.47,137.96,64.04,4.559402,479.56,642.19,478.3,423.98
2026-01-13 16:05:59,XPQ-01 Main,2026-01-13 16:05:00,788.66,68.96,5.24232833333333,479.68,776.12,213.06,154.59,146.05,68.68,5.73670533333333,479.29,790.89,221.04,154.34,156.92,71.29,5.134146,480.8,798.97,221.18,163.95,147.62,66.91,4.859402,478.96,655.29,472.89,450.6
2026-01-13 16:06:59,XPQ-01 Main,2026-01-13 16:06:00,814.28,67.97,5.078995,478.77,806.11,221.02,160.68,151.35,68.57,5.503372,478.56,820.95,228.95,164.26,159.07,69.57,5.00081266666667,479.57,815.79,225.31,169.4,147.9,65.77,4.72606866666667,478.17,675.29,494.35,458.32
2026-01-13 16:07:59,XPQ-01 Main,2026-01-13 16:07:00,866.97,66.31,4.74232833333333,478.67,847.44,232.16,173.47,153.74,66.33,5.23670533333333,478.54,874.71,244.08,176.22,168.08,69.02,4.534146,479.77,878.75,242.62,186.91,154.0,63.59,4.459402,477.7,718.86,536.6,475.81
2026-01-13 16:08:59,XPQ-01 Main,2026-01-13 16:08:00,918.78,73.07,5.488995,478.39,909.91,249.17,167.7,183.7,73.85,5.87003866666667,478.0,929.38,258.98,172.47,192.39,74.46,5.534146,479.39,917.03,253.2,178.2,179.17,70.9,5.059402,477.78,761.35,518.37,555.26
2026-01-13 16:09:59,XPQ-01 Main,2026-01-13 16:09:00,946.47,70.28,5.24232833333333,478.09,929.26,254.43,179.55,179.52,70.71,5.703372,478.12,956.92,266.61,183.63,192.78,72.41,5.20081266666667,478.89,953.24,262.79,193.11,177.73,67.72,4.82606866666667,477.28,783.83,556.29,550.03
2026-01-13 16:10:59,XPQ-01 Main,2026-01-13 16:10:00,899.9,70.14,5.36566166666667,478.69,885.88,242.64,171.07,171.29,70.75,5.703372,478.31,912.02,254.42,175.65,182.12,71.98,5.434146,479.9,901.79,249.13,182.82,168.16,67.7,4.959402,477.86,746.19,529.54,521.57
2026-01-13 16:11:59,XPQ-01 Main,2026-01-13 16:11:00,884.66,70.31,5.198995,478.67,873.81,239.35,169.35,168.52,70.54,5.57003866666667,478.34,891.54,248.69,171.36,178.43,72.13,5.134146,479.82,888.62,245.45,178.97,167.23,68.27,4.89273533333333,477.84,733.5,519.68,514.18
2026-01-13 16:12:59,XPQ-01 Main,2026-01-13 16:12:00,899.97,68.64,5.46566166666667,478.34,886.6,242.84,174.84,167.7,69.22,5.87003866666667,478.24,911.12,253.95,179.42,178.38,70.51,5.36747933333333,479.21,902.17,248.9,186.28,164.47,66.19,5.159402,477.57,745.7,540.54,510.55
2026-01-13 16:13:59,XPQ-01 Main,2026-01-13 16:13:00,881.15,69.4,5.32232833333333,478.53,872.07,238.95,169.66,167.59,70.28,5.87003866666667,478.28,892.3,248.73,175.03,175.64,70.83,5.26747933333333,479.4,879.07,242.7,179.57,162.4,67.08,4.82606866666667,477.91,730.38,524.25,505.64
2026-01-13 16:14:59,XPQ-01 Main,2026-01-13 16:14:00,886.13,69.34,5.208995,478.47,873.7,239.31,170.49,167.2,70.02,5.77003866666667,478.27,897.45,250.21,175.11,176.87,71.06,5.16747933333333,479.44,887.25,244.91,181.44,163.41,66.92,4.69273533333333,477.7,734.43,527.04,507.49
2026-01-13 16:15:59,XPQ-01 Main,2026-01-13 16:15:00,935.32,71.01,4.93232833333333,477.85,916.86,250.83,173.67,180.47,72.06,5.403372,477.69,954.37,265.74,181.31,192.86,72.86,4.734146,478.78,934.74,257.67,188.43,175.28,68.11,4.659402,477.09,774.24,543.41,548.61
2026-01-13 16:16:59,XPQ-01 Main,2026-01-13 16:16:00,913.79,70.04,5.35566166666667,478.1,895.61,245.15,172.54,173.23,70.85,5.703372,477.93,929.83,259.03,178.77,185.62,72.03,5.334146,479.03,915.92,252.61,186.48,169.37,67.23,5.02606866666667,477.35,756.79,537.79,528.22
2026-01-13 16:17:59,XPQ-01 Main,2026-01-13 16:17:00,912.86,72.53,5.55566166666667,478.64,896.33,245.68,166.39,179.97,73.43,6.003372,478.54,927.71,258.71,172.66,192.09,74.37,5.56747933333333,479.45,914.54,252.49,180.48,175.88,69.79,5.09273533333333,477.94,756.87,519.54,547.93
2026-01-13 16:18:59,XPQ-01 Main,2026-01-13 16:18:00,919.08,69.95,4.978995,478.5,897.75,245.92,174.28,172.95,70.44,5.37003866666667,478.41,933.43,260.32,179.14,187.4,72.29,4.96747933333333,479.47,926.05,255.57,189.21,171.29,67.11,4.59273533333333,477.62,761.81,542.63,531.63
2026-01-13 16:19:59,XPQ-01 Main,2026-01-13 16:19:00,920.19,70.29,4.478995,478.38,898.21,246.04,171.97,175.37,71.4,5.13670533333333,478.11,941.27,262.27,180.24,188.65,72.3,4.534146,479.22,921.08,254.24,187.65,170.12,67.16,3.759402,477.81,762.56,539.86,534.14
2026-01-13 16:20:59,XPQ-01 Main,2026-01-13 16:20:00,941.22,70.66,5.13232833333333,478.46,923.91,253.13,176.46,180.88,71.58,5.503372,478.37,958.05,267.09,183.14,192.88,72.52,5.10081266666667,479.29,941.71,259.88,190.52,176.13,67.88,4.79273533333333,477.72,780.1,550.13,549.88
2026-01-13 16:21:59,XPQ-01 Main,2026-01-13 16:21:00,1004.9,67.56,4.72232833333333,477.55,986.47,269.69,196.04,184.81,68.59,5.13670533333333,477.38,1023.79,284.89,204.35,197.02,69.41,4.80081266666667,478.5,1004.42,276.71,210.69,178.65,64.67,4.22606866666667,476.77,831.29,611.08,560.47
2026-01-13 16:22:59,XPQ-01 Main,2026-01-13 16:22:00,1114.63,65.81,4.708995,476.1,1093.96,298.22,220.83,199.89,67.11,5.03670533333333,476.02,1139.07,316.01,231.8,212.39,67.56,4.90081266666667,476.99,1110.85,305.05,236.81,190.91,62.76,4.19273533333333,475.3,919.28,689.44,603.19
2026-01-13 16:23:59,XPQ-01 Main,2026-01-13 16:23:00,1236.86,71.41,4.478995,475.49,1215.87,330.96,227.27,239.7,72.57,4.903372,475.35,1262.49,349.82,237.78,253.79,72.98,4.60081266666667,476.46,1232.21,337.99,244.83,231.37,68.69,3.92606866666667,474.67,1018.77,709.87,724.87
2026-01-13 16:24:59,XPQ-01 Main,2026-01-13 16:24:00,1144.84,70.78,4.42232833333333,476.85,1126.34,307.48,212.84,221.24,72.07,4.97003866666667,476.71,1168.37,324.66,223.68,234.31,72.33,4.334146,477.8,1139.8,313.53,229.67,212.64,67.94,3.959402,476.05,945.68,666.18,668.2
2026-01-13 16:25:59,XPQ-01 Main,2026-01-13 16:25:00,1141.65,68.83,4.498995,476.23,1121.52,305.77,217.65,214.08,70.12,4.93670533333333,476.09,1166.09,323.59,228.62,227.09,70.47,4.634146,477.16,1137.34,312.44,234.37,205.28,65.89,3.92606866666667,475.43,941.8,680.64,646.45
2026-01-13 16:26:59,XPQ-01 Main,2026-01-13 16:26:00,1083.94,70.19,4.65566166666667,477.41,1064.78,291.01,203.37,207.23,71.37,5.17003866666667,477.26,1107.17,308.02,213.06,220.2,71.87,4.834146,478.37,1079.86,297.4,219.52,199.82,67.31,3.959402,476.61,896.42,635.94,627.26
2026-01-13 16:27:59,XPQ-01 Main,2026-01-13 16:27:00,1078.4,70.79,4.798995,477.82,1059.92,289.97,200.22,209.29,72.26,5.27003866666667,477.63,1104.1,307.36,211.59,221.08,72.24,4.90081266666667,478.71,1071.2,295.29,216.29,199.81,67.86,4.22606866666667,477.12,892.62,628.11,630.18
2026-01-13 16:28:59,XPQ-01 Main,2026-01-13 16:28:00,1091.91,69.65,4.478995,477.25,1073.34,293.31,207.2,206.98,70.67,4.903372,477.17,1111.74,309.17,215.81,219.79,71.35,4.734146,478.13,1090.66,300.22,222.55,200.41,66.92,3.79273533333333,476.45,902.7,645.56,627.19
2026-01-13 16:29:59,XPQ-01 Main,2026-01-13 16:29:00,1075.75,69.19,4.45566166666667,477.44,1058.62,289.3,205.38,203.4,70.37,5.003372,477.19,1096.79,305.13,214.86,215.17,70.76,4.56747933333333,478.47,1071.83,295.26,220.27,195.75,66.43,3.79273533333333,476.65,889.69,640.5,614.32
2026-01-13 16:30:59,XPQ-01 Main,2026-01-13 16:30:00,1112.88,70.29,4.16566166666667,477.94,1095.91,299.7,210.44,212.76,71.1,4.53670533333333,477.77,1129.67,314.77,217.8,226.29,72.05,4.134146,479.13,1113.06,306.87,225.7,207.73,67.72,3.8260686666666706,476.9,921.34,653.93,646.78
2026-01-13 16:31:59,XPQ-01 Main,2026-01-13 16:31:00,1092.8,69.4,4.298995,477.84,1075.53,294.26,207.35,208.69,70.94,4.63670533333333,477.65,1117.63,311.13,219.49,220.33,70.84,4.40081266666667,478.72,1085.24,299.17,223.38,198.5,66.42,3.859402,477.16,904.57,650.23,627.52
2026-01-13 16:32:59,XPQ-01 Main,2026-01-13 16:32:00,1076.16,70.43,4.388995,478.49,1060.7,290.54,203.14,207.31,71.42,4.77003866666667,478.39,1094.46,305.22,210.9,218.58,71.96,4.534146,479.48,1073.3,296.23,216.97,200.73,67.91,3.859402,477.61,891.99,631.01,626.61
2026-01-13 16:33:59,XPQ-01 Main,2026-01-13 16:33:00,1098.62,69.66,4.45566166666667,477.95,1077.99,294.84,209.81,206.42,70.13,5.003372,477.92,1112.46,310.04,215.39,222.22,71.81,4.534146,479.1,1105.41,304.69,225.88,204.18,67.06,3.8260686666666706,476.83,909.57,651.08,632.82
2026-01-13 16:34:59,XPQ-01 Main,2026-01-13 16:34:00,1095.99,68.99,4.34232833333333,477.66,1080.51,295.48,210.79,206.8,70.03,4.803372,477.52,1114.12,310.11,219.57,218.64,70.56,4.56747933333333,478.6,1093.35,301.25,225.14,199.77,66.37,3.659402,476.85,906.84,655.5,625.21
2026-01-13 16:35:59,XPQ-01 Main,2026-01-13 16:35:00,1092.86,69.74,4.57566166666667,477.9,1074.12,293.91,206.47,208.57,71.07,5.103372,477.72,1115.97,310.71,217.41,221.29,71.33,4.76747933333333,478.78,1088.5,300.11,222.75,200.02,66.81,3.859402,477.2,904.73,646.62,629.89
2026-01-13 16:36:59,XPQ-01 Main,2026-01-13 16:36:00,1077.93,70.38,4.15232833333333,478.2,1061.8,290.62,202.68,208.11,71.64,4.57003866666667,477.94,1099.23,306.29,212.47,219.68,71.88,4.16747933333333,479.23,1072.78,296.01,217.83,199.97,67.63,3.7260686666666705,477.44,892.92,632.98,627.77
2026-01-13 16:37:59,XPQ-01 Main,2026-01-13 16:37:00,1061.28,69.14,4.47566166666667,478.12,1048.35,286.89,205.24,199.83,69.76,4.903372,477.91,1073.67,299.16,210.43,210.97,70.8,4.70081266666667,479.17,1061.8,292.88,217.48,195.58,66.87,3.8260686666666706,477.28,878.94,633.15,606.38
2026-01-13 16:38:59,XPQ-01 Main,2026-01-13 16:38:00,1078.53,68.94,4.23232833333333,478.3,1062.79,290.97,207.16,204.16,70.19,4.703372,478.1,1099.71,306.52,216.92,215.07,70.41,4.46747933333333,479.33,1073.1,296.12,221.45,195.72,66.22,3.52606866666667,477.48,893.6,645.52,614.95
2026-01-13 16:39:59,XPQ-01 Main,2026-01-13 16:39:00,1101.63,68.83,4.37566166666667,477.78,1082.83,296.21,211.85,206.65,69.83,4.903372,477.7,1121.62,312.28,220.54,219.69,70.57,4.46747933333333,478.67,1100.43,303.24,227.22,200.08,66.09,3.759402,476.96,911.73,659.61,626.42
2026-01-13 16:40:59,XPQ-01 Main,2026-01-13 16:40:00,1145.65,68.29,4.498995,477.12,1129.78,308.58,221.51,214.25,69.52,4.77003866666667,476.91,1167.07,324.44,231.72,226.0,69.82,4.56747933333333,478.08,1140.1,313.85,236.8,205.47,65.54,4.159402,476.38,946.87,690.03,645.72
2026-01-13 16:41:59,XPQ-01 Main,2026-01-13 16:41:00,1176.87,68.33,4.38566166666667,477.19,1159.72,316.73,226.29,221.34,69.92,4.93670533333333,477.0,1204.43,334.96,239.56,232.66,69.67,4.534146,478.25,1166.45,321.13,242.55,209.69,65.4,3.6927353333333297,476.31,972.82,708.41,663.7
2026-01-13 16:42:59,XPQ-01 Main,2026-01-13 16:42:00,1208.82,68.5,4.43232833333333,476.09,1185.97,323.13,231.21,225.33,69.79,4.903372,475.94,1235.25,342.81,243.45,240.32,70.25,4.534146,477.21,1205.23,331.01,249.92,216.38,65.46,3.859402,475.12,996.94,724.58,682.03
2026-01-13 16:43:59,XPQ-01 Main,2026-01-13 16:43:00,1227.23,70.4,4.118995,476.42,1206.78,329.06,228.11,236.75,72.01,4.43670533333333,476.27,1257.2,349.1,242.49,250.56,71.86,4.26747933333333,477.48,1217.71,334.67,247.13,225.08,67.33,3.659402,475.51,1012.83,717.73,712.38
2026-01-13 16:44:59,XPQ-01 Main,2026-01-13 16:44:00,1206.11,69.78,4.34232833333333,476.07,1184.81,322.92,226.35,229.63,71.22,4.53670533333333,476.01,1234.13,342.41,239.14,243.64,71.37,4.56747933333333,477.01,1199.39,329.33,244.71,219.45,66.76,3.92606866666667,475.19,994.67,710.2,692.71
2026-01-13 16:45:59,XPQ-01 Main,2026-01-13 16:45:00,1246.07,71.21,4.44232833333333,475.81,1223.96,333.4,229.22,241.65,72.55,4.93670533333333,475.72,1274.51,353.4,241.58,256.34,72.77,4.334146,476.76,1239.75,340.26,248.15,231.99,68.29,4.059402,474.97,1027.06,718.96,729.98
2026-01-13 16:46:59,XPQ-01 Main,2026-01-13 16:46:00,1262.98,72.38,4.24232833333333,475.91,1240.16,337.85,227.72,248.87,73.78,4.703372,475.85,1293.32,358.75,240.72,263.93,73.88,4.30081266666667,476.9,1255.46,344.62,247.27,238.84,69.47,3.7260686666666705,474.99,1041.22,715.71,751.64
2026-01-13 16:47:59,XPQ-01 Main,2026-01-13 16:47:00,1375.42,75.6,4.108995,474.99,1353.84,368.05,235.31,282.64,76.85,4.47003866666667,474.84,1404.84,388.9,247.77,298.83,76.98,4.36747933333333,476.03,1367.59,374.75,255.95,273.17,72.97,3.49273533333333,474.09,1131.7,739.03,854.64
2026-01-13 16:48:59,XPQ-01 Main,2026-01-13 16:48:00,1401.37,74.42,4.07566166666667,474.66,1380.93,375.2,245.63,282.83,75.5,4.57003866666667,474.55,1426.81,394.69,256.61,298.81,75.86,4.16747933333333,475.65,1396.38,382.34,265.25,274.44,71.9,3.49273533333333,473.78,1152.23,767.49,856.08
2026-01-13 16:49:59,XPQ-01 Main,2026-01-13 16:49:00,1393.82,75.69,4.13232833333333,475.17,1371.9,373.11,235.75,289.01,77.49,4.403372,474.94,1433.19,396.81,253.64,304.59,76.84,4.10081266666667,476.18,1376.36,377.39,258.83,274.28,72.73,3.89273533333333,474.4,1147.31,748.23,867.88
2026-01-13 16:50:59,XPQ-01 Main,2026-01-13 16:50:00,1424.89,74.58,4.23232833333333,474.5,1399.44,380.05,247.3,288.33,75.91,4.67003866666667,474.41,1457.48,403.11,261.47,306.32,76.06,4.36747933333333,475.54,1417.75,388.04,270.02,278.23,71.76,3.659402,473.53,1171.21,778.79,872.89
2026-01-13 16:51:59,XPQ-01 Main,2026-01-13 16:51:00,1390.32,75.86,4.11232833333333,475.08,1370.08,372.63,236.75,287.37,77.18,4.603372,475.13,1419.61,393.11,249.82,303.32,77.19,4.16747933333333,475.98,1381.27,378.44,257.76,276.91,73.2,3.559402,474.14,1144.18,744.33,867.6
2026-01-13 16:52:59,XPQ-01 Main,2026-01-13 16:52:00,1379.21,76.07,4.33232833333333,475.68,1360.92,370.63,234.61,286.55,77.38,4.603372,475.65,1406.96,390.01,247.22,301.44,77.32,4.60081266666667,476.55,1369.75,375.82,254.68,276.05,73.5,3.79273533333333,474.84,1136.45,736.51,864.05
2026-01-13 16:53:59,XPQ-01 Main,2026-01-13 16:53:00,1438.44,75.13,4.218995,474.2,1408.98,382.46,244.81,293.29,76.77,4.73670533333333,474.25,1478.97,408.86,262.24,312.99,76.65,4.26747933333333,475.16,1427.36,390.32,270.93,280.93,71.98,3.659402,473.2,1181.64,777.98,887.21
2026-01-13 16:54:59,XPQ-01 Main,2026-01-13 16:54:00,1397.68,76.58,4.198995,475.2,1381.02,375.46,237.84,290.54,77.38,4.57003866666667,474.83,1417.05,392.43,245.76,305.66,77.93,4.20081266666667,476.46,1394.98,382.61,255.34,284.64,74.44,3.8260686666666706,474.31,1150.49,738.94,880.84
2026-01-13 16:55:59,XPQ-01 Main,2026-01-13 16:55:00,1364.39,76.25,4.04232833333333,475.18,1348.1,366.61,233.57,282.28,77.04,4.63670533333333,475.09,1382.66,383.01,241.32,297.24,77.64,4.06747933333333,476.29,1362.43,373.43,250.86,276.55,74.07,3.42606866666667,474.17,1123.05,725.76,856.07
2026-01-13 16:56:59,XPQ-01 Main,2026-01-13 16:56:00,1377.62,75.63,4.12232833333333,475.38,1357.73,369.5,236.73,283.08,76.71,4.603372,475.1,1403.04,388.53,247.44,298.65,77.0,4.06747933333333,476.31,1372.11,376.4,256.09,274.95,73.18,3.6927353333333297,474.72,1134.43,740.26,856.68
2026-01-13 16:57:59,XPQ-01 Main,2026-01-13 16:57:00,1411.13,76.61,4.108995,474.72,1385.82,376.46,235.71,292.79,77.89,4.23670533333333,474.67,1442.43,399.24,248.89,310.54,78.03,4.134146,475.83,1405.14,384.75,258.32,283.38,73.9,3.959402,473.66,1160.45,742.93,886.71
2026-01-13 16:58:59,XPQ-01 Main,2026-01-13 16:58:00,1420.44,75.47,4.078995,474.28,1396.06,378.99,244.15,289.3,76.42,4.503372,474.23,1445.45,399.62,254.52,307.9,77.08,4.134146,475.31,1419.81,388.4,265.59,283.02,72.92,3.59273533333333,473.31,1167.0,764.25,880.22
2026-01-13 16:59:59,XPQ-01 Main,2026-01-13 16:59:00,1398.47,77.29,4.23232833333333,475.23,1380.84,375.54,234.8,292.94,78.03,4.803372,474.99,1417.32,392.51,242.17,308.64,78.67,4.20081266666667,476.31,1397.24,383.15,252.56,287.72,75.15,3.6927353333333297,474.37,1151.2,729.53,889.3
2026-01-13 17:00:59,XPQ-01 Main,2026-01-13 17:00:00,1365.07,77.71,4.188995,475.49,1345.31,366.21,224.27,288.99,79.0,4.703372,475.22,1393.5,385.96,236.61,304.6,78.97,4.334146,476.38,1356.38,372.2,245.25,279.53,75.17,3.52606866666667,474.88,1124.36,706.13,873.12
2026-01-13 17:01:59,XPQ-01 Main,2026-01-13 17:01:00,1367.44,76.86,4.208995,475.44,1347.12,366.34,231.13,284.07,77.57,4.703372,475.08,1386.69,384.29,238.12,300.95,78.42,4.30081266666667,476.77,1368.52,375.54,250.02,279.95,74.59,3.62606866666667,474.47,1126.18,719.26,864.97
2026-01-13 17:02:59,XPQ-01 Main,2026-01-13 17:02:00,1419.08,75.66,4.47566166666667,474.54,1392.82,378.28,242.83,289.76,76.65,4.93670533333333,474.4,1446.8,400.16,253.48,308.7,77.28,4.334146,475.6,1417.62,388.08,264.8,283.32,73.06,4.159402,473.62,1166.52,761.11,881.78
2026-01-13 17:03:59,XPQ-01 Main,2026-01-13 17:03:00,1397.59,75.44,4.14566166666667,474.81,1368.66,371.88,237.75,285.55,76.85,4.403372,474.61,1433.13,396.59,252.49,304.82,77.01,4.234146,475.91,1390.98,381.06,262.28,275.85,72.47,3.79273533333333,473.91,1149.54,752.52,866.23
2026-01-13 17:04:59,XPQ-01 Main,2026-01-13 17:04:00,1387.43,74.19,4.37566166666667,474.59,1358.78,368.87,244.53,276.16,74.87,4.83670533333333,474.27,1409.79,390.05,252.72,296.85,76.14,4.40081266666667,475.92,1393.72,381.71,266.54,272.95,71.55,3.89273533333333,473.58,1140.62,763.79,845.96
2026-01-13 17:05:59,XPQ-01 Main,2026-01-13 17:05:00,1422.46,76.39,4.34232833333333,474.57,1399.78,380.18,239.83,294.37,77.53,5.003372,474.39,1451.6,401.48,251.53,311.54,77.81,4.40081266666667,475.63,1416.01,387.7,261.08,285.94,73.85,3.6260686666666704,473.68,1169.37,752.45,891.85
2026-01-13 17:06:59,XPQ-01 Main,2026-01-13 17:06:00,1426.44,77.54,4.298995,474.69,1406.47,382.13,233.65,301.66,79.06,4.83670533333333,474.44,1461.39,404.19,249.11,317.12,78.64,4.234146,475.69,1411.47,386.64,255.62,289.13,74.92,3.8260686666666706,473.94,1172.95,738.39,907.91
2026-01-13 17:07:59,XPQ-01 Main,2026-01-13 17:07:00,1420.14,74.96,4.45232833333333,474.12,1398.75,379.51,245.86,288.64,76.13,4.903372,473.99,1448.62,400.36,258.0,305.11,76.36,4.634146,475.24,1413.06,386.49,266.36,279.47,72.39,3.8260686666666706,473.14,1166.36,770.23,873.22
2026-01-13 17:08:59,XPQ-01 Main,2026-01-13 17:08:00,2246.81,60.64,4.288995,462.13,2224.81,588.01,455.13,363.26,62.38,4.503372,462.03,2301.03,620.08,482.1,380.49,61.95,4.50081266666667,463.43,2214.59,590.56,481.05,338.91,57.59,3.859402,460.94,1798.64,1418.28,1082.65
2026-01-13 17:09:59,XPQ-01 Main,2026-01-13 17:09:00,1904.33,68.71,4.508995,467.74,1880.15,501.96,358.31,343.14,70.05,4.83670533333333,467.55,1945.55,529.34,377.37,361.77,70.12,4.734146,468.96,1887.3,508.35,382.91,327.53,65.95,3.959402,466.71,1539.65,1118.59,1032.44
2026-01-13 17:10:59,XPQ-01 Main,2026-01-13 17:10:00,1512.79,75.32,4.21232833333333,473.08,1486.9,402.57,258.66,308.32,76.61,4.87003866666667,472.91,1546.18,426.31,272.99,326.69,76.74,4.234146,474.14,1505.28,410.84,282.16,297.89,72.6,3.52606866666667,472.17,1239.72,813.81,932.91
2026-01-13 17:11:59,XPQ-01 Main,2026-01-13 17:11:00,1541.77,75.2,4.21232833333333,472.85,1511.13,408.96,262.46,313.21,76.65,4.73670533333333,472.65,1581.3,435.72,279.08,334.01,76.74,4.30081266666667,473.87,1532.89,418.21,289.08,301.73,72.21,3.59273533333333,472.02,1262.89,830.62,948.95
2026-01-13 17:12:59,XPQ-01 Main,2026-01-13 17:12:00,1533.65,75.85,4.46566166666667,473.35,1503.14,407.32,256.53,316.1,77.65,5.103372,473.21,1579.78,435.71,276.68,336.06,77.2,4.56747933333333,474.24,1518.01,414.55,284.36,301.15,72.71,3.72606866666667,472.59,1257.58,817.57,953.32
2026-01-13 17:13:59,XPQ-01 Main,2026-01-13 17:13:00,1511.45,75.83,4.28566166666667,473.28,1485.3,402.41,254.22,311.34,77.46,4.97003866666667,473.05,1551.47,427.78,271.95,329.47,77.12,4.10081266666667,474.2,1497.58,408.98,279.5,297.69,72.9,3.79273533333333,472.58,1239.17,805.66,938.5
2026-01-13 17:14:59,XPQ-01 Main,2026-01-13 17:14:00,1494.03,74.74,4.16566166666667,473.31,1464.67,396.7,254.65,303.65,76.62,4.57003866666667,473.21,1539.55,424.8,275.23,323.0,76.11,4.36747933333333,474.41,1477.88,403.52,281.97,288.17,71.47,3.559402,472.32,1225.01,811.86,914.81
2026-01-13 17:15:59,XPQ-01 Main,2026-01-13 17:15:00,1525.51,76.12,4.218995,473.03,1498.04,405.52,254.95,314.67,77.7,4.67003866666667,472.8,1567.09,431.99,272.51,333.59,77.44,4.434146,474.12,1511.41,412.55,280.64,301.65,73.21,3.559402,472.17,1250.06,808.1,949.91
2026-01-13 17:16:59,XPQ-01 Main,2026-01-13 17:16:00,1466.71,76.16,4.378995,473.61,1440.21,390.34,245.73,302.36,77.6,4.73670533333333,473.41,1503.21,414.91,261.24,320.84,77.55,4.60081266666667,474.69,1456.71,398.07,269.97,291.3,73.35,3.79273533333333,472.71,1203.32,776.93,914.49
2026-01-13 17:17:59,XPQ-01 Main,2026-01-13 17:17:00,1367.04,72.35,4.22232833333333,474.38,1337.61,363.08,244.97,267.55,73.75,4.63670533333333,474.17,1401.82,387.62,259.85,286.46,74.07,4.334146,475.55,1361.69,372.7,268.64,257.64,69.22,3.6927353333333297,473.42,1123.4,773.46,811.65
2026-01-13 17:18:59,XPQ-01 Main,2026-01-13 17:18:00,1285.38,70.61,4.04232833333333,475.02,1257.11,341.83,236.16,246.75,72.24,4.27003866666667,474.8,1320.13,365.36,251.79,263.84,72.34,4.26747933333333,476.0,1278.9,350.53,258.9,235.28,67.25,3.59273533333333,474.27,1057.73,746.85,745.87
2026-01-13 17:19:59,XPQ-01 Main,2026-01-13 17:19:00,1291.31,68.29,4.21232833333333,474.33,1262.09,342.55,246.73,237.13,69.29,4.57003866666667,474.12,1317.62,364.31,258.23,256.21,70.43,4.26747933333333,475.51,1294.22,354.17,268.42,230.53,65.15,3.79273533333333,473.35,1061.03,773.38,723.87
2026-01-13 17:20:59,XPQ-01 Main,2026-01-13 17:20:00,1278.87,67.97,4.88566166666667,474.89,1246.43,338.8,243.75,234.9,69.39,5.27003866666667,474.92,1311.73,363.19,258.77,254.55,70.13,4.80081266666667,475.93,1278.46,350.11,267.8,225.44,64.4,4.59273533333333,473.83,1052.1,770.33,714.9
2026-01-13 17:21:59,XPQ-01 Main,2026-01-13 17:21:00,1290.0,68.98,4.378995,473.66,1258.81,341.23,242.54,239.64,70.28,4.83670533333333,473.56,1321.55,364.9,256.32,258.66,71.03,4.36747933333333,474.76,1289.64,352.35,265.57,231.07,65.64,3.92606866666667,472.66,1058.48,764.43,729.36
2026-01-13 17:22:59,XPQ-01 Main,2026-01-13 17:22:00,1340.59,71.27,4.318995,474.74,1310.09,355.97,242.45,260.53,73.2,4.603372,474.54,1382.99,382.61,261.66,278.34,72.86,4.534146,475.78,1328.7,363.95,267.41,246.2,67.73,3.8260686666666706,473.91,1102.53,771.52,785.07
2026-01-13 17:23:59,XPQ-01 Main,2026-01-13 17:23:00,1296.34,72.38,4.37566166666667,475.72,1273.26,346.66,233.15,256.04,73.94,4.803372,475.55,1328.37,368.29,247.78,271.72,73.89,4.36747933333333,476.76,1287.39,353.34,254.52,244.71,69.31,3.959402,474.84,1068.29,735.45,772.47
2026-01-13 17:24:59,XPQ-01 Main,2026-01-13 17:24:00,1276.31,69.83,4.098995,475.33,1255.0,341.41,240.7,241.74,70.86,4.53670533333333,475.25,1298.78,359.88,251.27,257.41,71.56,4.20081266666667,476.42,1275.14,349.61,259.19,234.42,67.08,3.559402,474.32,1050.9,751.16,733.56
2026-01-13 17:25:59,XPQ-01 Main,2026-01-13 17:25:00,1263.73,70.74,4.38566166666667,475.93,1243.1,338.65,235.75,242.88,71.76,4.803372,475.83,1285.73,356.64,245.82,258.11,72.41,4.56747933333333,476.94,1262.37,346.55,253.81,235.61,68.03,3.79273533333333,475.0,1041.84,735.37,736.6
2026-01-13 17:26:59,XPQ-01 Main,2026-01-13 17:26:00,1273.13,71.61,4.17566166666667,476.12,1251.8,341.22,232.36,249.62,73.2,4.43670533333333,475.96,1304.69,361.92,246.83,263.61,73.0,4.06747933333333,477.03,1262.9,346.91,251.96,237.73,68.63,4.02606866666667,475.38,1050.06,731.16,750.96
2026-01-13 17:27:59,XPQ-01 Main,2026-01-13 17:27:00,1324.3,71.05,4.398995,474.91,1297.23,352.61,244.12,254.25,72.13,4.63670533333333,474.8,1351.11,373.99,255.73,272.47,72.91,4.434146,475.95,1324.56,362.86,265.46,246.89,68.1,4.12606866666667,473.98,1089.47,765.31,773.61
2026-01-13 17:28:59,XPQ-01 Main,2026-01-13 17:28:00,1306.17,70.24,4.37566166666667,474.86,1279.2,347.63,243.35,247.7,71.33,4.77003866666667,474.7,1333.75,369.16,255.06,265.94,72.17,4.46747933333333,475.97,1305.55,357.66,264.74,240.31,67.21,3.89273533333333,473.92,1074.45,763.15,753.95
2026-01-13 17:29:59,XPQ-01 Main,2026-01-13 17:29:00,1325.62,71.16,4.08566166666667,474.7,1300.89,353.45,244.31,255.31,72.25,4.203372,474.53,1351.63,373.92,255.51,272.14,72.9,4.26747933333333,475.73,1324.36,362.69,264.46,247.55,68.34,3.79273533333333,473.83,1090.06,764.28,775.01
2026-01-13 17:30:59,XPQ-01 Main,2026-01-13 17:30:00,1330.51,71.65,4.22232833333333,474.96,1304.49,354.62,243.03,257.91,72.78,4.63670533333333,474.83,1358.05,375.93,254.75,275.47,73.42,4.36747933333333,475.99,1328.98,364.13,264.04,250.07,68.76,3.659402,474.05,1094.68,761.82,783.45
2026-01-13 17:31:59,XPQ-01 Main,2026-01-13 17:31:00,1347.38,72.84,4.34232833333333,474.88,1323.93,359.78,242.39,264.91,73.78,4.87003866666667,474.64,1371.96,379.7,252.17,282.05,74.55,4.20081266666667,476.0,1346.26,368.89,262.37,258.51,70.19,3.959402,474.0,1108.37,756.93,805.47
2026-01-13 17:32:59,XPQ-01 Main,2026-01-13 17:32:00,1364.82,72.03,4.298995,474.57,1338.95,363.72,247.38,266.22,73.26,4.67003866666667,474.41,1394.19,385.58,260.2,283.73,73.7,4.46747933333333,475.57,1361.3,372.7,268.95,257.27,69.12,3.759402,473.72,1122.0,776.53,807.23
2026-01-13 17:33:59,XPQ-01 Main,2026-01-13 17:33:00,1362.02,72.14,4.16566166666667,474.7,1339.35,363.93,246.98,266.53,73.35,4.63670533333333,474.48,1391.09,384.76,259.11,282.49,73.69,4.20081266666667,475.69,1355.61,371.31,267.13,257.37,69.38,3.659402,473.93,1120.0,773.23,806.38
2026-01-13 17:34:59,XPQ-01 Main,2026-01-13 17:34:00,1330.37,69.66,4.098995,475.17,1307.43,355.52,251.26,250.93,70.66,4.43670533333333,475.03,1354.66,375.22,261.95,267.41,71.44,4.20081266666667,476.29,1329.01,364.3,270.57,243.47,66.89,3.659402,474.18,1095.05,783.78,761.81
2026-01-13 17:35:59,XPQ-01 Main,2026-01-13 17:35:00,1360.77,70.34,4.378995,474.46,1336.11,362.85,253.03,259.64,71.62,4.77003866666667,474.3,1390.67,384.53,266.29,276.11,71.98,4.534146,475.48,1355.52,371.03,273.65,249.74,67.41,3.8260686666666706,473.6,1118.4,792.97,785.49
2026-01-13 17:36:59,XPQ-01 Main,2026-01-13 17:36:00,1262.9,72.21,4.54232833333333,475.83,1234.42,336.18,227.21,247.08,73.61,4.93670533333333,475.65,1295.55,359.28,240.87,265.01,74.0,4.56747933333333,476.88,1258.72,345.54,249.61,238.07,69.02,4.12606866666667,474.96,1040.99,717.69,750.16
2026-01-13 17:37:59,XPQ-01 Main,2026-01-13 17:37:00,1248.31,72.24,4.86566166666667,476.53,1222.06,333.32,225.56,244.66,73.52,5.303372,476.34,1278.39,355.01,237.84,261.68,74.0,4.834146,477.57,1244.49,342.15,246.58,236.44,69.21,4.459402,475.7,1030.48,709.99,742.78
2026-01-13 17:38:59,XPQ-01 Main,2026-01-13 17:38:00,1253.32,72.54,5.04566166666667,476.4,1227.53,334.76,225.53,246.73,73.81,5.43670533333333,476.2,1282.6,356.03,237.55,263.45,74.27,4.96747933333333,477.37,1249.84,343.53,246.36,238.46,69.55,4.72606866666667,475.63,1034.32,709.44,748.63
2026-01-13 17:39:59,XPQ-01 Main,2026-01-13 17:39:00,1218.81,72.7,4.58566166666667,476.42,1192.88,325.37,218.24,240.5,74.05,4.97003866666667,476.3,1248.32,346.53,230.74,257.44,74.47,4.734146,477.31,1215.24,333.99,239.45,231.93,69.57,4.059402,475.65,1005.88,688.43,729.87
2026-01-13 17:40:59,XPQ-01 Main,2026-01-13 17:40:00,1223.37,71.17,4.74566166666667,476.43,1195.69,326.16,224.07,236.08,72.53,5.07003866666667,476.26,1253.59,347.96,236.86,253.27,73.04,4.80081266666667,477.29,1220.83,335.55,245.54,227.27,67.93,4.359402,475.73,1009.67,706.47,716.62
2026-01-13 17:41:59,XPQ-01 Main,2026-01-13 17:41:00,1244.67,71.98,5.01232833333333,476.31,1221.33,333.01,227.01,242.9,73.06,5.33670533333333,476.17,1269.75,352.44,237.44,259.11,73.73,5.20081266666667,477.28,1242.93,341.51,246.3,235.81,69.16,4.49273533333333,475.47,1026.96,710.74,737.82
2026-01-13 17:42:59,XPQ-01 Main,2026-01-13 17:42:00,1235.83,71.35,4.84566166666667,476.55,1207.84,329.51,226.78,238.44,72.46,5.103372,476.45,1263.75,350.97,237.65,255.88,73.27,4.90081266666667,477.52,1235.9,339.73,247.33,231.47,68.33,4.52606866666667,475.68,1020.21,711.75,725.79
2026-01-13 17:43:59,XPQ-01 Main,2026-01-13 17:43:00,1250.86,71.68,4.618995,476.37,1218.61,332.43,225.57,243.99,73.43,5.27003866666667,476.21,1288.64,357.59,242.19,262.96,73.56,4.56747933333333,477.15,1245.35,342.24,250.46,232.67,68.06,4.02606866666667,475.75,1032.26,718.23,739.63
2026-01-13 17:44:59,XPQ-01 Main,2026-01-13 17:44:00,1272.65,72.22,5.22232833333333,476.2,1242.21,338.44,230.58,247.25,73.13,5.87003866666667,476.02,1298.78,360.59,240.79,267.69,74.35,4.90081266666667,477.46,1276.95,350.81,253.13,242.53,69.18,4.89273533333333,475.12,1049.84,724.5,757.47
2026-01-13 17:45:59,XPQ-01 Main,2026-01-13 17:45:00,1254.9,72.6,4.798995,476.66,1228.74,335.08,227.45,245.9,73.41,5.33670533333333,476.23,1277.51,354.86,236.1,263.6,74.49,4.934146,477.94,1258.46,346.23,247.09,241.44,69.89,4.12606866666667,475.81,1036.17,710.64,750.94
2026-01-13 17:46:59,XPQ-01 Main,2026-01-13 17:46:00,1247.36,74.94,4.54232833333333,476.82,1224.98,334.14,218.01,252.73,75.72,5.003372,476.5,1267.23,352.2,225.65,269.69,76.7,4.46747933333333,478.1,1249.87,343.93,236.98,248.72,72.4,4.159402,475.85,1030.27,680.64,771.15
2026-01-13 17:47:59,XPQ-01 Main,2026-01-13 17:47:00,1259.91,74.54,4.73232833333333,476.75,1235.68,337.08,221.02,253.75,75.41,5.303372,476.67,1281.85,356.32,229.75,271.59,76.35,4.634146,477.95,1262.21,347.1,241.01,249.04,71.86,4.259402,475.63,1040.5,691.78,774.39
2026-01-13 17:48:59,XPQ-01 Main,2026-01-13 17:48:00,1275.8,75.0,4.93232833333333,476.65,1250.14,341.03,221.61,258.78,75.95,5.33670533333333,476.55,1299.89,361.17,231.04,277.06,76.8,5.00081266666667,477.73,1277.39,351.23,242.6,253.43,72.24,4.459402,475.68,1053.42,695.26,789.27
2026-01-13 17:49:59,XPQ-01 Main,2026-01-13 17:49:00,1235.29,72.66,4.75566166666667,476.92,1212.63,331.05,223.68,243.33,73.62,5.23670533333333,476.77,1257.96,349.62,232.88,259.28,74.4,4.734146,477.92,1235.27,339.86,242.2,237.25,69.98,4.29273533333333,476.07,1020.53,698.77,739.85
2026-01-13 17:50:59,XPQ-01 Main,2026-01-13 17:50:00,1221.18,74.33,4.44566166666667,476.95,1193.21,325.75,212.39,246.26,75.73,4.73670533333333,476.72,1253.82,348.43,225.08,263.81,76.07,4.66747933333333,477.93,1216.51,334.8,234.54,237.81,71.2,3.92606866666667,476.21,1008.99,672.02,747.88
2026-01-13 17:51:59,XPQ-01 Main,2026-01-13 17:51:00,1273.71,72.38,4.298995,476.76,1250.48,341.16,231.69,250.19,73.37,4.77003866666667,476.52,1297.47,360.53,241.7,266.73,74.1,4.20081266666667,477.92,1273.17,350.23,251.03,243.69,69.65,3.92606866666667,475.84,1051.92,724.42,760.61
2026-01-13 17:52:59,XPQ-01 Main,2026-01-13 17:52:00,1261.21,73.83,4.72232833333333,476.4,1242.95,338.75,225.63,252.2,74.53,5.13670533333333,476.06,1278.49,355.0,232.52,267.4,75.46,4.70081266666667,477.7,1262.19,347.03,242.42,247.88,71.49,4.32606866666667,475.43,1040.78,700.57,767.48
2026-01-13 17:53:59,XPQ-01 Main,2026-01-13 17:53:00,1227.28,74.29,4.74232833333333,476.83,1201.33,327.83,215.19,246.68,75.36,5.003372,476.65,1252.86,348.18,225.49,264.56,76.11,4.86747933333333,477.91,1227.64,337.73,236.02,240.81,71.42,4.359402,475.93,1013.74,676.7,752.05
2026-01-13 17:54:59,XPQ-01 Main,2026-01-13 17:54:00,1296.08,75.52,4.54232833333333,475.84,1272.66,346.53,223.16,264.84,76.47,5.103372,475.65,1319.12,365.86,232.55,282.05,77.16,4.50081266666667,476.98,1296.45,355.93,243.23,259.28,72.93,4.02606866666667,474.89,1068.32,698.93,806.18
2026-01-13 17:55:59,XPQ-01 Main,2026-01-13 17:55:00,1261.5,73.85,4.298995,476.5,1233.25,336.32,221.9,252.31,75.09,4.67003866666667,476.23,1291.43,358.56,234.15,270.72,75.64,4.234146,477.57,1259.8,346.41,244.29,244.97,70.81,3.9927353333333295,475.71,1041.3,700.34,768.01
2026-01-13 17:56:59,XPQ-01 Main,2026-01-13 17:56:00,1255.76,72.96,4.698995,476.45,1228.11,334.9,222.72,249.71,74.63,5.17003866666667,476.29,1290.92,358.47,238.47,267.26,74.62,4.734146,477.47,1248.24,343.11,246.16,238.75,69.62,4.19273533333333,475.61,1036.47,707.35,755.72
2026-01-13 17:57:59,XPQ-01 Main,2026-01-13 17:57:00,1281.59,75.59,4.57566166666667,477.07,1259.12,343.72,220.39,263.06,76.65,4.97003866666667,476.86,1307.1,363.46,230.53,279.65,77.16,4.534146,478.22,1278.55,351.93,240.35,256.44,72.96,4.22606866666667,476.12,1059.11,691.26,799.15
2026-01-13 17:58:59,XPQ-01 Main,2026-01-13 17:58:00,1235.33,72.77,4.53232833333333,476.79,1207.11,329.26,220.79,243.45,74.07,4.803372,476.5,1266.21,351.91,233.4,261.8,74.64,4.534146,478.01,1232.67,339.16,243.25,235.63,69.58,4.259402,475.87,1020.33,697.44,740.89
2026-01-13 17:59:59,XPQ-01 Main,2026-01-13 17:59:00,1243.15,71.31,4.95566166666667,476.99,1217.93,332.59,228.4,240.75,72.55,5.503372,476.76,1270.59,353.09,240.34,257.19,73.06,4.80081266666667,477.91,1240.94,341.51,248.65,232.68,68.33,4.559402,476.31,1027.2,717.39,730.62
2026-01-13 18:00:59,XPQ-01 Main,2026-01-13 18:00:00,1224.86,72.51,4.24566166666667,477.3,1195.35,326.55,220.04,240.32,73.75,4.47003866666667,476.91,1254.97,348.94,232.02,258.76,74.45,4.26747933333333,478.31,1224.25,337.27,242.35,233.18,69.33,3.9927353333333295,476.69,1012.76,694.42,732.26
2026-01-13 18:01:59,XPQ-01 Main,2026-01-13 18:01:00,1250.32,72.62,4.36566166666667,476.97,1226.88,334.73,226.33,245.85,73.57,4.73670533333333,476.54,1273.27,353.96,235.6,262.22,74.39,4.46747933333333,478.3,1250.81,344.37,245.42,239.99,69.92,3.89273533333333,476.07,1033.06,707.35,748.06
2026-01-13 18:02:59,XPQ-01 Main,2026-01-13 18:02:00,1240.36,72.07,4.37566166666667,476.94,1213.15,330.99,224.47,242.39,73.37,5.003372,476.67,1269.81,353.06,237.03,259.93,73.89,4.334146,478.21,1238.12,340.74,246.13,234.31,68.95,3.79273533333333,475.93,1024.79,707.63,736.63
2026-01-13 18:03:59,XPQ-01 Main,2026-01-13 18:03:00,1251.03,75.26,4.35566166666667,477.71,1226.71,335.41,217.59,254.82,76.05,4.83670533333333,477.55,1271.64,354.03,225.31,272.71,77.09,4.434146,478.76,1254.73,345.8,237.44,251.03,72.65,3.79273533333333,476.81,1035.23,680.34,778.55
2026-01-13 18:04:59,XPQ-01 Main,2026-01-13 18:04:00,1228.72,74.65,4.36566166666667,477.29,1202.99,328.64,213.74,249.33,75.92,4.903372,476.86,1257.43,349.55,225.36,266.47,76.35,4.36747933333333,478.3,1225.75,337.72,235.18,241.75,71.68,3.8260686666666706,476.72,1015.91,674.28,757.55
2026-01-13 18:05:59,XPQ-01 Main,2026-01-13 18:05:00,1283.37,74.08,4.808995,477.28,1258.0,343.45,226.84,257.29,75.01,5.27003866666667,476.87,1308.27,363.94,236.23,275.33,75.89,4.734146,478.63,1283.84,353.69,247.5,252.04,71.35,4.42606866666667,476.35,1061.07,710.57,784.66
2026-01-13 18:06:59,XPQ-01 Main,2026-01-13 18:06:00,1270.59,74.33,4.62232833333333,477.23,1245.32,340.0,223.55,255.44,75.25,5.13670533333333,476.95,1295.34,360.34,232.75,273.59,76.17,4.66747933333333,478.48,1271.12,350.06,244.26,250.26,71.56,4.059402,476.26,1050.39,700.56,779.29
2026-01-13 18:07:59,XPQ-01 Main,2026-01-13 18:07:00,1238.25,71.27,4.398995,476.85,1212.19,330.87,226.75,240.19,72.72,4.97003866666667,476.8,1269.17,352.79,240.51,256.99,73.01,4.334146,477.86,1233.39,339.21,248.23,230.81,68.09,3.89273533333333,475.89,1022.86,715.5,727.99
2026-01-13 18:08:59,XPQ-01 Main,2026-01-13 18:08:00,1276.86,75.64,4.598995,477.47,1254.73,342.77,220.76,262.01,76.47,4.97003866666667,477.03,1298.28,361.18,228.66,278.55,77.29,4.60081266666667,478.69,1277.58,352.14,239.72,257.21,73.16,4.22606866666667,476.7,1056.09,689.14,797.77
2026-01-13 18:09:59,XPQ-01 Main,2026-01-13 18:09:00,1252.58,71.7,4.72232833333333,476.85,1221.34,333.29,226.32,244.09,73.33,5.103372,476.47,1288.83,358.08,242.04,262.72,73.55,4.80081266666667,477.97,1247.56,343.35,250.47,233.7,68.22,4.259402,476.12,1034.72,718.83,740.52
2026-01-13 18:10:59,XPQ-01 Main,2026-01-13 18:10:00,1203.67,73.68,4.63232833333333,477.98,1178.1,322.33,213.82,240.53,74.74,5.13670533333333,477.6,1228.82,342.12,223.64,257.77,75.53,4.534146,478.96,1204.09,332.18,234.13,234.57,70.78,4.22606866666667,477.36,996.63,671.59,732.87
2026-01-13 18:11:59,XPQ-01 Main,2026-01-13 18:11:00,1219.23,71.4,4.72232833333333,477.42,1191.03,325.62,222.37,237.7,73.03,5.23670533333333,477.29,1252.79,348.44,237.42,254.98,73.19,4.76747933333333,478.2,1213.86,334.29,245.01,227.12,67.98,4.159402,476.76,1008.35,704.79,719.8
2026-01-13 18:12:59,XPQ-01 Main,2026-01-13 18:12:00,1248.88,73.32,4.58566166666667,477.32,1228.46,335.5,224.6,248.79,74.23,5.03670533333333,477.14,1269.45,353.24,233.45,264.6,74.99,4.50081266666667,478.55,1248.71,343.87,242.85,243.14,70.75,4.22606866666667,476.27,1032.61,700.9,756.53
2026-01-13 18:13:59,XPQ-01 Main,2026-01-13 18:13:00,1156.37,72.52,4.508995,478.39,1137.25,311.29,212.14,227.44,73.13,4.803372,478.03,1172.0,326.74,217.86,242.37,74.37,4.434146,479.59,1159.85,320.23,228.3,224.13,70.05,4.29273533333333,477.55,958.26,658.3,693.94
2026-01-13 18:14:59,XPQ-01 Main,2026-01-13 18:14:00,1148.44,71.78,4.53232833333333,478.49,1129.94,309.48,212.84,224.51,72.57,5.07003866666667,478.25,1165.5,324.95,220.22,238.72,73.5,4.534146,479.51,1149.88,317.45,228.78,219.65,69.26,3.9927353333333295,477.7,951.88,661.84,682.89
2026-01-13 18:15:59,XPQ-01 Main,2026-01-13 18:15:00,1148.03,72.18,4.38566166666667,478.62,1123.89,307.89,208.86,225.88,73.42,5.07003866666667,478.55,1173.43,327.37,219.95,242.17,74.02,4.50081266666667,479.65,1146.77,316.58,228.84,218.64,69.08,3.59273533333333,477.67,951.85,657.65,686.69
2026-01-13 18:16:59,XPQ-01 Main,2026-01-13 18:16:00,1122.91,71.76,4.598995,478.75,1100.58,301.57,206.72,219.2,72.75,5.03670533333333,478.55,1144.81,319.42,215.61,234.39,73.6,4.60081266666667,479.82,1123.34,310.27,224.44,213.51,68.93,4.159402,477.88,931.26,646.77,667.1
2026-01-13 18:17:59,XPQ-01 Main,2026-01-13 18:17:00,1203.18,75.28,4.66566166666667,478.43,1180.92,323.41,207.78,247.04,76.53,5.103372,478.27,1230.74,343.14,218.94,262.85,76.84,4.90081266666667,479.42,1197.88,330.63,227.49,239.22,72.46,3.9927353333333295,477.61,997.18,654.21,749.11
2026-01-13 18:18:59,XPQ-01 Main,2026-01-13 18:18:00,1271.06,77.19,4.688995,478.04,1250.19,341.94,213.9,266.67,78.01,5.27003866666667,477.78,1291.82,359.95,221.6,283.37,78.77,4.834146,479.26,1271.18,350.64,232.64,262.17,74.8,3.959402,477.07,1052.54,668.14,812.21
2026-01-13 18:19:59,XPQ-01 Main,2026-01-13 18:19:00,1282.15,75.35,4.52232833333333,478.0,1258.36,344.19,220.32,264.32,76.81,5.07003866666667,477.85,1314.45,366.27,234.27,281.16,76.83,4.434146,479.14,1273.62,351.2,242.16,254.33,72.42,4.059402,477.0,1061.66,696.75,799.82
2026-01-13 18:20:59,XPQ-01 Main,2026-01-13 18:20:00,1261.0,77.52,4.608995,478.24,1239.8,339.25,210.32,266.09,78.45,5.13670533333333,477.91,1283.75,357.79,218.86,282.6,79.06,4.534146,479.45,1259.46,347.62,229.56,260.75,75.06,4.159402,477.37,1044.66,658.75,809.44
2026-01-13 18:21:59,XPQ-01 Main,2026-01-13 18:21:00,1265.7,75.26,4.45566166666667,477.68,1245.98,340.69,219.45,260.49,76.48,4.97003866666667,477.49,1291.5,359.49,230.76,275.35,76.64,4.234146,478.66,1259.61,347.13,238.34,252.03,72.66,4.159402,476.88,1047.31,688.55,787.87
2026-01-13 18:22:59,XPQ-01 Main,2026-01-13 18:22:00,1259.89,76.54,4.44232833333333,478.0,1236.12,338.26,212.35,262.91,77.79,4.703372,477.86,1288.47,358.86,223.9,279.77,78.08,4.60081266666667,478.9,1255.08,346.09,233.54,255.09,73.76,4.02606866666667,477.24,1043.22,669.79,797.78
2026-01-13 18:23:59,XPQ-01 Main,2026-01-13 18:23:00,1267.44,76.68,4.45566166666667,477.85,1245.15,340.49,214.93,263.77,77.52,4.83670533333333,477.52,1289.06,358.92,222.9,280.57,78.3,4.40081266666667,478.98,1268.11,349.72,234.08,259.31,74.23,4.12606866666667,477.07,1049.14,671.92,803.65
2026-01-13 18:24:59,XPQ-01 Main,2026-01-13 18:24:00,1250.47,76.74,4.82232833333333,477.64,1226.76,335.47,208.92,262.11,78.2,5.17003866666667,477.52,1281.43,356.63,222.28,278.74,78.18,4.90081266666667,478.5,1243.22,342.55,230.85,252.78,73.84,4.39273533333333,476.89,1034.65,662.05,793.63
2026-01-13 18:25:59,XPQ-01 Main,2026-01-13 18:25:00,1281.96,75.41,4.56566166666667,477.34,1258.87,343.86,219.65,264.46,76.93,4.97003866666667,476.95,1314.37,365.55,233.91,280.48,76.8,4.434146,478.46,1272.65,350.64,241.26,253.95,72.5,4.29273533333333,476.62,1060.05,694.83,798.89
2026-01-13 18:26:59,XPQ-01 Main,2026-01-13 18:26:00,1287.44,75.02,4.57566166666667,477.03,1265.79,345.49,224.5,262.37,75.98,5.07003866666667,476.89,1309.9,364.3,233.98,278.96,76.62,4.40081266666667,478.21,1286.63,354.06,243.86,256.51,72.48,4.259402,475.98,1063.85,702.33,797.84
2026-01-13 18:27:59,XPQ-01 Main,2026-01-13 18:27:00,1266.61,75.8,4.45232833333333,476.35,1245.66,339.53,218.57,259.54,76.49,4.83670533333333,476.25,1284.62,356.78,225.47,276.34,77.48,4.36747933333333,477.52,1269.54,348.83,236.7,256.08,73.43,4.159402,475.28,1045.14,680.74,791.96
2026-01-13 18:28:59,XPQ-01 Main,2026-01-13 18:28:00,1287.23,76.45,4.63232833333333,477.01,1266.52,345.72,215.86,269.93,78.1,5.203372,476.64,1321.31,367.23,231.21,284.94,77.65,4.56747933333333,478.11,1273.85,350.71,237.22,257.95,73.61,4.12606866666667,476.28,1063.66,684.29,812.83
2026-01-13 18:29:59,XPQ-01 Main,2026-01-13 18:29:00,1304.77,77.58,4.36566166666667,476.84,1282.66,350.03,216.18,275.06,78.62,4.87003866666667,476.58,1330.0,369.56,225.9,291.96,79.09,4.334146,477.91,1301.66,358.17,236.62,268.56,75.03,3.89273533333333,476.04,1077.76,678.7,835.58
2026-01-13 18:30:59,XPQ-01 Main,2026-01-13 18:30:00,1311.96,77.82,4.62232833333333,476.12,1290.27,351.59,216.34,276.81,78.79,5.203372,475.98,1335.81,370.69,225.48,293.64,79.31,4.634146,477.16,1309.8,359.77,236.28,270.95,75.37,4.02606866666667,475.21,1082.05,678.1,841.39
2026-01-13 18:31:59,XPQ-01 Main,2026-01-13 18:31:00,1138.26,72.93,4.788995,477.5,1114.67,304.73,204.99,225.05,73.93,5.303372,477.48,1160.23,322.88,213.92,241.46,74.85,4.60081266666667,478.38,1139.89,313.91,224.06,219.65,70.0,4.459402,476.63,941.52,642.97,686.16
2026-01-13 18:32:59,XPQ-01 Main,2026-01-13 18:32:00,1159.69,72.64,4.508995,477.22,1133.95,309.78,208.66,228.51,73.84,5.003372,477.03,1186.96,330.06,219.6,245.17,74.49,4.56747933333333,478.19,1158.14,318.87,228.8,221.61,69.57,3.959402,476.45,958.71,657.07,695.29
2026-01-13 18:33:59,XPQ-01 Main,2026-01-13 18:33:00,1157.03,72.3,4.66566166666667,478.05,1132.34,309.76,210.7,226.37,73.19,4.97003866666667,477.88,1179.13,328.58,219.3,243.5,74.3,4.80081266666667,479.18,1159.62,319.81,229.87,221.71,69.41,4.22606866666667,477.08,958.15,659.87,691.58
2026-01-13 18:34:59,XPQ-01 Main,2026-01-13 18:34:00,1179.12,71.12,4.26566166666667,477.57,1154.83,315.78,217.38,228.72,72.48,4.803372,477.53,1206.59,335.8,229.75,244.61,72.89,4.20081266666667,478.43,1175.93,323.88,237.39,220.03,67.98,3.79273533333333,476.74,975.47,684.52,693.36
2026-01-13 18:35:59,XPQ-01 Main,2026-01-13 18:35:00,1161.2,71.91,4.48566166666667,478.15,1135.51,310.67,213.25,225.72,72.69,4.97003866666667,477.91,1182.32,329.52,221.22,243.16,73.97,4.534146,479.35,1165.77,321.61,232.09,221.77,69.08,3.959402,477.19,961.8,666.56,690.65
2026-01-13 18:36:59,XPQ-01 Main,2026-01-13 18:36:00,1178.38,72.79,4.35566166666667,478.0,1152.95,315.48,213.7,231.87,73.53,4.77003866666667,477.73,1198.67,333.8,221.32,249.45,74.8,4.36747933333333,478.99,1183.51,326.43,232.72,228.25,70.02,3.92606866666667,477.28,975.72,667.74,709.56
2026-01-13 18:37:59,XPQ-01 Main,2026-01-13 18:37:00,1150.18,73.57,4.388995,478.65,1125.63,308.46,204.19,230.75,74.89,4.703372,478.6,1177.28,328.4,215.68,247.25,75.36,4.434146,479.54,1147.65,316.83,224.76,223.17,70.46,4.02606866666667,477.81,953.69,644.63,701.17
2026-01-13 18:38:59,XPQ-01 Main,2026-01-13 18:38:00,1079.05,73.89,4.57566166666667,479.32,1057.03,289.99,190.51,218.13,75.32,5.103372,479.12,1105.86,308.91,202.09,233.08,75.56,4.76747933333333,480.33,1074.27,297.07,209.76,210.2,70.79,3.859402,478.5,895.96,602.37,661.42
2026-01-13 18:39:59,XPQ-01 Main,2026-01-13 18:39:00,1188.45,71.94,4.32232833333333,478.0,1166.51,319.12,219.49,231.39,72.55,4.73670533333333,477.93,1205.12,335.82,226.01,247.9,73.9,4.26747933333333,479.1,1193.72,329.11,236.9,228.07,69.36,3.959402,476.98,984.05,682.39,707.36
2026-01-13 18:40:59,XPQ-01 Main,2026-01-13 18:40:00,1224.05,73.58,4.33232833333333,477.9,1198.22,327.76,218.45,243.89,74.49,4.803372,477.87,1246.99,347.4,227.59,261.84,75.48,4.434146,478.94,1226.93,338.16,238.54,239.0,70.78,3.759402,476.87,1013.32,684.58,744.74
2026-01-13 18:41:59,XPQ-01 Main,2026-01-13 18:41:00,1202.91,73.19,4.34566166666667,477.77,1177.59,322.07,216.38,238.19,74.02,5.07003866666667,477.57,1224.37,340.85,224.68,255.94,75.15,4.50081266666667,478.76,1206.76,332.64,236.0,233.95,70.4,3.459402,476.99,995.56,677.06,728.08
2026-01-13 18:42:59,XPQ-01 Main,2026-01-13 18:42:00,1282.73,74.4,4.13232833333333,476.93,1257.57,343.39,222.18,261.39,76.19,4.703372,476.81,1319.49,366.68,238.94,277.89,75.82,4.26747933333333,477.79,1271.12,349.72,245.51,248.74,71.17,3.42606866666667,476.2,1059.79,706.64,788.02
2026-01-13 18:43:59,XPQ-01 Main,2026-01-13 18:43:00,1360.0,77.66,4.13232833333333,476.48,1332.99,363.6,223.22,286.67,78.9,4.47003866666667,476.28,1391.75,386.35,235.63,305.67,79.2,4.26747933333333,477.38,1355.27,372.59,246.83,278.73,74.87,3.659402,475.78,1122.55,705.68,871.07
2026-01-13 18:44:59,XPQ-01 Main,2026-01-13 18:44:00,1379.56,76.24,3.97566166666667,476.09,1353.23,368.81,232.05,285.83,77.64,4.33670533333333,476.06,1414.15,392.41,246.23,304.03,77.71,4.00081266666667,477.01,1371.29,376.53,255.62,275.97,73.36,3.59273533333333,475.19,1137.76,733.9,865.84
2026-01-13 18:45:59,XPQ-01 Main,2026-01-13 18:45:00,1383.17,76.17,4.03232833333333,476.4,1355.26,369.42,233.54,285.65,77.42,4.33670533333333,476.3,1416.08,393.34,246.6,305.17,77.78,4.10081266666667,477.57,1378.19,378.73,257.35,277.49,73.32,3.659402,475.32,1141.49,737.49,868.3
2026-01-13 18:46:59,XPQ-01 Main,2026-01-13 18:46:00,1374.97,77.29,4.188995,477.04,1350.98,368.9,227.16,289.99,78.72,4.703372,476.61,1409.59,391.62,241.42,307.14,78.62,4.234146,477.99,1364.34,375.7,250.1,279.48,74.52,3.62606866666667,476.51,1136.22,718.67,876.61
2026-01-13 18:47:59,XPQ-01 Main,2026-01-13 18:47:00,1374.46,77.66,3.96566166666667,476.64,1346.82,367.4,224.48,290.45,79.12,4.43670533333333,476.55,1410.21,391.79,239.24,309.91,79.16,4.034146,477.65,1366.35,375.68,249.67,280.61,74.71,3.42606866666667,475.71,1134.87,713.38,880.98
2026-01-13 18:48:59,XPQ-01 Main,2026-01-13 18:48:00,1603.89,72.75,7.36566166666667,473.91,1584.86,429.76,285.68,311.56,73.71,8.003372,473.55,1624.31,448.5,296.95,329.16,74.25,6.36747933333333,475.06,1602.5,438.38,306.74,303.14,70.29,7.72606866666667,473.13,1316.65,889.37,943.86
2026-01-13 18:49:59,XPQ-01 Main,2026-01-13 18:49:00,1441.25,75.62,4.06566166666667,475.76,1416.76,385.5,247.59,294.77,76.57,4.47003866666667,475.49,1467.84,407.18,258.11,313.83,77.23,4.10081266666667,477.12,1439.14,395.1,269.79,288.52,73.04,3.62606866666667,474.66,1187.78,775.49,897.12
2026-01-13 18:50:59,XPQ-01 Main,2026-01-13 18:50:00,1509.03,76.31,4.12232833333333,474.93,1483.92,403.27,256.22,311.2,77.2,4.37003866666667,474.63,1534.75,424.77,266.5,330.69,77.86,4.16747933333333,476.09,1508.43,413.43,278.45,305.26,73.88,3.8260686666666706,474.08,1241.48,801.16,947.15
2026-01-13 18:51:59,XPQ-01 Main,2026-01-13 18:51:00,1500.55,76.9,4.208995,475.49,1473.61,400.9,251.37,311.45,77.82,4.83670533333333,475.42,1527.93,423.63,261.74,332.12,78.54,4.034146,476.67,1500.13,411.44,274.99,305.69,74.35,3.759402,474.37,1235.97,788.1,949.25
2026-01-13 18:52:59,XPQ-01 Main,2026-01-13 18:52:00,1470.17,77.62,4.16566166666667,475.86,1446.35,393.99,241.3,311.27,79.03,4.67003866666667,475.62,1504.79,417.14,256.18,329.08,78.91,4.10081266666667,476.76,1459.38,400.75,265.24,300.09,74.93,3.7260686666666705,475.19,1211.89,762.73,940.44
2026-01-13 18:53:59,XPQ-01 Main,2026-01-13 18:53:00,1405.35,74.78,4.03232833333333,476.14,1378.13,375.35,245.41,284.01,75.67,4.47003866666667,475.85,1431.2,397.25,255.44,303.9,76.55,4.16747933333333,477.46,1406.73,386.52,267.66,278.69,72.12,3.459402,475.11,1159.13,768.52,866.6
2026-01-13 18:54:59,XPQ-01 Main,2026-01-13 18:54:00,1382.46,74.37,3.7656616666666705,476.46,1359.27,370.66,240.9,281.59,75.99,4.303372,476.1,1417.99,393.59,257.13,297.72,75.68,3.96747933333333,477.48,1370.12,376.79,263.51,268.93,71.43,3.02606866666667,475.81,1141.04,761.53,848.24
2026-01-13 18:55:59,XPQ-01 Main,2026-01-13 18:55:00,1398.95,72.8,4.208995,475.8,1378.37,375.3,252.28,277.8,74.03,4.63670533333333,475.43,1426.0,395.33,264.91,293.36,74.22,4.40081266666667,476.92,1392.49,382.39,272.3,268.14,70.16,3.59273533333333,475.05,1153.02,789.48,839.29
2026-01-13 18:56:59,XPQ-01 Main,2026-01-13 18:56:00,1410.9,74.44,4.288995,475.66,1384.82,377.0,244.89,286.17,75.98,4.603372,475.41,1446.69,400.96,260.76,303.82,75.88,4.46747933333333,476.68,1401.17,384.61,268.73,274.58,71.47,3.79273533333333,474.91,1162.57,774.38,864.58
2026-01-13 18:57:59,XPQ-01 Main,2026-01-13 18:57:00,1408.65,75.76,4.098995,475.69,1382.88,376.39,239.43,289.96,77.11,4.703372,475.39,1442.16,399.79,253.44,308.32,77.25,4.26747933333333,476.83,1400.9,384.58,262.95,280.32,72.93,3.32606866666667,474.84,1160.77,755.81,878.59
2026-01-13 18:58:59,XPQ-01 Main,2026-01-13 18:58:00,1431.36,74.49,3.96566166666667,475.11,1407.36,382.55,248.92,290.04,75.89,4.43670533333333,474.82,1464.15,405.45,263.62,307.5,75.92,4.06747933333333,476.29,1422.57,390.03,271.87,279.41,71.67,3.39273533333333,474.21,1178.03,784.4,876.95
2026-01-13 18:59:59,XPQ-01 Main,2026-01-13 18:59:00,1415.42,74.77,4.098995,475.4,1388.04,377.67,244.13,287.64,76.24,4.403372,475.21,1451.74,402.19,259.59,306.18,76.28,4.234146,476.43,1406.48,385.8,268.37,276.68,71.78,3.659402,474.57,1165.66,772.1,870.5
2026-01-13 19:00:59,XPQ-01 Main,2026-01-13 19:00:00,1450.43,74.13,3.97566166666667,475.09,1421.93,386.55,252.82,292.37,75.64,4.37003866666667,474.66,1487.55,411.74,269.16,311.4,75.65,3.96747933333333,476.23,1441.82,395.41,277.94,280.96,71.09,3.59273533333333,474.36,1193.7,799.92,884.74
2026-01-13 19:01:59,XPQ-01 Main,2026-01-13 19:01:00,1440.44,75.17,4.03232833333333,475.85,1411.73,384.41,247.85,293.39,76.39,4.53670533333333,475.61,1472.82,408.46,261.16,313.22,76.81,4.134146,477.0,1436.79,394.51,272.15,285.02,72.32,3.42606866666667,474.95,1187.38,781.15,891.63
2026-01-13 19:02:59,XPQ-01 Main,2026-01-13 19:02:00,1391.8,74.43,3.9556616666666704,476.37,1362.58,371.39,243.61,279.98,75.44,4.57003866666667,476.12,1420.33,394.37,254.74,300.3,76.26,4.034146,477.56,1392.48,382.76,267.09,273.93,71.6,3.259402,475.43,1148.52,765.44,854.21
2026-01-13 19:03:59,XPQ-01 Main,2026-01-13 19:03:00,1397.12,75.21,3.898995,476.44,1369.28,373.34,239.4,285.43,76.62,4.17003866666667,476.18,1431.84,397.54,254.01,304.88,76.83,4.10081266666667,477.5,1390.25,382.22,264.31,275.68,72.18,3.42606866666667,475.63,1153.09,757.71,865.99
2026-01-13 19:04:59,XPQ-01 Main,2026-01-13 19:04:00,1549.9,74.22,4.15232833333333,474.31,1523.82,413.56,270.31,311.48,75.53,4.47003866666667,474.08,1584.38,438.01,285.44,330.27,75.66,4.30081266666667,475.47,1541.49,421.89,294.42,300.79,71.46,3.6927353333333297,473.39,1273.46,850.18,942.54
2026-01-13 19:05:59,XPQ-01 Main,2026-01-13 19:05:00,1425.54,75.32,4.14232833333333,475.79,1398.62,380.85,242.38,293.75,77.13,4.43670533333333,475.44,1467.61,406.8,261.16,311.63,76.64,4.40081266666667,476.81,1410.4,387.32,267.95,279.39,72.17,3.59273533333333,475.12,1174.96,771.49,884.77
2026-01-13 19:06:59,XPQ-01 Main,2026-01-13 19:06:00,1395.29,75.5,4.03232833333333,476.17,1369.58,373.47,236.74,288.31,77.28,4.47003866666667,476.15,1434.99,398.11,254.75,305.56,76.81,4.134146,476.89,1381.29,379.36,261.35,274.33,72.4,3.49273533333333,475.46,1150.93,752.83,868.2
2026-01-13 19:07:59,XPQ-01 Main,2026-01-13 19:07:00,1402.03,74.7,3.8656616666666705,475.81,1376.93,374.87,241.75,286.35,76.41,4.303372,475.56,1440.5,399.49,259.04,303.38,76.05,3.7674793333333296,476.93,1388.66,381.26,265.76,272.91,71.64,3.52606866666667,474.94,1155.62,766.55,862.63
2026-01-13 19:08:59,XPQ-01 Main,2026-01-13 19:08:00,1426.57,75.97,4.26566166666667,475.54,1401.99,381.7,239.15,297.02,77.89,4.83670533333333,475.51,1469.57,407.25,258.91,314.13,77.17,4.134146,476.37,1408.15,386.24,264.56,281.27,72.84,3.8260686666666706,474.74,1175.19,762.62,892.41
2026-01-13 19:09:59,XPQ-01 Main,2026-01-13 19:09:00,1430.02,76.45,3.978995,475.63,1403.67,382.2,237.84,298.33,78.19,4.37003866666667,475.55,1471.29,407.8,255.9,316.4,77.75,4.06747933333333,476.53,1415.09,388.26,263.25,284.59,73.41,3.49273533333333,474.83,1178.26,756.99,899.32
2026-01-13 19:10:59,XPQ-01 Main,2026-01-13 19:10:00,1446.1,76.8,4.198995,475.28,1423.44,387.12,242.92,301.42,77.86,4.67003866666667,474.95,1473.66,408.14,254.23,319.13,78.21,4.30081266666667,476.45,1441.19,395.33,264.33,293.64,74.32,3.62606866666667,474.45,1190.58,761.48,914.19
2026-01-13 19:11:59,XPQ-01 Main,2026-01-13 19:11:00,1417.29,76.63,4.25566166666667,475.51,1388.82,378.03,234.34,296.58,78.46,4.73670533333333,475.18,1460.78,404.59,253.2,315.3,77.97,4.50081266666667,476.42,1402.26,384.84,260.96,282.54,73.46,3.52606866666667,474.92,1167.46,748.5,894.41
2026-01-13 19:12:59,XPQ-01 Main,2026-01-13 19:12:00,1406.47,76.38,3.808995,475.95,1380.71,376.06,237.53,291.38,77.51,4.33670533333333,475.64,1435.73,398.17,249.08,309.84,77.94,3.834146,477.04,1402.98,385.37,260.17,283.61,73.69,3.259402,475.17,1159.6,746.78,884.83
2026-01-13 19:13:59,XPQ-01 Main,2026-01-13 19:13:00,1429.78,77.03,3.998995,475.54,1405.65,382.5,236.5,300.44,78.58,4.47003866666667,475.3,1466.73,406.48,252.52,318.12,78.32,4.034146,476.63,1416.94,388.84,260.75,288.4,74.18,3.49273533333333,474.7,1177.82,749.78,906.96
2026-01-13 19:14:59,XPQ-01 Main,2026-01-13 19:14:00,1447.84,75.56,4.06566166666667,474.5,1420.25,385.75,244.52,298.23,77.33,4.703372,474.15,1489.42,411.66,263.01,316.46,76.91,4.16747933333333,475.43,1433.85,392.69,270.4,284.2,72.45,3.32606866666667,473.92,1190.1,777.93,898.89
2026-01-13 19:15:59,XPQ-01 Main,2026-01-13 19:15:00,1431.72,74.12,3.918995,475.45,1406.98,382.73,251.92,288.17,75.29,4.27003866666667,475.12,1461.68,405.03,264.61,306.12,75.65,4.06747933333333,476.68,1426.51,391.43,273.9,279.34,71.4,3.42606866666667,474.56,1179.19,790.43,873.62
2026-01-13 19:16:59,XPQ-01 Main,2026-01-13 19:16:00,1436.79,74.62,3.96566166666667,475.66,1409.83,383.79,247.39,293.33,76.44,4.43670533333333,475.47,1478.52,409.86,266.4,311.2,75.97,3.834146,476.69,1422.01,390.26,272.98,278.67,71.44,3.6260686666666704,474.83,1183.91,786.77,883.21
2026-01-13 19:17:59,XPQ-01 Main,2026-01-13 19:17:00,1433.02,73.62,4.13232833333333,475.73,1412.97,384.68,256.16,286.74,74.58,4.703372,475.64,1455.92,403.77,266.53,303.16,75.1,4.20081266666667,476.84,1430.16,392.46,275.63,279.35,71.18,3.49273533333333,474.71,1180.91,798.32,869.25
2026-01-13 19:18:59,XPQ-01 Main,2026-01-13 19:18:00,1424.0,72.98,3.96566166666667,475.41,1399.92,380.86,254.43,283.41,74.41,4.37003866666667,475.07,1457.03,403.61,269.34,300.29,74.44,4.034146,476.51,1415.04,388.25,276.8,271.98,70.09,3.49273533333333,474.65,1172.73,800.57,855.69
2026-01-13 19:19:59,XPQ-01 Main,2026-01-13 19:19:00,1405.79,74.91,3.778995,475.71,1380.73,376.05,241.93,287.33,76.49,4.37003866666667,475.61,1442.25,399.75,258.16,304.71,76.3,3.8674793333333297,476.55,1394.4,382.66,265.62,275.09,71.94,3.09273533333333,474.96,1158.46,765.72,867.14
2026-01-13 19:20:59,XPQ-01 Main,2026-01-13 19:20:00,1476.76,73.55,4.078995,474.7,1453.5,394.76,261.74,293.92,74.68,4.33670533333333,474.44,1505.35,416.49,274.13,311.34,75.05,4.134146,475.87,1471.43,403.08,283.27,284.85,70.91,3.759402,473.78,1214.33,819.15,890.12
2026-01-13 19:21:59,XPQ-01 Main,2026-01-13 19:21:00,1400.93,73.92,4.11232833333333,475.72,1383.92,376.68,248.94,282.48,75.02,4.53670533333333,475.47,1425.13,395.17,260.05,296.83,75.22,4.16747933333333,476.91,1393.74,382.59,267.22,273.36,71.51,3.62606866666667,474.77,1154.43,776.21,852.67
2026-01-13 19:22:59,XPQ-01 Main,2026-01-13 19:22:00,1311.59,75.62,3.96566166666667,477.17,1289.95,352.33,224.41,271.55,77.08,4.33670533333333,476.87,1343.2,373.4,238.27,287.15,76.96,4.134146,478.16,1301.62,358.42,245.46,260.87,72.83,3.42606866666667,476.48,1084.15,708.14,819.56
2026-01-13 19:23:59,XPQ-01 Main,2026-01-13 19:23:00,1337.31,77.4,3.88566166666667,476.73,1318.32,359.66,224.35,281.15,78.17,4.37003866666667,476.39,1356.84,376.9,231.65,297.15,78.87,4.034146,477.86,1336.78,367.79,242.43,276.35,75.17,3.259402,475.94,1104.35,698.43,854.65
2026-01-13 19:24:59,XPQ-01 Main,2026-01-13 19:24:00,1332.87,76.26,4.01232833333333,476.79,1314.04,358.72,225.94,278.3,77.64,4.603372,476.72,1361.64,378.31,239.02,293.2,77.51,3.96747933333333,477.64,1322.94,363.81,246.02,267.86,73.65,3.459402,476.0,1100.84,710.98,839.37
2026-01-13 19:25:59,XPQ-01 Main,2026-01-13 19:25:00,1347.48,78.51,3.798995,476.82,1324.69,361.41,219.1,287.24,79.51,4.33670533333333,476.66,1373.18,381.69,228.85,304.94,79.98,3.834146,477.99,1344.56,369.88,240.05,281.05,76.04,3.22606866666667,475.81,1112.98,688.0,873.24
2026-01-13 19:26:59,XPQ-01 Main,2026-01-13 19:26:00,1320.55,78.29,3.96566166666667,477.12,1301.19,355.43,215.44,282.44,79.51,4.303372,477.07,1347.44,374.66,226.77,297.94,79.57,4.134146,478.0,1313.01,361.34,235.6,273.7,75.79,3.459402,476.29,1091.42,677.81,854.07
2026-01-13 19:27:59,XPQ-01 Main,2026-01-13 19:27:00,1346.98,77.71,3.88566166666667,476.84,1327.73,362.37,222.84,285.23,78.8,4.37003866666667,476.75,1372.51,381.48,233.4,301.24,79.05,3.96747933333333,477.88,1340.68,368.77,242.59,277.52,75.29,3.32606866666667,475.9,1112.61,698.83,863.98
2026-01-13 19:28:59,XPQ-01 Main,2026-01-13 19:28:00,1298.35,76.67,4.06566166666667,477.13,1276.34,348.54,219.48,270.55,77.66,4.703372,477.05,1322.72,367.9,229.01,287.62,78.23,4.00081266666667,478.19,1295.99,356.66,239.41,264.4,74.13,3.49273533333333,476.13,1073.1,687.9,822.57
2026-01-13 19:29:59,XPQ-01 Main,2026-01-13 19:29:00,1213.59,79.72,3.96566166666667,479.17,1195.64,328.07,192.94,264.92,80.83,4.53670533333333,479.13,1237.49,345.5,202.43,279.62,81.0,3.834146,479.96,1207.65,333.77,211.5,257.84,77.32,3.52606866666667,478.43,1007.34,606.86,802.38
2026-01-13 19:30:59,XPQ-01 Main,2026-01-13 19:30:00,1259.93,77.54,3.9556616666666704,478.3,1237.1,338.88,207.53,267.67,79.03,4.203372,478.23,1291.95,359.98,221.05,283.91,78.9,3.934146,479.02,1250.73,345.07,229.41,257.56,74.67,3.7260686666666705,477.66,1043.93,658.0,809.14
2026-01-13 19:31:59,XPQ-01 Main,2026-01-13 19:31:00,1260.58,77.99,4.12232833333333,478.11,1235.39,338.16,205.09,268.83,79.5,4.503372,477.79,1294.66,360.52,218.89,286.01,79.41,4.16747933333333,478.98,1251.69,345.38,228.12,258.97,75.04,3.6927353333333297,477.57,1044.06,652.1,813.81
2026-01-13 19:32:59,XPQ-01 Main,2026-01-13 19:32:00,1240.87,77.47,3.908995,478.42,1221.46,334.53,206.13,263.38,78.75,4.43670533333333,478.17,1267.82,353.38,217.6,278.09,78.76,3.90081266666667,479.36,1233.33,340.45,225.3,254.71,74.9,3.39273533333333,477.72,1028.36,649.02,796.19
2026-01-13 19:33:59,XPQ-01 Main,2026-01-13 19:33:00,1209.39,79.24,3.97566166666667,479.04,1187.4,325.62,192.04,262.75,80.73,4.43670533333333,478.8,1241.45,346.49,205.13,278.82,80.55,4.16747933333333,479.97,1199.33,331.51,213.63,253.25,76.44,3.32606866666667,478.35,1003.61,610.8,794.82
2026-01-13 19:34:59,XPQ-01 Main,2026-01-13 19:34:00,1206.9,78.92,3.908995,479.1,1185.74,325.2,195.0,259.83,79.98,4.403372,479.0,1231.59,343.87,204.09,275.83,80.39,4.00081266666667,480.04,1203.38,332.56,214.38,253.83,76.4,3.32606866666667,478.25,1001.63,613.46,789.49
2026-01-13 19:35:59,XPQ-01 Main,2026-01-13 19:35:00,1214.36,77.9,4.13232833333333,478.79,1195.65,327.83,199.14,260.05,79.39,4.47003866666667,478.63,1244.32,347.03,212.26,274.13,79.07,4.20081266666667,479.55,1203.11,332.31,218.65,249.71,75.23,3.72606866666667,478.18,1007.18,630.05,783.88
2026-01-13 19:36:59,XPQ-01 Main,2026-01-13 19:36:00,1223.9,77.43,3.788995,478.88,1204.38,330.09,204.05,259.42,78.6,4.43670533333333,478.71,1249.23,348.68,214.46,274.58,78.81,3.66747933333333,479.95,1218.09,336.52,222.93,251.97,74.89,3.259402,477.99,1015.28,641.44,785.98
2026-01-13 19:37:59,XPQ-01 Main,2026-01-13 19:37:00,1265.4,78.87,4.07566166666667,478.47,1246.44,341.43,205.56,272.46,79.83,4.57003866666667,478.39,1287.66,359.05,214.29,287.99,80.23,4.034146,479.4,1262.08,348.31,224.01,266.53,76.55,3.62606866666667,477.61,1048.78,643.85,826.98
2026-01-13 19:38:59,XPQ-01 Main,2026-01-13 19:38:00,1226.26,79.16,3.978995,479.22,1207.95,331.33,199.02,264.68,79.93,4.503372,478.96,1245.05,347.65,205.48,280.05,80.63,4.10081266666667,480.25,1225.79,338.97,216.49,260.6,76.92,3.32606866666667,478.47,1017.95,620.99,805.33
2026-01-13 19:39:59,XPQ-01 Main,2026-01-13 19:39:00,1228.53,79.2,4.05566166666667,479.4,1204.73,330.67,195.94,266.19,80.53,4.63670533333333,479.22,1259.12,351.67,207.84,283.35,80.63,4.26747933333333,480.25,1221.74,337.91,217.79,258.13,76.43,3.259402,478.73,1020.25,621.57,807.66
2026-01-13 19:40:59,XPQ-01 Main,2026-01-13 19:40:00,1185.15,76.23,3.998995,479.04,1164.15,319.35,202.07,247.11,77.41,4.63670533333333,478.92,1210.15,337.74,212.44,262.42,77.72,4.134146,479.86,1181.14,326.38,220.97,239.85,73.55,3.22606866666667,478.35,983.47,635.48,749.39
2026-01-13 19:41:59,XPQ-01 Main,2026-01-13 19:41:00,1091.46,73.51,3.96566166666667,477.19,1066.51,291.5,193.23,217.43,74.75,4.47003866666667,477.28,1117.71,310.81,203.59,233.64,75.39,4.10081266666667,477.88,1090.18,299.93,212.76,210.86,70.39,3.32606866666667,476.41,902.24,609.58,661.93
2026-01-13 19:42:59,XPQ-01 Main,2026-01-13 19:42:00,1095.36,75.9,4.188995,477.03,1073.92,293.4,187.24,225.29,76.91,4.703372,476.83,1117.19,310.39,195.3,240.29,77.6,4.234146,477.75,1094.97,301.35,204.89,220.16,73.2,3.62606866666667,476.5,905.14,587.43,685.74
2026-01-13 19:43:59,XPQ-01 Main,2026-01-13 19:43:00,1117.43,74.9,4.03232833333333,476.27,1093.92,298.31,193.95,226.4,75.94,4.53670533333333,476.07,1141.25,316.65,202.72,242.34,76.7,4.20081266666667,477.12,1117.1,306.94,212.54,220.91,72.06,3.359402,475.62,921.91,609.22,689.65
2026-01-13 19:44:59,XPQ-01 Main,2026-01-13 19:44:00,1122.68,75.48,4.21232833333333,476.38,1098.94,299.73,194.25,228.23,76.15,4.53670533333333,476.16,1140.69,316.58,200.28,245.05,77.43,4.30081266666667,477.27,1128.41,310.13,212.23,225.76,72.86,3.79273533333333,475.71,926.45,606.76,699.04
2026-01-13 19:45:59,XPQ-01 Main,2026-01-13 19:45:00,1084.78,76.66,4.05566166666667,476.95,1066.12,291.11,182.54,226.24,77.83,4.53670533333333,476.9,1107.38,307.82,191.55,240.09,78.17,4.10081266666667,477.85,1080.83,297.33,199.9,219.75,73.97,3.52606866666667,476.11,896.26,573.99,686.09
2026-01-13 19:46:59,XPQ-01 Main,2026-01-13 19:46:00,1215.02,71.33,4.078995,474.68,1199.4,325.92,224.44,234.62,72.26,4.503372,474.65,1233.15,341.2,232.86,247.66,72.85,4.16747933333333,475.65,1212.5,331.92,239.91,227.99,68.89,3.559402,473.73,999.04,697.21,710.27
2026-01-13 19:47:59,XPQ-01 Main,2026-01-13 19:47:00,1214.54,72.0,3.96566166666667,474.7,1196.7,325.25,222.21,237.23,72.98,4.403372,474.67,1234.15,341.44,231.21,251.17,73.57,4.06747933333333,475.6,1212.76,332.02,238.79,230.53,69.46,3.42606866666667,473.85,998.71,692.22,718.93
2026-01-13 19:48:59,XPQ-01 Main,2026-01-13 19:48:00,1180.74,75.58,3.808995,475.26,1158.16,315.05,200.98,242.18,76.95,4.27003866666667,474.97,1209.53,334.91,212.75,257.88,77.14,3.7008126666666703,476.25,1174.54,322.13,221.11,233.78,72.65,3.459402,474.58,972.1,634.84,733.84
2026-01-13 19:49:59,XPQ-01 Main,2026-01-13 19:49:00,1140.3,74.33,3.998995,475.79,1120.07,305.11,201.3,229.05,75.11,4.37003866666667,475.77,1158.22,321.18,208.42,244.38,76.09,4.06747933333333,476.7,1142.61,313.52,218.15,225.01,71.8,3.559402,474.89,939.81,627.86,698.44
2026-01-13 19:50:59,XPQ-01 Main,2026-01-13 19:50:00,1145.28,75.96,4.088995,476.07,1121.73,305.8,194.67,235.41,77.06,4.603372,476.18,1169.44,324.49,204.05,251.96,77.71,4.134146,476.84,1144.67,314.19,214.28,229.5,73.09,3.52606866666667,475.18,944.49,613.01,716.88
2026-01-13 19:51:59,XPQ-01 Main,2026-01-13 19:51:00,1129.57,75.67,3.888995,476.13,1108.23,302.05,193.18,231.15,76.73,4.37003866666667,476.16,1152.59,319.92,202.06,246.69,77.36,3.934146,477.07,1127.89,309.68,211.66,225.44,72.9,3.359402,475.14,931.65,606.9,703.29
2026-01-13 19:52:59,XPQ-01 Main,2026-01-13 19:52:00,1142.32,75.01,3.908995,476.56,1124.63,306.98,198.15,233.69,76.27,4.33670533333333,476.49,1166.9,323.94,208.32,246.74,76.41,4.06747933333333,477.23,1135.43,312.09,215.04,225.43,72.36,3.32606866666667,475.96,943.01,621.51,705.86
2026-01-13 19:53:59,XPQ-01 Main,2026-01-13 19:53:00,1149.63,74.64,3.898995,476.67,1130.92,308.68,200.64,234.36,75.96,4.43670533333333,476.48,1174.37,326.1,211.5,247.94,76.08,3.96747933333333,477.47,1143.61,314.48,218.4,225.83,71.88,3.29273533333333,476.05,949.26,630.54,708.13
2026-01-13 19:54:59,XPQ-01 Main,2026-01-13 19:54:00,1188.0,74.61,4.06566166666667,476.13,1169.84,318.92,208.01,241.44,75.76,4.57003866666667,476.15,1210.57,335.94,217.8,255.53,76.11,4.16747933333333,476.98,1183.59,324.97,225.57,233.84,71.97,3.459402,475.24,979.83,651.38,730.8
2026-01-13 19:55:59,XPQ-01 Main,2026-01-13 19:55:00,1173.88,75.83,3.9456616666666706,476.77,1153.17,314.74,200.82,241.56,76.9,4.33670533333333,476.75,1198.43,333.05,209.79,256.76,77.44,4.06747933333333,477.71,1170.04,321.72,218.97,234.97,73.16,3.42606866666667,475.86,969.5,629.58,733.29
2026-01-13 19:56:59,XPQ-01 Main,2026-01-13 19:56:00,1203.51,76.15,3.7123283333333297,476.51,1184.55,323.09,206.39,248.2,76.89,4.17003866666667,476.58,1221.53,339.39,213.04,263.68,77.79,3.8674793333333297,477.52,1204.46,330.93,223.3,244.05,73.78,3.09273533333333,475.42,993.4,642.73,755.93
2026-01-13 19:57:59,XPQ-01 Main,2026-01-13 19:57:00,1131.58,75.75,4.04232833333333,477.19,1114.43,304.46,195.82,232.74,76.52,4.703372,477.27,1148.11,319.39,202.26,246.86,77.35,4.10081266666667,478.11,1132.21,311.51,211.47,228.45,73.38,3.32606866666667,476.17,935.35,609.55,708.04
2026-01-13 19:58:59,XPQ-01 Main,2026-01-13 19:58:00,1133.11,76.18,4.08566166666667,477.07,1109.66,303.1,191.46,234.55,77.47,4.603372,477.02,1161.17,322.83,202.19,250.41,77.8,4.06747933333333,477.94,1128.49,310.51,211.11,227.17,73.25,3.59273533333333,476.26,936.44,604.76,712.13
2026-01-13 19:59:59,XPQ-01 Main,2026-01-13 19:59:00,1179.53,76.21,4.15566166666667,476.7,1155.67,315.39,198.13,244.73,77.72,4.403372,476.7,1211.4,336.59,211.23,261.25,77.76,4.40081266666667,477.58,1171.51,322.08,219.58,235.47,73.14,3.659402,475.83,974.06,628.94,741.45
2026-01-13 20:00:59,XPQ-01 Main,2026-01-13 20:00:00,1211.71,79.07,4.17566166666667,476.53,1187.67,324.06,191.88,260.78,80.55,4.403372,476.53,1243.86,345.42,204.94,277.83,80.47,4.16747933333333,477.35,1203.58,330.79,214.16,251.86,76.18,3.959402,475.72,1000.26,610.98,790.48
2026-01-13 20:01:59,XPQ-01 Main,2026-01-13 20:01:00,1314.73,78.6,4.13232833333333,475.56,1293.17,351.95,214.1,278.63,79.29,4.703372,475.46,1335.22,370.16,220.68,296.17,80.19,4.234146,476.66,1315.79,360.95,233.15,275.41,76.32,3.459402,474.58,1083.06,667.93,850.21
2026-01-13 20:02:59,XPQ-01 Main,2026-01-13 20:02:00,1334.47,78.36,4.098995,475.05,1311.97,356.67,218.25,281.81,79.06,4.67003866666667,474.89,1354.66,375.12,225.32,299.66,79.93,4.10081266666667,476.15,1336.77,366.32,237.69,278.6,76.08,3.52606866666667,474.09,1098.12,681.25,860.08
2026-01-13 20:03:59,XPQ-01 Main,2026-01-13 20:03:00,1333.99,79.74,3.97566166666667,475.22,1306.31,355.4,205.93,289.01,81.44,4.503372,475.22,1375.09,380.85,222.67,308.39,81.07,3.90081266666667,476.07,1320.56,361.93,232.04,277.47,76.71,3.52606866666667,474.37,1098.19,660.64,874.87
2026-01-13 20:04:59,XPQ-01 Main,2026-01-13 20:04:00,1322.58,79.11,4.198995,475.24,1306.15,355.21,214.11,283.12,79.76,4.87003866666667,475.14,1339.11,371.02,220.14,298.4,80.47,4.20081266666667,476.39,1322.49,362.54,230.87,279.38,77.09,3.52606866666667,474.19,1088.76,665.12,860.9
2026-01-13 20:05:59,XPQ-01 Main,2026-01-13 20:05:00,1317.96,80.28,4.04232833333333,475.55,1299.14,353.52,205.25,287.37,81.37,4.503372,475.36,1344.07,372.55,215.37,303.42,81.55,4.30081266666667,476.68,1310.68,359.62,225.32,280.02,77.91,3.32606866666667,474.61,1085.7,645.95,870.81
2026-01-13 20:06:59,XPQ-01 Main,2026-01-13 20:06:00,1377.13,79.0,4.118995,475.0,1356.37,368.69,222.55,293.7,79.7,4.63670533333333,474.83,1397.65,386.96,229.66,311.2,80.46,4.16747933333333,476.13,1377.38,377.45,241.47,289.8,76.83,3.559402,474.03,1133.1,693.69,894.69
2026-01-13 20:07:59,XPQ-01 Main,2026-01-13 20:07:00,1335.94,77.91,4.07566166666667,475.01,1308.58,355.81,216.91,281.91,79.26,4.57003866666667,474.91,1369.94,379.25,230.23,301.03,79.43,4.16747933333333,475.95,1329.31,364.24,240.59,273.19,75.05,3.49273533333333,474.17,1099.3,687.74,856.13
2026-01-13 20:08:59,XPQ-01 Main,2026-01-13 20:08:00,1304.72,76.23,4.23232833333333,475.19,1277.93,347.66,218.91,269.7,77.64,4.93670533333333,475.17,1338.16,370.62,232.64,287.88,77.78,4.30081266666667,476.08,1298.07,355.74,241.72,260.3,73.28,3.459402,474.33,1074.02,693.26,817.88
2026-01-13 20:09:59,XPQ-01 Main,2026-01-13 20:09:00,1316.27,78.11,4.15566166666667,475.52,1287.78,350.52,212.05,278.8,79.59,4.703372,475.5,1352.7,374.95,226.59,298.18,79.62,4.30081266666667,476.46,1308.31,358.81,236.64,269.18,75.1,3.459402,474.59,1084.28,675.27,846.15
2026-01-13 20:10:59,XPQ-01 Main,2026-01-13 20:10:00,1315.2,77.43,3.84232833333333,475.47,1288.48,350.67,214.9,276.7,78.98,4.33670533333333,475.4,1351.93,374.67,229.95,295.04,78.87,3.834146,476.43,1305.18,357.95,238.91,266.21,74.42,3.359402,474.58,1083.28,683.76,837.96
2026-01-13 20:11:59,XPQ-01 Main,2026-01-13 20:11:00,1325.91,77.41,4.11232833333333,475.43,1298.7,353.45,217.67,278.37,78.78,4.47003866666667,475.28,1359.34,376.62,231.07,297.2,78.95,4.30081266666667,476.37,1319.69,361.95,241.28,269.49,74.5,3.559402,474.65,1092.01,690.01,845.06
2026-01-13 20:12:59,XPQ-01 Main,2026-01-13 20:12:00,1303.55,78.41,4.088995,475.3,1276.79,347.35,210.45,275.37,79.45,4.603372,475.22,1332.58,369.19,220.56,294.55,80.05,4.36747933333333,476.31,1301.29,356.77,232.64,269.75,75.73,3.29273533333333,474.39,1073.3,663.65,839.68
2026-01-13 20:13:59,XPQ-01 Main,2026-01-13 20:13:00,1305.06,78.69,4.05566166666667,475.35,1281.09,348.61,208.88,278.6,80.01,4.53670533333333,475.35,1336.4,370.29,221.47,296.49,80.12,4.16747933333333,476.27,1297.7,355.75,231.34,270.11,75.95,3.459402,474.44,1074.65,661.69,845.21
2026-01-13 20:14:59,XPQ-01 Main,2026-01-13 20:14:00,1285.66,78.64,4.32232833333333,475.71,1268.13,345.14,210.28,273.34,79.26,4.803372,475.5,1302.52,361.22,215.94,288.99,80.11,4.40081266666667,476.92,1286.33,353.05,227.11,270.1,76.54,3.759402,474.69,1059.41,653.33,832.43
2026-01-13 20:15:59,XPQ-01 Main,2026-01-13 20:15:00,1266.21,77.79,4.03232833333333,475.45,1241.18,337.75,205.37,267.74,79.35,4.603372,475.4,1301.02,360.59,219.87,285.28,79.21,4.20081266666667,476.44,1256.44,344.55,228.5,257.56,74.8,3.29273533333333,474.52,1042.9,653.74,810.58
2026-01-13 20:16:59,XPQ-01 Main,2026-01-13 20:16:00,1272.28,77.53,4.25566166666667,475.55,1251.52,340.63,208.4,268.96,79.05,4.803372,475.46,1305.19,361.8,222.37,284.66,78.81,4.30081266666667,476.55,1260.13,345.66,229.54,258.29,74.75,3.659402,474.63,1048.09,660.31,811.91
2026-01-13 20:17:59,XPQ-01 Main,2026-01-13 20:17:00,1272.17,79.35,3.93232833333333,476.14,1253.11,341.33,205.1,272.6,79.91,4.53670533333333,475.9,1289.23,357.88,210.11,288.76,80.86,4.00081266666667,477.42,1274.16,350.05,221.98,270.44,77.3,3.259402,475.11,1049.26,637.19,831.79
2026-01-13 20:18:59,XPQ-01 Main,2026-01-13 20:18:00,1244.34,80.03,4.15566166666667,476.0,1219.93,332.54,192.12,271.18,81.6,4.67003866666667,475.92,1279.65,354.86,206.4,288.49,81.33,4.034146,476.74,1233.44,338.67,215.25,261.23,77.18,3.759402,475.35,1026.07,613.77,820.9
2026-01-13 20:19:59,XPQ-01 Main,2026-01-13 20:19:00,1274.11,80.44,4.05232833333333,476.08,1252.58,341.21,197.7,277.48,81.44,4.77003866666667,475.76,1300.67,360.87,206.59,294.3,81.85,4.00081266666667,477.22,1269.08,348.67,217.82,271.83,78.04,3.39273533333333,475.25,1050.75,622.11,843.62
2026-01-13 20:20:59,XPQ-01 Main,2026-01-13 20:20:00,1339.52,78.72,4.03232833333333,475.16,1321.61,359.32,219.12,284.5,79.23,4.37003866666667,474.94,1354.83,375.26,223.86,300.7,80.21,4.234146,476.34,1342.1,367.93,235.88,282.13,76.72,3.49273533333333,474.19,1102.51,678.86,867.33
2026-01-13 20:21:59,XPQ-01 Main,2026-01-13 20:21:00,1236.51,79.55,4.03232833333333,475.78,1213.8,330.59,194.06,267.6,80.95,4.67003866666667,475.57,1268.14,351.54,206.53,284.18,80.89,4.00081266666667,476.68,1227.59,336.99,215.69,258.69,76.8,3.42606866666667,475.08,1019.12,616.28,810.47
2026-01-13 20:22:59,XPQ-01 Main,2026-01-13 20:22:00,1118.58,80.53,4.178995,477.19,1097.67,299.73,174.01,243.7,81.38,4.73670533333333,476.96,1140.26,317.15,180.74,259.54,82.06,4.16747933333333,478.33,1117.8,307.75,191.88,240.19,78.13,3.62606866666667,476.26,924.63,546.63,743.43
2026-01-13 20:23:59,XPQ-01 Main,2026-01-13 20:23:00,1031.98,74.28,3.96566166666667,477.81,1012.56,277.03,183.04,207.37,74.97,4.37003866666667,477.87,1047.45,291.72,188.95,222.06,76.16,4.034146,478.66,1035.94,285.4,198.73,204.45,71.71,3.49273533333333,476.9,854.15,570.71,633.88
2026-01-13 20:24:59,XPQ-01 Main,2026-01-13 20:24:00,1032.48,76.0,3.898995,477.71,1011.43,276.6,175.95,211.97,76.95,4.37003866666667,477.86,1053.58,293.48,183.49,227.54,77.84,3.96747933333333,478.66,1032.44,284.32,193.42,207.92,73.22,3.359402,476.6,854.41,552.87,647.43
2026-01-13 20:25:59,XPQ-01 Main,2026-01-13 20:25:00,1041.43,74.64,3.898995,477.82,1017.41,278.34,182.36,210.0,75.51,4.403372,477.86,1061.44,295.63,189.73,226.51,76.66,4.134146,478.7,1045.45,288.03,200.57,206.61,71.75,3.159402,476.89,862.0,572.66,643.12
2026-01-13 20:26:59,XPQ-01 Main,2026-01-13 20:26:00,1087.63,76.72,3.8656616666666705,477.68,1067.28,291.89,184.13,225.86,77.51,4.23670533333333,477.75,1105.94,307.96,190.55,241.25,78.47,4.00081266666667,478.57,1089.68,300.12,201.17,222.44,74.17,3.359402,476.71,899.97,575.84,689.55
2026-01-13 20:27:59,XPQ-01 Main,2026-01-13 20:27:00,1057.57,76.2,3.908995,477.36,1035.42,283.06,177.82,219.62,77.72,4.503372,477.38,1085.81,302.04,189.53,234.34,77.75,3.90081266666667,478.1,1051.48,289.44,197.18,211.45,73.14,3.32606866666667,476.6,874.54,564.53,665.4
2026-01-13 20:28:59,XPQ-01 Main,2026-01-13 20:28:00,1035.64,76.17,4.16566166666667,477.97,1009.65,276.32,173.9,214.54,77.68,4.63670533333333,477.79,1065.11,296.59,185.53,230.98,77.96,4.26747933333333,478.78,1032.17,284.6,194.69,207.19,72.87,3.59273533333333,477.33,857.51,554.13,652.71
2026-01-13 20:29:59,XPQ-01 Main,2026-01-13 20:29:00,1027.25,76.92,3.96566166666667,478.14,1003.68,274.85,171.11,214.75,78.21,4.43670533333333,477.95,1053.04,293.25,180.86,230.35,78.65,4.034146,478.87,1025.04,282.75,190.28,208.64,73.89,3.42606866666667,477.6,850.85,542.25,653.74
2026-01-13 20:30:59,XPQ-01 Main,2026-01-13 20:30:00,1095.34,77.06,3.998995,476.66,1073.08,292.77,183.11,228.14,77.99,4.47003866666667,476.41,1116.89,310.23,190.58,244.07,78.82,4.034146,477.7,1096.05,301.44,201.36,223.98,74.37,3.49273533333333,475.87,904.43,575.05,696.2
2026-01-13 20:31:59,XPQ-01 Main,2026-01-13 20:31:00,1059.82,76.82,3.98566166666667,478.35,1031.92,282.67,175.94,221.06,78.24,4.47003866666667,478.19,1089.72,303.66,187.27,238.52,78.65,4.10081266666667,479.13,1057.81,291.91,197.35,214.28,73.56,3.39273533333333,477.75,878.24,560.56,673.87
2026-01-13 20:32:59,XPQ-01 Main,2026-01-13 20:32:00,1091.06,75.58,3.978995,477.87,1069.06,292.52,188.36,222.15,76.27,4.503372,477.87,1108.97,308.86,194.39,238.13,77.47,4.00081266666667,478.74,1095.16,301.81,205.45,219.43,73.0,3.42606866666667,477.02,903.18,588.19,679.71
2026-01-13 20:33:59,XPQ-01 Main,2026-01-13 20:33:00,1068.26,77.17,4.13232833333333,478.05,1042.54,285.45,176.65,223.77,78.49,4.67003866666667,477.98,1096.33,305.32,187.08,240.47,78.93,4.26747933333333,478.73,1065.9,293.88,197.16,217.44,74.08,3.459402,477.42,884.65,560.89,681.67
2026-01-13 20:34:59,XPQ-01 Main,2026-01-13 20:34:00,1084.78,76.81,4.27566166666667,478.08,1066.44,291.91,183.94,226.41,77.61,4.903372,477.95,1103.07,307.28,190.24,240.4,78.42,4.40081266666667,478.96,1084.83,299.16,199.77,222.39,74.39,3.52606866666667,477.33,898.35,573.95,689.2
2026-01-13 20:35:59,XPQ-01 Main,2026-01-13 20:35:00,1073.76,76.36,4.03232833333333,478.23,1052.81,288.32,182.03,223.16,77.49,4.67003866666667,478.22,1096.88,305.68,190.94,238.23,78.03,4.10081266666667,479.03,1071.57,295.52,200.08,217.34,73.57,3.32606866666667,477.43,889.52,573.05,678.73
2026-01-13 20:36:59,XPQ-01 Main,2026-01-13 20:36:00,1010.67,76.54,3.93232833333333,479.1,986.67,270.75,169.42,210.75,77.94,4.37003866666667,479.12,1037.94,289.75,179.97,226.32,78.27,4.06747933333333,479.79,1007.39,278.32,188.79,204.03,73.4,3.359402,478.4,838.82,538.18,641.1
2026-01-13 20:37:59,XPQ-01 Main,2026-01-13 20:37:00,1087.95,77.5,4.198995,478.2,1073.16,293.76,183.6,229.06,78.03,4.93670533333333,478.02,1100.6,306.71,187.5,242.14,79.07,4.40081266666667,479.2,1090.08,300.71,197.36,226.65,75.42,3.259402,477.37,901.18,568.45,697.84
2026-01-13 20:38:59,XPQ-01 Main,2026-01-13 20:38:00,1070.28,76.52,4.308995,478.2,1046.15,286.5,179.58,222.91,77.87,4.97003866666667,478.18,1097.95,305.93,190.24,239.0,78.24,4.40081266666667,478.94,1066.73,294.19,199.6,216.03,73.45,3.559402,477.48,886.62,569.41,677.94
2026-01-13 20:39:59,XPQ-01 Main,2026-01-13 20:39:00,1067.22,76.45,4.22232833333333,477.06,1043.36,285.02,179.05,221.37,77.75,4.703372,476.99,1093.8,304.05,189.35,237.54,78.2,4.36747933333333,477.87,1064.49,292.89,198.81,214.9,73.4,3.59273533333333,476.33,881.97,567.21,673.81
2026-01-13 20:40:59,XPQ-01 Main,2026-01-13 20:40:00,1072.66,76.16,3.98566166666667,478.08,1050.15,287.43,181.56,222.54,77.49,4.47003866666667,478.0,1099.2,306.25,192.14,238.03,77.81,4.10081266666667,478.98,1068.63,294.67,200.76,215.54,73.17,3.39273533333333,477.27,888.36,574.46,676.11
2026-01-13 20:41:59,XPQ-01 Main,2026-01-13 20:41:00,1087.01,77.31,4.188995,477.73,1067.57,292.0,181.8,228.18,78.21,4.67003866666667,477.72,1106.65,308.14,189.09,242.97,78.92,4.20081266666667,478.61,1086.8,299.41,198.56,223.78,74.8,3.6927353333333297,476.86,899.56,569.46,694.93
2026-01-13 20:42:59,XPQ-01 Main,2026-01-13 20:42:00,1052.28,75.11,3.998995,478.06,1036.58,283.65,185.37,214.45,75.65,4.47003866666667,478.03,1065.21,296.87,189.74,227.5,76.8,4.20081266666667,479.08,1055.05,290.88,199.0,211.75,72.87,3.32606866666667,477.07,871.4,574.11,653.7
2026-01-13 20:43:59,XPQ-01 Main,2026-01-13 20:43:00,1072.58,76.31,3.998995,478.21,1055.72,289.1,183.71,223.05,77.19,4.23670533333333,478.14,1090.15,303.75,190.46,236.35,77.87,4.16747933333333,479.02,1071.86,295.63,199.1,218.22,73.87,3.59273533333333,477.47,888.49,573.27,677.62
2026-01-13 20:44:59,XPQ-01 Main,2026-01-13 20:44:00,1054.92,76.85,3.82232833333333,478.46,1035.07,283.67,177.85,220.44,77.83,4.37003866666667,478.59,1075.23,299.79,185.29,234.76,78.5,3.834146,479.11,1054.46,290.86,194.63,215.55,74.22,3.259402,477.68,874.33,557.77,670.74
2026-01-13 20:45:59,XPQ-01 Main,2026-01-13 20:45:00,1050.81,76.79,3.7656616666666705,478.2,1026.64,281.27,174.7,220.01,78.31,4.303372,478.33,1079.83,300.85,186.49,235.9,78.45,3.8674793333333297,478.76,1045.96,288.37,194.97,212.09,73.62,3.12606866666667,477.53,870.49,556.17,668.0
2026-01-13 20:46:59,XPQ-01 Main,2026-01-13 20:46:00,1040.75,77.15,3.898995,478.87,1024.46,280.94,175.78,218.79,77.96,4.303372,478.85,1056.6,294.83,181.61,231.99,78.74,4.16747933333333,479.66,1041.17,287.54,190.81,214.82,74.77,3.22606866666667,478.1,863.31,548.2,665.59
2026-01-13 20:47:59,XPQ-01 Main,2026-01-13 20:47:00,1056.17,77.0,3.998995,478.38,1032.18,282.8,175.0,221.86,78.52,4.47003866666667,478.45,1085.26,302.53,186.92,237.78,78.62,4.06747933333333,479.07,1051.08,289.92,195.26,213.99,73.87,3.459402,477.61,875.25,557.18,673.64
2026-01-13 20:48:59,XPQ-01 Main,2026-01-13 20:48:00,1053.27,76.55,4.06566166666667,478.43,1037.29,283.93,180.24,218.83,77.19,4.803372,478.27,1067.47,297.79,185.28,232.42,78.2,4.034146,479.67,1055.05,291.18,194.8,216.05,74.27,3.359402,477.36,872.89,560.31,667.3
2026-01-13 20:49:59,XPQ-01 Main,2026-01-13 20:49:00,1028.76,76.35,3.908995,478.71,1009.37,276.66,175.35,213.18,77.23,4.47003866666667,478.84,1047.27,292.27,182.11,227.54,78.07,3.934146,479.57,1029.66,284.16,191.53,209.2,73.76,3.32606866666667,477.71,853.09,548.99,649.92
2026-01-13 20:50:59,XPQ-01 Main,2026-01-13 20:50:00,1057.26,76.5,3.98566166666667,478.27,1039.66,284.67,180.55,219.93,77.29,4.47003866666667,478.06,1073.75,299.2,186.8,233.62,78.1,3.96747933333333,479.19,1058.37,292.03,195.82,216.21,74.12,3.52606866666667,477.56,875.9,563.17,669.76
2026-01-13 20:51:59,XPQ-01 Main,2026-01-13 20:51:00,1071.62,78.31,4.08566166666667,478.48,1055.51,289.2,176.56,228.62,79.15,4.603372,478.35,1089.08,303.6,182.78,241.57,79.75,4.16747933333333,479.3,1070.25,295.4,191.51,224.22,76.04,3.49273533333333,477.81,888.2,550.85,694.41
2026-01-13 20:52:59,XPQ-01 Main,2026-01-13 20:52:00,1042.19,76.49,3.798995,478.95,1017.92,279.17,175.35,217.0,77.78,4.203372,478.96,1068.06,298.12,185.54,233.17,78.25,3.934146,479.76,1040.6,287.41,194.95,210.98,73.45,3.259402,478.14,864.7,555.84,661.15
2026-01-13 20:53:59,XPQ-01 Main,2026-01-13 20:53:00,1021.46,76.51,3.8656616666666705,479.07,994.64,272.8,171.01,212.32,77.88,4.37003866666667,478.93,1049.6,293.01,181.64,229.56,78.42,3.96747933333333,479.96,1020.14,281.91,191.83,206.3,73.23,3.259402,478.32,847.72,544.48,648.18
2026-01-13 20:54:59,XPQ-01 Main,2026-01-13 20:54:00,942.57,74.3,3.998995,479.51,920.99,252.87,167.26,189.41,74.96,4.57003866666667,479.33,958.42,267.75,172.42,204.39,76.44,3.96747933333333,480.36,948.32,262.32,183.19,187.45,71.52,3.459402,478.83,782.93,522.87,581.24
2026-01-13 20:55:59,XPQ-01 Main,2026-01-13 20:55:00,912.51,73.43,4.408995,479.65,886.5,243.49,161.75,181.38,74.63,4.903372,479.72,935.89,261.64,170.65,197.57,75.68,4.50081266666667,480.45,915.16,253.09,180.56,176.84,69.97,3.8260686666666706,478.78,758.22,512.95,555.8
2026-01-13 20:56:59,XPQ-01 Main,2026-01-13 20:56:00,904.6,73.6,4.288995,479.87,884.24,242.92,161.36,181.02,74.65,4.803372,479.7,923.87,258.33,168.71,194.71,75.58,4.36747933333333,480.79,905.69,250.72,177.26,176.58,70.58,3.6927353333333297,479.13,751.97,507.33,552.31
2026-01-13 20:57:59,XPQ-01 Main,2026-01-13 20:57:00,808.71,73.31,4.25232833333333,481.42,785.48,216.5,144.9,160.61,74.25,4.77003866666667,481.25,826.84,231.95,151.4,175.21,75.66,4.36747933333333,482.34,813.82,226.0,160.98,157.92,70.03,3.62606866666667,480.68,674.45,457.28,493.74
2026-01-13 20:58:59,XPQ-01 Main,2026-01-13 20:58:00,846.54,74.41,3.978995,481.14,821.38,226.31,148.64,170.53,75.38,4.37003866666667,481.02,866.88,243.02,155.59,186.26,76.75,4.00081266666667,481.97,851.38,236.27,165.98,167.85,71.11,3.559402,480.45,705.6,470.22,524.65
2026-01-13 20:59:59,XPQ-01 Main,2026-01-13 20:59:00,901.51,76.57,4.25232833333333,480.46,875.64,240.91,151.07,186.72,77.74,4.87003866666667,480.28,925.31,259.0,159.28,203.16,78.7,4.06747933333333,481.28,903.59,250.44,170.02,183.08,73.28,3.8260686666666706,479.82,750.35,480.37,572.96
2026-01-13 21:00:59,XPQ-01 Main,2026-01-13 21:00:00,869.36,78.89,4.12232833333333,480.53,846.95,233.02,140.64,184.97,79.6,4.47003866666667,480.41,887.26,248.45,145.27,200.17,80.93,4.30081266666667,481.41,873.89,242.21,156.78,184.04,76.12,3.59273533333333,479.76,723.67,442.69,569.18
2026-01-13 21:01:59,XPQ-01 Main,2026-01-13 21:01:00,939.75,79.49,4.01232833333333,480.61,917.29,252.44,149.76,202.76,80.44,4.603372,480.47,960.48,268.96,156.25,218.21,81.31,4.234146,481.45,941.48,261.01,167.23,200.03,76.72,3.19273533333333,479.92,782.4,473.23,621.0
2026-01-13 21:02:59,XPQ-01 Main,2026-01-13 21:02:00,949.0,78.73,3.83232833333333,480.7,922.46,253.81,153.0,202.32,79.76,4.33670533333333,480.5,972.44,272.43,160.42,219.59,80.75,3.80081266666667,481.72,952.09,264.02,172.45,199.64,75.68,3.359402,479.89,790.27,485.87,621.55
2026-01-13 21:03:59,XPQ-01 Main,2026-01-13 21:03:00,886.53,79.93,4.098995,481.41,866.77,238.95,139.61,193.46,81.09,4.53670533333333,481.19,907.86,254.59,147.01,207.35,81.58,4.334146,482.2,884.97,245.79,156.29,189.3,77.11,3.42606866666667,480.85,739.32,442.9,590.11
2026-01-13 21:04:59,XPQ-01 Main,2026-01-13 21:04:00,905.26,80.46,4.24566166666667,481.31,884.67,243.79,140.95,198.41,81.52,4.97003866666667,481.15,925.71,259.61,147.73,212.97,82.17,4.30081266666667,482.18,905.4,251.38,158.07,195.07,77.69,3.459402,480.6,754.78,446.74,606.44
2026-01-13 21:05:59,XPQ-01 Main,2026-01-13 21:05:00,957.75,80.38,3.898995,480.58,938.56,258.37,150.03,209.74,81.33,4.403372,480.54,976.49,273.38,156.34,223.99,82.0,4.034146,481.23,958.2,265.56,166.61,206.36,77.81,3.259402,479.96,797.31,472.98,640.09
2026-01-13 21:06:59,XPQ-01 Main,2026-01-13 21:06:00,933.38,80.46,3.988995,480.84,912.04,251.02,145.89,203.92,81.33,4.53670533333333,480.62,952.42,266.88,151.5,218.95,82.23,4.034146,481.84,935.68,259.56,162.74,201.65,77.82,3.39273533333333,480.05,777.46,460.14,624.53
2026-01-13 21:07:59,XPQ-01 Main,2026-01-13 21:07:00,917.34,78.95,4.16566166666667,481.38,897.46,247.34,148.64,197.11,79.84,4.803372,481.17,935.92,262.51,154.56,211.2,80.7,3.934146,482.3,918.64,255.11,164.56,194.32,76.31,3.759402,480.67,764.96,467.75,602.63
2026-01-13 21:08:59,XPQ-01 Main,2026-01-13 21:08:00,905.34,80.93,4.078995,481.47,887.56,244.75,141.11,199.54,81.65,4.53670533333333,481.37,919.93,258.02,145.3,212.79,82.58,4.20081266666667,482.19,908.52,252.29,155.74,197.7,78.55,3.49273533333333,480.85,755.07,442.14,610.02
2026-01-13 21:09:59,XPQ-01 Main,2026-01-13 21:09:00,936.82,79.0,4.008995,481.23,915.15,252.24,150.64,201.54,80.1,4.603372,481.25,958.98,268.91,158.18,216.79,80.78,4.034146,481.94,936.32,259.82,168.41,197.63,76.11,3.39273533333333,480.49,780.96,477.22,615.97
2026-01-13 21:10:59,XPQ-01 Main,2026-01-13 21:10:00,886.61,80.31,4.25232833333333,481.47,865.58,238.68,139.25,193.48,81.16,4.83670533333333,481.39,904.59,253.75,144.57,208.2,82.14,4.30081266666667,482.21,889.66,247.04,155.57,191.52,77.62,3.62606866666667,480.81,739.47,439.39,593.2
2026-01-13 21:11:59,XPQ-01 Main,2026-01-13 21:11:00,884.91,80.26,4.16566166666667,481.31,867.15,238.97,139.77,193.52,81.07,4.73670533333333,481.23,901.63,252.89,144.77,206.54,81.89,4.16747933333333,482.18,885.97,245.94,154.29,191.16,77.81,3.59273533333333,480.53,737.81,438.83,591.22
2026-01-13 21:12:59,XPQ-01 Main,2026-01-13 21:12:00,923.46,80.43,4.14232833333333,480.97,904.19,249.02,144.4,202.33,81.4,4.803372,480.91,942.44,264.15,150.73,216.31,82.05,4.234146,481.79,923.76,256.23,160.56,199.12,77.85,3.39273533333333,480.2,769.4,455.7,617.76
2026-01-13 21:13:59,XPQ-01 Main,2026-01-13 21:13:00,942.54,78.56,3.9556616666666704,480.55,922.85,253.97,153.71,201.89,79.56,4.57003866666667,480.55,962.22,269.45,160.66,215.91,80.23,4.00081266666667,481.32,942.55,261.19,169.93,198.03,75.89,3.29273533333333,479.79,784.61,484.3,615.83
2026-01-13 21:14:59,XPQ-01 Main,2026-01-13 21:14:00,870.04,80.09,4.02232833333333,481.14,855.65,235.73,139.86,189.35,80.44,4.47003866666667,481.03,878.94,246.42,141.48,201.26,81.81,4.134146,481.98,875.54,242.98,151.69,189.3,78.04,3.459402,480.42,725.13,433.03,579.9
2026-01-13 21:15:59,XPQ-01 Main,2026-01-13 21:15:00,947.41,80.05,4.078995,480.64,928.26,255.43,150.51,205.9,80.73,4.43670533333333,480.69,963.07,269.85,154.96,220.25,81.79,4.134146,481.55,950.9,263.52,165.83,204.31,77.64,3.659402,479.67,788.8,471.31,630.46
2026-01-13 21:16:59,XPQ-01 Main,2026-01-13 21:16:00,936.1,79.34,4.05232833333333,480.85,915.79,252.08,151.77,200.85,79.78,4.703372,480.66,949.58,266.09,154.71,215.75,81.27,3.96747933333333,481.83,942.93,261.55,166.65,200.92,76.97,3.49273533333333,480.06,779.72,473.13,617.52
2026-01-13 21:17:59,XPQ-01 Main,2026-01-13 21:17:00,910.8,79.78,3.98566166666667,480.81,896.68,246.75,148.0,197.13,79.97,4.67003866666667,480.58,918.05,257.25,148.75,209.38,81.52,3.834146,481.9,917.67,254.56,159.52,197.89,77.85,3.459402,479.97,758.57,456.27,604.4
2026-01-13 21:18:59,XPQ-01 Main,2026-01-13 21:18:00,947.92,78.97,4.28566166666667,480.34,930.52,255.96,153.96,203.99,79.82,5.003372,480.24,964.78,270.01,159.64,216.81,80.53,4.36747933333333,481.13,948.48,262.77,168.57,200.59,76.56,3.49273533333333,479.65,788.74,482.18,621.39
2026-01-13 21:19:59,XPQ-01 Main,2026-01-13 21:19:00,920.0,79.41,4.18566166666667,480.76,904.75,249.08,150.31,198.21,79.68,4.83670533333333,480.73,928.49,260.13,151.67,210.87,81.18,4.30081266666667,481.58,926.76,256.94,162.55,198.55,77.38,3.42606866666667,479.97,766.14,464.53,607.64
2026-01-13 21:20:59,XPQ-01 Main,2026-01-13 21:20:00,909.73,80.42,4.33232833333333,480.87,890.34,245.08,143.25,198.27,81.06,4.903372,480.8,925.46,259.41,147.16,212.78,82.25,4.434146,481.87,913.39,253.31,158.48,197.23,77.95,3.659402,479.95,757.8,448.88,608.29
2026-01-13 21:21:59,XPQ-01 Main,2026-01-13 21:21:00,924.01,79.95,4.098995,481.03,902.85,248.8,145.12,201.65,81.17,4.803372,481.1,946.91,265.38,153.26,216.24,81.59,3.934146,481.63,922.29,255.8,162.7,196.93,77.09,3.559402,480.38,769.98,461.08,614.83
2026-01-13 21:22:59,XPQ-01 Main,2026-01-13 21:22:00,954.72,79.44,4.098995,480.81,935.9,257.72,154.35,206.06,80.04,4.73670533333333,480.9,969.15,271.58,158.32,220.28,81.2,4.10081266666667,481.56,959.12,265.87,169.15,204.72,77.09,3.459402,479.96,795.16,481.82,631.07
2026-01-13 21:23:59,XPQ-01 Main,2026-01-13 21:23:00,922.46,81.27,4.208995,481.42,904.01,249.31,140.63,205.58,82.54,4.903372,481.41,945.4,265.13,148.95,218.96,82.68,4.16747933333333,482.03,917.98,254.85,157.39,200.05,78.59,3.559402,480.82,769.3,446.97,624.59
2026-01-13 21:24:59,XPQ-01 Main,2026-01-13 21:24:00,934.68,80.44,4.43232833333333,481.12,915.67,252.28,147.23,204.6,81.17,5.03670533333333,481.12,951.19,266.7,151.89,218.61,82.12,4.60081266666667,481.93,937.17,260.01,162.39,202.51,78.02,3.659402,480.32,778.99,461.5,625.71
2026-01-13 21:25:59,XPQ-01 Main,2026-01-13 21:25:00,934.96,81.84,4.14566166666667,481.06,915.5,252.23,141.11,208.64,82.83,4.87003866666667,481.15,954.97,267.74,147.42,223.12,83.43,4.034146,481.79,934.41,259.17,157.97,205.22,79.24,3.52606866666667,480.24,779.13,446.5,636.97
2026-01-13 21:26:59,XPQ-01 Main,2026-01-13 21:26:00,948.04,80.46,4.18566166666667,480.51,931.89,256.39,149.36,207.98,81.23,4.83670533333333,480.44,963.89,269.91,154.19,220.82,81.99,4.234146,481.39,948.35,262.82,163.69,205.06,78.15,3.49273533333333,479.71,789.12,467.24,633.87
2026-01-13 21:27:59,XPQ-01 Main,2026-01-13 21:27:00,897.72,80.77,3.9423283333333297,481.78,878.27,242.36,140.4,197.1,81.45,4.303372,481.88,913.12,256.37,144.5,211.3,82.54,4.134146,482.47,901.76,250.48,155.4,195.75,78.32,3.39273533333333,480.99,749.2,440.3,604.15
2026-01-13 21:28:59,XPQ-01 Main,2026-01-13 21:28:00,950.77,79.37,4.02232833333333,480.45,935.15,257.19,154.49,205.03,79.87,4.63670533333333,480.4,962.74,269.64,157.64,218.1,81.05,4.034146,481.45,954.42,264.45,167.94,203.89,77.19,3.39273533333333,479.52,791.28,480.07,627.02
2026-01-13 21:29:59,XPQ-01 Main,2026-01-13 21:29:00,956.46,81.04,4.03232833333333,480.49,939.71,258.58,146.94,212.46,82.25,4.603372,480.33,978.29,273.82,155.07,225.24,82.37,4.134146,481.24,951.38,263.7,163.11,206.71,78.5,3.359402,479.89,796.1,465.12,644.41
2026-01-13 21:30:59,XPQ-01 Main,2026-01-13 21:30:00,927.39,80.79,4.398995,481.3,908.17,250.28,142.91,204.86,82.02,4.97003866666667,481.25,950.07,266.47,151.04,218.78,82.29,4.46747933333333,482.13,923.92,256.46,160.03,199.78,78.05,3.759402,480.51,773.21,453.99,623.42
2026-01-13 21:31:59,XPQ-01 Main,2026-01-13 21:31:00,915.83,78.93,3.988995,481.32,893.41,246.23,149.05,195.57,79.53,4.57003866666667,481.29,932.56,261.59,153.17,211.05,80.93,4.034146,482.17,921.51,255.78,164.99,194.86,76.32,3.359402,480.5,763.6,467.22,601.48
2026-01-13 21:32:59,XPQ-01 Main,2026-01-13 21:32:00,950.23,79.54,4.16566166666667,480.92,929.65,256.04,152.77,204.96,80.18,4.83670533333333,480.93,966.19,270.77,157.06,220.13,81.4,4.16747933333333,481.67,954.85,264.79,168.69,203.8,77.03,3.49273533333333,480.14,791.61,478.52,628.89
2026-01-13 21:33:59,XPQ-01 Main,2026-01-13 21:33:00,950.47,81.22,4.26566166666667,481.19,929.09,255.98,143.74,211.53,82.71,4.93670533333333,481.21,978.58,274.45,154.24,226.5,82.66,4.26747933333333,482.03,943.74,261.87,162.81,204.83,78.28,3.59273533333333,480.33,792.3,460.8,642.87
2026-01-13 21:34:59,XPQ-01 Main,2026-01-13 21:34:00,916.51,79.58,4.35232833333333,481.08,897.76,247.38,145.87,199.37,80.71,5.07003866666667,481.26,936.84,262.69,153.28,213.05,81.17,4.434146,481.74,914.93,253.71,162.14,194.77,76.85,3.559402,480.22,763.78,461.29,607.19
2026-01-13 21:35:59,XPQ-01 Main,2026-01-13 21:35:00,915.71,80.21,4.12232833333333,481.11,900.01,247.95,145.34,200.07,80.9,4.73670533333333,481.08,930.6,260.91,149.48,212.68,81.81,4.10081266666667,481.93,916.52,254.28,159.17,197.83,77.91,3.52606866666667,480.32,763.14,454.0,610.58
2026-01-13 21:36:59,XPQ-01 Main,2026-01-13 21:36:00,1002.32,80.81,4.108995,480.23,981.69,270.1,153.58,221.0,82.12,4.53670533333333,480.34,1027.84,287.56,163.08,235.8,82.25,4.234146,480.77,997.43,276.17,171.95,214.77,78.06,3.559402,479.57,833.82,488.61,671.57
2026-01-13 21:37:59,XPQ-01 Main,2026-01-13 21:37:00,969.48,79.68,4.04566166666667,480.28,954.17,262.4,157.6,209.41,79.9,4.703372,480.34,978.09,273.81,158.7,222.4,81.4,4.00081266666667,481.13,976.18,270.32,169.92,209.93,77.73,3.42606866666667,479.37,806.54,486.23,641.74
2026-01-13 21:38:59,XPQ-01 Main,2026-01-13 21:38:00,877.71,81.18,4.26566166666667,481.63,860.52,237.31,136.42,193.81,81.77,4.87003866666667,481.61,891.02,250.11,139.54,206.97,82.92,4.234146,482.48,881.6,244.86,150.38,192.83,78.85,3.6927353333333297,480.81,732.28,426.34,593.61
2026-01-13 21:39:59,XPQ-01 Main,2026-01-13 21:39:00,939.89,80.7,4.198995,480.87,925.41,254.87,148.7,206.54,81.15,4.67003866666667,480.9,950.7,266.4,151.07,218.85,82.3,4.20081266666667,481.6,943.55,261.62,161.4,205.58,78.65,3.72606866666667,480.11,782.89,461.17,630.96
2026-01-13 21:40:59,XPQ-01 Main,2026-01-13 21:40:00,946.76,81.11,3.918995,480.75,928.82,255.69,146.15,209.49,82.01,4.603372,480.77,965.27,270.46,152.09,223.19,82.64,4.20081266666667,481.56,946.2,262.3,161.83,206.18,78.66,2.959402,479.91,788.44,460.07,638.86
2026-01-13 21:41:59,XPQ-01 Main,2026-01-13 21:41:00,942.25,80.33,4.17566166666667,481.0,922.6,254.13,148.87,205.61,81.0,4.63670533333333,481.17,958.05,268.64,153.14,220.26,82.11,4.434146,481.78,946.12,262.33,164.43,204.15,77.88,3.459402,480.05,785.1,466.44,630.02
2026-01-13 21:42:59,XPQ-01 Main,2026-01-13 21:42:00,906.65,80.1,4.188995,481.55,889.17,245.11,146.06,196.29,80.23,4.57003866666667,481.64,914.95,256.9,146.4,210.16,82.05,4.134146,482.52,915.84,254.27,158.82,198.1,78.02,3.859402,480.49,756.28,451.28,604.55
2026-01-13 21:43:59,XPQ-01 Main,2026-01-13 21:43:00,1078.81,78.0,4.288995,479.08,1061.11,290.98,181.24,227.45,78.21,4.903372,478.9,1087.83,303.72,182.71,242.29,79.84,4.40081266666667,480.07,1087.49,300.56,195.28,228.06,75.96,3.559402,478.26,895.25,559.23,697.81
2026-01-13 21:44:59,XPQ-01 Main,2026-01-13 21:44:00,1155.87,76.73,3.9556616666666704,478.22,1140.8,312.38,195.49,243.19,77.94,4.53670533333333,478.29,1178.01,328.36,205.21,255.97,78.02,4.00081266666667,479.03,1148.8,316.77,212.12,235.0,74.23,3.32606866666667,477.34,957.51,612.82,734.16
2026-01-13 21:45:59,XPQ-01 Main,2026-01-13 21:45:00,1136.52,76.68,3.96566166666667,478.74,1117.16,306.33,191.41,238.73,78.02,4.503372,478.86,1162.74,324.39,202.27,253.1,78.12,4.10081266666667,479.42,1129.67,311.81,209.99,230.3,73.89,3.29273533333333,477.94,942.53,603.67,722.13
2026-01-13 21:46:59,XPQ-01 Main,2026-01-13 21:46:00,1107.84,76.36,4.198995,478.86,1093.54,299.89,190.08,231.57,77.29,4.57003866666667,478.95,1125.08,313.99,197.23,243.98,77.77,4.26747933333333,479.59,1104.9,305.06,205.02,225.63,74.01,3.759402,478.04,918.94,592.33,701.18
2026-01-13 21:47:59,XPQ-01 Main,2026-01-13 21:47:00,1176.24,77.01,4.14232833333333,478.32,1159.04,317.49,199.91,246.31,77.64,4.67003866666667,478.5,1191.2,332.13,205.07,260.94,78.62,4.30081266666667,479.11,1178.48,324.95,215.69,242.82,74.76,3.459402,477.37,974.58,620.68,750.07
2026-01-13 21:48:59,XPQ-01 Main,2026-01-13 21:48:00,1142.94,76.91,4.13232833333333,479.02,1125.71,308.87,192.51,241.1,78.14,4.77003866666667,479.0,1167.18,325.72,202.39,254.5,78.27,4.234146,479.68,1135.92,313.81,209.84,233.0,74.31,3.39273533333333,478.39,948.4,604.75,728.61
2026-01-13 21:49:59,XPQ-01 Main,2026-01-13 21:49:00,1174.54,77.04,4.16566166666667,478.19,1155.77,316.42,198.63,246.24,77.83,4.47003866666667,478.16,1193.0,332.48,205.19,261.16,78.63,4.16747933333333,479.06,1174.86,324.0,215.41,241.65,74.65,3.859402,477.34,972.91,619.22,749.05
2026-01-13 21:50:59,XPQ-01 Main,2026-01-13 21:50:00,1169.42,76.72,3.98566166666667,478.74,1151.61,315.77,197.21,246.25,78.05,4.63670533333333,478.8,1195.56,333.51,208.14,259.72,78.03,4.10081266666667,479.43,1161.08,320.53,215.07,237.23,74.09,3.22606866666667,478.0,969.81,620.43,743.19
2026-01-13 21:51:59,XPQ-01 Main,2026-01-13 21:51:00,1014.65,76.95,5.208995,480.02,993.15,273.09,169.73,213.61,78.29,5.77003866666667,480.05,1040.05,290.86,179.83,228.44,78.57,4.534146,480.65,1010.76,279.78,188.07,206.78,73.98,5.32606866666667,479.37,843.73,537.64,648.84
2026-01-13 21:52:59,XPQ-01 Main,2026-01-13 21:52:00,1088.2,71.86,4.17566166666667,478.62,1065.86,292.13,199.38,212.91,72.99,4.87003866666667,478.69,1112.77,310.41,208.93,227.86,73.71,4.40081266666667,479.41,1085.98,299.69,217.11,206.23,68.87,3.259402,477.76,902.23,625.42,646.99
2026-01-13 21:53:59,XPQ-01 Main,2026-01-13 21:53:00,1233.32,76.92,4.07566166666667,478.34,1208.43,331.04,207.21,257.87,77.95,4.67003866666667,478.47,1258.91,350.97,216.58,275.63,78.63,4.00081266666667,479.1,1232.63,339.94,227.75,252.02,74.19,3.559402,477.45,1021.95,651.55,785.53
2026-01-13 21:54:59,XPQ-01 Main,2026-01-13 21:54:00,1160.79,75.56,4.32232833333333,478.73,1138.61,312.14,201.9,237.6,76.2,4.803372,478.79,1179.06,328.97,207.66,254.21,77.44,4.40081266666667,479.53,1164.69,321.51,219.45,234.7,73.04,3.759402,477.87,962.62,629.01,726.51
2026-01-13 21:55:59,XPQ-01 Main,2026-01-13 21:55:00,1109.66,74.67,4.198995,479.8,1089.69,299.4,196.29,225.64,75.45,4.67003866666667,479.79,1128.23,315.45,202.87,240.53,76.44,4.26747933333333,480.62,1111.06,307.42,212.76,221.5,72.12,3.659402,479.0,922.28,611.92,687.66
2026-01-13 21:56:59,XPQ-01 Main,2026-01-13 21:56:00,1150.9,75.87,4.06566166666667,479.53,1129.59,310.16,197.93,238.59,76.96,4.403372,479.52,1175.08,328.39,207.13,254.09,77.51,4.334146,480.36,1148.03,317.48,216.42,232.1,73.14,3.459402,478.71,956.03,621.47,724.78
2026-01-13 21:57:59,XPQ-01 Main,2026-01-13 21:57:00,1175.07,76.68,4.278995,478.95,1151.68,315.83,198.94,244.69,77.59,4.63670533333333,478.9,1199.07,334.66,206.94,261.36,78.4,4.36747933333333,479.8,1174.46,324.42,217.88,239.99,74.04,3.8260686666666706,478.14,974.91,623.76,746.04
2026-01-13 21:58:59,XPQ-01 Main,2026-01-13 21:58:00,1118.92,75.16,4.16566166666667,479.47,1099.36,301.82,196.35,228.94,75.91,4.83670533333333,479.45,1136.99,317.69,202.69,243.88,76.91,4.06747933333333,480.31,1120.41,309.8,212.67,224.96,72.67,3.59273533333333,478.64,929.32,611.71,697.78
2026-01-13 21:59:59,XPQ-01 Main,2026-01-13 21:59:00,1099.47,76.01,3.97566166666667,480.13,1078.7,296.59,190.03,227.6,76.76,4.53670533333333,480.11,1117.59,312.68,196.2,243.19,77.83,3.96747933333333,480.92,1102.1,305.16,206.97,224.04,73.45,3.42606866666667,479.36,914.42,593.2,694.83
2026-01-13 22:00:59,XPQ-01 Main,2026-01-13 22:00:00,1092.65,75.77,4.06566166666667,479.85,1073.97,295.16,189.05,226.15,76.72,4.67003866666667,479.84,1112.69,311.09,196.52,240.33,77.41,4.16747933333333,480.58,1091.3,301.99,205.67,220.81,73.18,3.359402,479.14,908.24,591.24,687.29
2026-01-13 22:01:59,XPQ-01 Main,2026-01-13 22:01:00,1099.12,76.48,3.96566166666667,480.18,1078.83,296.59,188.43,228.46,77.15,4.47003866666667,480.17,1115.28,312.12,193.82,244.07,78.31,4.10081266666667,481.07,1103.25,305.52,205.3,225.7,73.97,3.32606866666667,479.3,914.23,587.56,698.23
2026-01-13 22:02:59,XPQ-01 Main,2026-01-13 22:02:00,1030.75,72.91,3.9523283333333294,480.73,1014.36,279.3,189.28,205.19,73.5,4.403372,480.71,1043.51,292.25,194.12,218.23,74.72,4.034146,481.44,1034.39,286.77,203.04,201.94,70.52,3.42606866666667,480.04,858.32,586.44,625.36
2026-01-13 22:03:59,XPQ-01 Main,2026-01-13 22:03:00,918.47,74.78,3.8756616666666703,481.54,903.78,249.19,163.28,188.09,75.52,4.43670533333333,481.37,931.67,261.39,168.01,199.6,76.51,3.80081266666667,482.4,919.96,255.54,176.25,184.61,72.33,3.39273533333333,480.85,766.12,507.54,572.3
2026-01-13 22:04:59,XPQ-01 Main,2026-01-13 22:04:00,937.58,73.75,3.8756616666666703,480.81,922.24,252.66,169.23,187.28,74.2,4.203372,480.78,954.15,263.28,172.28,198.8,75.57,4.06747933333333,481.45,936.34,259.47,181.25,185.27,71.48,3.359402,480.21,775.41,522.76,571.35
2026-01-13 22:05:59,XPQ-01 Main,2026-01-13 22:05:00,975.32,75.13,3.908995,480.76,959.72,264.11,174.42,198.16,75.06,4.33670533333333,480.63,980.38,274.7,174.38,211.79,77.2,4.20081266666667,481.75,985.87,273.39,186.38,199.78,73.12,3.19273533333333,479.9,812.2,535.17,609.73
2026-01-13 22:06:59,XPQ-01 Main,2026-01-13 22:06:00,966.5,73.55,4.188995,480.36,951.38,261.68,174.65,194.62,74.43,4.73670533333333,480.25,981.57,274.75,180.92,206.49,75.22,4.26747933333333,481.22,966.55,267.79,188.33,189.99,71.02,3.559402,479.61,804.22,543.9,591.11
2026-01-13 22:07:59,XPQ-01 Main,2026-01-13 22:07:00,899.72,71.01,4.25232833333333,480.74,882.53,243.0,169.75,173.55,71.49,4.57003866666667,480.87,910.91,255.22,173.87,186.35,73.12,4.40081266666667,481.46,905.72,251.01,182.86,171.52,68.41,3.79273533333333,479.88,749.23,526.48,531.42
2026-01-13 22:08:59,XPQ-01 Main,2026-01-13 22:08:00,941.4,74.34,4.098995,480.37,925.51,254.56,169.57,189.5,74.52,4.503372,480.45,949.2,265.79,171.33,202.59,76.36,4.26747933333333,481.23,949.48,262.98,181.87,189.55,72.16,3.52606866666667,479.44,783.33,522.78,581.63
2026-01-13 22:09:59,XPQ-01 Main,2026-01-13 22:09:00,843.92,72.57,4.43232833333333,481.41,829.96,228.82,154.91,168.01,73.52,5.003372,481.58,858.26,240.86,160.95,178.7,74.31,4.434146,482.19,843.54,234.08,167.34,163.5,69.88,3.859402,480.48,703.77,483.19,510.21
2026-01-13 22:10:59,XPQ-01 Main,2026-01-13 22:10:00,817.77,72.84,4.318995,482.07,805.08,222.2,152.25,161.3,72.72,4.87003866666667,482.22,820.61,230.66,152.24,172.84,75.04,4.40081266666667,482.98,827.62,229.99,162.33,162.57,70.76,3.6927353333333297,481.02,682.85,466.82,496.71
2026-01-13 22:11:59,XPQ-01 Main,2026-01-13 22:11:00,823.22,71.98,4.36566166666667,482.12,808.34,223.21,153.86,161.39,72.38,4.83670533333333,482.25,832.32,233.87,157.03,173.04,74.05,4.40081266666667,482.84,828.99,230.4,165.44,159.96,69.51,3.859402,481.26,687.49,476.33,494.38
2026-01-13 22:12:59,XPQ-01 Main,2026-01-13 22:12:00,847.37,73.22,4.36566166666667,481.61,835.32,230.41,154.75,170.44,74.04,4.803372,481.75,859.56,241.29,159.83,180.34,74.84,4.534146,482.35,847.22,235.22,166.02,166.35,70.78,3.759402,480.74,706.92,480.6,517.13
2026-01-13 22:13:59,XPQ-01 Main,2026-01-13 22:13:00,826.13,73.02,4.098995,481.7,817.05,225.41,153.14,165.01,73.3,4.53670533333333,481.7,831.15,233.29,154.82,174.16,74.74,4.06747933333333,482.43,830.2,230.6,162.16,163.55,71.01,3.6927353333333297,480.96,689.3,470.12,502.73
2026-01-13 22:14:59,XPQ-01 Main,2026-01-13 22:14:00,798.9,72.79,4.66566166666667,481.66,783.97,216.27,146.87,158.22,73.29,5.03670533333333,481.65,808.75,226.99,150.41,169.7,74.84,4.834146,482.42,803.98,223.31,158.65,156.56,70.24,4.12606866666667,480.92,666.56,455.94,484.48
2026-01-13 22:15:59,XPQ-01 Main,2026-01-13 22:15:00,810.71,73.86,4.798995,481.65,791.96,218.52,144.85,163.29,74.81,5.27003866666667,481.81,826.89,232.1,150.91,175.86,75.89,4.70081266666667,482.29,813.27,225.81,158.98,159.77,70.89,4.42606866666667,480.86,676.42,454.74,498.92
2026-01-13 22:16:59,XPQ-01 Main,2026-01-13 22:16:00,809.4,72.84,5.17566166666667,481.59,791.56,218.42,147.14,160.85,73.78,5.63670533333333,481.79,824.48,231.37,153.26,173.11,74.87,5.30081266666667,482.13,812.15,225.44,160.82,157.09,69.88,4.59273533333333,480.84,675.23,461.22,491.05
2026-01-13 22:17:59,XPQ-01 Main,2026-01-13 22:17:00,749.42,67.39,4.47566166666667,482.32,727.61,201.02,147.41,136.25,67.88,4.903372,482.59,762.58,214.41,152.3,150.33,70.25,4.60081266666667,483.01,758.09,210.72,161.61,134.73,64.04,3.92606866666667,481.35,626.15,461.32,421.31
2026-01-13 22:18:59,XPQ-01 Main,2026-01-13 22:18:00,728.31,68.11,5.15232833333333,482.94,710.4,196.58,143.1,133.84,68.31,5.57003866666667,483.31,736.24,207.26,146.04,146.68,70.86,5.16747933333333,483.47,738.3,205.44,155.37,133.5,65.17,4.72606866666667,482.04,609.28,444.51,414.01
2026-01-13 22:19:59,XPQ-01 Main,2026-01-13 22:19:00,679.51,72.98,5.998995,483.86,662.42,183.67,123.37,135.3,73.89,6.53670533333333,484.09,692.99,195.39,128.54,146.79,75.23,5.86747933333333,484.36,683.12,190.5,136.0,132.64,69.82,5.59273533333333,483.14,569.56,387.91,414.73
2026-01-13 22:20:59,XPQ-01 Main,2026-01-13 22:20:00,662.15,73.94,4.918995,483.7,644.0,178.44,118.9,132.59,74.45,5.37003866666667,483.94,673.52,189.9,122.09,144.62,76.41,5.034146,484.36,668.93,186.48,131.0,131.98,70.97,4.359402,482.8,554.82,372.0,409.19
2026-01-13 22:21:59,XPQ-01 Main,2026-01-13 22:21:00,841.06,63.42,4.93232833333333,480.64,821.34,226.14,172.96,145.4,64.35,5.503372,480.78,857.26,240.12,180.36,157.66,65.81,4.96747933333333,481.3,844.58,234.01,186.66,140.31,60.09,4.32606866666667,479.83,700.26,539.98,443.37
2026-01-13 22:22:59,XPQ-01 Main,2026-01-13 22:22:00,955.86,69.8,4.808995,480.14,934.44,256.91,182.34,180.8,70.41,5.303372,480.32,971.31,271.89,188.12,195.7,72.09,4.734146,480.95,961.84,266.21,197.74,177.98,66.9,4.39273533333333,479.13,795.01,568.2,554.48
2026-01-13 22:23:59,XPQ-01 Main,2026-01-13 22:23:00,932.25,69.75,4.56566166666667,479.87,917.3,252.06,177.95,178.11,70.74,5.17003866666667,479.9,948.48,265.27,185.01,189.2,71.5,4.56747933333333,480.68,930.98,257.6,191.0,172.44,67.01,3.959402,479.02,774.93,553.96,539.75
2026-01-13 22:24:59,XPQ-01 Main,2026-01-13 22:24:00,962.15,71.16,4.45566166666667,479.6,943.34,259.08,180.2,185.95,71.81,4.97003866666667,479.66,977.72,273.31,185.48,198.67,73.09,4.50081266666667,480.42,965.38,266.96,193.74,182.51,68.57,3.89273533333333,478.73,799.34,559.42,567.12
2026-01-13 22:25:59,XPQ-01 Main,2026-01-13 22:25:00,905.1,67.43,4.998995,479.98,884.2,243.12,177.21,165.72,68.3,5.503372,480.13,922.64,258.06,184.45,179.49,69.74,4.90081266666667,480.6,908.46,251.36,192.4,161.25,64.23,4.59273533333333,479.2,752.54,554.06,506.46
2026-01-13 22:26:59,XPQ-01 Main,2026-01-13 22:26:00,914.68,72.27,5.808995,480.79,894.46,246.29,167.08,180.78,73.44,6.47003866666667,480.82,935.37,262.07,175.33,194.14,74.21,5.634146,481.55,914.22,253.45,182.91,175.2,69.17,5.32606866666667,480.0,761.81,525.32,550.11
2026-01-13 22:27:59,XPQ-01 Main,2026-01-13 22:27:00,849.66,67.39,5.92232833333333,480.94,831.57,229.11,166.76,156.73,68.49,6.57003866666667,481.15,866.99,243.03,174.47,168.69,69.51,5.80081266666667,481.59,850.41,235.73,180.69,151.16,64.16,5.39273533333333,480.08,707.87,521.92,476.59
2026-01-13 22:28:59,XPQ-01 Main,2026-01-13 22:28:00,853.15,68.14,5.84232833333333,481.14,836.92,230.61,167.61,157.97,68.59,6.503372,481.2,863.64,242.17,171.68,170.14,70.39,5.76747933333333,481.9,858.89,238.27,179.92,155.75,65.45,5.259402,480.31,711.05,519.21,483.86
2026-01-13 22:29:59,XPQ-01 Main,2026-01-13 22:29:00,857.2,67.88,6.198995,480.15,836.75,230.2,166.18,158.75,69.08,6.903372,480.38,876.81,245.34,174.69,171.6,70.08,5.834146,480.71,858.04,237.46,181.32,152.95,64.48,5.859402,479.37,712.99,522.18,483.3
2026-01-13 22:30:59,XPQ-01 Main,2026-01-13 22:30:00,858.01,67.78,5.48566166666667,481.14,842.22,232.21,168.28,159.55,68.8,5.87003866666667,481.26,873.43,244.81,175.29,170.55,69.74,5.634146,481.64,858.39,238.09,181.11,154.11,64.8,4.959402,480.51,715.11,524.68,484.21
2026-01-13 22:31:59,XPQ-01 Main,2026-01-13 22:31:00,835.48,67.5,5.508995,481.38,826.03,227.79,166.93,154.56,67.94,5.903372,481.44,841.83,236.11,169.96,163.47,69.32,5.434146,482.02,838.57,232.75,176.18,151.66,65.24,5.19273533333333,480.69,696.64,513.06,469.7
2026-01-13 22:32:59,XPQ-01 Main,2026-01-13 22:32:00,907.5,64.42,6.05232833333333,480.47,893.03,245.78,186.16,159.72,65.11,6.403372,480.63,920.22,257.67,191.72,170.48,66.45,6.16747933333333,481.14,909.25,251.84,197.85,155.15,61.71,5.59273533333333,479.65,755.29,575.74,485.35
2026-01-13 22:33:59,XPQ-01 Main,2026-01-13 22:33:00,718.45,70.81,4.898995,482.93,708.91,196.07,137.46,139.28,71.17,5.303372,482.98,724.45,203.89,139.6,147.81,72.7,5.00081266666667,483.67,721.99,201.03,146.09,137.58,68.56,4.39273533333333,482.12,600.99,423.15,424.67
2026-01-13 22:34:59,XPQ-01 Main,2026-01-13 22:34:00,739.64,70.65,5.908995,482.73,724.78,200.49,140.92,142.29,71.05,6.53670533333333,482.83,748.25,210.41,143.91,153.08,72.86,5.76747933333333,483.22,745.9,207.58,151.75,140.91,68.05,5.42606866666667,482.12,618.48,436.58,436.28
2026-01-13 22:35:59,XPQ-01 Main,2026-01-13 22:35:00,807.28,66.97,5.05232833333333,481.73,799.5,220.55,163.39,147.8,67.08,5.43670533333333,481.83,810.42,227.57,164.71,156.22,68.82,4.90081266666667,482.56,811.92,225.49,171.04,146.34,65.01,4.82606866666667,480.8,673.61,499.14,450.36
2026-01-13 22:36:59,XPQ-01 Main,2026-01-13 22:36:00,837.98,69.21,4.77566166666667,481.09,828.75,228.37,162.91,159.5,69.96,5.37003866666667,481.23,847.31,237.58,167.47,168.01,70.82,4.90081266666667,481.79,837.88,232.37,172.61,155.17,66.85,4.059402,480.26,698.32,502.98,482.68
2026-01-13 22:37:59,XPQ-01 Main,2026-01-13 22:37:00,830.48,68.03,4.74232833333333,481.26,820.27,226.13,162.81,156.62,69.33,5.103372,481.25,845.71,237.12,170.29,164.37,69.45,4.734146,481.94,825.46,229.08,173.15,149.37,65.32,4.39273533333333,480.6,692.34,506.25,470.35
2026-01-13 22:38:59,XPQ-01 Main,2026-01-13 22:38:00,816.74,67.58,4.21232833333333,481.74,798.96,220.52,160.8,150.41,68.31,4.67003866666667,481.91,830.37,233.09,166.55,162.6,69.86,4.20081266666667,482.31,820.89,227.96,173.81,146.94,64.56,3.759402,481.0,681.57,501.16,459.95
2026-01-13 22:39:59,XPQ-01 Main,2026-01-13 22:39:00,730.49,70.86,5.96566166666667,482.82,717.82,198.52,138.7,141.37,71.38,6.57003866666667,482.88,739.09,207.94,141.95,150.91,72.84,5.934146,483.51,734.56,204.48,148.67,139.25,68.36,5.39273533333333,482.06,610.94,429.32,431.53
2026-01-13 22:40:59,XPQ-01 Main,2026-01-13 22:40:00,720.29,71.28,5.94232833333333,482.53,707.1,195.38,136.33,139.59,71.54,6.47003866666667,482.54,727.49,204.59,138.4,149.72,73.43,5.90081266666667,483.36,726.29,202.08,146.22,138.83,68.85,5.459402,481.7,602.05,420.95,428.15
2026-01-13 22:41:59,XPQ-01 Main,2026-01-13 22:41:00,749.05,71.37,5.94566166666667,483.16,728.63,201.63,140.3,144.54,71.76,6.47003866666667,483.24,761.43,214.4,143.78,157.83,73.92,5.90081266666667,483.9,757.08,210.89,153.4,143.93,68.42,5.459402,482.33,626.92,437.48,446.29
2026-01-13 22:42:59,XPQ-01 Main,2026-01-13 22:42:00,758.35,73.38,5.798995,482.59,739.41,204.38,137.52,150.91,73.91,6.33670533333333,482.69,771.09,216.86,141.2,163.38,75.66,5.56747933333333,483.3,764.55,212.72,150.27,149.7,70.57,5.49273533333333,481.79,633.96,428.99,463.98
2026-01-13 22:43:59,XPQ-01 Main,2026-01-13 22:43:00,741.46,72.74,5.778995,482.75,724.51,200.31,136.25,146.42,73.21,6.43670533333333,482.84,752.36,211.69,139.54,158.12,74.98,5.534146,483.51,747.51,208.04,148.08,145.27,70.03,5.359402,481.9,620.04,423.87,449.82
2026-01-13 22:44:59,XPQ-01 Main,2026-01-13 22:44:00,732.87,71.85,6.14232833333333,482.52,718.2,198.52,135.63,144.5,72.91,7.003372,482.59,747.69,210.21,141.61,154.43,73.7,5.66747933333333,483.16,732.73,203.84,147.26,140.1,68.93,5.759402,481.82,612.58,424.5,439.03
2026-01-13 22:45:59,XPQ-01 Main,2026-01-13 22:45:00,732.94,70.9,5.55566166666667,482.72,715.18,197.78,138.8,140.44,71.13,6.17003866666667,482.9,742.12,208.76,141.2,152.52,73.38,5.46747933333333,483.33,741.53,206.33,150.37,140.24,68.2,5.02606866666667,481.92,612.87,430.36,433.2
2026-01-13 22:46:59,XPQ-01 Main,2026-01-13 22:46:00,732.6,71.04,5.88566166666667,482.58,715.58,197.89,137.17,142.31,72.0,6.53670533333333,482.81,747.3,210.12,142.99,153.53,73.18,5.70081266666667,483.05,734.93,204.41,149.75,138.65,67.94,5.42606866666667,481.88,612.42,429.92,434.5
2026-01-13 22:47:59,XPQ-01 Main,2026-01-13 22:47:00,730.11,71.77,5.78566166666667,482.87,714.96,197.78,136.27,141.98,72.15,6.37003866666667,483.08,738.96,207.95,139.04,153.52,74.12,5.50081266666667,483.47,736.4,204.95,147.81,141.1,69.05,5.49273533333333,482.06,610.69,423.12,436.6
2026-01-13 22:48:59,XPQ-01 Main,2026-01-13 22:48:00,765.18,72.53,6.32232833333333,482.73,744.93,205.98,139.9,150.75,73.3,7.03670533333333,482.85,780.58,219.59,145.19,164.17,74.91,6.00081266666667,483.42,770.04,214.3,154.12,148.5,69.39,5.92606866666667,481.93,639.87,439.21,463.42
2026-01-13 22:49:59,XPQ-01 Main,2026-01-13 22:49:00,755.68,71.5,6.488995,482.65,735.33,203.28,139.38,147.43,72.67,6.97003866666667,482.79,774.06,217.74,146.65,160.09,73.74,6.36747933333333,483.36,757.65,210.8,154.0,143.23,68.1,6.12606866666667,481.81,631.83,440.03,450.75
2026-01-13 22:50:59,XPQ-01 Main,2026-01-13 22:50:00,760.26,71.64,5.47566166666667,482.6,744.89,205.92,142.16,148.65,72.27,6.27003866666667,482.65,771.66,216.99,146.3,159.68,73.73,5.36747933333333,483.29,764.23,212.65,153.8,146.29,68.92,4.79273533333333,481.87,635.56,442.26,454.61
2026-01-13 22:51:59,XPQ-01 Main,2026-01-13 22:51:00,733.62,72.53,6.03232833333333,483.02,719.63,199.05,136.59,144.31,72.63,6.57003866666667,483.15,739.73,208.29,137.84,155.3,74.79,5.96747933333333,483.84,741.5,206.47,146.75,144.58,70.18,5.559402,482.07,613.81,421.18,444.2
2026-01-13 22:52:59,XPQ-01 Main,2026-01-13 22:52:00,756.45,73.17,6.37566166666667,482.65,741.33,204.92,137.19,151.85,74.2,7.03670533333333,482.62,771.27,216.9,143.12,162.28,75.0,6.20081266666667,483.38,756.76,210.63,149.43,147.69,70.3,5.89273533333333,481.94,632.45,429.74,461.82
2026-01-13 22:53:59,XPQ-01 Main,2026-01-13 22:53:00,1400.64,56.89,5.64566166666667,475.46,1378.22,375.39,276.12,195.7,57.82,6.203372,475.72,1421.86,394.01,287.56,210.57,59.08,5.334146,476.11,1401.83,384.17,292.85,186.72,53.76,5.39273533333333,474.54,1153.56,856.52,592.98
2026-01-13 22:54:59,XPQ-01 Main,2026-01-13 22:54:00,878.6,70.04,5.978995,480.85,857.84,236.25,166.31,167.64,70.99,6.43670533333333,481.05,896.66,251.33,173.56,181.25,72.23,5.70081266666667,481.58,881.31,244.27,181.4,163.24,66.89,5.79273533333333,479.91,731.85,521.27,512.12
2026-01-13 22:55:59,XPQ-01 Main,2026-01-13 22:55:00,946.28,67.94,6.13232833333333,479.94,931.25,256.04,186.38,175.12,68.47,6.803372,480.22,956.78,267.66,190.91,187.01,69.98,5.834146,480.56,950.81,262.99,198.77,171.75,65.38,5.759402,479.02,786.68,576.06,533.88
2026-01-13 22:56:59,XPQ-01 Main,2026-01-13 22:56:00,994.93,70.59,6.03232833333333,479.06,976.75,268.16,184.9,193.64,72.32,6.603372,479.27,1021.1,284.97,197.14,205.27,72.12,5.96747933333333,479.49,986.95,272.54,201.23,183.25,67.33,5.52606866666667,478.43,825.68,583.27,582.16
2026-01-13 22:57:59,XPQ-01 Main,2026-01-13 22:57:00,985.94,72.6,5.84232833333333,479.39,972.2,266.87,180.76,196.09,73.53,6.47003866666667,479.45,1001.01,279.69,187.23,207.3,74.21,5.66747933333333,480.2,984.61,272.16,194.08,190.55,70.06,5.39273533333333,478.52,818.73,562.08,593.94
2026-01-13 22:58:59,XPQ-01 Main,2026-01-13 22:58:00,1041.45,72.84,5.52232833333333,479.13,1026.34,281.53,190.64,207.06,73.57,5.93670533333333,479.09,1055.87,294.86,196.37,219.51,74.53,5.20081266666667,480.05,1042.14,287.97,204.35,202.66,70.42,5.42606866666667,478.24,864.36,591.35,629.24
2026-01-13 22:59:59,XPQ-01 Main,2026-01-13 22:59:00,1004.55,72.09,5.598995,479.22,994.71,272.98,187.68,197.77,72.54,6.03670533333333,479.41,1012.1,282.75,190.9,208.27,73.72,5.534146,480.01,1006.85,278.13,198.47,194.68,70.03,5.22606866666667,478.23,833.86,577.05,600.73
2026-01-13 23:00:59,XPQ-01 Main,2026-01-13 23:00:00,1035.51,72.82,6.36566166666667,478.66,1019.57,279.48,189.19,205.4,73.55,7.203372,478.67,1050.02,292.89,194.96,218.14,74.56,6.06747933333333,479.44,1036.94,286.22,203.3,201.19,70.34,5.82606866666667,477.86,858.58,587.45,624.73
2026-01-13 23:01:59,XPQ-01 Main,2026-01-13 23:01:00,1016.78,74.46,5.77566166666667,479.48,998.27,274.12,179.59,206.79,75.5,6.17003866666667,479.5,1037.15,289.78,187.36,220.02,76.13,5.76747933333333,480.24,1014.92,280.62,195.28,201.13,71.75,5.39273533333333,478.7,844.53,562.23,627.94
2026-01-13 23:02:59,XPQ-01 Main,2026-01-13 23:02:00,836.0,74.0,5.698995,479.67,821.02,225.58,150.67,167.6,74.37,6.07003866666667,479.83,844.88,236.2,153.25,179.4,76.03,5.634146,480.37,842.09,232.85,162.41,166.6,71.6,5.39273533333333,478.81,694.62,466.34,513.6
2026-01-13 23:03:59,XPQ-01 Main,2026-01-13 23:03:00,847.21,74.52,5.708995,479.44,832.44,228.66,150.07,172.12,75.37,6.27003866666667,479.5,861.44,240.6,155.2,182.7,76.21,5.634146,480.0,847.75,234.34,162.21,168.2,71.98,5.22606866666667,478.8,703.6,467.48,523.03
2026-01-13 23:04:59,XPQ-01 Main,2026-01-13 23:04:00,852.04,75.31,6.22232833333333,479.01,839.5,230.4,149.32,174.9,76.05,6.603372,479.12,864.65,241.3,153.55,184.82,76.92,6.134146,479.55,851.97,235.27,160.53,171.33,72.97,5.92606866666667,478.35,706.97,463.4,531.04
2026-01-13 23:05:59,XPQ-01 Main,2026-01-13 23:05:00,840.59,75.02,5.96566166666667,478.84,827.86,227.14,147.57,171.96,75.89,6.63670533333333,479.03,854.62,238.44,152.48,181.7,76.6,5.60081266666667,479.36,839.28,231.65,158.96,167.68,72.57,5.659402,478.13,697.23,459.01,521.34
2026-01-13 23:06:59,XPQ-01 Main,2026-01-13 23:06:00,834.47,74.63,5.74566166666667,479.33,822.53,225.88,149.77,168.84,74.81,6.33670533333333,479.58,840.31,234.74,150.85,179.43,76.54,5.36747933333333,479.9,840.57,232.21,159.69,168.32,72.55,5.52606866666667,478.5,692.84,460.32,516.59
2026-01-13 23:07:59,XPQ-01 Main,2026-01-13 23:07:00,824.61,74.43,6.198995,479.14,811.21,222.75,146.19,167.71,75.38,6.47003866666667,479.3,839.37,234.27,151.73,177.9,76.08,6.26747933333333,479.58,823.26,227.39,158.03,163.13,71.82,5.859402,478.55,684.42,455.96,508.74
2026-01-13 23:08:59,XPQ-01 Main,2026-01-13 23:08:00,872.48,76.07,6.198995,478.68,855.04,234.51,149.98,179.96,76.82,6.73670533333333,478.85,888.22,247.72,154.67,192.12,77.89,6.16747933333333,479.21,874.18,241.21,163.21,176.87,73.49,5.69273533333333,477.97,723.45,467.86,548.96
2026-01-13 23:09:59,XPQ-01 Main,2026-01-13 23:09:00,860.71,76.18,6.108995,478.92,842.94,231.34,146.25,178.83,77.41,6.77003866666667,479.17,880.87,245.81,153.76,190.92,77.88,5.86747933333333,479.39,858.34,236.93,161.0,173.27,73.26,5.69273533333333,478.21,714.08,461.0,543.02
2026-01-13 23:10:59,XPQ-01 Main,2026-01-13 23:10:00,845.87,74.36,5.74232833333333,478.92,829.17,227.55,149.43,170.86,75.27,6.43670533333333,479.16,862.78,240.78,155.15,182.66,76.22,5.734146,479.43,845.66,233.43,162.76,166.85,71.58,5.059402,478.17,701.75,467.34,520.37
2026-01-13 23:11:59,XPQ-01 Main,2026-01-13 23:11:00,860.13,74.94,5.78566166666667,478.83,844.1,231.6,150.81,175.22,75.79,6.403372,479.02,876.56,244.55,156.04,186.69,76.73,5.734146,479.33,859.74,237.29,163.72,171.4,72.31,5.22606866666667,478.13,713.44,470.58,533.31
2026-01-13 23:12:59,XPQ-01 Main,2026-01-13 23:12:00,971.85,68.55,6.23232833333333,476.32,957.78,261.41,187.16,180.2,69.36,6.93670533333333,476.55,986.54,273.8,193.21,191.29,70.36,6.00081266666667,476.84,971.24,266.66,199.55,174.94,65.92,5.759402,475.58,801.87,579.92,546.43
2026-01-13 23:13:59,XPQ-01 Main,2026-01-13 23:13:00,1044.9,73.66,6.478995,476.36,1029.73,281.0,186.96,209.28,74.58,7.203372,476.51,1062.3,294.87,193.74,221.27,75.24,6.16747933333333,476.96,1042.67,286.33,200.96,203.51,71.16,6.059402,475.59,862.2,581.66,634.06
2026-01-13 23:14:59,XPQ-01 Main,2026-01-13 23:14:00,1013.23,73.58,5.65566166666667,476.51,999.0,272.66,181.91,202.78,74.44,6.17003866666667,476.61,1028.83,285.69,187.99,214.27,75.17,5.60081266666667,477.22,1011.87,278.0,195.15,197.48,71.13,5.19273533333333,475.72,836.35,565.05,614.53
2026-01-13 23:15:59,XPQ-01 Main,2026-01-13 23:15:00,1003.88,72.96,5.618995,476.68,986.93,269.55,180.55,199.89,74.21,6.23670533333333,476.81,1025.15,284.69,189.45,211.78,74.53,5.46747933333333,477.22,999.56,274.7,195.43,192.38,70.15,5.159402,476.02,828.94,565.44,604.05
2026-01-13 23:16:59,XPQ-01 Main,2026-01-13 23:16:00,990.0,72.79,6.07566166666667,476.96,974.26,266.26,178.68,196.59,74.0,6.836705333333329,477.16,1011.38,281.06,187.11,208.14,74.37,5.80081266666667,477.47,984.38,270.64,193.12,189.34,70.01,5.59273533333333,476.25,817.96,558.91,594.06
2026-01-13 23:17:59,XPQ-01 Main,2026-01-13 23:17:00,1029.18,73.39,6.05566166666667,476.6,1013.42,276.68,184.34,205.49,74.44,6.63670533333333,476.77,1048.98,291.34,192.05,217.57,74.97,5.734146,477.21,1025.15,281.65,198.79,199.04,70.75,5.79273533333333,475.8,849.68,575.18,622.11
2026-01-13 23:18:59,XPQ-01 Main,2026-01-13 23:18:00,989.21,72.02,5.798995,476.81,975.91,266.61,182.69,193.79,72.76,6.43670533333333,477.0,1002.48,278.52,188.05,204.87,73.67,5.734146,477.36,989.24,271.89,195.01,189.11,69.62,5.22606866666667,476.06,817.01,565.76,587.77
2026-01-13 23:19:59,XPQ-01 Main,2026-01-13 23:19:00,984.21,72.89,5.56566166666667,477.49,969.03,265.11,177.47,196.2,74.16,6.17003866666667,477.67,1004.83,279.56,186.34,207.59,74.42,5.30081266666667,478.03,978.78,269.41,192.0,188.61,70.08,5.22606866666667,476.77,814.08,555.82,592.41
2026-01-13 23:20:59,XPQ-01 Main,2026-01-13 23:20:00,1008.23,72.14,5.87566166666667,476.65,990.87,270.54,184.16,197.97,73.22,6.603372,476.74,1027.47,285.37,192.21,210.5,73.85,5.70081266666667,477.31,1006.34,276.56,198.99,191.56,69.35,5.32606866666667,475.9,832.47,575.36,600.02
2026-01-13 23:21:59,XPQ-01 Main,2026-01-13 23:21:00,966.64,71.24,6.24232833333333,476.67,951.59,259.95,178.7,188.22,72.52,6.77003866666667,476.89,985.63,273.7,187.31,199.21,72.85,5.934146,477.09,962.68,264.5,192.83,180.62,68.36,6.02606866666667,476.03,798.16,558.85,568.05
2026-01-13 23:22:59,XPQ-01 Main,2026-01-13 23:22:00,1032.0,73.98,5.46566166666667,476.49,1014.82,276.97,181.13,208.9,75.55,6.27003866666667,476.55,1058.5,293.88,192.45,220.95,75.41,5.234146,477.15,1022.69,280.98,197.62,199.18,70.99,4.89273533333333,475.76,851.83,571.19,629.03
2026-01-13 23:23:59,XPQ-01 Main,2026-01-13 23:23:00,860.52,75.38,5.52232833333333,479.18,843.98,231.72,150.01,176.35,76.17,6.13670533333333,479.26,875.57,244.4,154.99,188.42,77.23,5.334146,479.72,862.01,238.16,163.24,173.09,72.75,5.09273533333333,478.56,714.28,468.24,537.85
2026-01-13 23:24:59,XPQ-01 Main,2026-01-13 23:24:00,867.57,75.6,5.878995,478.85,851.4,233.63,150.83,178.18,76.33,6.603372,479.09,881.54,245.95,155.34,190.02,77.42,5.70081266666667,479.33,869.77,240.05,163.67,175.13,73.06,5.32606866666667,478.14,719.63,469.84,543.33
2026-01-13 23:25:59,XPQ-01 Main,2026-01-13 23:25:00,854.65,75.34,6.23232833333333,479.18,842.23,231.33,148.72,176.51,76.47,6.63670533333333,479.51,869.98,242.89,155.31,186.31,76.81,6.06747933333333,479.53,851.73,235.19,161.07,170.65,72.72,5.99273533333333,478.51,709.41,465.1,533.47
2026-01-13 23:26:59,XPQ-01 Main,2026-01-13 23:26:00,856.79,75.08,5.65566166666667,478.99,843.33,231.4,149.78,175.72,76.1,6.13670533333333,478.97,872.67,243.5,155.87,186.13,76.67,5.434146,479.62,854.36,236.0,162.24,170.65,72.47,5.39273533333333,478.39,710.9,467.88,532.49
2026-01-13 23:27:59,XPQ-01 Main,2026-01-13 23:27:00,844.76,74.22,5.55566166666667,478.98,832.39,228.32,151.3,170.47,74.79,6.03670533333333,479.02,856.24,239.02,154.66,180.6,75.96,5.46747933333333,479.77,845.65,233.55,162.01,167.68,71.92,5.159402,478.14,700.89,467.97,518.76
2026-01-13 23:28:59,XPQ-01 Main,2026-01-13 23:28:00,823.99,73.19,5.778995,479.28,810.21,222.57,148.83,164.7,74.2,6.27003866666667,479.65,838.27,234.11,154.69,174.97,74.92,5.50081266666667,479.66,823.48,227.42,160.96,159.87,70.47,5.559402,478.53,684.1,464.47,499.54
2026-01-13 23:29:59,XPQ-01 Main,2026-01-13 23:29:00,812.43,72.23,6.03232833333333,479.47,801.17,220.17,150.91,159.89,72.72,6.57003866666667,479.69,820.95,229.29,153.94,169.49,74.02,5.76747933333333,479.87,815.17,225.29,160.76,157.33,69.94,5.759402,478.86,674.75,465.62,486.71
2026-01-13 23:30:59,XPQ-01 Main,2026-01-13 23:30:00,797.28,71.85,5.65566166666667,479.21,785.52,215.59,149.2,155.04,72.05,6.17003866666667,479.42,804.98,224.87,150.73,164.9,73.81,5.56747933333333,479.95,801.34,221.34,158.52,153.97,69.67,5.22606866666667,478.25,661.8,458.45,473.9
2026-01-13 23:31:59,XPQ-01 Main,2026-01-13 23:31:00,791.18,71.01,5.508995,479.58,781.44,214.78,149.98,153.26,71.47,6.03670533333333,479.67,798.54,223.06,152.68,162.01,72.78,5.36747933333333,480.03,793.56,219.42,158.98,150.62,68.78,5.12606866666667,479.05,657.25,461.63,465.9
2026-01-13 23:32:59,XPQ-01 Main,2026-01-13 23:32:00,779.23,70.66,5.57566166666667,479.58,766.85,210.61,148.46,149.13,70.87,6.07003866666667,479.75,785.81,219.69,150.37,159.53,72.77,5.434146,480.38,785.04,217.02,158.3,148.23,68.35,5.22606866666667,478.62,647.33,457.13,456.89
2026-01-13 23:33:59,XPQ-01 Main,2026-01-13 23:33:00,767.35,70.59,5.678995,479.25,756.79,207.86,145.32,147.97,71.35,6.203372,479.61,777.35,217.11,149.55,156.74,72.35,5.56747933333333,479.68,767.91,212.05,155.18,144.15,68.06,5.259402,478.45,637.02,450.05,448.86
2026-01-13 23:34:59,XPQ-01 Main,2026-01-13 23:34:00,774.48,70.1,5.398995,479.28,763.21,209.63,148.13,147.76,70.62,5.87003866666667,479.61,783.0,218.69,151.47,157.18,72.01,5.36747933333333,479.74,777.23,214.66,157.88,145.13,67.68,4.959402,478.48,642.97,457.48,450.07
2026-01-13 23:35:59,XPQ-01 Main,2026-01-13 23:35:00,772.32,70.02,5.57566166666667,478.93,760.22,208.74,146.28,148.26,71.18,6.23670533333333,479.26,786.4,219.4,152.68,157.13,71.72,5.40081266666667,479.2,770.32,212.59,157.25,142.52,67.16,5.09273533333333,478.33,640.73,456.21,447.91
2026-01-13 23:36:59,XPQ-01 Main,2026-01-13 23:36:00,788.69,71.01,5.46566166666667,479.12,771.73,211.95,148.18,151.02,71.38,5.93670533333333,479.46,798.62,222.92,151.25,163.2,73.35,5.40081266666667,479.46,795.71,219.69,160.13,149.79,68.31,5.059402,478.45,654.57,459.55,464.01
2026-01-13 23:37:59,XPQ-01 Main,2026-01-13 23:37:00,772.54,70.16,5.398995,478.95,756.29,207.51,145.67,147.14,71.06,6.003372,479.18,787.02,219.7,151.24,158.28,72.3,5.234146,479.58,774.3,213.74,158.2,143.22,67.12,4.959402,478.09,640.95,455.1,448.64
2026-01-13 23:38:59,XPQ-01 Main,2026-01-13 23:38:00,787.05,70.4,5.578995,479.13,771.9,211.99,149.09,150.28,70.99,6.203372,479.43,798.01,222.76,153.15,161.45,72.55,5.434146,479.51,791.25,218.48,160.69,147.68,67.67,5.09273533333333,478.46,653.22,462.93,459.42
2026-01-13 23:39:59,XPQ-01 Main,2026-01-13 23:39:00,795.94,70.61,5.52232833333333,479.09,780.11,214.07,150.2,151.31,70.97,6.17003866666667,479.38,806.57,225.28,153.3,163.37,72.92,5.26747933333333,479.8,801.14,221.19,162.01,150.07,67.95,5.12606866666667,478.09,660.55,465.52,464.74
2026-01-13 23:40:59,XPQ-01 Main,2026-01-13 23:40:00,792.3,70.98,5.73232833333333,478.96,777.73,213.38,149.07,152.03,71.4,6.503372,479.24,802.14,223.96,152.22,163.35,73.16,5.50081266666667,479.63,797.03,220.0,160.39,150.31,68.38,5.19273533333333,478.02,657.34,461.68,465.69
2026-01-13 23:41:59,XPQ-01 Main,2026-01-13 23:41:00,789.01,70.55,5.94232833333333,478.93,772.27,211.91,147.88,151.56,71.57,6.57003866666667,479.0,804.54,224.47,154.23,162.83,72.6,5.634146,479.49,790.21,218.2,160.84,147.09,67.48,5.62606866666667,478.29,654.58,462.95,461.48
2026-01-13 23:42:59,XPQ-01 Main,2026-01-13 23:42:00,818.31,70.3,5.23232833333333,478.48,801.41,219.66,153.15,157.15,71.62,5.77003866666667,478.47,837.44,233.44,161.15,167.98,72.16,5.10081266666667,479.13,816.09,225.17,166.63,150.86,67.12,4.82606866666667,477.83,678.27,480.93,476.0
2026-01-13 23:43:59,XPQ-01 Main,2026-01-13 23:43:00,823.84,70.57,5.62232833333333,478.93,808.99,222.05,155.88,157.79,71.14,5.93670533333333,479.14,834.58,232.86,159.86,168.86,72.62,5.60081266666667,479.37,827.96,228.56,167.46,155.06,67.94,5.32606866666667,478.28,683.46,483.2,481.71
2026-01-13 23:44:59,XPQ-01 Main,2026-01-13 23:44:00,789.96,69.05,5.418995,479.04,773.98,212.41,152.62,147.18,69.41,5.97003866666667,479.39,799.91,223.39,155.82,159.0,71.42,5.30081266666667,479.67,795.99,219.71,164.31,145.61,66.32,4.99273533333333,478.07,655.51,472.75,451.79
2026-01-13 23:45:59,XPQ-01 Main,2026-01-13 23:45:00,802.53,71.36,5.15566166666667,479.05,785.26,215.59,147.61,156.91,72.84,5.67003866666667,479.13,822.72,229.54,156.22,167.77,73.18,4.86747933333333,479.48,799.62,220.86,161.57,150.03,68.05,4.92606866666667,478.54,665.99,465.4,474.71
2026-01-13 23:46:59,XPQ-01 Main,2026-01-13 23:46:00,815.94,70.29,4.998995,478.98,799.8,219.57,154.25,155.96,71.1,5.57003866666667,479.15,829.8,231.51,159.6,167.06,72.31,4.86747933333333,479.38,818.23,225.92,166.41,152.1,67.47,4.559402,478.4,676.99,480.26,475.13
2026-01-13 23:47:59,XPQ-01 Main,2026-01-13 23:47:00,822.19,71.2,5.408995,478.68,805.94,221.07,151.92,159.88,72.49,6.07003866666667,478.71,841.71,234.66,159.59,170.49,73.0,5.334146,479.16,818.94,226.04,165.15,153.61,68.11,4.82606866666667,478.17,681.77,476.66,483.98
2026-01-13 23:48:59,XPQ-01 Main,2026-01-13 23:48:00,832.56,71.62,5.23232833333333,478.78,817.0,224.21,154.52,162.08,72.38,5.73670533333333,479.12,845.55,235.87,159.56,173.34,73.58,5.034146,479.15,835.12,230.4,166.72,158.48,68.9,4.92606866666667,478.07,690.49,480.79,493.91
2026-01-13 23:49:59,XPQ-01 Main,2026-01-13 23:49:00,906.09,68.25,5.32232833333333,477.15,887.27,242.7,173.69,168.88,69.71,5.77003866666667,477.42,928.05,257.92,183.4,180.54,70.15,5.16747933333333,477.43,902.97,248.32,188.67,160.84,64.88,5.02606866666667,476.61,748.94,545.76,510.26
2026-01-13 23:50:59,XPQ-01 Main,2026-01-13 23:50:00,940.56,69.57,4.378995,477.13,927.3,253.5,180.09,178.21,70.34,4.803372,477.19,952.78,264.81,185.35,188.8,71.36,4.46747933333333,477.66,941.6,259.04,191.99,173.38,67.02,3.859402,476.53,777.35,557.43,540.39
2026-01-13 23:51:59,XPQ-01 Main,2026-01-13 23:51:00,970.74,71.21,4.14566166666667,476.27,958.71,261.55,181.68,187.72,71.86,4.53670533333333,476.53,981.7,272.54,186.35,198.54,72.91,4.40081266666667,476.94,971.82,266.76,193.36,183.54,68.85,3.49273533333333,475.34,800.85,561.39,569.8
2026-01-13 23:52:59,XPQ-01 Main,2026-01-13 23:52:00,1017.5,72.64,4.46566166666667,476.36,1002.97,273.64,186.6,199.49,73.03,4.97003866666667,476.67,1027.45,285.37,190.05,212.27,74.5,4.46747933333333,477.11,1022.07,280.57,199.2,197.3,70.37,3.959402,475.29,839.58,575.85,609.06
2026-01-13 23:53:59,XPQ-01 Main,2026-01-13 23:53:00,996.58,72.37,4.35566166666667,476.34,983.52,268.38,181.73,196.78,73.47,4.83670533333333,476.33,1015.41,281.76,189.11,206.91,73.81,4.434146,476.97,990.79,272.17,194.41,189.7,69.84,3.79273533333333,475.73,822.31,565.25,593.4
2026-01-13 23:54:59,XPQ-01 Main,2026-01-13 23:54:00,986.69,72.56,4.298995,476.4,973.85,265.78,179.02,196.16,73.86,4.87003866666667,476.61,1005.88,279.26,187.69,206.35,73.98,4.434146,476.99,980.36,269.21,192.62,187.95,69.84,3.59273533333333,475.59,814.25,559.33,590.45
2026-01-13 23:55:59,XPQ-01 Main,2026-01-13 23:55:00,1037.35,73.0,4.13232833333333,476.14,1024.5,279.54,186.86,207.48,74.31,4.503372,476.35,1057.33,293.3,196.13,217.83,74.32,4.134146,476.6,1030.21,282.75,200.56,198.75,70.39,3.759402,475.47,855.59,583.54,624.05
2026-01-13 23:56:59,XPQ-01 Main,2026-01-13 23:56:00,1014.49,73.2,4.088995,477.23,1005.55,274.93,185.9,202.3,73.63,4.57003866666667,477.35,1022.02,284.17,188.76,212.15,74.71,4.10081266666667,477.83,1015.89,279.51,195.93,199.02,71.26,3.59273533333333,476.51,838.61,570.58,613.47
2026-01-13 23:57:59,XPQ-01 Main,2026-01-13 23:57:00,1000.79,72.7,4.218995,476.92,990.64,270.74,183.11,198.68,73.53,4.67003866666667,477.27,1013.95,281.81,188.6,208.22,74.12,4.30081266666667,477.39,997.77,274.21,194.39,192.92,70.44,3.6927353333333297,476.1,826.77,566.1,599.82
2026-01-13 23:58:59,XPQ-01 Main,2026-01-13 23:58:00,1042.27,73.07,4.188995,476.09,1034.94,282.27,190.98,207.32,73.55,4.63670533333333,476.31,1049.52,291.2,194.15,216.45,74.44,4.30081266666667,476.71,1042.34,286.03,200.59,203.47,71.21,3.6260686666666704,475.24,859.5,585.71,627.24
2026-01-13 23:59:59,XPQ-01 Main,2026-01-13 23:59:00,1039.37,73.14,4.098995,476.55,1030.92,281.52,190.22,207.1,73.65,4.603372,476.81,1048.03,291.02,193.59,216.47,74.54,4.134146,477.06,1039.15,285.42,200.06,203.04,71.23,3.559402,475.78,857.95,583.88,626.61
2026-01-14 00:00:59,XPQ-01 Main,2026-01-14 00:00:00,903.4,73.4,4.278995,478.12,889.67,243.73,162.63,181.25,74.43,4.53670533333333,478.11,919.24,255.98,169.01,191.59,74.99,4.30081266666667,478.65,901.29,248.5,175.22,175.61,70.79,3.9927353333333295,477.6,748.21,506.86,548.45
2026-01-14 00:01:59,XPQ-01 Main,2026-01-14 00:01:00,838.27,74.26,4.218995,479.01,826.33,226.79,149.55,170.23,75.13,4.77003866666667,479.28,851.14,237.61,154.65,180.05,75.86,4.26747933333333,479.58,837.34,231.16,160.82,165.86,71.79,3.6260686666666704,478.18,695.56,465.02,516.15
2026-01-14 00:02:59,XPQ-01 Main,2026-01-14 00:02:00,733.69,80.9,3.9123283333333294,480.98,718.66,198.04,113.36,162.15,81.96,4.63670533333333,481.1,750.09,210.22,118.65,173.11,82.49,3.96747933333333,481.56,732.32,203.05,126.24,158.76,78.27,3.12606866666667,480.27,611.3,358.25,494.02
2026-01-14 00:03:59,XPQ-01 Main,2026-01-14 00:03:00,695.33,81.41,4.15566166666667,481.58,682.22,188.27,107.25,154.47,82.14,4.73670533333333,481.81,707.16,198.45,110.43,164.53,83.03,3.934146,482.1,696.62,193.34,118.25,152.69,79.06,3.79273533333333,480.83,580.06,335.94,471.69
2026-01-14 00:04:59,XPQ-01 Main,2026-01-14 00:04:00,695.28,82.59,3.9423283333333297,481.16,681.33,187.88,103.41,156.73,83.47,4.63670533333333,481.19,709.44,198.8,107.31,166.81,84.1,4.034146,481.61,695.06,192.83,114.89,154.33,80.21,3.159402,480.68,579.51,325.61,477.87
2026-01-14 00:05:59,XPQ-01 Main,2026-01-14 00:05:00,702.76,81.94,4.098995,480.63,690.37,190.22,105.67,157.72,83.08,4.77003866666667,480.96,718.37,201.15,111.12,167.26,83.29,4.16747933333333,480.92,699.54,193.73,117.42,153.59,79.44,3.359402,479.99,585.1,334.22,478.57
2026-01-14 00:06:59,XPQ-01 Main,2026-01-14 00:06:00,704.68,82.68,3.988995,480.91,692.95,191.07,103.96,159.82,83.82,4.57003866666667,481.24,719.96,201.67,109.46,169.11,83.95,3.90081266666667,481.12,701.12,194.29,115.6,155.5,80.25,3.49273533333333,480.36,587.03,329.02,484.42
2026-01-14 00:07:59,XPQ-01 Main,2026-01-14 00:07:00,668.84,82.35,3.9423283333333297,480.86,659.53,181.71,101.13,150.65,83.03,4.403372,481.0,678.69,190.15,103.63,158.7,83.73,3.90081266666667,481.42,668.31,185.25,110.19,148.49,80.3,3.52606866666667,480.17,557.12,314.95,457.84
2026-01-14 00:08:59,XPQ-01 Main,2026-01-14 00:08:00,753.8,77.48,4.298995,479.53,743.67,204.35,127.99,158.95,77.89,4.93670533333333,479.92,761.01,212.7,129.82,168.15,79.16,4.334146,480.02,756.7,209.07,137.21,157.42,75.39,3.62606866666667,478.65,626.13,395.01,484.52
2026-01-14 00:09:59,XPQ-01 Main,2026-01-14 00:09:00,801.77,79.49,4.498995,479.18,789.54,216.94,128.44,174.53,80.54,5.103372,479.44,816.84,227.94,134.01,184.09,80.85,4.40081266666667,479.37,798.94,220.64,140.31,169.69,77.07,3.9927353333333295,478.74,665.52,402.76,528.32
2026-01-14 00:10:59,XPQ-01 Main,2026-01-14 00:10:00,919.16,82.98,4.06566166666667,478.3,908.4,249.0,136.91,207.76,83.5,4.77003866666667,478.55,929.19,258.93,139.33,218.09,84.27,4.00081266666667,478.73,919.89,253.59,148.02,205.62,81.16,3.42606866666667,477.63,761.53,424.26,631.48
2026-01-14 00:11:59,XPQ-01 Main,2026-01-14 00:11:00,972.22,83.64,4.008995,477.66,958.52,262.25,139.79,221.42,84.56,4.703372,477.9,990.96,275.91,145.54,233.3,84.84,4.06747933333333,478.33,967.16,266.27,154.14,216.85,81.51,3.259402,476.75,804.44,439.47,671.57
2026-01-14 00:12:59,XPQ-01 Main,2026-01-14 00:12:00,952.65,83.15,3.998995,477.44,941.56,257.63,140.86,215.42,83.7,4.603372,477.55,963.72,267.99,143.38,225.82,84.42,3.934146,477.86,952.68,262.24,152.32,213.04,81.35,3.459402,476.92,787.86,436.57,654.29
2026-01-14 00:13:59,XPQ-01 Main,2026-01-14 00:13:00,971.21,83.28,3.92232833333333,480.48,957.67,263.65,143.18,221.11,83.94,4.43670533333333,480.79,984.84,275.77,146.81,233.16,84.62,3.9008126666666705,481.0,971.11,268.9,156.53,218.48,81.29,3.42606866666667,479.64,808.32,446.52,672.76
2026-01-14 00:14:59,XPQ-01 Main,2026-01-14 00:14:00,929.02,82.67,4.088995,480.64,917.3,252.77,138.72,210.93,83.55,4.63670533333333,480.91,944.34,264.36,143.72,221.43,83.88,3.8674793333333297,480.89,925.41,256.35,151.58,206.34,80.59,3.759402,480.13,773.48,434.02,638.7
2026-01-14 00:15:59,XPQ-01 Main,2026-01-14 00:15:00,962.61,83.05,3.8656616666666705,480.2,950.96,261.57,142.6,218.72,83.77,4.43670533333333,480.45,976.8,273.42,146.68,229.99,84.31,4.00081266666667,480.87,960.08,265.72,155.43,215.3,81.08,3.159402,479.28,800.71,444.71,664.01
2026-01-14 00:16:59,XPQ-01 Main,2026-01-14 00:16:00,987.08,83.03,3.998995,480.57,975.07,268.51,146.79,224.41,83.69,4.43670533333333,480.92,1000.25,280.14,150.45,235.98,84.32,3.96747933333333,481.06,985.92,273.03,159.7,221.31,81.09,3.59273533333333,479.74,821.69,456.95,681.7
2026-01-14 00:17:59,XPQ-01 Main,2026-01-14 00:17:00,971.31,82.36,3.998995,480.5,960.29,264.34,146.68,219.64,83.16,4.47003866666667,480.71,985.96,276.09,151.39,230.26,83.56,3.90081266666667,481.1,967.67,268.01,159.32,215.19,80.37,3.62606866666667,479.69,808.44,457.39,665.09
2026-01-14 00:18:59,XPQ-01 Main,2026-01-14 00:18:00,920.08,82.48,3.708995,480.55,911.62,251.08,139.42,208.49,83.13,4.23670533333333,480.91,930.03,260.43,142.51,217.55,83.65,3.56747933333333,480.94,918.6,254.36,150.11,204.91,80.67,3.32606866666667,479.81,765.88,432.04,630.95
2026-01-14 00:19:59,XPQ-01 Main,2026-01-14 00:19:00,943.32,82.98,3.9556616666666704,480.5,935.73,257.53,142.33,214.12,83.28,4.503372,480.52,949.6,265.87,142.81,223.15,84.23,3.8674793333333297,481.21,944.64,261.72,151.63,212.78,81.44,3.49273533333333,479.78,785.13,436.76,650.05
2026-01-14 00:20:59,XPQ-01 Main,2026-01-14 00:20:00,965.59,83.55,3.9556616666666704,480.3,955.26,263.02,141.35,221.5,84.3,4.53670533333333,480.47,979.28,273.9,145.52,231.41,84.65,3.834146,480.58,962.25,266.42,153.39,217.26,81.69,3.49273533333333,479.84,803.34,440.27,670.18
2026-01-14 00:21:59,XPQ-01 Main,2026-01-14 00:21:00,945.18,83.2,3.82232833333333,480.58,939.41,258.64,141.98,216.04,83.57,4.403372,480.59,950.8,266.19,142.95,224.32,84.33,3.834146,481.2,945.33,261.97,151.01,213.86,81.69,3.22606866666667,479.96,786.8,435.94,654.22
2026-01-14 00:22:59,XPQ-01 Main,2026-01-14 00:22:00,924.87,83.42,4.16566166666667,480.98,917.03,252.64,138.26,211.19,83.67,4.73670533333333,481.01,930.26,260.7,138.45,220.49,84.69,4.20081266666667,481.67,927.31,257.19,147.45,210.49,81.9,3.559402,480.26,770.53,424.16,642.18
2026-01-14 00:23:59,XPQ-01 Main,2026-01-14 00:23:00,933.04,83.54,4.12232833333333,480.86,924.16,254.69,138.27,213.65,83.95,4.53670533333333,481.03,940.84,263.52,139.68,223.1,84.76,4.16747933333333,481.26,934.11,258.94,148.3,211.81,81.92,3.659402,480.28,777.14,426.25,648.56
2026-01-14 00:24:59,XPQ-01 Main,2026-01-14 00:24:00,938.08,83.04,4.02232833333333,480.57,928.65,255.83,139.43,214.02,83.79,4.33670533333333,480.78,950.2,265.96,143.46,223.57,84.16,4.10081266666667,480.87,935.38,259.11,151.1,209.88,81.16,3.62606866666667,480.07,780.89,433.99,647.47
2026-01-14 00:25:59,XPQ-01 Main,2026-01-14 00:25:00,950.01,83.77,3.7323283333333297,480.77,940.56,259.02,140.08,217.54,84.08,4.23670533333333,480.89,956.47,267.97,140.65,227.76,85.08,3.70081266666667,481.44,952.99,264.15,150.44,216.79,82.16,3.259402,479.97,791.13,431.17,662.09
2026-01-14 00:26:59,XPQ-01 Main,2026-01-14 00:26:00,893.27,83.36,4.198995,481.23,884.06,243.8,134.58,203.09,83.72,4.73670533333333,481.42,899.38,252.15,135.16,212.72,84.71,4.334146,481.69,896.36,248.65,144.26,202.3,81.65,3.52606866666667,480.58,744.59,414.0,618.11
2026-01-14 00:27:59,XPQ-01 Main,2026-01-14 00:27:00,929.45,83.46,3.8556616666666703,481.0,918.9,253.12,137.99,211.66,83.77,4.43670533333333,481.15,937.35,262.81,138.65,222.36,84.86,3.7008126666666703,481.76,932.09,258.45,148.7,211.12,81.76,3.42606866666667,480.08,774.38,425.35,645.14
2026-01-14 00:28:59,XPQ-01 Main,2026-01-14 00:28:00,925.09,83.41,4.25566166666667,480.92,916.68,252.64,137.68,211.6,83.82,4.903372,481.0,932.33,261.15,139.0,220.81,84.63,4.30081266666667,481.35,926.27,256.83,147.6,209.75,81.78,3.559402,480.4,770.62,424.27,642.16
2026-01-14 00:29:59,XPQ-01 Main,2026-01-14 00:29:00,938.59,83.74,4.008995,481.04,929.69,256.33,138.0,215.73,84.24,4.57003866666667,481.26,947.24,265.42,140.09,225.16,84.91,3.96747933333333,481.4,938.84,260.31,148.42,213.27,82.08,3.49273533333333,480.45,782.06,426.51,654.16
2026-01-14 00:30:59,XPQ-01 Main,2026-01-14 00:30:00,924.47,83.21,4.03232833333333,481.22,914.22,252.02,137.36,211.06,83.81,4.603372,481.34,935.85,262.42,140.29,221.24,84.45,3.96747933333333,481.86,923.35,256.17,148.81,208.24,81.36,3.52606866666667,480.46,770.61,426.46,640.54
2026-01-14 00:31:59,XPQ-01 Main,2026-01-14 00:31:00,906.12,83.35,4.14232833333333,480.75,892.77,245.88,134.02,205.87,83.81,4.803372,480.98,916.8,256.87,135.78,217.42,84.82,4.20081266666667,481.35,908.79,251.82,146.02,204.9,81.44,3.42606866666667,479.91,754.57,415.83,628.19
2026-01-14 00:32:59,XPQ-01 Main,2026-01-14 00:32:00,918.58,84.08,3.978995,481.03,907.9,250.32,133.55,211.54,84.56,4.503372,481.11,928.4,260.06,135.44,221.74,85.34,3.96747933333333,481.41,919.43,255.01,144.58,209.71,82.33,3.459402,480.59,765.39,413.57,642.99
2026-01-14 00:33:59,XPQ-01 Main,2026-01-14 00:33:00,934.23,84.15,3.998995,480.9,921.17,253.98,134.01,215.17,84.88,4.503372,481.14,948.0,265.5,137.89,226.5,85.42,4.034146,481.13,933.53,258.75,147.24,212.14,82.15,3.459402,480.42,778.23,419.14,653.8
2026-01-14 00:34:59,XPQ-01 Main,2026-01-14 00:34:00,892.06,83.61,4.14232833333333,481.04,881.47,242.95,131.32,203.97,84.08,4.703372,481.22,900.94,252.53,133.0,214.28,84.96,4.134146,481.57,893.78,247.82,142.46,202.44,81.78,3.59273533333333,480.31,743.3,406.79,620.69
2026-01-14 00:35:59,XPQ-01 Main,2026-01-14 00:35:00,799.73,82.05,4.07566166666667,482.32,794.36,219.61,124.17,180.8,82.43,4.63670533333333,482.41,804.61,226.0,125.15,187.89,83.23,4.134146,482.68,800.21,222.52,131.8,178.8,80.49,3.459402,481.86,668.13,381.12,547.49
2026-01-14 00:36:59,XPQ-01 Main,2026-01-14 00:36:00,732.62,79.0,4.12232833333333,482.6,719.9,199.2,120.81,158.02,79.44,4.77003866666667,482.77,741.31,208.31,122.43,168.01,80.82,4.10081266666667,482.82,736.64,204.92,131.17,156.96,76.73,3.49273533333333,482.2,612.43,374.41,482.99
2026-01-14 00:37:59,XPQ-01 Main,2026-01-14 00:37:00,758.23,79.78,4.34232833333333,481.99,749.56,207.12,122.86,166.22,80.42,4.803372,482.08,767.73,215.45,125.57,174.19,81.12,4.36747933333333,482.27,757.41,210.48,131.85,163.25,77.79,3.859402,481.62,633.04,380.29,503.66
2026-01-14 00:38:59,XPQ-01 Main,2026-01-14 00:38:00,752.0,79.09,4.098995,482.07,744.27,205.72,124.62,163.0,79.44,4.77003866666667,482.33,758.11,212.83,125.63,170.78,80.55,4.034146,482.27,753.62,209.38,132.54,161.41,77.28,3.49273533333333,481.6,627.94,382.8,495.18
2026-01-14 00:39:59,XPQ-01 Main,2026-01-14 00:39:00,733.15,77.86,4.13232833333333,482.22,723.64,200.06,124.06,156.52,78.37,4.703372,482.31,740.79,208.0,125.99,164.87,79.46,4.10081266666667,482.51,735.0,204.34,133.02,154.44,75.77,3.59273533333333,481.85,612.39,383.08,475.84
2026-01-14 00:40:59,XPQ-01 Main,2026-01-14 00:40:00,719.04,77.73,4.11232833333333,482.38,708.14,195.84,122.87,151.86,77.74,4.503372,482.81,722.16,202.97,122.26,161.34,79.7,4.16747933333333,482.66,726.84,201.99,131.51,152.6,75.75,3.659402,481.68,600.8,376.64,465.8
2026-01-14 00:41:59,XPQ-01 Main,2026-01-14 00:41:00,746.02,78.58,4.14232833333333,481.95,738.79,204.14,125.7,160.21,78.67,4.403372,482.16,749.02,210.23,125.25,167.79,80.14,4.06747933333333,482.21,750.24,208.41,132.75,159.8,76.92,3.959402,481.49,622.78,383.71,487.8
2026-01-14 00:42:59,XPQ-01 Main,2026-01-14 00:42:00,869.24,79.63,4.13232833333333,480.82,862.97,237.82,142.64,190.04,79.98,4.703372,481.06,874.23,244.87,143.72,197.94,80.92,4.06747933333333,481.2,870.51,241.24,150.84,187.95,77.99,3.62606866666667,480.19,723.93,437.19,575.93
2026-01-14 00:43:59,XPQ-01 Main,2026-01-14 00:43:00,982.66,74.92,4.608995,478.59,971.35,266.35,173.95,201.18,75.64,5.23670533333333,478.63,995.97,277.66,178.39,211.4,76.43,4.634146,479.16,980.66,270.63,185.67,196.45,72.68,3.959402,477.99,814.64,538.02,609.04
2026-01-14 00:44:59,XPQ-01 Main,2026-01-14 00:44:00,1007.98,75.62,4.43232833333333,478.08,1003.24,274.71,178.74,207.97,75.84,4.77003866666667,478.2,1011.06,281.71,179.34,216.47,77.01,4.50081266666667,478.79,1009.63,278.27,187.02,205.85,74.01,4.02606866666667,477.24,834.68,545.1,630.29
2026-01-14 00:45:59,XPQ-01 Main,2026-01-14 00:45:00,975.86,76.07,4.098995,478.4,970.56,266.23,169.9,204.59,76.93,4.53670533333333,478.58,986.65,274.83,174.74,211.83,77.14,4.20081266666667,478.61,970.37,267.61,179.37,198.17,74.14,3.559402,478.02,808.66,524.01,614.59
2026-01-14 00:46:59,XPQ-01 Main,2026-01-14 00:46:00,974.13,76.23,4.108995,478.26,967.41,265.15,168.89,203.95,77.02,4.503372,478.29,985.14,274.38,173.34,211.91,77.4,4.16747933333333,478.72,969.83,267.47,178.8,198.24,74.26,3.659402,477.78,807.0,521.03,614.1
2026-01-14 00:47:59,XPQ-01 Main,2026-01-14 00:47:00,969.64,74.74,4.32232833333333,478.49,963.88,264.28,174.32,198.28,75.1,4.83670533333333,478.71,974.35,271.65,175.83,206.56,76.15,4.36747933333333,478.99,970.67,267.7,183.01,195.21,72.95,3.759402,477.76,803.63,533.15,600.05
2026-01-14 00:48:59,XPQ-01 Main,2026-01-14 00:48:00,980.85,76.49,4.35566166666667,478.61,976.22,267.62,171.6,205.06,76.69,4.97003866666667,478.71,983.93,274.42,171.92,212.93,77.81,4.16747933333333,479.3,982.38,271.09,179.16,202.96,74.97,3.92606866666667,477.83,813.13,522.67,620.95
2026-01-14 00:49:59,XPQ-01 Main,2026-01-14 00:49:00,993.34,76.16,4.078995,478.45,984.09,269.95,172.51,207.29,76.86,4.57003866666667,478.67,1003.7,279.65,176.47,216.49,77.51,4.134146,478.7,992.24,273.64,183.34,202.43,74.12,3.52606866666667,477.99,823.24,532.32,626.21
2026-01-14 00:50:59,XPQ-01 Main,2026-01-14 00:50:00,995.08,76.48,4.15566166666667,478.63,989.02,271.32,172.52,209.17,77.15,4.73670533333333,478.69,1004.55,279.98,176.17,216.98,77.63,3.90081266666667,479.01,991.68,273.68,181.79,203.99,74.66,3.8260686666666706,478.18,824.97,530.48,630.13
2026-01-14 00:51:59,XPQ-01 Main,2026-01-14 00:51:00,997.38,76.3,4.15232833333333,478.4,990.18,271.35,173.24,208.3,76.88,4.63670533333333,478.54,1006.42,280.58,176.38,217.01,77.6,4.16747933333333,479.07,995.54,274.57,183.11,204.05,74.43,3.659402,477.61,826.5,532.74,629.36
2026-01-14 00:52:59,XPQ-01 Main,2026-01-14 00:52:00,978.25,76.23,3.9223283333333296,478.66,971.4,266.43,170.54,203.83,76.7,4.403372,479.05,985.14,274.85,172.88,212.5,77.57,3.8674793333333297,479.17,978.23,269.8,179.8,200.28,74.41,3.49273533333333,477.77,811.08,523.22,616.6
2026-01-14 00:53:59,XPQ-01 Main,2026-01-14 00:53:00,967.19,75.49,4.15232833333333,478.62,957.2,262.52,170.19,199.72,76.11,4.63670533333333,478.73,977.17,272.45,173.64,209.3,76.96,4.10081266666667,479.12,967.2,266.88,181.01,195.6,73.4,3.7260686666666705,478.0,801.85,524.84,604.62
2026-01-14 00:54:59,XPQ-01 Main,2026-01-14 00:54:00,997.15,77.19,4.208995,478.46,991.21,271.88,170.78,211.16,77.75,4.83670533333333,478.61,1005.29,280.08,173.65,219.17,78.38,4.134146,478.74,994.95,274.44,179.89,206.67,75.43,3.659402,478.03,826.4,524.31,637.01
2026-01-14 00:55:59,XPQ-01 Main,2026-01-14 00:55:00,977.35,77.07,4.36566166666667,478.84,971.58,266.55,168.74,206.0,77.36,4.83670533333333,478.87,981.79,273.84,169.72,214.33,78.4,4.36747933333333,479.39,978.67,270.23,177.06,203.49,75.44,3.89273533333333,478.26,810.62,515.52,623.82
2026-01-14 00:56:59,XPQ-01 Main,2026-01-14 00:56:00,970.24,76.06,4.17566166666667,478.92,960.82,263.77,168.81,202.42,76.8,4.77003866666667,479.02,981.9,273.82,173.07,211.75,77.43,4.10081266666667,479.25,967.99,267.28,179.64,197.42,73.96,3.659402,478.49,804.88,521.52,611.59
2026-01-14 00:57:59,XPQ-01 Main,2026-01-14 00:57:00,974.2,76.64,4.098995,478.44,965.27,264.61,167.96,203.95,77.19,4.603372,478.44,983.57,274.08,170.88,213.45,78.07,3.934146,478.98,973.75,268.66,178.42,200.26,74.66,3.759402,477.89,807.35,517.26,617.66
2026-01-14 00:58:59,XPQ-01 Main,2026-01-14 00:58:00,977.17,75.9,4.078995,478.32,966.91,265.07,170.14,202.69,76.59,4.603372,478.46,988.73,275.45,174.1,212.57,77.36,4.06747933333333,478.72,975.87,269.09,181.43,198.2,73.76,3.559402,477.77,809.62,525.67,613.45
2026-01-14 00:59:59,XPQ-01 Main,2026-01-14 00:59:00,941.67,74.27,3.96566166666667,478.48,928.99,254.76,168.2,190.63,74.98,4.47003866666667,478.88,954.1,266.04,172.65,201.64,75.96,3.96747933333333,478.88,941.92,259.68,180.49,186.53,71.86,3.459402,477.68,780.48,521.34,578.8
2026-01-14 01:00:59,XPQ-01 Main,2026-01-14 01:00:00,930.22,74.91,4.17566166666667,478.63,920.56,252.5,165.55,190.01,75.4,4.87003866666667,478.76,938.5,261.65,168.19,199.43,76.44,4.20081266666667,479.09,931.6,257.06,175.52,186.86,72.89,3.459402,478.05,771.21,509.25,576.29
2026-01-14 01:01:59,XPQ-01 Main,2026-01-14 01:01:00,937.79,74.88,4.13232833333333,478.52,929.18,254.84,167.19,191.56,75.34,4.63670533333333,478.89,945.08,263.52,169.57,201.04,76.44,4.10081266666667,478.91,939.1,258.94,177.21,188.53,72.86,3.659402,477.76,777.3,513.96,581.13
2026-01-14 01:02:59,XPQ-01 Main,2026-01-14 01:02:00,940.16,73.65,4.05566166666667,478.11,928.6,254.49,170.66,188.49,74.13,4.53670533333333,478.3,949.11,264.3,173.32,198.78,75.37,4.06747933333333,478.46,942.77,259.81,181.53,185.43,71.46,3.559402,477.56,778.6,525.51,572.7
2026-01-14 01:03:59,XPQ-01 Main,2026-01-14 01:03:00,961.21,74.01,4.26566166666667,480.51,951.06,261.97,173.99,195.7,74.73,5.03670533333333,480.77,972.5,272.19,178.31,205.38,75.51,4.134146,480.84,960.06,265.89,185.08,190.76,71.77,3.62606866666667,479.92,800.05,537.39,591.84
2026-01-14 01:04:59,XPQ-01 Main,2026-01-14 01:04:00,959.59,74.04,4.35232833333333,480.46,947.73,261.11,172.51,195.78,75.03,4.97003866666667,480.71,974.59,272.66,178.63,205.65,75.5,4.134146,480.64,956.45,264.87,184.61,189.34,71.6,3.959402,480.04,798.63,535.75,590.77
2026-01-14 01:05:59,XPQ-01 Main,2026-01-14 01:05:00,946.98,73.76,4.32232833333333,480.88,937.58,258.51,172.74,191.9,74.33,5.003372,481.13,955.41,267.55,175.8,201.33,75.32,4.36747933333333,481.08,947.95,262.73,183.01,187.93,71.64,3.59273533333333,480.41,788.79,531.55,581.16
2026-01-14 01:06:59,XPQ-01 Main,2026-01-14 01:06:00,956.57,74.02,4.56566166666667,480.09,947.56,260.92,173.06,194.28,74.67,5.003372,480.59,966.12,270.15,176.83,203.71,75.52,4.60081266666667,480.13,956.04,264.4,183.58,189.72,71.86,4.09273533333333,479.54,795.47,533.47,587.71
2026-01-14 01:07:59,XPQ-01 Main,2026-01-14 01:07:00,954.69,73.23,4.03232833333333,480.38,946.01,260.65,174.8,192.75,74.08,4.703372,480.83,966.16,270.31,179.77,201.58,74.63,3.80081266666667,480.44,951.89,263.43,185.44,186.8,70.97,3.59273533333333,479.86,794.39,540.0,581.14
2026-01-14 01:08:59,XPQ-01 Main,2026-01-14 01:08:00,955.12,73.56,4.04232833333333,480.32,944.88,260.22,173.68,193.55,74.43,4.603372,480.54,967.67,270.66,178.72,202.87,75.04,4.06747933333333,480.55,952.83,263.79,184.98,187.68,71.22,3.459402,479.87,794.66,537.38,584.11
2026-01-14 01:09:59,XPQ-01 Main,2026-01-14 01:09:00,985.83,75.38,4.15566166666667,480.22,979.69,269.72,174.54,205.4,76.2,4.83670533333333,480.59,997.01,278.91,179.23,213.31,76.56,4.30081266666667,480.48,980.78,271.39,184.33,199.05,73.37,3.32606866666667,479.57,820.02,538.1,617.76
2026-01-14 01:10:59,XPQ-01 Main,2026-01-14 01:10:00,970.05,75.86,4.04232833333333,480.45,964.62,265.66,171.37,202.66,76.36,4.47003866666667,480.84,976.55,273.36,173.76,210.77,77.16,4.30081266666667,480.77,968.97,268.25,180.18,198.6,74.06,3.359402,479.74,807.27,525.3,612.04
2026-01-14 01:11:59,XPQ-01 Main,2026-01-14 01:11:00,943.02,74.18,4.45566166666667,480.42,938.93,258.63,172.04,192.82,74.62,5.003372,480.57,948.46,265.29,173.84,199.65,75.42,4.50081266666667,480.64,941.67,260.8,179.29,188.75,72.5,3.859402,480.04,784.73,525.17,581.21
2026-01-14 01:12:59,XPQ-01 Main,2026-01-14 01:12:00,1034.35,72.15,3.97566166666667,478.91,1028.83,282.56,193.84,204.82,72.63,4.47003866666667,479.25,1040.67,290.23,196.35,212.84,73.5,3.96747933333333,479.05,1033.56,285.24,202.46,200.29,70.33,3.49273533333333,478.44,858.03,592.64,617.95
2026-01-14 01:13:59,XPQ-01 Main,2026-01-14 01:13:00,1135.13,77.3,3.96566166666667,478.49,1132.41,310.53,194.67,241.67,77.88,4.603372,478.55,1142.86,318.47,197.78,248.98,78.3,3.80081266666667,478.94,1130.12,311.81,203.38,235.85,75.73,3.49273533333333,477.99,940.81,595.82,726.49
2026-01-14 01:14:59,XPQ-01 Main,2026-01-14 01:14:00,1157.78,77.86,3.8223283333333296,478.2,1152.47,315.66,196.35,246.81,78.26,4.53670533333333,478.32,1164.6,324.54,198.14,255.95,79.07,3.634146,478.9,1156.27,318.79,206.08,242.95,76.26,3.29273533333333,477.39,958.99,600.56,745.71
2026-01-14 01:15:59,XPQ-01 Main,2026-01-14 01:15:00,1126.99,77.13,3.84232833333333,478.58,1121.07,307.53,193.34,238.97,77.74,4.43670533333333,478.65,1136.46,316.7,196.84,247.44,78.26,3.90081266666667,478.94,1123.45,310.01,203.36,233.33,75.39,3.19273533333333,478.15,934.24,593.55,719.74
2026-01-14 01:16:59,XPQ-01 Main,2026-01-14 01:16:00,1168.08,77.53,3.598995,477.82,1163.28,318.47,198.89,248.36,78.05,4.07003866666667,477.7,1176.5,327.33,201.73,256.74,78.63,3.634146,478.36,1164.46,320.95,208.63,243.16,75.89,3.09273533333333,477.39,966.75,609.25,748.25
2026-01-14 01:17:59,XPQ-01 Main,2026-01-14 01:17:00,1158.65,78.06,3.598995,477.98,1152.46,315.66,196.01,247.12,78.35,4.23670533333333,477.96,1164.22,324.05,196.78,256.44,79.33,3.434146,478.47,1159.28,319.57,205.56,244.17,76.5,3.12606866666667,477.53,959.28,598.36,747.73
2026-01-14 01:18:59,XPQ-01 Main,2026-01-14 01:18:00,1142.32,77.4,3.8656616666666705,478.09,1137.71,311.88,195.01,242.83,77.97,4.503372,478.36,1150.08,320.17,198.12,251.03,78.5,3.934146,478.26,1139.18,313.91,204.62,237.41,75.75,3.159402,477.64,945.97,597.75,731.27
2026-01-14 01:19:59,XPQ-01 Main,2026-01-14 01:19:00,1104.07,77.1,3.678995,478.44,1099.78,301.52,190.41,233.16,77.45,4.27003866666667,478.81,1108.85,309.18,191.84,241.73,78.33,3.834146,478.93,1103.59,304.27,199.3,229.59,75.52,2.92606866666667,477.59,914.96,581.55,704.48
2026-01-14 01:20:59,XPQ-01 Main,2026-01-14 01:20:00,1131.37,76.49,3.68566166666667,477.52,1127.35,308.51,196.78,237.22,76.97,4.403372,477.8,1137.33,316.43,199.09,245.46,77.66,3.60081266666667,477.96,1129.44,310.83,206.05,232.51,74.84,3.059402,476.79,935.78,601.92,715.19
2026-01-14 01:21:59,XPQ-01 Main,2026-01-14 01:21:00,1165.56,77.75,3.8756616666666703,477.27,1160.73,317.44,197.13,248.69,78.37,4.503372,477.52,1175.29,326.83,200.83,257.25,78.82,3.90081266666667,477.75,1160.66,319.29,207.21,242.65,76.05,3.22606866666667,476.52,963.56,605.17,748.6
2026-01-14 01:22:59,XPQ-01 Main,2026-01-14 01:22:00,1136.42,78.1,3.808995,477.57,1133.61,310.3,192.74,242.81,78.32,4.47003866666667,477.93,1138.41,316.77,192.89,250.96,79.29,3.834146,477.95,1137.23,312.97,200.76,239.92,76.69,3.12606866666667,476.83,940.04,586.38,733.7
2026-01-14 01:23:59,XPQ-01 Main,2026-01-14 01:23:00,1140.9,76.98,3.7323283333333297,477.48,1135.69,310.89,196.84,240.49,77.38,4.23670533333333,477.76,1146.88,318.93,198.66,249.21,78.19,3.734146,477.73,1140.13,313.75,206.0,236.29,75.38,3.22606866666667,476.93,943.57,601.51,725.98
2026-01-14 01:24:59,XPQ-01 Main,2026-01-14 01:24:00,1132.44,77.04,3.64566166666667,477.19,1123.92,307.45,192.03,240.01,78.08,4.203372,477.32,1149.22,319.33,199.16,249.31,78.13,3.80081266666667,477.5,1124.19,309.28,204.78,231.54,74.91,2.92606866666667,476.75,936.06,595.96,720.87
2026-01-14 01:25:59,XPQ-01 Main,2026-01-14 01:25:00,1164.27,78.9,3.878995,477.23,1161.49,317.6,193.48,251.46,79.25,4.23670533333333,477.46,1168.44,324.91,194.73,259.63,80.0,3.934146,477.76,1162.88,319.89,202.21,247.47,77.44,3.459402,476.46,962.4,590.42,758.56
2026-01-14 01:26:59,XPQ-01 Main,2026-01-14 01:26:00,1148.62,78.62,3.92232833333333,477.24,1144.49,313.09,192.18,246.87,78.91,4.63670533333333,477.65,1152.24,320.4,192.86,255.52,79.82,4.134146,477.58,1149.12,316.0,200.96,243.66,77.15,2.99273533333333,476.51,949.49,586.0,746.05
2026-01-14 01:27:59,XPQ-01 Main,2026-01-14 01:27:00,1096.41,76.63,3.92232833333333,477.08,1089.44,297.92,190.04,229.26,76.99,4.37003866666667,477.22,1102.56,306.33,191.45,238.55,77.99,4.00081266666667,477.44,1097.24,301.78,199.65,225.85,74.92,3.39273533333333,476.57,906.03,581.14,693.66
2026-01-14 01:28:59,XPQ-01 Main,2026-01-14 01:28:00,1105.92,76.27,3.798995,477.35,1099.47,301.04,190.65,232.63,77.34,4.403372,477.72,1121.26,311.64,197.63,240.35,77.24,3.8674793333333297,477.38,1097.02,301.76,201.83,223.54,74.22,3.12606866666667,476.95,914.43,590.11,696.52
2026-01-14 01:29:59,XPQ-01 Main,2026-01-14 01:29:00,1217.92,76.72,3.66566166666667,476.1,1212.33,330.95,207.08,255.8,77.72,4.203372,476.42,1233.56,342.01,214.27,264.16,77.66,3.90081266666667,476.27,1207.87,331.42,218.74,246.42,74.79,2.89273533333333,475.6,1004.39,640.09,766.39
2026-01-14 01:30:59,XPQ-01 Main,2026-01-14 01:30:00,1062.56,79.35,3.698995,478.24,1057.21,289.95,173.94,231.58,79.96,4.203372,478.6,1071.65,298.45,177.12,239.65,80.42,3.7674793333333296,478.36,1058.82,291.8,183.58,226.3,77.66,3.12606866666667,477.76,880.2,534.64,697.52
2026-01-14 01:31:59,XPQ-01 Main,2026-01-14 01:31:00,1059.54,78.59,3.988995,477.91,1052.29,288.28,176.08,227.67,79.1,4.53670533333333,478.19,1068.74,297.51,178.55,236.77,79.84,3.8674793333333297,478.22,1057.6,291.3,186.28,223.53,76.82,3.559402,477.32,877.1,540.92,687.98
2026-01-14 01:32:59,XPQ-01 Main,2026-01-14 01:32:00,1084.55,79.07,3.97566166666667,478.28,1079.44,296.07,179.14,235.36,79.57,4.703372,478.6,1091.63,304.02,181.48,243.49,80.18,3.8674793333333297,478.4,1082.59,298.39,188.34,230.67,77.46,3.359402,477.83,898.48,548.96,709.52
2026-01-14 01:33:59,XPQ-01 Main,2026-01-14 01:33:00,1077.36,78.34,3.888995,478.12,1071.21,293.75,179.66,231.8,79.04,4.67003866666667,478.52,1087.15,302.7,183.51,240.3,79.48,3.70081266666667,478.19,1073.73,295.8,190.18,226.0,76.51,3.29273533333333,477.65,892.24,553.35,698.1
2026-01-14 01:34:59,XPQ-01 Main,2026-01-14 01:34:00,950.58,82.34,3.988995,480.12,941.63,259.13,144.76,214.53,82.89,4.63670533333333,480.44,960.34,268.63,147.15,224.19,83.6,3.90081266666667,480.49,949.78,262.79,155.65,211.5,80.54,3.42606866666667,479.43,790.55,447.56,650.22
2026-01-14 01:35:59,XPQ-01 Main,2026-01-14 01:35:00,931.07,82.11,3.988995,480.32,929.38,255.96,144.25,211.22,82.58,4.77003866666667,480.47,935.87,261.71,145.76,217.08,83.02,3.7674793333333296,480.5,927.97,256.95,151.45,207.17,80.73,3.42606866666667,479.98,774.62,441.46,635.48
2026-01-14 01:36:59,XPQ-01 Main,2026-01-14 01:36:00,982.98,81.75,4.04232833333333,480.06,975.01,268.49,149.85,222.27,82.92,4.803372,480.47,1000.49,279.67,157.08,230.9,82.68,3.80081266666667,480.06,973.45,269.25,162.59,214.16,79.65,3.52606866666667,479.65,817.41,469.53,667.33
2026-01-14 01:37:59,XPQ-01 Main,2026-01-14 01:37:00,978.62,81.96,3.818995,479.58,972.94,267.5,152.0,219.76,82.25,4.403372,479.7,982.99,274.48,152.28,227.99,83.16,3.934146,479.83,979.93,270.94,160.62,217.84,80.49,3.12606866666667,479.2,812.92,464.89,665.59
2026-01-14 01:38:59,XPQ-01 Main,2026-01-14 01:38:00,959.65,79.84,3.83232833333333,479.23,953.51,261.97,154.49,211.13,80.7,4.37003866666667,479.44,971.17,271.04,159.12,219.01,80.9,3.534146,479.49,954.28,263.6,165.05,205.24,77.93,3.59273533333333,478.76,796.61,478.66,635.38
2026-01-14 01:39:59,XPQ-01 Main,2026-01-14 01:39:00,971.79,81.67,3.688995,479.4,966.61,265.71,152.23,217.4,81.91,4.303372,479.46,974.63,271.96,152.07,225.06,82.86,3.534146,479.58,974.12,269.27,160.35,215.66,80.25,3.22606866666667,479.17,806.95,464.65,658.11
2026-01-14 01:40:59,XPQ-01 Main,2026-01-14 01:40:00,974.12,81.26,3.7556616666666702,479.28,973.56,267.38,155.35,217.16,81.33,4.37003866666667,479.21,973.09,271.58,153.81,223.24,82.35,3.534146,479.77,975.72,269.7,161.3,215.8,80.1,3.359402,478.86,808.66,470.47,656.2
2026-01-14 01:41:59,XPQ-01 Main,2026-01-14 01:41:00,1000.7,81.51,3.698995,479.1,992.95,272.79,155.16,224.1,82.22,4.303372,479.16,1012.01,282.21,158.87,232.83,82.6,3.634146,479.28,997.14,275.46,166.1,219.2,79.7,3.159402,478.87,830.46,480.14,676.14
2026-01-14 01:42:59,XPQ-01 Main,2026-01-14 01:42:00,966.43,80.56,3.878995,479.61,960.9,264.16,154.37,214.0,81.1,4.503372,479.48,974.23,271.97,156.61,221.62,81.67,3.834146,479.97,964.15,266.72,163.59,210.07,78.9,3.29273533333333,479.36,802.85,474.57,645.69
2026-01-14 01:43:59,XPQ-01 Main,2026-01-14 01:43:00,1001.31,81.1,3.64566166666667,479.28,994.46,273.37,157.63,222.88,81.64,4.37003866666667,479.45,1009.78,281.7,159.98,231.07,82.22,3.634146,479.34,999.7,276.2,167.38,218.84,79.43,2.92606866666667,479.04,831.27,484.99,672.78
2026-01-14 01:44:59,XPQ-01 Main,2026-01-14 01:44:00,995.34,80.81,3.688995,478.95,988.58,271.57,156.42,221.34,81.66,4.37003866666667,479.2,1007.29,280.86,161.08,229.63,81.87,3.50081266666667,479.02,990.14,273.33,167.66,215.35,78.91,3.19273533333333,478.64,825.76,485.16,666.32
2026-01-14 01:45:59,XPQ-01 Main,2026-01-14 01:45:00,944.0,79.83,3.6656616666666704,479.39,940.78,258.52,154.33,206.87,80.15,4.27003866666667,479.64,947.52,264.6,154.83,213.63,80.97,3.434146,479.74,943.7,260.74,161.72,204.11,78.38,3.29273533333333,478.8,783.86,470.88,624.61
2026-01-14 01:46:59,XPQ-01 Main,2026-01-14 01:46:00,970.41,80.95,3.6756616666666706,478.96,965.5,265.2,153.68,215.58,81.43,4.27003866666667,479.04,976.97,272.35,155.32,222.86,82.04,3.66747933333333,479.08,968.75,267.52,162.35,211.93,79.38,3.09273533333333,478.76,805.07,471.35,650.37
2026-01-14 01:47:59,XPQ-01 Main,2026-01-14 01:47:00,988.38,82.01,3.508995,478.95,982.39,269.72,153.4,221.62,82.23,4.203372,478.95,992.11,276.62,153.05,229.87,83.24,3.40081266666667,479.25,990.63,273.61,161.8,220.16,80.58,2.92606866666667,478.64,819.95,468.24,671.65
2026-01-14 01:48:59,XPQ-01 Main,2026-01-14 01:48:00,975.86,82.03,3.778995,478.74,967.7,265.6,150.89,218.23,82.25,4.43670533333333,478.98,980.36,273.32,150.73,227.46,83.36,3.7008126666666703,478.98,979.52,270.3,160.21,217.13,80.47,3.19273533333333,478.26,809.22,461.83,662.82
2026-01-14 01:49:59,XPQ-01 Main,2026-01-14 01:49:00,953.27,81.11,3.618995,479.5,943.2,259.21,148.47,211.97,81.91,4.17003866666667,479.77,966.89,270.1,152.81,221.77,82.34,3.7008126666666703,479.89,949.71,262.45,160.42,207.31,79.09,2.99273533333333,478.83,791.77,461.7,641.05
2026-01-14 01:50:59,XPQ-01 Main,2026-01-14 01:50:00,990.14,80.69,3.7856616666666705,479.2,978.55,268.97,154.43,219.7,81.81,4.43670533333333,479.56,1007.73,281.18,161.35,229.97,81.86,3.734146,479.23,984.13,271.74,168.39,212.68,78.4,3.19273533333333,478.81,821.89,484.17,662.36
2026-01-14 01:51:59,XPQ-01 Main,2026-01-14 01:51:00,1004.66,81.26,3.74566166666667,478.83,994.07,272.87,155.52,223.98,82.14,4.37003866666667,478.97,1019.98,284.41,160.71,234.01,82.43,3.7008126666666703,479.15,999.93,276.03,168.37,218.39,79.2,3.159402,478.39,833.3,484.6,676.38
2026-01-14 01:52:59,XPQ-01 Main,2026-01-14 01:52:00,985.56,80.08,3.74232833333333,478.37,976.49,267.68,158.28,215.69,80.62,4.37003866666667,478.44,994.89,277.22,160.88,225.45,81.4,3.66747933333333,478.86,985.3,271.75,169.2,212.43,78.22,3.19273533333333,477.82,816.65,488.36,653.57
2026-01-14 01:53:59,XPQ-01 Main,2026-01-14 01:53:00,1792.43,60.36,3.7556616666666702,465.95,1789.13,477.39,374.84,283.78,60.36,4.27003866666667,466.4,1788.1,485.91,377.37,299.63,62.18,3.80081266666667,466.68,1800.06,483.28,387.61,279.8,58.53,3.19273533333333,464.76,1446.58,1139.82,863.21
2026-01-14 01:54:59,XPQ-01 Main,2026-01-14 01:54:00,1125.49,80.97,3.93232833333333,477.63,1114.97,305.37,174.55,250.29,82.02,4.603372,477.85,1143.91,318.11,181.95,260.83,82.02,3.80081266666667,477.79,1117.59,307.69,188.94,242.5,78.88,3.39273533333333,477.25,931.18,545.44,753.62
2026-01-14 01:55:59,XPQ-01 Main,2026-01-14 01:55:00,1155.11,82.22,3.818995,477.55,1143.88,313.19,173.37,260.32,83.23,4.403372,477.89,1174.37,326.65,180.72,271.71,83.27,3.634146,477.78,1147.07,315.69,188.52,252.83,80.17,3.42606866666667,476.98,955.53,542.61,784.87
2026-01-14 01:56:59,XPQ-01 Main,2026-01-14 01:56:00,1096.49,81.19,3.82232833333333,478.09,1087.87,298.04,172.59,242.56,81.48,4.303372,478.13,1103.07,307.13,173.17,253.0,82.52,3.834146,478.56,1098.54,302.85,183.14,240.69,79.58,3.32606866666667,477.58,908.02,528.9,736.26
2026-01-14 01:57:59,XPQ-01 Main,2026-01-14 01:57:00,1104.57,81.0,3.8123283333333298,477.98,1094.66,299.84,173.61,244.03,81.48,4.33670533333333,478.22,1114.13,310.27,175.85,255.0,82.32,3.834146,478.44,1104.93,304.4,185.72,240.9,79.2,3.259402,477.27,914.51,535.18,739.92
2026-01-14 01:58:59,XPQ-01 Main,2026-01-14 01:58:00,1092.41,80.83,3.788995,477.87,1083.66,296.98,171.03,242.3,81.7,4.303372,478.24,1107.04,308.07,176.55,252.1,81.91,3.90081266666667,477.98,1086.53,299.2,183.8,235.79,78.87,3.159402,477.41,904.26,531.38,730.19
2026-01-14 01:59:59,XPQ-01 Main,2026-01-14 01:59:00,1073.93,80.52,3.7123283333333297,477.61,1065.05,291.74,169.26,237.18,81.4,4.17003866666667,477.93,1088.51,302.69,174.76,246.9,81.62,3.7008126666666703,477.68,1068.21,294.03,181.84,230.76,78.54,3.259402,477.21,888.46,525.86,714.84
2026-01-14 02:00:59,XPQ-01 Main,2026-01-14 02:00:00,987.44,77.22,4.018995,477.79,982.16,268.98,169.91,208.18,77.47,4.77003866666667,478.02,990.85,275.76,170.23,216.37,78.59,4.00081266666667,478.15,989.3,272.44,178.26,205.78,75.58,3.29273533333333,477.2,817.19,518.4,630.33
2026-01-14 02:01:59,XPQ-01 Main,2026-01-14 02:01:00,955.71,75.83,3.708995,478.28,948.0,260.08,167.93,198.12,76.28,4.33670533333333,478.53,962.76,268.04,169.89,206.48,77.22,3.834146,478.29,956.36,263.63,177.01,194.66,73.99,2.959402,478.01,791.75,514.83,599.26
2026-01-14 02:02:59,XPQ-01 Main,2026-01-14 02:02:00,920.6,76.77,3.8656616666666705,478.76,915.37,251.38,158.98,194.13,77.37,4.47003866666667,479.14,927.69,258.6,161.66,201.5,78.0,3.834146,478.78,918.75,253.45,167.56,189.69,74.95,3.29273533333333,478.35,763.43,488.2,585.32
2026-01-14 02:03:59,XPQ-01 Main,2026-01-14 02:03:00,896.73,79.19,3.9423283333333297,479.78,892.13,245.29,148.19,195.12,79.64,4.57003866666667,479.87,902.6,252.23,149.65,202.19,80.38,3.8674793333333297,480.23,895.45,247.69,156.13,191.89,77.57,3.39273533333333,479.22,745.21,453.97,589.2
2026-01-14 02:04:59,XPQ-01 Main,2026-01-14 02:04:00,888.47,77.77,4.008995,479.37,879.09,241.57,149.3,189.4,78.53,4.67003866666667,479.62,899.98,251.3,153.09,198.29,79.16,3.934146,479.71,886.33,244.87,159.93,184.87,75.63,3.42606866666667,478.78,737.74,462.32,572.56
2026-01-14 02:05:59,XPQ-01 Main,2026-01-14 02:05:00,778.67,83.59,3.85232833333333,481.46,774.42,213.83,115.64,179.33,84.04,4.43670533333333,481.85,783.72,219.76,116.74,185.79,84.67,3.80081266666667,481.58,777.87,215.78,123.2,176.8,82.04,3.32606866666667,480.96,649.37,355.59,541.92
2026-01-14 02:06:59,XPQ-01 Main,2026-01-14 02:06:00,789.47,82.59,3.96566166666667,481.64,782.97,216.16,120.22,179.09,83.03,4.53670533333333,481.83,795.42,223.15,121.28,186.42,83.82,3.96747933333333,482.01,790.0,219.32,128.42,176.95,80.93,3.39273533333333,481.08,658.63,369.92,542.45
2026-01-14 02:07:59,XPQ-01 Main,2026-01-14 02:07:00,781.19,82.9,3.8756616666666703,481.47,774.42,213.91,117.73,177.96,83.4,4.63670533333333,481.82,787.9,220.85,119.2,185.3,84.1,3.7008126666666703,481.43,781.25,216.75,126.17,175.49,81.19,3.29273533333333,481.18,651.5,363.1,538.74
2026-01-14 02:08:59,XPQ-01 Main,2026-01-14 02:08:00,795.75,83.82,4.17566166666667,481.74,791.53,218.61,117.89,183.74,84.16,4.73670533333333,482.02,799.78,224.42,118.25,190.26,84.93,4.06747933333333,482.02,795.93,220.98,125.18,181.77,82.36,3.7260686666666705,481.18,664.0,361.32,555.76
2026-01-14 02:09:59,XPQ-01 Main,2026-01-14 02:09:00,778.2,83.26,3.9556616666666704,481.21,773.45,213.36,116.8,177.97,83.6,4.603372,481.4,782.29,219.26,117.24,184.79,84.44,3.834146,481.54,778.85,216.03,124.25,176.19,81.72,3.42606866666667,480.7,648.64,358.29,538.96
2026-01-14 02:10:59,XPQ-01 Main,2026-01-14 02:10:00,793.3,82.59,3.878995,481.41,787.63,217.55,120.32,180.12,83.15,4.303372,481.78,800.25,224.27,122.19,186.94,83.71,3.934146,481.34,792.03,219.7,128.54,176.97,80.91,3.39273533333333,481.12,661.52,371.05,544.03
2026-01-14 02:11:59,XPQ-01 Main,2026-01-14 02:11:00,783.24,83.14,3.7756616666666702,481.68,779.14,215.09,117.81,179.56,83.61,4.47003866666667,481.84,788.86,221.33,119.08,185.99,84.22,3.56747933333333,482.09,781.72,217.05,125.34,176.81,81.58,3.29273533333333,481.11,653.48,362.23,542.36
2026-01-14 02:12:59,XPQ-01 Main,2026-01-14 02:12:00,801.92,83.47,3.8123283333333298,481.58,795.07,219.67,118.79,184.23,84.04,4.47003866666667,481.89,809.39,226.9,120.76,191.72,84.61,3.634146,481.52,801.29,222.38,127.69,181.35,81.76,3.32606866666667,481.34,668.94,367.25,557.31
2026-01-14 02:13:59,XPQ-01 Main,2026-01-14 02:13:00,787.76,83.33,3.9523283333333294,481.67,780.56,215.57,117.26,180.4,83.84,4.503372,482.07,795.04,223.1,118.82,188.22,84.56,3.80081266666667,481.91,787.67,218.59,126.2,178.09,81.59,3.559402,481.04,657.25,362.28,546.71
2026-01-14 02:14:59,XPQ-01 Main,2026-01-14 02:14:00,791.1,85.88,4.088995,482.09,784.97,216.94,109.75,186.81,86.22,4.703372,482.05,796.64,223.55,109.95,193.9,86.99,3.934146,482.38,791.7,220.11,117.61,185.41,84.45,3.62606866666667,481.83,660.6,337.31,566.12
2026-01-14 02:15:59,XPQ-01 Main,2026-01-14 02:15:00,866.54,77.88,4.06566166666667,479.82,861.2,236.92,147.12,185.52,78.35,4.67003866666667,479.81,872.28,243.61,148.85,192.59,79.12,4.06747933333333,480.06,866.13,239.65,155.11,182.26,76.16,3.459402,479.58,720.18,451.08,560.37
2026-01-14 02:16:59,XPQ-01 Main,2026-01-14 02:16:00,943.09,78.61,3.798995,478.96,932.39,255.99,156.28,202.34,79.14,4.403372,479.17,952.12,265.62,158.71,212.36,80.1,3.7674793333333296,479.31,944.75,260.82,167.5,199.41,76.57,3.22606866666667,478.4,782.42,482.49,614.11
2026-01-14 02:17:59,XPQ-01 Main,2026-01-14 02:17:00,919.94,77.51,3.8656616666666705,479.04,907.06,249.24,154.69,195.1,78.36,4.43670533333333,479.23,933.45,260.27,159.3,205.48,79.03,3.9008126666666705,479.06,919.29,253.84,167.26,190.47,75.14,3.259402,478.82,763.35,481.25,591.05
2026-01-14 02:18:59,XPQ-01 Main,2026-01-14 02:18:00,868.6,78.23,4.04232833333333,479.43,862.4,237.07,146.29,186.19,78.63,4.73670533333333,479.45,874.02,243.91,147.49,193.64,79.55,3.934146,479.65,869.38,240.34,154.33,183.44,76.52,3.459402,479.19,721.32,448.12,563.27
2026-01-14 02:19:59,XPQ-01 Main,2026-01-14 02:19:00,906.13,78.02,3.7556616666666702,479.09,894.13,245.75,150.92,193.28,78.82,4.403372,479.45,919.07,256.34,155.13,203.3,79.5,3.60081266666667,479.06,905.18,249.9,162.81,188.91,75.75,3.259402,478.78,751.98,468.87,585.49
2026-01-14 02:20:59,XPQ-01 Main,2026-01-14 02:20:00,912.87,77.67,3.9423283333333297,478.78,900.74,247.38,152.93,194.14,78.55,4.53670533333333,478.95,926.66,258.22,157.72,204.03,79.12,4.034146,478.8,911.2,251.49,165.05,189.15,75.35,3.259402,478.6,757.09,475.7,587.33
2026-01-14 02:21:59,XPQ-01 Main,2026-01-14 02:21:00,898.45,78.65,4.098995,479.46,890.35,244.83,148.81,193.94,79.34,4.803372,479.91,908.49,253.7,152.12,202.47,79.95,3.96747933333333,479.55,896.51,247.64,158.85,189.65,76.66,3.52606866666667,478.92,746.16,459.78,586.07
2026-01-14 02:22:59,XPQ-01 Main,2026-01-14 02:22:00,1200.72,68.16,4.26566166666667,474.52,1193.78,324.61,235.53,222.15,68.61,5.13670533333333,474.93,1208.14,334.09,239.02,232.03,69.65,4.06747933333333,474.99,1200.25,328.2,245.38,216.83,66.22,3.59273533333333,473.63,986.9,719.92,671.0
2026-01-14 02:24:59,XPQ-01 Main,2026-01-14 02:24:00,912.79,77.6,4.03232833333333,479.32,902.83,248.11,155.02,193.04,77.95,4.503372,479.58,919.34,256.63,156.31,202.87,79.18,4.16747933333333,479.56,916.2,253.09,165.03,191.17,75.68,3.42606866666667,478.82,757.83,476.36,587.08
2026-01-14 02:25:59,XPQ-01 Main,2026-01-14 02:25:00,888.71,82.41,3.7756616666666702,480.06,881.47,242.59,136.33,200.45,82.69,4.43670533333333,480.14,893.71,249.8,136.55,208.8,83.69,3.7674793333333296,480.35,890.96,246.6,144.92,199.12,80.85,3.12606866666667,479.7,738.99,417.81,608.38
2026-01-14 02:26:59,XPQ-01 Main,2026-01-14 02:26:00,972.04,83.39,3.788995,479.77,957.55,263.37,142.24,221.29,84.12,4.37003866666667,480.02,986.97,275.8,145.99,233.31,84.77,3.634146,480.06,971.61,268.66,156.3,218.14,81.29,3.359402,479.22,807.82,444.53,672.75
2026-01-14 02:27:59,XPQ-01 Main,2026-01-14 02:27:00,963.71,85.46,3.7523283333333297,480.38,957.24,263.5,134.55,226.29,85.95,4.43670533333333,480.45,972.05,271.99,136.32,234.87,86.49,3.66747933333333,480.89,961.85,266.42,144.61,223.4,83.95,3.159402,479.82,801.9,415.49,684.55
2026-01-14 02:28:59,XPQ-01 Main,2026-01-14 02:28:00,886.44,84.04,3.84232833333333,480.59,881.66,242.92,129.97,204.95,84.45,4.503372,480.69,892.23,249.66,130.99,212.15,85.09,3.80081266666667,480.84,885.44,245.34,138.14,202.31,82.58,3.22606866666667,480.24,737.91,399.11,619.41
2026-01-14 02:29:59,XPQ-01 Main,2026-01-14 02:29:00,886.94,83.67,3.85232833333333,480.89,875.68,241.4,128.96,203.76,84.5,4.403372,481.17,901.52,252.54,133.17,213.88,84.89,3.96747933333333,481.21,883.61,244.89,141.35,199.63,81.61,3.19273533333333,480.3,738.83,403.48,617.28
2026-01-14 02:30:59,XPQ-01 Main,2026-01-14 02:30:00,811.78,86.22,4.02232833333333,482.32,802.76,222.05,109.37,192.76,86.98,4.603372,482.41,823.91,231.3,112.68,201.07,87.24,4.06747933333333,482.43,808.68,224.88,119.89,189.11,84.46,3.39273533333333,482.12,678.22,341.94,582.94
2026-01-14 02:31:59,XPQ-01 Main,2026-01-14 02:31:00,833.71,85.84,4.02232833333333,481.96,825.47,228.18,114.83,196.75,86.37,4.903372,482.19,842.54,236.41,116.46,205.25,86.97,3.90081266666667,482.04,833.1,231.42,124.66,194.52,84.19,3.259402,481.66,696.01,355.95,596.51
2026-01-14 02:32:59,XPQ-01 Main,2026-01-14 02:32:00,867.42,86.06,3.92232833333333,481.4,859.74,237.29,118.41,205.33,86.63,4.37003866666667,481.68,876.58,245.76,120.56,213.86,87.11,3.7008126666666703,481.63,865.95,240.25,128.53,202.64,84.45,3.6927353333333297,480.88,723.31,367.5,621.83
2026-01-14 02:33:59,XPQ-01 Main,2026-01-14 02:33:00,808.19,85.08,4.008995,481.84,801.89,221.45,114.33,188.99,85.56,4.803372,481.94,815.22,228.77,115.65,196.5,86.18,3.734146,482.24,807.46,224.31,123.01,186.74,83.51,3.49273533333333,481.35,674.54,352.99,572.22
2026-01-14 02:34:59,XPQ-01 Main,2026-01-14 02:34:00,840.02,84.92,4.18566166666667,481.74,832.2,229.84,117.75,196.87,85.82,5.003372,482.04,853.25,239.43,122.24,205.25,85.92,3.90081266666667,482.01,834.61,231.71,128.93,192.03,83.02,3.659402,481.18,700.98,368.92,594.15
2026-01-14 02:35:59,XPQ-01 Main,2026-01-14 02:35:00,863.54,85.73,4.13232833333333,481.92,857.95,237.14,119.22,204.55,86.4,4.67003866666667,482.2,872.85,244.91,122.14,211.74,86.62,3.96747933333333,481.98,859.81,238.8,128.63,200.44,84.16,3.759402,481.57,720.85,369.99,616.73
2026-01-14 02:36:59,XPQ-01 Main,2026-01-14 02:36:00,871.33,86.31,3.8456616666666705,482.41,867.25,239.78,119.47,207.66,86.68,4.33670533333333,482.39,876.52,246.21,120.07,214.49,87.26,3.834146,482.83,870.22,242.1,127.41,205.4,84.98,3.359402,482.01,728.09,366.96,627.55
2026-01-14 02:37:59,XPQ-01 Main,2026-01-14 02:37:00,941.9,83.68,3.83232833333333,480.71,936.96,258.21,137.7,215.44,84.26,4.403372,480.92,950.48,266.09,140.19,222.84,84.64,3.7008126666666703,480.97,938.28,259.98,146.89,211.43,82.13,3.39273533333333,480.22,784.28,424.77,649.7
2026-01-14 02:38:59,XPQ-01 Main,2026-01-14 02:38:00,844.79,85.84,3.8656616666666705,482.25,841.76,232.79,116.9,200.84,86.43,4.53670533333333,482.46,852.01,239.21,119.18,206.93,86.65,3.80081266666667,482.38,840.61,233.67,124.89,196.89,84.44,3.259402,481.93,705.68,360.97,604.66
2026-01-14 02:39:59,XPQ-01 Main,2026-01-14 02:39:00,853.5,85.85,4.01232833333333,481.9,850.23,234.81,118.35,202.5,86.34,4.67003866666667,481.89,859.99,241.33,119.84,208.96,86.75,4.00081266666667,482.34,850.29,236.29,126.29,199.31,84.47,3.359402,481.47,712.43,364.48,610.77
2026-01-14 02:40:59,XPQ-01 Main,2026-01-14 02:40:00,879.82,86.77,3.9223283333333296,482.48,877.14,242.59,118.64,211.27,87.19,4.53670533333333,482.69,884.88,248.66,119.66,217.59,87.62,3.9008126666666705,482.79,877.44,244.02,126.5,208.42,85.49,3.32606866666667,481.95,735.27,364.8,637.27
2026-01-14 02:41:59,XPQ-01 Main,2026-01-14 02:41:00,853.55,86.73,3.988995,482.8,849.62,235.23,114.06,205.41,87.43,4.503372,482.98,862.72,242.49,117.16,212.0,87.52,4.034146,482.92,848.3,236.08,123.29,200.93,85.23,3.42606866666667,482.49,713.8,354.52,618.34
2026-01-14 02:42:59,XPQ-01 Main,2026-01-14 02:42:00,840.23,86.05,3.788995,483.07,833.99,230.91,115.44,199.64,86.57,4.23670533333333,483.28,848.2,238.69,117.14,207.59,87.09,3.734146,483.48,838.5,233.47,124.78,197.14,84.5,3.39273533333333,482.46,703.07,357.36,604.37
2026-01-14 02:43:59,XPQ-01 Main,2026-01-14 02:43:00,826.39,84.57,3.8756616666666703,482.64,814.67,225.5,116.53,192.65,85.56,4.47003866666667,482.99,842.21,236.71,121.63,202.78,85.76,3.634146,482.72,822.27,228.68,129.49,188.15,82.38,3.52606866666667,482.21,690.9,367.65,583.58
2026-01-14 02:44:59,XPQ-01 Main,2026-01-14 02:44:00,859.02,85.67,3.998995,482.95,843.94,233.68,117.2,201.95,86.49,4.57003866666667,483.17,875.26,246.17,121.15,213.86,87.01,4.00081266666667,483.2,857.86,238.79,131.28,199.23,83.5,3.42606866666667,482.48,718.65,369.62,615.04
2026-01-14 02:45:59,XPQ-01 Main,2026-01-14 02:45:00,866.43,86.73,4.008995,483.15,859.66,238.05,116.0,207.65,87.3,4.73670533333333,483.14,875.62,246.33,118.14,215.82,87.72,3.834146,483.55,864.01,240.73,125.99,204.78,85.17,3.459402,482.76,725.11,360.13,628.25
2026-01-14 02:46:59,XPQ-01 Main,2026-01-14 02:46:00,831.07,84.86,4.05566166666667,483.07,813.62,225.36,116.04,192.8,85.68,4.77003866666667,483.36,847.61,238.48,119.85,205.81,86.42,3.8674793333333297,483.3,831.98,231.61,130.89,190.87,82.47,3.52606866666667,482.56,695.45,366.78,589.49
2026-01-14 02:47:59,XPQ-01 Main,2026-01-14 02:47:00,828.51,86.79,4.298995,483.24,823.84,228.31,110.61,199.44,87.45,4.903372,483.48,837.37,235.61,113.39,206.3,87.63,4.234146,483.37,824.31,229.59,119.8,195.56,85.27,3.759402,482.87,693.5,343.8,601.3
2026-01-14 02:48:59,XPQ-01 Main,2026-01-14 02:48:00,823.55,86.54,4.06566166666667,483.62,816.9,226.47,110.33,197.39,87.29,4.803372,483.83,834.98,235.19,113.72,205.32,87.48,4.034146,483.94,818.78,228.24,120.63,193.37,84.84,3.359402,483.09,689.91,344.68,596.09
2026-01-14 02:49:59,XPQ-01 Main,2026-01-14 02:49:00,837.59,85.08,3.798995,482.77,824.77,228.34,116.19,196.2,86.04,4.603372,483.12,854.08,240.14,121.14,206.95,86.3,3.734146,482.91,833.92,231.99,129.65,192.06,82.88,3.059402,482.29,700.46,366.97,595.21
2026-01-14 02:50:59,XPQ-01 Main,2026-01-14 02:50:00,836.15,86.05,3.9523283333333294,483.04,828.46,229.47,113.73,198.92,86.81,4.603372,483.13,848.36,238.54,117.27,207.07,87.02,3.80081266666667,483.21,831.62,231.6,124.24,194.83,84.32,3.459402,482.79,699.62,355.24,600.82
2026-01-14 02:51:59,XPQ-01 Main,2026-01-14 02:51:00,818.5,86.22,4.098995,483.36,811.36,224.82,111.18,195.07,86.88,4.87003866666667,483.52,829.12,233.39,113.91,203.14,87.22,3.90081266666667,483.67,815.01,227.09,121.15,191.81,84.55,3.52606866666667,482.89,685.3,346.24,590.02
2026-01-14 02:52:59,XPQ-01 Main,2026-01-14 02:52:00,859.81,85.8,4.27566166666667,483.14,849.23,235.32,117.19,203.69,86.68,4.903372,483.42,874.99,246.13,121.68,213.25,86.86,4.26747933333333,483.21,855.19,238.12,129.47,199.32,83.86,3.659402,482.77,719.57,368.33,616.26
2026-01-14 02:53:59,XPQ-01 Main,2026-01-14 02:53:00,887.81,86.84,4.118995,482.8,881.61,244.06,118.35,213.28,87.44,4.57003866666667,482.96,897.67,252.32,120.85,221.23,87.76,4.16747933333333,482.99,884.14,246.08,128.23,209.74,85.32,3.62606866666667,482.46,742.46,367.43,644.25
2026-01-14 02:54:59,XPQ-01 Main,2026-01-14 02:54:00,869.81,84.9,3.7856616666666705,482.82,860.61,238.26,122.07,203.82,85.79,4.33670533333333,482.99,884.18,248.55,126.7,212.91,85.93,3.734146,483.01,864.65,240.66,133.86,199.0,82.97,3.29273533333333,482.46,727.46,382.64,615.72
2026-01-14 02:55:59,XPQ-01 Main,2026-01-14 02:55:00,916.89,84.01,3.7123283333333297,482.19,911.7,252.0,134.78,212.52,84.45,4.33670533333333,482.26,923.63,259.33,136.09,220.25,85.07,3.80081266666667,482.53,915.34,254.49,143.59,209.64,82.5,2.99273533333333,481.79,765.81,414.47,642.42
2026-01-14 02:56:59,XPQ-01 Main,2026-01-14 02:56:00,956.51,85.11,3.808995,481.74,951.79,262.95,136.0,224.76,85.56,4.23670533333333,481.95,963.25,270.15,137.35,232.25,86.08,3.9008126666666705,481.84,954.48,265.04,144.85,221.48,83.69,3.29273533333333,481.42,798.14,418.2,678.49
2026-01-14 02:57:59,XPQ-01 Main,2026-01-14 02:57:00,1524.3,61.06,3.7656616666666705,471.5,1519.81,410.68,318.45,250.31,61.8,4.17003866666667,471.87,1539.26,422.85,324.77,257.65,62.15,4.034146,471.88,1513.84,411.37,326.42,239.89,59.22,3.09273533333333,470.75,1244.9,969.64,747.84
2026-01-14 02:58:59,XPQ-01 Main,2026-01-14 02:58:00,1000.79,80.19,3.888995,480.08,996.35,274.1,163.15,219.95,80.32,4.43670533333333,480.4,1002.23,280.39,162.47,228.15,81.46,3.7674793333333296,480.56,1003.78,277.71,170.87,218.68,78.8,3.459402,479.28,832.2,496.49,666.78
2026-01-14 02:59:59,XPQ-01 Main,2026-01-14 02:59:00,1064.99,80.91,3.878995,479.58,1058.37,291.02,168.84,236.71,81.41,4.57003866666667,479.98,1073.02,299.76,171.19,245.77,82.06,4.034146,479.8,1063.57,293.91,179.05,232.81,79.27,3.02606866666667,478.96,884.69,519.07,715.29
2026-01-14 03:00:59,XPQ-01 Main,2026-01-14 03:00:00,1044.3,81.15,4.06566166666667,479.81,1039.84,285.81,165.8,232.61,81.43,4.83670533333333,479.88,1048.36,293.07,166.33,240.98,82.3,3.96747933333333,480.46,1044.7,289.02,174.44,230.25,79.71,3.39273533333333,479.09,867.9,506.58,703.84
2026-01-14 03:01:59,XPQ-01 Main,2026-01-14 03:01:00,1050.1,81.13,3.7756616666666702,479.48,1046.73,287.66,166.8,234.13,81.44,4.403372,479.57,1054.03,294.3,167.48,241.76,82.2,3.80081266666667,479.86,1049.56,290.17,174.93,231.16,79.74,3.12606866666667,479.02,872.13,509.22,707.05
2026-01-14 03:02:59,XPQ-01 Main,2026-01-14 03:02:00,1048.35,81.11,3.888995,479.78,1044.41,287.24,164.85,235.02,81.87,4.47003866666667,480.02,1058.79,295.87,169.16,242.46,82.01,3.80081266666667,480.1,1041.83,288.12,174.85,228.76,79.45,3.39273533333333,479.23,871.23,508.85,706.24
2026-01-14 03:03:59,XPQ-01 Main,2026-01-14 03:03:00,962.84,83.03,3.8756616666666703,480.78,961.47,264.99,145.81,220.84,83.45,4.37003866666667,481.01,967.01,270.78,147.07,227.07,83.93,3.8674793333333297,481.08,960.05,266.05,153.28,217.2,81.7,3.39273533333333,480.26,801.82,446.17,665.11
2026-01-14 03:04:59,XPQ-01 Main,2026-01-14 03:04:00,1006.19,82.11,4.15566166666667,480.17,1000.17,275.39,153.85,228.16,82.91,4.83670533333333,480.32,1017.83,284.52,158.24,236.18,83.08,4.10081266666667,480.32,1000.56,276.96,164.72,222.23,80.34,3.52606866666667,479.86,836.87,476.81,686.57
2026-01-14 03:05:59,XPQ-01 Main,2026-01-14 03:05:00,1003.69,84.2,3.8556616666666703,480.77,1001.14,275.98,145.84,234.02,84.87,4.43670533333333,480.82,1012.51,283.34,149.22,240.48,84.97,3.7008126666666703,480.96,997.41,276.51,154.9,228.43,82.77,3.42606866666667,480.52,835.82,449.96,702.93
2026-01-14 03:06:59,XPQ-01 Main,2026-01-14 03:06:00,1023.3,80.22,3.678995,479.44,1020.05,280.19,165.78,225.54,80.58,4.103372,479.5,1027.7,287.03,166.72,233.12,81.34,3.80081266666667,480.02,1022.14,282.57,173.98,222.32,78.75,3.12606866666667,478.8,849.78,506.47,680.99
2026-01-14 03:07:59,XPQ-01 Main,2026-01-14 03:07:00,1027.83,80.61,3.998995,479.53,1022.51,281.16,163.71,227.8,81.2,4.503372,479.71,1036.23,289.3,166.61,236.0,81.69,3.90081266666667,479.7,1024.76,283.28,173.61,223.12,78.92,3.59273533333333,479.18,853.73,503.94,686.91
2026-01-14 03:08:59,XPQ-01 Main,2026-01-14 03:08:00,1131.06,81.68,3.718995,478.8,1123.84,308.5,174.65,254.07,82.41,4.53670533333333,479.05,1143.33,318.81,179.14,263.62,82.71,3.60081266666667,479.04,1126.0,310.74,186.69,248.18,79.91,3.02606866666667,478.29,938.05,540.48,765.87
2026-01-14 03:09:59,XPQ-01 Main,2026-01-14 03:09:00,1144.63,82.27,3.93232833333333,478.39,1133.26,310.69,174.34,256.74,82.73,4.603372,478.64,1154.82,321.85,176.44,268.86,83.61,3.7674793333333296,478.81,1145.82,315.94,187.46,254.09,80.47,3.42606866666667,477.71,948.49,538.24,779.7
2026-01-14 03:10:59,XPQ-01 Main,2026-01-14 03:10:00,1137.62,82.38,3.85232833333333,478.85,1132.25,310.76,173.66,257.36,82.89,4.43670533333333,479.13,1145.74,319.6,176.17,266.4,83.41,3.7674793333333296,479.21,1134.87,313.22,184.25,252.96,80.83,3.359402,478.2,943.58,534.09,776.73
2026-01-14 03:11:59,XPQ-01 Main,2026-01-14 03:11:00,1143.04,82.43,3.82232833333333,478.68,1135.51,311.55,174.19,258.12,82.89,4.203372,478.72,1151.78,321.0,176.19,268.05,83.56,3.7674793333333296,479.04,1141.82,315.19,185.37,254.54,80.84,3.49273533333333,478.29,947.75,535.75,780.7
2026-01-14 03:12:59,XPQ-01 Main,2026-01-14 03:12:00,1094.39,80.37,3.8123283333333298,478.87,1086.38,298.21,175.98,240.51,80.7,4.43670533333333,478.97,1100.57,306.89,176.88,250.33,81.67,3.90081266666667,479.2,1096.23,302.66,186.28,237.95,78.74,3.09273533333333,478.44,907.76,539.14,728.78
2026-01-14 03:13:59,XPQ-01 Main,2026-01-14 03:13:00,1135.58,81.89,3.918995,478.62,1130.82,310.24,175.95,255.01,82.31,4.67003866666667,478.94,1141.51,318.27,177.58,263.84,82.96,3.80081266666667,478.96,1134.42,312.92,185.91,251.33,80.4,3.29273533333333,477.97,941.43,539.45,770.18
2026-01-14 03:14:59,XPQ-01 Main,2026-01-14 03:14:00,1101.07,80.88,3.93232833333333,478.73,1090.2,299.15,173.55,243.44,81.43,4.47003866666667,478.77,1112.55,310.12,176.34,254.37,82.18,3.90081266666667,479.1,1100.47,303.78,185.83,239.75,79.04,3.42606866666667,478.32,913.05,535.73,737.57
2026-01-14 03:15:59,XPQ-01 Main,2026-01-14 03:15:00,1088.86,80.95,4.13232833333333,478.7,1081.99,296.94,172.05,241.56,81.45,4.703372,479.06,1096.91,305.88,174.38,251.05,82.13,4.134146,478.98,1087.68,300.04,182.77,237.75,79.28,3.559402,478.07,902.86,529.2,730.35
2026-01-14 03:16:59,XPQ-01 Main,2026-01-14 03:16:00,1090.38,80.94,3.7556616666666702,478.4,1080.74,296.35,172.12,240.83,81.36,4.17003866666667,478.65,1098.68,306.17,173.82,251.71,82.29,3.834146,478.76,1091.71,301.03,183.84,238.21,79.17,3.259402,477.78,903.55,529.79,730.75
2026-01-14 03:17:59,XPQ-01 Main,2026-01-14 03:17:00,1154.57,82.2,3.7656616666666705,477.83,1147.84,314.39,176.47,259.81,82.72,4.27003866666667,478.05,1163.63,323.84,179.12,269.52,83.28,3.66747933333333,478.16,1152.24,317.38,187.69,255.6,80.6,3.359402,477.28,955.61,543.28,784.94
2026-01-14 03:18:59,XPQ-01 Main,2026-01-14 03:18:00,1096.49,79.5,3.88566166666667,478.84,1085.2,297.95,177.97,238.72,80.17,4.43670533333333,478.98,1109.01,309.16,181.91,249.68,80.82,3.934146,479.03,1095.26,302.35,190.92,234.06,77.49,3.29273533333333,478.5,909.46,550.8,722.46
2026-01-14 03:19:59,XPQ-01 Main,2026-01-14 03:19:00,1093.25,80.66,3.83232833333333,479.07,1082.8,297.26,174.34,240.38,80.95,4.47003866666667,479.05,1100.44,307.01,175.01,251.59,82.09,3.734146,479.56,1096.5,302.93,185.82,238.81,78.92,3.29273533333333,478.59,907.2,535.16,730.78
2026-01-14 03:20:59,XPQ-01 Main,2026-01-14 03:20:00,1110.54,81.81,3.678995,479.2,1102.48,302.89,172.22,248.7,82.21,4.13670533333333,479.31,1118.48,312.04,173.75,258.71,83.02,3.66747933333333,479.45,1110.67,306.86,183.11,245.77,80.19,3.22606866666667,478.83,921.8,529.09,753.19
2026-01-14 03:21:59,XPQ-01 Main,2026-01-14 03:21:00,1128.99,81.3,3.83232833333333,478.47,1117.76,306.7,174.71,251.44,82.12,4.53670533333333,478.83,1144.01,318.76,180.03,262.71,82.49,3.834146,478.58,1125.2,310.24,188.76,245.65,79.29,3.12606866666667,477.99,935.7,543.5,759.79
2026-01-14 03:22:59,XPQ-01 Main,2026-01-14 03:22:00,1238.98,78.97,3.83232833333333,476.99,1232.78,337.2,203.22,267.86,79.67,4.27003866666667,477.36,1249.85,347.18,207.81,277.63,80.06,3.96747933333333,477.11,1234.29,339.27,215.29,261.35,77.18,3.259402,476.49,1023.65,626.33,806.85
2026-01-14 03:23:59,XPQ-01 Main,2026-01-14 03:23:00,1249.2,79.46,3.86566166666667,476.89,1240.03,339.04,201.41,272.13,80.38,4.33670533333333,477.27,1265.62,351.57,208.21,282.93,80.54,3.8674793333333297,477.12,1241.93,341.29,215.64,264.22,77.47,3.39273533333333,476.26,1031.9,625.26,819.28
2026-01-14 03:24:59,XPQ-01 Main,2026-01-14 03:24:00,1194.29,78.75,3.84232833333333,477.23,1188.34,325.0,197.75,257.15,79.27,4.37003866666667,477.6,1202.23,334.34,200.64,266.83,79.93,3.66747933333333,477.67,1192.3,327.88,208.69,252.29,77.05,3.49273533333333,476.41,987.23,607.09,776.27
2026-01-14 03:25:59,XPQ-01 Main,2026-01-14 03:25:00,1125.89,76.48,3.998995,477.66,1120.82,307.0,195.01,236.2,77.11,4.47003866666667,478.1,1134.25,315.58,198.64,244.68,77.64,4.06747933333333,477.82,1122.59,308.95,205.09,230.47,74.7,3.459402,477.06,931.53,598.74,711.35
2026-01-14 03:26:59,XPQ-01 Main,2026-01-14 03:26:00,1074.16,78.93,3.94566166666667,478.36,1070.17,293.38,178.46,232.06,79.27,4.503372,478.72,1078.64,300.67,179.52,240.54,80.14,3.7674793333333296,478.81,1073.68,295.97,187.32,228.91,77.39,3.559402,477.55,890.02,545.3,701.51
2026-01-14 03:27:59,XPQ-01 Main,2026-01-14 03:27:00,1039.25,77.24,3.93232833333333,477.96,1033.31,283.12,177.7,219.35,77.7,4.37003866666667,478.3,1045.64,291.14,179.77,228.23,78.56,4.00081266666667,478.25,1038.81,286.11,187.54,215.74,75.47,3.42606866666667,477.31,860.37,545.02,663.32
2026-01-14 03:28:59,XPQ-01 Main,2026-01-14 03:28:00,1065.98,78.58,4.07566166666667,478.07,1063.64,291.45,178.71,229.69,78.93,4.47003866666667,478.41,1069.38,297.86,179.73,237.11,79.69,4.16747933333333,478.46,1064.92,293.4,186.69,226.07,77.11,3.59273533333333,477.35,882.71,545.13,692.87
2026-01-14 03:29:59,XPQ-01 Main,2026-01-14 03:29:00,1066.67,78.15,4.13232833333333,477.82,1063.62,291.44,178.74,229.87,78.94,4.73670533333333,478.0,1076.29,299.38,183.21,236.62,79.07,4.00081266666667,477.97,1060.09,292.01,187.96,222.94,76.45,3.659402,477.49,882.82,549.92,689.43
2026-01-14 03:30:59,XPQ-01 Main,2026-01-14 03:30:00,1061.47,77.4,4.188995,477.69,1054.65,288.72,181.25,224.46,77.8,4.57003866666667,477.71,1067.55,296.97,182.79,233.44,78.73,4.134146,478.16,1062.23,292.6,191.08,221.15,75.67,3.859402,477.22,878.29,555.12,679.04
2026-01-14 03:31:59,XPQ-01 Main,2026-01-14 03:31:00,1039.27,77.33,4.178995,477.86,1032.11,282.78,177.86,219.49,77.69,4.63670533333333,477.93,1044.78,290.63,179.06,228.52,78.71,4.06747933333333,478.1,1040.93,286.81,187.52,216.5,75.59,3.8260686666666706,477.55,860.22,544.44,664.5
2026-01-14 03:32:59,XPQ-01 Main,2026-01-14 03:32:00,1081.91,77.32,4.298995,477.27,1079.45,295.38,185.04,229.72,77.88,4.77003866666667,477.62,1088.07,302.48,187.67,236.86,78.38,4.234146,477.51,1078.22,296.54,193.61,224.35,75.71,3.89273533333333,476.68,894.4,566.31,690.93
2026-01-14 03:33:59,XPQ-01 Main,2026-01-14 03:33:00,1086.68,78.03,4.14232833333333,478.29,1086.76,298.02,184.3,233.76,78.53,4.703372,478.5,1091.49,303.97,186.34,239.55,78.93,4.034146,478.52,1081.79,298.27,191.39,228.28,76.63,3.6927353333333297,477.87,900.26,562.03,701.59
2026-01-14 03:34:59,XPQ-01 Main,2026-01-14 03:34:00,1046.07,76.25,4.46566166666667,478.12,1042.4,285.7,182.19,219.66,76.97,4.87003866666667,478.44,1054.97,293.83,186.11,226.92,77.32,4.46747933333333,478.44,1040.83,286.79,191.35,213.45,74.46,4.059402,477.48,866.32,559.66,660.03
2026-01-14 03:35:59,XPQ-01 Main,2026-01-14 03:35:00,1051.8,77.77,4.21232833333333,477.76,1048.68,287.32,178.51,224.54,78.28,4.703372,478.08,1057.53,294.2,180.75,231.72,78.85,4.26747933333333,477.88,1049.2,288.87,186.96,219.78,76.17,3.659402,477.31,870.4,546.21,676.04
2026-01-14 03:36:59,XPQ-01 Main,2026-01-14 03:36:00,1063.27,77.39,4.07566166666667,477.6,1052.95,288.22,180.33,224.42,77.95,4.63670533333333,477.65,1073.65,298.6,183.4,234.92,78.82,4.10081266666667,478.02,1063.2,292.8,192.1,220.41,75.39,3.49273533333333,477.14,879.63,555.84,679.75
2026-01-14 03:37:59,XPQ-01 Main,2026-01-14 03:37:00,1081.19,77.97,4.07566166666667,476.9,1071.58,292.97,180.55,230.55,78.73,4.57003866666667,476.97,1093.84,303.7,185.07,240.36,79.23,4.10081266666667,477.19,1078.16,296.48,192.67,224.89,75.94,3.559402,476.55,893.15,558.29,695.8
2026-01-14 03:38:59,XPQ-01 Main,2026-01-14 03:38:00,1042.44,76.91,3.85232833333333,477.32,1031.07,282.27,178.46,218.36,77.43,4.503372,477.58,1051.66,292.24,181.09,229.08,78.45,3.80081266666667,477.41,1044.6,287.38,190.33,214.9,74.86,3.259402,476.99,861.89,549.88,662.33
2026-01-14 03:39:59,XPQ-01 Main,2026-01-14 03:39:00,1050.07,77.59,3.988995,477.39,1041.82,285.31,177.17,223.14,78.32,4.43670533333333,477.65,1061.23,294.88,181.14,231.96,78.82,4.06747933333333,477.37,1047.14,288.13,188.1,217.52,75.64,3.459402,477.15,868.31,546.41,672.62
2026-01-14 03:40:59,XPQ-01 Main,2026-01-14 03:40:00,1077.29,77.95,3.93232833333333,477.0,1065.21,291.26,180.63,227.76,78.35,4.33670533333333,477.25,1085.67,301.63,182.43,239.6,79.56,3.934146,477.33,1080.98,297.19,193.11,225.47,75.95,3.52606866666667,476.41,890.09,556.18,692.83
2026-01-14 03:41:59,XPQ-01 Main,2026-01-14 03:41:00,1073.04,77.58,3.9556616666666704,477.59,1063.4,291.17,181.09,227.5,78.24,4.37003866666667,477.86,1084.3,301.6,184.87,237.63,78.93,3.96747933333333,477.84,1071.42,294.92,192.93,222.54,75.56,3.52606866666667,477.07,887.69,558.88,687.67
2026-01-14 03:42:59,XPQ-01 Main,2026-01-14 03:42:00,1061.51,77.09,4.04232833333333,477.45,1053.0,288.33,180.52,224.24,77.89,4.63670533333333,477.73,1073.87,298.53,185.31,233.52,78.33,4.06747933333333,477.57,1057.64,291.04,192.1,218.07,75.04,3.42606866666667,477.06,877.89,557.94,675.83
2026-01-14 03:43:59,XPQ-01 Main,2026-01-14 03:43:00,1066.22,77.3,3.93232833333333,477.87,1055.31,289.15,180.29,225.52,78.11,4.67003866666667,478.2,1079.72,300.51,185.23,236.0,78.66,3.80081266666667,478.08,1063.62,292.91,193.08,219.8,75.13,3.32606866666667,477.33,882.57,558.6,681.31
2026-01-14 03:44:59,XPQ-01 Main,2026-01-14 03:44:00,1067.18,78.49,4.24566166666667,477.74,1064.74,291.63,179.33,229.62,78.81,4.703372,477.98,1070.0,297.69,179.98,236.77,79.61,4.20081266666667,477.99,1066.81,293.77,187.19,226.16,77.04,3.8260686666666706,477.24,883.08,546.51,692.55
2026-01-14 03:45:59,XPQ-01 Main,2026-01-14 03:45:00,1068.83,77.5,4.04566166666667,477.43,1059.09,290.03,180.53,226.54,78.2,4.503372,477.6,1080.01,300.1,184.53,236.39,78.83,3.934146,477.46,1067.4,293.78,192.47,221.3,75.45,3.6927353333333297,477.23,883.92,557.53,684.23
2026-01-14 03:46:59,XPQ-01 Main,2026-01-14 03:46:00,1059.6,78.57,4.06566166666667,477.95,1054.97,289.16,177.62,227.46,78.82,4.67003866666667,478.24,1062.27,295.62,177.75,235.61,79.83,4.16747933333333,478.08,1061.57,292.43,186.01,225.03,77.08,3.359402,477.53,877.2,541.38,688.1
2026-01-14 03:47:59,XPQ-01 Main,2026-01-14 03:47:00,1073.14,79.59,4.188995,477.57,1066.71,292.13,175.9,232.79,79.79,4.67003866666667,477.82,1075.99,299.19,175.59,241.86,80.92,4.10081266666667,477.73,1076.72,296.4,184.98,231.14,78.08,3.79273533333333,477.17,887.71,536.46,705.79
2026-01-14 03:48:59,XPQ-01 Main,2026-01-14 03:48:00,1095.28,75.55,4.26566166666667,476.51,1085.67,296.73,191.92,225.87,76.2,4.83670533333333,476.73,1105.7,306.68,195.66,235.81,76.96,4.26747933333333,476.56,1094.46,300.62,203.58,220.68,73.5,3.6927353333333297,476.24,904.03,591.17,682.35
2026-01-14 03:49:59,XPQ-01 Main,2026-01-14 03:49:00,1144.42,77.55,3.9456616666666706,476.55,1142.59,312.24,195.02,243.41,78.04,4.53670533333333,476.85,1149.56,318.99,197.2,250.47,78.57,3.96747933333333,476.69,1141.11,313.42,203.41,238.07,76.03,3.32606866666667,476.1,944.64,595.63,731.95
2026-01-14 03:50:59,XPQ-01 Main,2026-01-14 03:50:00,1170.58,77.89,3.8656616666666705,476.32,1164.7,318.09,199.02,247.75,77.96,4.403372,476.61,1171.31,324.9,197.89,257.43,79.28,3.9008126666666705,476.54,1175.74,322.77,207.95,246.41,76.42,3.29273533333333,475.8,965.76,604.86,751.59
2026-01-14 03:51:59,XPQ-01 Main,2026-01-14 03:51:00,1158.68,78.51,3.878995,476.41,1156.37,315.69,195.2,248.02,78.58,4.33670533333333,476.5,1158.45,321.45,193.87,256.08,79.73,3.834146,476.91,1161.23,318.98,202.54,246.25,77.23,3.459402,475.82,956.12,591.61,750.35
2026-01-14 03:52:59,XPQ-01 Main,2026-01-14 03:52:00,1250.29,79.5,4.12232833333333,476.1,1249.31,340.87,204.77,272.26,79.92,4.703372,476.04,1255.26,347.93,206.35,279.55,80.46,4.16747933333333,476.54,1246.29,342.25,213.35,267.07,78.13,3.49273533333333,475.73,1031.05,624.47,818.87
2026-01-14 03:53:59,XPQ-01 Main,2026-01-14 03:53:00,1216.31,77.75,3.798995,476.21,1214.4,331.51,206.98,258.76,78.09,4.37003866666667,476.28,1219.82,338.23,207.95,266.33,78.82,3.8674793333333297,476.56,1214.72,333.53,215.25,254.3,76.33,3.159402,475.8,1003.27,630.18,779.39
2026-01-14 03:54:59,XPQ-01 Main,2026-01-14 03:54:00,1258.65,79.57,3.56566166666667,475.99,1257.25,343.11,205.98,274.18,79.95,3.8700386666666704,476.11,1262.65,349.89,207.26,281.63,80.54,3.7008126666666703,476.24,1256.04,344.7,214.52,269.33,78.22,3.12606866666667,475.61,1037.7,627.75,825.14
2026-01-14 03:55:59,XPQ-01 Main,2026-01-14 03:55:00,1170.07,76.35,3.96566166666667,476.43,1166.81,318.81,203.88,244.5,76.8,4.37003866666667,476.76,1174.35,325.8,205.77,252.18,77.48,4.06747933333333,476.54,1169.05,320.96,212.72,239.57,74.78,3.459402,476.0,965.58,622.37,736.25
2026-01-14 03:56:59,XPQ-01 Main,2026-01-14 03:56:00,1124.13,75.99,4.318995,477.4,1123.06,307.52,198.33,234.06,76.29,4.903372,477.69,1126.28,313.02,198.9,240.86,77.11,4.26747933333333,477.45,1123.04,308.99,205.5,229.95,74.56,3.79273533333333,477.05,929.53,602.73,704.87
2026-01-14 03:57:59,XPQ-01 Main,2026-01-14 03:57:00,1054.32,76.21,4.36566166666667,478.06,1053.03,288.65,185.2,220.32,76.55,4.67003866666667,478.48,1056.23,294.14,185.98,226.99,77.35,4.40081266666667,478.25,1053.68,290.23,192.45,216.35,74.72,4.02606866666667,477.45,873.02,563.63,663.65
2026-01-14 03:58:59,XPQ-01 Main,2026-01-14 03:58:00,1085.38,80.1,4.32232833333333,478.21,1085.1,297.45,176.7,238.82,80.39,4.63670533333333,478.47,1087.01,302.75,176.87,245.23,81.11,4.46747933333333,478.54,1084.02,298.81,183.81,235.22,78.8,3.859402,477.62,899.02,537.38,719.27
2026-01-14 03:59:59,XPQ-01 Main,2026-01-14 03:59:00,1014.72,74.16,4.43232833333333,478.4,1013.28,277.92,185.22,206.64,74.46,4.97003866666667,478.49,1016.23,283.05,185.81,212.96,75.35,4.36747933333333,478.67,1014.64,279.86,191.79,202.86,72.66,3.959402,478.05,840.83,562.82,622.45
2026-01-14 04:00:59,XPQ-01 Main,2026-01-14 04:00:00,1003.88,74.91,4.34232833333333,478.49,1003.93,275.51,181.08,207.2,75.3,4.77003866666667,478.75,1005.56,280.12,182.04,212.44,75.93,4.434146,478.56,1002.16,276.38,186.88,202.62,73.51,3.8260686666666706,478.16,832.0,550.0,622.26
2026-01-14 04:01:59,XPQ-01 Main,2026-01-14 04:01:00,1046.26,78.6,4.56566166666667,478.29,1045.5,286.73,175.85,225.66,78.88,4.97003866666667,478.42,1046.53,291.37,175.91,231.95,79.68,4.634146,478.47,1046.75,288.66,182.7,222.29,77.26,4.09273533333333,477.97,866.75,534.46,679.9
2026-01-14 04:02:59,XPQ-01 Main,2026-01-14 04:02:00,1071.55,78.74,4.32232833333333,477.95,1070.21,293.24,179.66,231.36,78.98,4.83670533333333,478.18,1072.99,298.65,179.52,238.22,79.86,4.46747933333333,478.23,1071.43,295.2,186.81,228.26,77.39,3.659402,477.46,887.09,545.99,697.84
2026-01-14 04:03:59,XPQ-01 Main,2026-01-14 04:03:00,1098.66,73.47,4.25566166666667,476.85,1091.45,298.46,199.5,219.37,73.98,4.63670533333333,477.09,1106.51,307.21,202.3,228.25,74.84,4.20081266666667,477.0,1098.02,301.8,209.19,214.5,71.59,3.92606866666667,476.47,907.47,611.0,662.11
2026-01-14 04:04:59,XPQ-01 Main,2026-01-14 04:04:00,1053.52,76.14,4.52232833333333,477.86,1046.75,286.71,184.37,219.25,76.54,4.83670533333333,477.94,1059.55,294.85,185.96,228.23,77.52,4.60081266666667,478.23,1054.25,290.46,194.04,215.69,74.34,4.12606866666667,477.4,872.01,564.36,663.17
2026-01-14 04:05:59,XPQ-01 Main,2026-01-14 04:05:00,1067.63,75.43,4.398995,477.12,1065.32,291.56,189.26,221.39,76.01,4.803372,477.44,1073.34,298.16,191.93,228.01,76.5,4.50081266666667,477.17,1064.22,292.61,197.26,215.66,73.79,3.89273533333333,476.76,882.32,578.45,665.05
2026-01-14 04:06:59,XPQ-01 Main,2026-01-14 04:06:00,1067.74,77.66,4.38566166666667,477.77,1061.66,290.81,181.01,226.85,78.17,4.77003866666667,478.19,1074.83,299.16,183.36,235.62,78.92,4.434146,478.01,1066.72,293.65,190.94,222.46,75.88,3.959402,477.12,883.62,555.3,684.92
2026-01-14 04:07:59,XPQ-01 Main,2026-01-14 04:07:00,1041.48,78.62,4.288995,478.37,1036.79,284.48,173.84,224.5,79.07,4.77003866666667,478.72,1047.43,291.71,175.42,232.23,79.79,4.30081266666667,478.4,1040.21,286.77,182.58,220.41,77.01,3.79273533333333,478.0,862.97,531.85,677.14
2026-01-14 04:08:59,XPQ-01 Main,2026-01-14 04:08:00,1066.33,76.49,4.45566166666667,477.82,1060.01,290.33,184.99,223.52,77.04,5.003372,478.02,1074.5,299.05,187.85,232.22,77.75,4.50081266666667,478.2,1064.46,293.17,194.84,218.74,74.67,3.859402,477.23,882.54,567.69,674.48
2026-01-14 04:09:59,XPQ-01 Main,2026-01-14 04:09:00,1048.43,74.72,4.388995,477.86,1041.72,285.38,188.14,214.4,75.16,4.93670533333333,478.16,1054.33,293.49,190.14,223.25,76.13,4.334146,478.16,1049.23,288.93,197.78,210.47,72.87,3.89273533333333,477.25,867.79,576.06,648.12
2026-01-14 04:10:59,XPQ-01 Main,2026-01-14 04:10:00,1076.71,75.79,4.35566166666667,478.19,1074.36,294.48,190.07,224.74,76.35,4.93670533333333,478.34,1083.02,301.62,192.67,231.58,76.87,4.40081266666667,478.56,1072.75,295.71,198.26,219.14,74.15,3.72606866666667,477.66,891.81,581.0,675.46
2026-01-14 04:11:59,XPQ-01 Main,2026-01-14 04:11:00,1064.3,76.37,4.388995,478.12,1063.04,291.34,185.79,223.67,76.92,4.97003866666667,478.41,1069.84,297.98,188.26,230.21,77.41,4.20081266666667,478.48,1060.02,292.09,193.64,218.15,74.79,3.9927353333333295,477.47,881.4,567.7,672.03
2026-01-14 04:12:59,XPQ-01 Main,2026-01-14 04:12:00,1061.88,78.6,4.15566166666667,478.79,1057.85,290.42,177.65,229.43,79.07,4.603372,478.87,1068.24,297.7,179.58,236.86,79.69,4.16747933333333,478.98,1059.55,292.51,186.15,224.95,77.04,3.6927353333333297,478.51,880.63,543.39,691.24
2026-01-14 04:13:59,XPQ-01 Main,2026-01-14 04:13:00,1038.17,76.41,4.46566166666667,478.63,1030.46,282.84,180.48,217.38,76.94,4.803372,478.9,1046.67,291.69,183.17,226.53,77.76,4.56747933333333,478.76,1037.4,286.19,190.57,213.02,74.53,4.02606866666667,478.24,860.71,554.21,656.93
2026-01-14 04:14:59,XPQ-01 Main,2026-01-14 04:14:00,1090.26,78.91,4.25566166666667,478.92,1086.3,298.35,181.49,236.27,79.3,4.67003866666667,479.27,1095.06,305.38,182.86,244.21,80.05,4.334146,479.05,1089.42,300.67,190.19,232.41,77.39,3.759402,478.43,904.41,554.54,712.89
2026-01-14 04:15:59,XPQ-01 Main,2026-01-14 04:15:00,1082.9,77.96,4.26566166666667,478.68,1077.36,295.75,183.01,232.1,78.53,4.803372,478.89,1091.09,304.05,185.94,240.43,79.1,4.36747933333333,478.82,1080.25,298.07,192.66,227.04,76.25,3.62606866666667,478.33,897.87,561.61,699.57
2026-01-14 04:16:59,XPQ-01 Main,2026-01-14 04:16:00,1041.64,77.87,4.54566166666667,479.11,1040.64,285.89,177.45,223.28,78.29,4.83670533333333,479.4,1045.26,291.61,178.84,229.69,78.9,4.634146,479.28,1039.01,286.91,184.76,218.82,76.41,4.159402,478.65,864.42,541.05,671.79
2026-01-14 04:17:59,XPQ-01 Main,2026-01-14 04:17:00,1064.22,78.42,4.25232833333333,478.93,1062.5,291.79,179.53,229.62,78.78,4.87003866666667,479.15,1067.44,297.64,180.39,236.08,79.46,4.40081266666667,479.12,1062.73,293.4,186.67,225.5,77.03,3.49273533333333,478.52,882.83,546.58,691.19
2026-01-14 04:18:59,XPQ-01 Main,2026-01-14 04:18:00,1080.63,72.33,4.15566166666667,477.54,1074.62,294.29,201.74,213.99,72.76,4.603372,477.81,1086.12,302.01,203.88,222.58,73.74,4.234146,477.68,1081.15,297.56,210.87,209.56,70.49,3.62606866666667,477.14,893.85,616.48,646.14
2026-01-14 04:19:59,XPQ-01 Main,2026-01-14 04:19:00,1210.35,77.82,3.978995,476.73,1204.85,329.22,204.56,257.65,78.32,4.503372,476.8,1218.13,338.14,207.03,266.79,79.0,4.20081266666667,477.09,1208.07,332.09,215.01,252.62,76.15,3.22606866666667,476.3,999.45,626.6,777.06
2026-01-14 04:20:59,XPQ-01 Main,2026-01-14 04:20:00,1227.61,79.99,3.798995,477.08,1222.81,334.41,198.93,268.09,80.31,4.203372,477.09,1233.49,342.55,199.63,276.96,81.12,3.90081266666667,477.39,1226.53,337.48,208.4,264.45,78.54,3.29273533333333,476.76,1014.44,606.95,809.5
2026-01-14 04:21:59,XPQ-01 Main,2026-01-14 04:21:00,1256.12,80.41,4.06566166666667,476.92,1253.52,342.77,201.02,277.35,80.97,4.43670533333333,477.09,1263.82,350.9,203.92,285.15,81.34,4.10081266666667,477.12,1251.02,343.99,210.87,271.12,78.94,3.659402,476.56,1037.67,615.82,833.62
2026-01-14 04:22:59,XPQ-01 Main,2026-01-14 04:22:00,1275.53,80.01,3.8556616666666703,476.46,1273.62,347.88,206.83,279.45,80.38,4.33670533333333,476.6,1280.17,355.14,208.1,287.42,81.0,3.934146,476.77,1272.8,349.65,215.82,274.74,78.64,3.29273533333333,476.02,1052.67,630.74,841.61
2026-01-14 04:23:59,XPQ-01 Main,2026-01-14 04:23:00,1221.74,78.99,3.93232833333333,476.67,1215.34,332.12,200.94,264.1,79.58,4.43670533333333,477.03,1231.62,341.97,204.43,273.64,80.11,4.00081266666667,476.93,1218.25,334.66,212.29,258.39,77.27,3.359402,476.05,1008.74,617.66,796.13
2026-01-14 04:24:59,XPQ-01 Main,2026-01-14 04:24:00,1191.29,79.36,4.198995,477.16,1187.98,324.98,195.95,259.04,79.75,4.77003866666667,477.44,1196.18,332.4,197.47,267.05,80.41,4.134146,477.42,1189.72,327.2,204.8,254.55,77.91,3.6927353333333297,476.6,984.58,598.22,780.64
2026-01-14 04:25:59,XPQ-01 Main,2026-01-14 04:25:00,1120.2,77.9,4.06566166666667,477.37,1115.9,305.36,189.97,238.85,78.26,4.43670533333333,477.66,1125.25,312.87,191.28,247.24,79.09,4.034146,477.71,1119.45,308.01,198.92,235.05,76.33,3.7260686666666705,476.73,926.24,580.16,721.14
2026-01-14 04:26:59,XPQ-01 Main,2026-01-14 04:26:00,1115.12,77.22,4.35232833333333,477.46,1112.85,304.68,192.36,236.1,77.53,4.63670533333333,477.72,1118.28,310.89,193.13,243.42,78.34,4.50081266666667,477.66,1114.22,306.65,199.84,232.28,75.81,3.92606866666667,477.01,922.22,585.32,711.8
2026-01-14 04:27:59,XPQ-01 Main,2026-01-14 04:27:00,1064.16,72.97,4.12232833333333,477.72,1058.74,290.01,196.07,212.98,73.57,4.57003866666667,478.0,1072.31,298.32,199.34,221.02,74.26,4.10081266666667,477.93,1061.44,292.24,205.29,207.53,71.09,3.6927353333333297,477.23,880.57,600.7,641.53
2026-01-14 04:28:59,XPQ-01 Main,2026-01-14 04:28:00,995.94,75.13,4.198995,478.2,990.44,271.55,177.99,204.67,75.46,4.67003866666667,478.5,1000.28,278.59,179.07,212.85,76.52,4.234146,478.44,997.1,274.79,186.44,201.55,73.41,3.6927353333333297,477.65,824.93,543.5,619.08
2026-01-14 04:29:59,XPQ-01 Main,2026-01-14 04:29:00,1035.5,75.75,4.43232833333333,477.46,1026.35,280.96,181.51,213.88,76.25,5.03670533333333,477.75,1044.65,290.51,184.01,223.35,77.18,4.434146,477.73,1035.51,284.94,191.82,209.9,73.82,3.8260686666666706,476.92,856.4,557.34,647.14
2026-01-14 04:30:59,XPQ-01 Main,2026-01-14 04:30:00,914.26,79.66,4.25232833333333,479.69,903.09,248.44,147.46,199.33,80.39,4.803372,479.9,925.86,258.55,151.08,209.31,81.08,4.234146,479.8,913.82,252.67,159.32,195.35,77.5,3.7260686666666705,479.37,759.67,457.86,603.98
2026-01-14 04:31:59,XPQ-01 Main,2026-01-14 04:31:00,868.65,76.03,4.36566166666667,479.33,856.17,235.41,150.41,180.61,76.84,4.93670533333333,479.77,880.73,245.84,154.66,190.72,77.67,4.434146,479.33,869.04,239.97,162.3,176.36,73.58,3.7260686666666705,478.88,721.23,467.37,547.69
2026-01-14 04:32:59,XPQ-01 Main,2026-01-14 04:32:00,898.39,81.6,4.308995,479.57,888.1,244.26,138.87,200.35,82.19,4.93670533333333,479.83,907.76,253.45,141.3,210.04,82.97,4.334146,479.68,899.3,248.58,149.94,197.51,79.65,3.659402,479.2,746.29,430.1,607.9
2026-01-14 04:33:59,XPQ-01 Main,2026-01-14 04:33:00,911.92,78.93,4.378995,479.3,903.89,248.44,150.06,197.67,79.65,4.93670533333333,479.52,922.16,257.34,153.53,206.08,80.19,4.26747933333333,479.45,909.7,251.31,160.31,193.07,76.94,3.92606866666667,478.92,757.09,463.89,596.83
2026-01-14 04:34:59,XPQ-01 Main,2026-01-14 04:34:00,891.32,82.3,4.46566166666667,480.01,882.47,242.94,135.58,201.21,82.93,4.97003866666667,480.32,901.14,251.85,138.29,210.12,83.53,4.40081266666667,480.1,890.35,246.31,146.07,197.72,80.43,4.02606866666667,479.6,741.09,419.95,609.05
2026-01-14 04:35:59,XPQ-01 Main,2026-01-14 04:35:00,819.8,85.53,4.63232833333333,480.61,810.39,223.39,113.97,191.78,85.96,5.43670533333333,480.67,827.7,231.49,114.83,200.57,86.78,4.50081266666667,480.69,821.31,227.61,123.82,190.36,83.83,3.959402,480.48,682.48,352.62,582.71
2026-01-14 04:36:59,XPQ-01 Main,2026-01-14 04:36:00,772.1,81.39,4.508995,480.98,760.56,209.86,119.26,172.23,82.21,5.17003866666667,481.39,784.4,219.68,122.87,181.67,82.83,4.434146,480.98,771.34,213.75,130.47,168.83,79.13,3.92606866666667,480.58,643.29,372.59,522.72
2026-01-14 04:37:59,XPQ-01 Main,2026-01-14 04:37:00,788.63,82.19,4.55566166666667,480.91,781.28,215.47,120.26,178.12,82.88,5.27003866666667,481.16,797.96,223.44,122.96,185.92,83.41,4.50081266666667,481.04,786.66,218.04,129.7,174.71,80.29,3.89273533333333,480.52,656.95,372.92,538.75
2026-01-14 04:38:59,XPQ-01 Main,2026-01-14 04:38:00,813.89,81.72,4.47566166666667,480.54,806.65,222.34,126.07,182.25,82.24,5.203372,480.84,821.8,229.91,127.75,189.82,82.96,4.46747933333333,480.58,813.23,225.21,134.82,179.42,79.94,3.759402,480.19,677.46,388.64,551.5
2026-01-14 04:39:59,XPQ-01 Main,2026-01-14 04:39:00,803.21,80.44,4.598995,480.16,793.99,218.64,127.4,177.08,81.18,5.33670533333333,480.44,814.2,227.64,130.56,185.7,81.8,4.66747933333333,480.27,801.44,221.76,137.66,173.51,78.34,3.79273533333333,479.76,668.04,395.62,536.28
2026-01-14 04:40:59,XPQ-01 Main,2026-01-14 04:40:00,778.03,82.11,4.77566166666667,480.77,768.47,211.88,118.86,174.61,82.66,5.403372,480.89,786.46,220.07,120.77,183.31,83.5,4.70081266666667,480.87,779.16,215.96,128.68,172.45,80.15,4.22606866666667,480.54,647.92,368.32,530.37
2026-01-14 04:41:59,XPQ-01 Main,2026-01-14 04:41:00,727.0,81.28,4.618995,481.09,709.94,195.95,111.23,160.93,82.26,5.17003866666667,481.5,743.1,208.16,115.66,172.32,83.03,4.834146,481.03,727.97,201.76,124.63,158.09,78.53,3.859402,480.73,605.86,351.52,491.34
2026-01-14 04:42:59,XPQ-01 Main,2026-01-14 04:42:00,719.16,81.74,4.55232833333333,480.96,710.2,195.93,108.89,162.46,83.07,4.97003866666667,481.06,735.08,205.76,115.07,170.04,82.82,4.56747933333333,480.99,712.19,197.47,119.9,156.27,79.34,4.12606866666667,480.84,599.16,343.86,488.78
2026-01-14 04:43:59,XPQ-01 Main,2026-01-14 04:43:00,741.71,82.37,4.68566166666667,481.1,733.17,202.39,111.59,168.51,83.38,5.43670533333333,481.35,754.51,211.26,116.0,175.99,83.49,4.40081266666667,480.98,737.44,204.46,121.71,163.66,80.24,4.22606866666667,480.95,618.11,349.3,508.16
2026-01-14 04:44:59,XPQ-01 Main,2026-01-14 04:44:00,745.78,86.44,4.56566166666667,481.89,740.35,204.63,100.88,177.5,86.94,5.003372,482.02,753.22,211.25,102.18,184.04,87.43,4.60081266666667,481.96,743.76,206.64,108.72,174.97,84.94,4.09273533333333,481.7,622.51,311.78,536.51
2026-01-14 04:45:59,XPQ-01 Main,2026-01-14 04:45:00,706.1,80.59,4.16566166666667,481.36,698.96,192.94,112.25,156.6,81.28,4.67003866666667,481.61,714.62,200.32,114.72,163.72,81.9,4.20081266666667,481.54,704.72,195.5,120.74,153.46,78.59,3.62606866666667,480.94,588.75,347.7,473.78
2026-01-14 04:46:59,XPQ-01 Main,2026-01-14 04:46:00,729.52,83.43,4.48566166666667,481.25,726.99,200.6,109.07,168.03,83.88,5.27003866666667,481.32,733.64,205.54,110.03,172.99,84.38,4.434146,481.49,727.94,201.98,115.27,165.25,82.02,3.759402,480.93,608.11,334.36,506.27
2026-01-14 04:47:59,XPQ-01 Main,2026-01-14 04:47:00,751.99,83.34,4.098995,481.47,749.36,206.95,111.35,173.96,84.22,4.73670533333333,481.71,760.84,213.25,115.06,179.01,84.12,4.134146,481.51,745.76,206.95,119.19,168.65,81.67,3.42606866666667,481.19,627.14,345.59,521.63
2026-01-14 04:48:59,XPQ-01 Main,2026-01-14 04:48:00,708.19,82.71,4.45566166666667,481.98,703.1,194.38,107.27,161.75,83.34,4.97003866666667,482.04,715.24,200.61,109.31,167.43,83.74,4.334146,482.02,706.23,196.25,114.52,158.46,81.05,4.059402,481.87,591.24,331.1,487.64
2026-01-14 04:49:59,XPQ-01 Main,2026-01-14 04:49:00,729.36,82.77,4.188995,481.48,724.28,199.96,109.14,166.97,83.7,4.703372,481.51,739.74,207.32,113.01,173.08,83.73,4.134146,481.69,724.08,201.02,117.92,162.08,80.86,3.7260686666666705,481.23,608.29,340.08,502.13
2026-01-14 04:50:59,XPQ-01 Main,2026-01-14 04:50:00,683.88,82.64,4.098995,482.35,677.53,187.36,104.17,155.24,83.04,4.67003866666667,482.45,689.2,193.56,104.83,161.95,83.95,3.934146,482.63,684.92,190.47,111.58,153.72,80.93,3.6927353333333297,481.98,571.39,320.58,470.9
2026-01-14 04:51:59,XPQ-01 Main,2026-01-14 04:51:00,738.72,83.71,4.03232833333333,481.9,736.05,203.43,109.12,171.39,84.35,4.603372,481.96,745.42,209.06,111.28,176.46,84.58,4.00081266666667,482.02,734.69,204.14,116.06,167.49,82.19,3.49273533333333,481.72,616.63,336.46,515.34
2026-01-14 04:52:59,XPQ-01 Main,2026-01-14 04:52:00,820.22,81.09,4.03232833333333,480.47,815.57,224.77,129.65,183.1,81.61,4.63670533333333,480.81,825.93,231.04,131.31,189.64,82.21,4.00081266666667,480.49,819.14,226.81,137.38,179.78,79.46,3.459402,480.12,682.62,398.34,552.51
2026-01-14 04:53:59,XPQ-01 Main,2026-01-14 04:53:00,792.32,80.82,4.23232833333333,480.78,786.6,216.92,126.42,176.02,81.22,4.87003866666667,481.13,797.25,223.17,127.36,183.01,82.08,4.26747933333333,480.8,793.09,219.72,134.13,173.67,79.14,3.559402,480.41,659.82,387.91,532.7
2026-01-14 04:54:59,XPQ-01 Main,2026-01-14 04:54:00,696.41,72.71,4.26566166666667,481.2,691.27,190.84,128.93,140.18,73.6,4.93670533333333,481.47,704.33,197.28,132.39,145.67,74.01,4.20081266666667,481.16,693.61,192.34,136.02,135.33,70.53,3.659402,480.96,580.46,397.33,421.18
2026-01-14 04:55:59,XPQ-01 Main,2026-01-14 04:55:00,702.88,75.41,4.26566166666667,482.1,701.56,193.99,125.62,147.43,76.11,4.77003866666667,482.43,707.9,198.72,127.89,151.5,76.41,4.36747933333333,482.19,699.19,194.24,131.06,142.93,73.71,3.659402,481.68,586.94,384.57,441.85
2026-01-14 04:56:59,XPQ-01 Main,2026-01-14 04:56:00,633.3,76.36,4.66566166666667,483.02,627.13,173.79,109.18,133.68,77.45,5.23670533333333,483.41,643.56,180.98,113.38,139.76,77.66,4.534146,482.96,629.2,175.1,117.26,128.87,73.96,4.22606866666667,482.69,529.87,339.82,402.31
2026-01-14 04:57:59,XPQ-01 Main,2026-01-14 04:57:00,667.02,78.21,4.298995,483.02,663.73,183.86,112.24,145.14,79.11,4.83670533333333,483.07,674.74,189.69,115.39,149.74,79.21,4.20081266666667,483.16,662.6,184.53,118.9,140.36,76.3,3.859402,482.83,558.07,346.53,435.25
2026-01-14 04:58:59,XPQ-01 Main,2026-01-14 04:58:00,613.77,75.74,4.75232833333333,483.27,602.68,167.18,106.52,128.26,76.93,5.303372,483.65,626.64,176.24,111.23,135.84,77.37,4.70081266666667,483.0,611.99,170.4,116.12,123.76,72.93,4.259402,483.16,513.82,333.87,387.86
2026-01-14 04:59:59,XPQ-01 Main,2026-01-14 04:59:00,550.22,82.8,5.278995,485.02,537.53,149.62,81.46,124.59,83.7,6.03670533333333,485.45,561.92,158.64,84.24,131.35,84.18,5.034146,484.83,551.22,154.02,89.82,121.94,80.51,4.759402,484.78,462.29,255.51,377.88
2026-01-14 05:00:59,XPQ-01 Main,2026-01-14 05:00:00,423.92,77.02,5.68566166666667,485.59,415.06,115.62,72.61,89.39,77.62,6.47003866666667,485.87,430.03,121.56,74.06,95.33,78.97,5.36747933333333,485.6,426.65,119.39,78.99,88.17,74.48,5.22606866666667,485.3,356.58,225.67,272.88
2026-01-14 05:01:59,XPQ-01 Main,2026-01-14 05:01:00,498.52,71.22,5.518995,483.97,492.29,136.72,94.62,97.49,71.76,6.17003866666667,484.4,503.68,141.9,96.21,102.74,72.99,5.034146,483.81,499.59,139.3,100.24,95.31,68.91,5.359402,483.71,417.92,291.08,295.55
2026-01-14 05:02:59,XPQ-01 Main,2026-01-14 05:02:00,415.54,76.42,5.06566166666667,485.36,405.4,112.9,71.12,86.65,77.3,5.703372,485.67,425.01,120.07,73.55,93.22,78.51,4.76747933333333,485.27,416.22,116.41,78.45,84.96,73.47,4.72606866666667,485.15,349.38,223.12,264.82
2026-01-14 05:03:59,XPQ-01 Main,2026-01-14 05:03:00,333.02,86.49,5.288995,487.5,318.87,89.22,41.38,78.14,88.38,5.83670533333333,487.92,349.44,99.15,45.88,86.32,88.3,5.16747933333333,487.26,330.75,92.89,51.51,76.06,82.8,4.859402,487.33,281.26,138.76,240.53
2026-01-14 05:04:59,XPQ-01 Main,2026-01-14 05:04:00,340.21,87.24,5.54232833333333,486.81,329.31,92.01,42.46,81.02,88.57,6.17003866666667,487.17,352.06,99.74,45.43,87.67,88.79,5.234146,486.55,339.25,95.15,50.57,79.47,84.37,5.22606866666667,486.7,286.91,138.45,248.15
2026-01-14 05:05:59,XPQ-01 Main,2026-01-14 05:05:00,344.09,86.88,5.64232833333333,486.63,332.76,92.94,42.94,81.41,88.45,6.37003866666667,486.93,356.22,100.87,46.65,88.57,88.48,5.36747933333333,486.4,343.31,96.27,51.92,79.46,83.71,5.19273533333333,486.57,290.08,141.52,249.44
2026-01-14 05:06:59,XPQ-01 Main,2026-01-14 05:06:00,417.87,78.36,4.87566166666667,485.01,407.51,113.43,68.81,89.6,79.31,5.57003866666667,485.3,427.77,120.74,71.25,95.54,80.16,4.90081266666667,484.83,418.33,116.92,75.83,87.57,75.6,4.159402,484.92,351.09,215.89,272.71
2026-01-14 05:07:59,XPQ-01 Main,2026-01-14 05:07:00,452.81,80.84,4.84232833333333,484.71,442.76,123.15,70.13,100.52,82.01,5.503372,484.95,464.37,130.99,73.52,107.21,82.47,4.66747933333333,484.58,451.31,126.07,78.44,97.88,78.03,4.359402,484.6,380.2,222.1,305.61
2026-01-14 05:08:59,XPQ-01 Main,2026-01-14 05:08:00,461.41,82.04,4.718995,484.67,451.28,125.51,68.74,103.8,83.38,5.503372,484.94,473.21,133.48,72.75,110.5,83.52,4.66747933333333,484.54,459.74,128.41,77.5,100.57,79.21,3.9927353333333295,484.53,387.39,218.99,314.87
2026-01-14 05:09:59,XPQ-01 Main,2026-01-14 05:09:00,416.77,78.18,4.54232833333333,484.62,411.3,114.39,69.55,89.55,78.98,5.103372,484.92,421.66,118.92,71.3,93.91,79.64,4.50081266666667,484.44,417.35,116.55,74.86,87.35,75.93,4.02606866666667,484.49,349.85,215.71,270.82
2026-01-14 05:10:59,XPQ-01 Main,2026-01-14 05:10:00,435.42,75.96,5.21232833333333,484.14,429.12,119.19,76.28,90.82,76.57,5.803372,484.32,440.31,124.06,77.69,95.55,77.59,5.06747933333333,484.11,436.84,121.9,81.63,89.03,73.71,4.759402,483.98,365.15,235.6,275.4
2026-01-14 05:11:59,XPQ-01 Main,2026-01-14 05:11:00,392.68,79.0,4.598995,484.57,385.92,107.32,63.44,84.41,79.94,5.003372,484.85,400.3,112.88,65.71,90.54,80.93,4.834146,484.37,391.83,109.41,70.51,82.79,76.13,3.959402,484.48,329.61,199.66,257.75
2026-01-14 05:12:59,XPQ-01 Main,2026-01-14 05:12:00,408.54,86.07,5.298995,485.02,405.97,112.99,56.47,97.24,86.47,5.903372,485.25,411.24,116.07,56.76,100.31,87.03,5.134146,484.89,408.41,114.17,60.16,95.9,84.71,4.859402,484.94,343.22,173.39,293.45
2026-01-14 05:13:59,XPQ-01 Main,2026-01-14 05:13:00,376.38,79.9,5.178995,485.0,363.82,101.24,58.12,81.93,81.56,5.83670533333333,485.39,389.7,110.05,62.52,89.49,81.98,5.034146,484.96,375.61,104.95,67.44,79.29,76.17,4.659402,484.65,316.24,188.08,250.71
2026-01-14 05:14:59,XPQ-01 Main,2026-01-14 05:14:00,443.83,86.22,4.42232833333333,484.79,439.41,122.24,60.2,105.78,86.91,5.003372,485.16,450.16,127.03,61.62,110.11,87.27,4.06747933333333,484.63,441.93,123.44,65.68,103.77,84.49,4.19273533333333,484.57,372.71,187.5,319.66
2026-01-14 05:15:59,XPQ-01 Main,2026-01-14 05:15:00,506.36,87.56,4.588995,484.22,499.64,138.8,64.64,122.09,88.38,5.17003866666667,484.54,515.04,145.18,66.89,128.23,88.66,4.56747933333333,484.17,504.4,140.74,72.32,119.96,85.64,4.02606866666667,483.97,424.72,203.84,370.27
2026-01-14 05:16:59,XPQ-01 Main,2026-01-14 05:16:00,494.51,86.22,4.398995,484.01,489.29,135.88,65.82,117.96,87.33,4.903372,484.25,504.06,141.99,69.34,123.18,87.14,4.56747933333333,483.92,490.2,136.74,73.31,114.33,84.18,3.72606866666667,483.86,414.6,208.46,355.46
2026-01-14 05:17:59,XPQ-01 Main,2026-01-14 05:17:00,466.79,86.67,4.408995,484.25,456.74,126.92,59.53,111.56,88.23,5.03670533333333,484.43,482.08,135.83,64.66,118.88,87.85,4.20081266666667,484.08,461.55,128.83,69.7,107.69,83.95,3.9927353333333295,484.25,391.58,193.89,338.13
2026-01-14 05:18:59,XPQ-01 Main,2026-01-14 05:18:00,510.03,88.09,4.42232833333333,484.1,502.97,139.68,65.44,122.86,88.26,5.03670533333333,484.34,513.47,144.69,64.4,129.04,89.48,4.36747933333333,484.1,513.66,143.31,71.54,123.53,86.53,3.859402,483.87,427.68,201.38,375.43
2026-01-14 05:19:59,XPQ-01 Main,2026-01-14 05:19:00,593.61,79.01,4.32232833333333,482.11,585.4,161.9,95.17,128.02,80.26,4.803372,482.28,605.82,169.99,99.82,134.58,80.32,4.434146,482.1,589.61,163.84,103.99,123.37,76.46,3.7260686666666705,481.93,495.73,298.98,385.97
2026-01-14 05:20:59,XPQ-01 Main,2026-01-14 05:20:00,509.67,74.9,4.73232833333333,483.56,501.07,139.04,89.37,106.03,76.46,5.27003866666667,484.08,522.13,147.01,94.64,111.96,76.37,4.60081266666667,483.41,505.8,140.87,97.63,100.91,71.87,4.32606866666667,483.19,426.93,281.64,318.9
2026-01-14 05:21:59,XPQ-01 Main,2026-01-14 05:21:00,532.54,81.12,4.798995,484.03,531.25,147.54,83.83,120.38,82.06,5.33670533333333,484.42,538.65,151.78,86.55,123.34,81.86,4.80081266666667,483.93,527.73,147.17,88.67,116.0,79.45,4.259402,483.74,446.49,259.06,359.72
2026-01-14 05:22:59,XPQ-01 Main,2026-01-14 05:22:00,428.73,80.41,4.65566166666667,484.54,416.88,115.88,66.41,94.46,81.81,5.103372,484.94,441.64,124.61,70.52,102.19,82.31,4.734146,484.52,427.65,119.38,75.75,91.79,77.13,4.12606866666667,484.15,359.86,212.68,288.44
2026-01-14 05:23:59,XPQ-01 Main,2026-01-14 05:23:00,456.88,82.21,4.408995,484.47,454.03,126.25,69.93,104.41,83.08,4.93670533333333,484.79,463.9,130.78,72.03,107.42,83.05,4.40081266666667,484.22,452.7,126.37,74.47,101.02,80.49,3.89273533333333,484.39,383.4,216.43,312.85
2026-01-14 05:24:59,XPQ-01 Main,2026-01-14 05:24:00,455.5,82.09,4.52232833333333,484.8,442.9,123.25,67.52,102.47,83.5,5.03670533333333,485.12,469.68,132.48,71.86,110.59,83.85,4.50081266666667,484.48,453.92,126.8,77.53,99.61,78.92,4.02606866666667,484.79,382.54,216.91,312.67
2026-01-14 05:25:59,XPQ-01 Main,2026-01-14 05:25:00,462.82,81.69,4.508995,484.33,451.81,125.61,69.71,103.78,83.01,5.13670533333333,484.68,475.16,133.91,73.7,110.88,83.28,4.26747933333333,484.02,461.48,128.78,78.69,100.69,78.79,4.12606866666667,484.28,388.3,222.1,315.35
2026-01-14 05:26:59,XPQ-01 Main,2026-01-14 05:26:00,476.96,81.84,4.14566166666667,484.12,475.99,132.24,73.81,109.18,82.85,4.603372,484.58,482.7,136.04,76.54,111.82,82.52,4.00081266666667,483.94,472.2,131.68,78.3,105.0,80.17,3.8260686666666706,483.83,399.96,228.65,326.0
2026-01-14 05:27:59,XPQ-01 Main,2026-01-14 05:27:00,466.9,82.55,4.56566166666667,484.57,456.27,126.91,69.32,105.72,83.63,5.103372,485.12,478.65,135.02,72.39,112.42,84.08,4.50081266666667,484.28,465.78,129.99,77.54,103.2,79.95,4.09273533333333,484.32,391.92,219.25,321.35
2026-01-14 05:28:59,XPQ-01 Main,2026-01-14 05:28:00,444.17,83.21,4.34232833333333,484.71,431.54,120.02,63.53,101.11,84.67,4.87003866666667,485.17,459.25,129.61,67.91,109.0,84.88,4.434146,484.62,441.73,123.34,73.4,98.18,80.09,3.7260686666666705,484.36,372.97,204.84,308.29
2026-01-14 05:29:59,XPQ-01 Main,2026-01-14 05:29:00,434.17,85.01,4.998995,484.05,426.08,118.43,59.05,101.56,86.45,5.503372,484.67,446.16,125.69,63.29,107.19,86.11,4.834146,483.58,430.26,119.93,67.0,97.76,82.48,4.659402,483.9,364.05,189.34,306.51
2026-01-14 05:30:59,XPQ-01 Main,2026-01-14 05:30:00,398.74,87.51,5.02232833333333,483.73,390.3,108.31,51.4,94.19,87.78,5.703372,484.12,403.52,113.65,50.91,99.91,89.1,4.66747933333333,483.7,402.41,112.15,57.11,94.78,85.65,4.69273533333333,483.35,334.11,159.41,288.89
2026-01-14 05:31:59,XPQ-01 Main,2026-01-14 05:31:00,398.82,87.57,4.78566166666667,484.26,391.08,108.64,51.26,94.75,87.95,5.33670533333333,484.49,404.67,114.08,51.22,100.47,89.09,4.60081266666667,484.28,400.7,111.84,57.17,94.93,85.66,4.42606866666667,484.02,334.55,159.65,290.15
2026-01-14 05:32:59,XPQ-01 Main,2026-01-14 05:32:00,450.0,81.72,4.978995,483.71,443.48,123.08,67.4,102.2,83.48,5.403372,483.91,463.41,130.46,72.89,107.31,82.72,4.90081266666667,483.65,443.11,123.53,75.36,96.94,78.95,4.62606866666667,483.56,377.07,215.65,306.45
2026-01-14 05:33:59,XPQ-01 Main,2026-01-14 05:33:00,471.39,82.39,4.67566166666667,483.96,462.53,128.43,68.33,108.03,84.51,5.103372,484.3,488.34,137.58,75.59,114.23,83.39,4.66747933333333,483.9,463.29,129.19,78.22,101.73,79.28,4.259402,483.68,395.2,222.15,324.0
2026-01-14 05:34:59,XPQ-01 Main,2026-01-14 05:34:00,1122.8,57.73,4.608995,473.23,1120.27,303.92,246.0,174.74,57.91,5.003372,473.62,1120.56,308.91,247.47,182.12,59.27,4.60081266666667,473.46,1127.59,307.49,251.75,170.14,55.99,4.22606866666667,472.6,920.32,745.22,527.0
2026-01-14 05:35:59,XPQ-01 Main,2026-01-14 05:35:00,618.45,79.9,4.53232833333333,480.99,614.46,169.59,99.93,135.95,80.58,5.23670533333333,481.22,625.63,175.11,101.87,140.39,80.94,4.46747933333333,480.86,615.25,170.56,105.66,132.45,78.17,3.89273533333333,480.88,515.26,307.46,408.79
2026-01-14 05:36:59,XPQ-01 Main,2026-01-14 05:36:00,688.88,84.09,4.098995,480.76,691.11,190.46,102.55,159.76,84.15,4.703372,481.02,686.63,192.29,101.11,162.96,84.97,3.96747933333333,481.09,688.89,190.88,105.79,158.26,83.14,3.6260686666666704,480.18,573.63,309.45,480.98
2026-01-14 05:37:59,XPQ-01 Main,2026-01-14 05:37:00,839.63,82.52,4.26566166666667,479.52,836.12,229.93,127.69,190.96,83.13,4.703372,479.68,846.73,236.37,129.89,196.62,83.44,4.134146,479.67,836.05,231.1,135.18,186.75,81.01,3.959402,479.22,697.4,392.75,574.33
2026-01-14 05:38:59,XPQ-01 Main,2026-01-14 05:38:00,807.57,85.45,4.63232833333333,478.46,806.2,221.24,113.32,189.54,85.83,5.13670533333333,478.8,811.22,225.99,113.91,194.5,86.29,4.56747933333333,478.53,805.3,222.03,119.38,186.65,84.24,4.19273533333333,478.05,669.27,346.62,570.7
2026-01-14 05:39:59,XPQ-01 Main,2026-01-14 05:39:00,816.7,86.38,4.508995,478.67,813.87,223.36,109.85,194.2,87.04,4.87003866666667,478.73,824.91,229.85,112.57,199.86,87.13,4.46747933333333,478.9,811.34,223.93,117.78,189.81,84.97,4.19273533333333,478.37,677.14,340.2,583.88
2026-01-14 05:40:59,XPQ-01 Main,2026-01-14 05:40:00,1021.97,77.93,4.51232833333333,476.39,1019.94,278.56,168.34,217.86,79.13,4.83670533333333,476.47,1036.55,287.5,175.64,223.43,78.62,4.40081266666667,476.71,1009.41,277.25,177.91,208.27,76.04,4.29273533333333,475.99,843.31,521.89,649.56
2026-01-14 05:41:59,XPQ-01 Main,2026-01-14 05:41:00,896.74,79.81,4.53232833333333,477.84,897.01,245.69,145.15,197.53,80.58,4.87003866666667,477.97,904.11,251.61,148.66,202.23,80.57,4.534146,478.23,889.1,244.91,152.19,191.42,78.27,4.19273533333333,477.3,742.2,446.0,591.18
2026-01-14 05:42:59,XPQ-01 Main,2026-01-14 05:42:00,913.21,80.05,4.43232833333333,477.37,912.5,249.74,145.93,202.36,81.11,4.87003866666667,477.66,924.62,257.08,151.57,207.1,80.7,4.434146,477.65,902.51,248.28,154.09,194.31,78.35,3.9927353333333295,476.79,755.1,451.58,603.77
2026-01-14 05:43:59,XPQ-01 Main,2026-01-14 05:43:00,862.51,79.65,4.198995,477.93,860.75,235.9,139.94,189.25,80.41,4.57003866666667,478.24,870.31,242.24,143.21,194.27,80.49,4.334146,478.12,856.48,235.88,147.13,183.66,78.04,3.6927353333333297,477.43,714.02,430.28,567.18
2026-01-14 05:44:59,XPQ-01 Main,2026-01-14 05:44:00,780.25,83.45,4.52232833333333,478.74,779.79,213.93,118.39,177.55,83.2,5.03670533333333,478.94,776.04,216.44,114.88,182.52,84.63,4.40081266666667,479.2,784.93,216.61,121.98,178.2,82.52,4.12606866666667,478.09,646.99,355.25,538.27
2026-01-14 05:45:59,XPQ-01 Main,2026-01-14 05:45:00,866.83,80.44,4.37566166666667,477.23,865.72,236.84,141.09,189.83,80.26,4.87003866666667,477.44,863.18,239.91,138.11,195.58,81.69,4.50081266666667,477.55,871.58,239.77,145.49,189.91,79.38,3.759402,476.71,716.52,424.7,575.32
2026-01-14 05:46:59,XPQ-01 Main,2026-01-14 05:46:00,797.23,81.84,4.04232833333333,478.52,798.53,219.0,126.81,177.97,81.44,4.47003866666667,478.73,790.54,220.37,122.32,182.2,83.02,3.934146,478.93,802.62,221.38,129.28,178.98,81.07,3.7260686666666705,477.91,660.75,378.41,539.15
2026-01-14 05:47:59,XPQ-01 Main,2026-01-14 05:47:00,859.28,81.28,4.27566166666667,478.28,858.1,235.26,138.11,189.7,80.84,4.703372,478.58,852.12,237.41,133.31,195.78,82.66,4.334146,478.59,867.63,239.15,141.99,191.63,80.35,3.79273533333333,477.66,711.82,413.41,577.11
2026-01-14 05:48:59,XPQ-01 Main,2026-01-14 05:48:00,900.52,80.61,4.43232833333333,477.54,901.06,246.69,143.6,199.14,81.11,4.83670533333333,477.71,904.06,251.4,145.24,204.19,81.49,4.26747933333333,477.82,896.43,246.76,150.0,194.81,79.23,4.19273533333333,477.08,744.85,438.84,598.14
2026-01-14 05:49:59,XPQ-01 Main,2026-01-14 05:49:00,886.1,81.59,4.36566166666667,478.0,884.86,242.49,137.11,198.83,82.32,4.803372,478.13,894.41,248.92,140.42,203.86,82.35,4.334146,478.28,879.02,242.23,144.39,193.15,80.1,3.959402,477.57,733.65,421.92,595.85
2026-01-14 05:50:59,XPQ-01 Main,2026-01-14 05:50:00,910.54,79.9,4.05566166666667,477.55,911.64,249.64,147.78,200.38,80.48,4.37003866666667,477.73,914.77,254.35,149.93,204.78,80.69,4.00081266666667,477.77,905.19,249.18,153.98,195.28,78.53,3.79273533333333,477.16,753.17,451.68,600.44
2026-01-14 05:51:59,XPQ-01 Main,2026-01-14 05:51:00,763.92,79.6,4.15566166666667,478.54,762.27,209.18,126.59,166.07,79.53,4.703372,478.89,762.04,212.38,124.66,171.23,80.84,4.00081266666667,478.69,767.47,211.62,130.93,165.47,78.42,3.759402,478.04,633.19,382.18,502.76
2026-01-14 05:52:59,XPQ-01 Main,2026-01-14 05:52:00,662.11,75.93,4.46566166666667,479.43,661.52,181.84,118.72,136.73,75.51,4.93670533333333,479.6,657.62,183.59,115.66,141.38,77.4,4.434146,479.67,667.2,184.38,121.67,137.44,74.88,4.02606866666667,479.0,549.81,356.05,415.55
2026-01-14 05:53:59,XPQ-01 Main,2026-01-14 05:53:00,710.14,73.54,4.44566166666667,478.9,709.35,194.77,131.94,142.81,73.45,4.83670533333333,479.27,707.98,197.52,130.48,147.62,74.93,4.56747933333333,479.16,713.1,196.77,135.84,141.89,72.23,3.92606866666667,478.28,589.05,398.26,432.32
2026-01-14 05:54:59,XPQ-01 Main,2026-01-14 05:54:00,766.01,76.5,4.17566166666667,477.36,759.62,207.97,130.08,161.45,77.87,4.63670533333333,477.64,780.77,217.0,136.68,167.49,77.48,3.96747933333333,477.49,757.64,208.44,139.3,154.01,74.16,3.92606866666667,476.96,633.41,406.06,482.95
2026-01-14 05:55:59,XPQ-01 Main,2026-01-14 05:55:00,798.16,75.75,4.23232833333333,477.61,795.02,217.75,139.31,166.59,76.71,4.67003866666667,477.94,807.51,224.61,143.55,171.56,76.69,4.134146,477.79,791.94,217.95,146.5,160.43,73.84,3.89273533333333,477.1,660.31,429.36,498.57
2026-01-14 05:56:59,XPQ-01 Main,2026-01-14 05:56:00,742.93,77.28,4.33232833333333,477.42,738.13,202.03,125.95,156.6,77.93,5.003372,477.82,752.09,209.18,128.41,162.29,78.42,4.234146,477.71,738.58,203.16,132.59,152.62,75.49,3.759402,476.73,614.38,386.95,471.52
2026-01-14 05:57:59,XPQ-01 Main,2026-01-14 05:57:00,779.27,75.82,4.08566166666667,477.16,775.15,212.08,136.36,161.52,76.41,4.47003866666667,477.54,785.35,218.29,138.61,167.6,77.06,4.034146,477.39,777.31,213.7,143.37,157.71,73.99,3.759402,476.56,644.08,418.35,486.83
2026-01-14 05:58:59,XPQ-01 Main,2026-01-14 05:58:00,774.31,76.63,4.198995,477.26,769.29,210.6,131.94,162.48,77.63,4.603372,477.68,785.62,218.34,136.52,168.29,77.66,4.16747933333333,477.32,768.03,211.19,139.79,156.67,74.62,3.8260686666666706,476.78,640.12,408.25,487.44
2026-01-14 05:59:59,XPQ-01 Main,2026-01-14 05:59:00,856.74,78.52,4.05232833333333,477.18,851.87,233.06,140.86,184.41,79.47,4.43670533333333,477.74,868.72,241.56,145.72,191.11,79.52,4.134146,477.42,849.63,233.52,149.81,178.31,76.56,3.59273533333333,476.37,708.14,436.39,553.83
2026-01-14 06:00:59,XPQ-01 Main,2026-01-14 06:00:00,872.38,71.2,3.85232833333333,476.04,868.17,236.88,164.55,169.88,71.83,4.23670533333333,476.21,879.08,243.74,167.45,176.28,72.5,3.90081266666667,476.42,869.88,238.71,171.78,165.02,69.28,3.42606866666667,475.48,719.32,503.78,511.18
2026-01-14 06:01:59,XPQ-01 Main,2026-01-14 06:01:00,948.06,71.73,4.04566166666667,475.36,943.73,257.19,174.24,188.97,73.52,4.503372,475.62,967.96,267.99,184.62,193.79,72.4,4.00081266666667,475.67,932.49,255.47,183.91,176.61,69.26,3.62606866666667,474.77,780.65,542.78,559.38
2026-01-14 06:02:59,XPQ-01 Main,2026-01-14 06:02:00,850.06,71.01,3.9423283333333297,476.11,842.64,230.05,158.88,165.37,72.11,4.27003866666667,476.62,863.26,239.45,164.74,172.43,72.3,3.90081266666667,476.31,844.29,231.56,168.08,158.54,68.62,3.659402,475.4,701.06,491.71,496.34
2026-01-14 06:03:59,XPQ-01 Main,2026-01-14 06:03:00,905.93,71.02,4.06566166666667,475.84,902.49,246.16,169.35,178.0,72.45,4.47003866666667,475.88,921.18,255.22,176.93,182.82,71.86,4.134146,476.22,894.11,245.33,177.78,168.25,68.74,3.59273533333333,475.44,746.71,524.06,529.07
2026-01-14 06:04:59,XPQ-01 Main,2026-01-14 06:04:00,829.61,69.82,4.078995,476.13,828.11,226.07,161.59,156.88,69.66,4.43670533333333,476.48,827.32,229.45,159.97,162.79,71.32,4.234146,476.36,833.41,228.65,165.99,156.03,68.49,3.559402,475.54,684.16,487.55,475.7
2026-01-14 06:05:59,XPQ-01 Main,2026-01-14 06:05:00,765.38,64.67,4.678995,476.69,768.14,209.93,159.75,134.86,64.51,5.03670533333333,476.9,760.89,211.23,158.05,138.8,65.99,4.734146,476.97,767.09,210.77,162.31,133.44,63.51,4.259402,476.21,631.93,480.1,407.1
2026-01-14 06:06:59,XPQ-01 Main,2026-01-14 06:06:00,659.92,60.79,4.698995,477.11,657.74,179.92,143.73,107.0,59.71,5.07003866666667,477.6,652.36,181.36,140.12,113.91,63.08,4.60081266666667,477.38,669.64,184.04,147.4,109.31,59.57,4.42606866666667,476.34,545.32,431.24,330.22
2026-01-14 06:07:59,XPQ-01 Main,2026-01-14 06:07:00,701.94,65.16,4.488995,478.77,704.07,193.21,146.35,125.52,65.1,5.07003866666667,478.96,698.99,194.94,145.16,128.96,66.42,4.56747933333333,479.2,702.75,193.93,148.74,123.77,63.96,3.8260686666666706,478.16,582.08,440.25,378.26
2026-01-14 06:08:59,XPQ-01 Main,2026-01-14 06:08:00,745.1,72.69,4.22232833333333,478.02,736.4,201.78,137.76,146.78,72.92,4.503372,478.3,750.05,208.86,138.76,155.18,74.54,4.234146,478.4,748.84,206.31,145.75,145.36,70.62,3.92606866666667,477.36,616.95,422.27,447.33
2026-01-14 06:09:59,XPQ-01 Main,2026-01-14 06:09:00,802.83,74.35,4.288995,476.94,796.2,217.72,142.96,163.59,75.3,4.603372,477.37,814.55,226.33,147.65,170.44,75.58,4.36747933333333,477.23,797.72,219.21,151.53,157.94,72.16,3.89273533333333,476.22,663.26,442.15,491.97
2026-01-14 06:10:59,XPQ-01 Main,2026-01-14 06:10:00,868.17,73.69,3.978995,477.46,869.28,238.0,157.36,178.13,74.95,4.27003866666667,477.81,878.73,244.36,163.44,181.18,74.25,3.96747933333333,477.69,856.51,235.64,163.58,169.11,71.88,3.6927353333333297,476.87,718.0,484.37,528.42
2026-01-14 06:11:59,XPQ-01 Main,2026-01-14 06:11:00,777.72,75.54,4.12232833333333,477.67,773.96,211.92,138.78,158.96,75.33,4.53670533333333,477.81,776.7,216.06,136.6,165.33,77.09,4.10081266666667,478.03,782.5,215.47,143.88,159.3,74.21,3.7260686666666705,477.16,643.45,419.26,483.59
2026-01-14 06:12:59,XPQ-01 Main,2026-01-14 06:12:00,807.7,73.4,4.18566166666667,477.54,809.24,221.55,149.89,162.09,73.42,4.43670533333333,477.72,804.97,223.86,148.51,166.01,74.53,4.30081266666667,477.84,808.89,222.66,153.33,160.27,72.26,3.8260686666666706,477.07,668.07,451.74,488.37
2026-01-14 06:13:59,XPQ-01 Main,2026-01-14 06:13:00,754.1,74.74,4.26566166666667,477.28,750.78,205.39,137.37,151.74,74.13,4.703372,477.54,748.14,208.01,133.35,158.61,76.54,4.30081266666667,477.65,763.38,209.98,141.8,153.92,73.55,3.79273533333333,476.64,623.38,412.52,464.27
2026-01-14 06:14:59,XPQ-01 Main,2026-01-14 06:14:00,762.86,75.52,4.33232833333333,476.1,758.44,206.97,136.59,154.28,74.87,4.73670533333333,476.35,756.6,209.84,132.28,161.61,77.38,4.134146,476.49,773.55,212.26,141.39,156.92,74.29,4.12606866666667,475.47,629.08,410.27,472.81
2026-01-14 06:15:59,XPQ-01 Main,2026-01-14 06:15:00,805.35,75.24,4.04566166666667,475.77,805.37,219.61,144.47,164.29,75.1,4.43670533333333,475.92,802.02,222.26,142.33,169.35,76.55,4.10081266666667,476.18,808.65,221.78,148.55,163.74,74.06,3.59273533333333,475.19,663.65,435.35,497.38
2026-01-14 06:16:59,XPQ-01 Main,2026-01-14 06:16:00,721.72,70.88,4.388995,477.73,717.36,196.52,138.2,138.33,70.74,4.73670533333333,478.03,722.3,200.95,137.03,144.52,72.56,4.434146,477.93,725.5,199.74,143.25,137.85,69.34,3.9927353333333295,477.23,597.2,418.48,420.69
2026-01-14 06:17:59,XPQ-01 Main,2026-01-14 06:17:00,717.94,72.62,4.37566166666667,477.16,718.03,196.43,136.35,140.51,71.77,4.83670533333333,477.46,708.73,196.97,131.18,145.84,74.35,4.26747933333333,477.42,727.06,199.92,138.89,143.01,71.74,4.02606866666667,476.6,593.33,406.43,429.36
2026-01-14 06:18:59,XPQ-01 Main,2026-01-14 06:18:00,649.65,74.13,5.098995,478.93,642.47,176.48,116.78,131.01,74.65,5.47003866666667,479.32,656.39,183.07,118.72,137.88,75.78,5.16747933333333,479.06,650.1,179.4,124.06,128.55,71.96,4.659402,478.42,538.94,359.56,397.44
2026-01-14 06:19:59,XPQ-01 Main,2026-01-14 06:19:00,613.23,73.07,5.52232833333333,479.03,601.8,165.36,112.34,120.05,73.01,5.93670533333333,479.48,618.11,172.44,112.34,129.1,75.44,5.46747933333333,479.1,619.78,171.04,120.37,120.55,70.76,5.159402,478.51,508.83,345.05,369.69
2026-01-14 06:20:59,XPQ-01 Main,2026-01-14 06:20:00,666.86,72.15,5.15566166666667,478.26,662.1,181.6,124.76,130.55,72.3,5.83670533333333,478.54,669.3,186.39,124.87,136.43,73.77,4.90081266666667,478.42,669.18,184.44,130.29,129.07,70.38,4.72606866666667,477.83,552.43,379.91,396.04
2026-01-14 06:21:59,XPQ-01 Main,2026-01-14 06:21:00,800.97,68.63,5.008995,476.21,794.22,216.87,156.08,148.77,68.99,5.47003866666667,476.58,806.83,223.8,157.82,155.86,70.27,4.934146,476.45,801.85,220.03,163.07,145.72,66.63,4.62606866666667,475.61,660.69,476.97,450.34
2026-01-14 06:22:59,XPQ-01 Main,2026-01-14 06:22:00,1397.68,52.33,4.908995,466.39,1392.58,372.08,315.78,193.87,52.32,5.503372,466.89,1398.29,380.23,318.03,204.95,54.17,4.934146,466.97,1402.16,376.77,323.86,189.46,50.5,4.29273533333333,465.32,1129.08,957.67,588.28
2026-01-14 06:23:59,XPQ-01 Main,2026-01-14 06:23:00,878.2,77.42,5.06566166666667,475.93,869.77,237.32,147.96,184.11,77.95,5.53670533333333,476.31,887.58,246.09,150.41,192.75,78.84,5.00081266666667,476.23,877.23,240.57,157.23,180.95,75.48,4.659402,475.24,723.97,455.61,557.82
2026-01-14 06:24:59,XPQ-01 Main,2026-01-14 06:24:00,883.02,77.95,5.208995,475.41,872.17,237.67,146.58,185.26,78.42,5.63670533333333,475.64,894.37,247.66,148.65,194.22,79.41,5.234146,475.79,882.52,241.83,156.09,182.58,76.01,4.759402,474.8,727.16,451.32,562.07
2026-01-14 06:25:59,XPQ-01 Main,2026-01-14 06:25:00,913.33,78.16,5.37566166666667,475.54,905.39,246.83,151.48,193.61,78.76,5.83670533333333,475.83,923.26,255.73,154.37,201.69,79.41,5.40081266666667,475.86,911.33,249.77,160.62,189.6,76.3,4.89273533333333,474.94,752.32,466.47,584.9
2026-01-14 06:26:59,XPQ-01 Main,2026-01-14 06:26:00,949.9,78.6,5.05566166666667,475.41,943.28,257.09,156.47,203.46,79.27,5.53670533333333,475.5,959.32,265.53,159.8,211.45,79.78,4.90081266666667,475.75,947.11,259.61,166.06,198.91,76.76,4.72606866666667,475.0,782.23,482.33,613.82
2026-01-14 06:27:59,XPQ-01 Main,2026-01-14 06:27:00,929.92,79.74,5.74232833333333,475.64,922.0,251.38,149.1,201.47,80.38,6.17003866666667,475.73,940.14,260.38,152.12,209.71,80.95,5.70081266666667,475.98,927.62,254.39,158.98,197.39,77.88,5.359402,475.22,766.15,460.2,608.57
2026-01-14 06:28:59,XPQ-01 Main,2026-01-14 06:28:00,817.94,76.05,4.778995,476.62,812.09,221.93,142.43,168.73,76.42,5.303372,476.88,823.58,228.59,143.45,175.55,77.44,4.70081266666667,476.84,818.14,224.75,149.63,166.18,74.31,4.32606866666667,476.14,675.27,435.51,510.46
2026-01-14 06:29:59,XPQ-01 Main,2026-01-14 06:29:00,840.83,75.43,5.06566166666667,476.56,833.28,227.67,147.18,172.15,76.01,5.403372,476.76,849.18,235.66,149.69,179.87,76.86,5.10081266666667,476.83,840.03,230.75,155.93,168.6,73.42,4.69273533333333,476.09,694.09,452.8,520.62
2026-01-14 06:30:59,XPQ-01 Main,2026-01-14 06:30:00,835.61,75.05,5.098995,476.43,829.05,226.48,146.99,171.11,75.85,5.67003866666667,476.75,845.01,234.47,150.74,178.27,76.36,5.034146,476.63,832.75,228.64,155.81,166.17,72.95,4.59273533333333,475.91,689.59,453.54,515.55
2026-01-14 06:31:59,XPQ-01 Main,2026-01-14 06:31:00,863.76,73.73,5.06566166666667,476.82,860.41,235.26,157.46,172.81,73.92,5.503372,477.08,866.29,240.53,157.45,179.17,75.12,5.06747933333333,477.01,864.57,237.6,163.63,170.55,72.16,4.62606866666667,476.39,713.39,478.54,522.53
2026-01-14 06:32:59,XPQ-01 Main,2026-01-14 06:32:00,810.83,74.42,4.84232833333333,477.28,806.5,220.68,146.7,164.07,74.55,5.43670533333333,477.48,812.69,225.88,146.4,170.63,75.89,4.86747933333333,477.57,813.31,223.75,152.9,162.52,72.83,4.22606866666667,476.78,670.31,445.99,497.22
2026-01-14 06:33:59,XPQ-01 Main,2026-01-14 06:33:00,831.69,76.89,5.198995,477.68,823.38,225.45,144.01,172.7,76.8,5.73670533333333,477.81,833.11,231.76,142.62,181.75,78.67,5.10081266666667,478.06,838.59,230.94,151.91,173.31,75.2,4.759402,477.18,688.15,438.55,527.76
2026-01-14 06:34:59,XPQ-01 Main,2026-01-14 06:34:00,775.94,73.17,5.03232833333333,478.13,771.86,211.6,143.07,154.2,73.31,5.43670533333333,478.36,778.87,216.87,143.13,160.87,74.71,5.06747933333333,478.4,777.07,214.15,149.32,152.64,71.48,4.59273533333333,477.64,642.62,435.53,467.7
2026-01-14 06:35:59,XPQ-01 Main,2026-01-14 06:35:00,782.06,73.48,4.95566166666667,477.25,777.29,212.69,144.39,155.46,73.27,5.37003866666667,477.48,780.55,216.94,142.67,162.65,75.18,4.96747933333333,477.53,788.33,216.85,150.17,155.72,71.98,4.52606866666667,476.74,646.48,437.23,473.83
2026-01-14 06:36:59,XPQ-01 Main,2026-01-14 06:36:00,891.93,78.33,4.73232833333333,476.95,890.09,243.39,148.42,192.32,79.17,5.23670533333333,477.08,900.81,250.15,152.39,197.6,79.19,4.60081266666667,477.2,884.9,243.32,155.94,186.03,76.63,4.359402,476.57,736.86,456.75,575.95
2026-01-14 06:37:59,XPQ-01 Main,2026-01-14 06:37:00,815.01,73.61,5.408995,477.69,809.46,221.78,149.26,163.19,73.79,5.87003866666667,478.32,817.73,227.58,149.61,170.58,75.18,5.30081266666667,477.78,817.84,224.98,156.08,161.27,71.86,5.059402,476.95,674.34,454.95,495.04
2026-01-14 06:38:59,XPQ-01 Main,2026-01-14 06:38:00,802.63,73.91,5.27566166666667,477.72,800.85,219.29,145.61,163.32,74.64,5.83670533333333,478.04,808.9,225.14,148.6,168.18,74.94,5.30081266666667,478.1,798.13,219.72,151.84,158.15,72.14,4.69273533333333,477.01,664.15,446.04,489.64
2026-01-14 06:39:59,XPQ-01 Main,2026-01-14 06:39:00,848.02,72.94,5.33232833333333,477.25,845.43,231.3,156.71,169.68,73.46,5.803372,477.45,853.32,237.18,158.84,175.38,74.12,5.334146,477.6,845.32,232.54,162.97,165.43,71.24,4.859402,476.69,701.02,478.52,510.49
2026-01-14 06:40:59,XPQ-01 Main,2026-01-14 06:40:00,785.74,72.97,5.07566166666667,477.77,784.26,214.79,144.84,157.81,73.67,5.603372,478.12,791.51,220.32,147.57,162.55,74.04,4.96747933333333,478.12,781.45,215.14,150.77,152.88,71.2,4.659402,477.07,650.25,443.18,473.24
2026-01-14 06:41:59,XPQ-01 Main,2026-01-14 06:41:00,760.59,73.7,5.17566166666667,477.79,756.07,207.17,138.69,153.33,74.16,5.63670533333333,478.12,764.99,212.84,140.23,159.36,75.07,5.00081266666667,477.9,760.7,209.45,145.25,150.13,71.87,4.89273533333333,477.35,629.46,424.17,462.81
2026-01-14 06:42:59,XPQ-01 Main,2026-01-14 06:42:00,815.45,72.19,5.418995,477.5,809.86,221.67,151.93,160.69,72.66,6.003372,477.76,821.76,228.57,154.07,167.71,73.64,5.40081266666667,477.88,814.74,224.22,159.33,157.32,70.26,4.859402,476.86,674.46,465.33,485.72
2026-01-14 06:43:59,XPQ-01 Main,2026-01-14 06:43:00,823.63,73.84,5.04566166666667,477.2,819.26,224.11,149.61,165.75,74.23,5.63670533333333,477.36,829.0,230.38,150.95,172.08,75.18,5.06747933333333,477.55,822.64,226.3,156.32,162.72,72.12,4.42606866666667,476.69,680.79,456.88,500.55
2026-01-14 06:44:59,XPQ-01 Main,2026-01-14 06:44:00,792.08,73.91,5.018995,477.54,786.07,215.22,143.9,159.47,74.24,5.43670533333333,477.89,796.05,221.43,144.98,166.53,75.42,4.934146,477.78,794.13,218.52,151.12,157.08,72.06,4.69273533333333,476.94,655.17,440.01,483.09
2026-01-14 06:45:59,XPQ-01 Main,2026-01-14 06:45:00,853.48,74.53,5.008995,476.9,845.56,231.22,152.66,172.69,74.92,5.43670533333333,477.24,859.92,238.85,154.35,181.08,76.1,5.10081266666667,477.1,854.96,234.96,161.31,170.06,72.55,4.49273533333333,476.37,705.03,468.32,523.83
2026-01-14 06:46:59,XPQ-01 Main,2026-01-14 06:46:00,850.61,75.63,4.998995,476.88,841.62,230.17,148.8,175.19,76.22,5.503372,476.97,858.68,238.34,151.49,183.58,77.13,4.834146,477.01,851.54,234.13,158.37,171.86,73.54,4.659402,476.66,702.63,458.66,530.63
2026-01-14 06:47:59,XPQ-01 Main,2026-01-14 06:47:00,746.87,72.04,4.908995,477.91,738.64,202.4,140.2,145.28,71.96,5.33670533333333,478.27,748.48,208.36,139.61,153.82,74.05,4.80081266666667,478.15,753.49,207.48,147.68,145.16,70.1,4.59273533333333,477.29,618.25,427.49,444.27
2026-01-14 06:48:59,XPQ-01 Main,2026-01-14 06:48:00,819.71,74.85,5.14232833333333,477.92,812.44,222.68,145.74,167.99,75.54,5.63670533333333,478.36,828.46,230.61,148.96,175.53,76.25,5.00081266666667,478.07,818.24,225.3,154.41,163.75,72.75,4.79273533333333,477.34,678.59,449.11,507.27
2026-01-14 06:49:59,XPQ-01 Main,2026-01-14 06:49:00,787.9,75.92,5.25232833333333,477.81,777.93,213.18,137.64,162.13,76.23,5.83670533333333,478.04,794.69,221.05,138.64,170.72,77.63,5.06747933333333,477.92,791.09,217.87,146.24,160.46,73.91,4.859402,477.47,652.1,422.51,493.31
2026-01-14 06:50:59,XPQ-01 Main,2026-01-14 06:50:00,901.0,73.93,4.55566166666667,475.45,895.6,244.16,161.21,182.98,75.03,5.17003866666667,475.62,913.98,253.0,166.97,189.16,74.97,4.16747933333333,475.66,893.43,244.88,170.13,175.35,71.77,4.32606866666667,475.08,742.04,498.31,547.49
2026-01-14 06:51:59,XPQ-01 Main,2026-01-14 06:51:00,969.88,77.45,4.088995,475.76,962.07,262.34,164.61,204.1,77.84,4.503372,475.94,976.48,270.59,166.17,213.2,78.87,4.10081266666667,476.18,971.1,266.34,174.06,201.25,75.64,3.659402,475.18,799.27,504.84,618.55
2026-01-14 06:52:59,XPQ-01 Main,2026-01-14 06:52:00,1065.44,77.44,4.06566166666667,474.79,1055.97,287.43,176.41,226.61,78.91,4.53670533333333,475.18,1088.05,300.95,186.69,235.67,78.39,4.10081266666667,475.09,1052.29,287.88,190.16,215.8,75.03,3.559402,474.09,876.26,553.26,678.08
2026-01-14 06:53:59,XPQ-01 Main,2026-01-14 06:53:00,979.33,78.12,4.01232833333333,475.96,971.37,265.05,163.26,208.17,78.69,4.47003866666667,476.42,988.18,274.04,166.16,217.23,79.43,4.00081266666667,476.25,978.43,268.3,173.29,204.24,76.25,3.559402,475.2,807.39,502.72,629.64
2026-01-14 06:54:59,XPQ-01 Main,2026-01-14 06:54:00,965.54,74.04,4.05232833333333,475.91,958.21,261.53,171.46,197.24,75.47,4.53670533333333,476.05,983.93,272.55,179.95,204.11,75.01,4.10081266666667,476.03,954.49,261.88,182.4,187.28,71.64,3.52606866666667,475.64,795.96,533.81,588.62
2026-01-14 06:55:59,XPQ-01 Main,2026-01-14 06:55:00,934.66,75.03,4.088995,476.09,927.24,252.95,166.62,189.39,75.08,4.63670533333333,476.24,937.43,260.0,166.1,198.45,76.68,4.16747933333333,476.62,939.33,257.81,174.82,188.58,73.34,3.459402,475.4,770.76,507.55,576.42
2026-01-14 06:56:59,XPQ-01 Main,2026-01-14 06:56:00,933.19,73.36,4.05566166666667,475.99,928.6,253.27,170.54,186.38,73.78,4.77003866666667,476.09,939.46,260.49,172.27,193.39,74.67,4.00081266666667,476.52,931.51,255.63,177.93,182.61,71.62,3.39273533333333,475.34,769.38,520.74,562.38
2026-01-14 06:57:59,XPQ-01 Main,2026-01-14 06:57:00,971.62,71.76,4.06566166666667,475.79,969.47,264.49,181.6,191.88,72.63,4.503372,476.2,980.12,271.65,186.01,197.36,72.77,4.16747933333333,476.03,965.28,264.62,189.13,184.71,69.87,3.52606866666667,475.16,800.75,556.74,573.95
2026-01-14 06:58:59,XPQ-01 Main,2026-01-14 06:58:00,864.29,72.84,4.01232833333333,475.72,857.77,233.91,161.28,168.97,72.34,4.57003866666667,476.15,860.43,238.52,158.04,178.11,74.8,4.06747933333333,476.07,874.66,239.73,167.7,170.95,71.39,3.39273533333333,474.94,712.15,487.01,518.04
2026-01-14 06:59:59,XPQ-01 Main,2026-01-14 06:59:00,913.9,72.76,4.33232833333333,476.12,911.76,248.85,171.19,180.07,72.48,4.83670533333333,476.53,909.92,252.43,168.62,187.08,74.28,4.30081266666667,476.46,920.04,252.39,176.09,180.24,71.53,3.859402,475.38,753.67,515.9,547.39
2026-01-14 07:00:59,XPQ-01 Main,2026-01-14 07:00:00,933.2,73.19,4.12232833333333,475.38,929.58,253.26,171.56,185.74,73.46,4.33670533333333,475.54,935.93,259.16,172.42,192.81,74.54,4.20081266666667,475.83,934.09,255.98,178.47,182.94,71.58,3.8260686666666706,474.76,768.4,522.45,561.49
2026-01-14 07:01:59,XPQ-01 Main,2026-01-14 07:01:00,907.1,73.54,4.188995,476.1,903.45,246.52,167.11,180.46,73.37,4.403372,476.15,903.94,250.62,165.06,187.34,75.03,4.534146,476.54,913.9,250.89,172.69,180.22,72.2,3.62606866666667,475.6,748.02,504.86,548.02
2026-01-14 07:02:59,XPQ-01 Main,2026-01-14 07:02:00,906.68,72.17,4.16566166666667,476.1,903.49,246.62,169.53,178.28,72.47,4.37003866666667,476.27,910.12,252.31,170.38,184.78,73.52,4.36747933333333,476.38,906.45,248.77,176.12,175.21,70.53,3.759402,475.64,747.7,516.03,538.26
2026-01-14 07:03:59,XPQ-01 Main,2026-01-14 07:03:00,931.73,72.85,4.35566166666667,475.76,928.63,253.24,172.14,184.77,73.17,4.603372,475.89,935.36,259.15,173.18,191.41,74.15,4.60081266666667,476.14,931.21,255.41,178.97,181.61,71.23,3.859402,475.24,767.8,524.29,557.78
2026-01-14 07:04:59,XPQ-01 Main,2026-01-14 07:04:00,928.94,73.89,4.22232833333333,475.76,923.32,251.75,170.04,185.03,73.63,4.83670533333333,475.85,927.64,257.03,167.52,193.44,75.59,4.234146,476.21,935.87,256.71,176.71,185.8,72.46,3.59273533333333,475.21,765.5,514.28,564.26
2026-01-14 07:05:59,XPQ-01 Main,2026-01-14 07:05:00,923.29,73.41,4.35232833333333,476.22,918.23,250.64,169.46,184.01,73.56,4.83670533333333,476.25,925.73,256.69,169.43,191.21,74.84,4.534146,476.62,925.91,254.26,176.39,182.14,71.83,3.6927353333333297,475.79,761.59,515.29,557.35
2026-01-14 07:06:59,XPQ-01 Main,2026-01-14 07:06:00,936.03,73.15,4.32232833333333,475.7,932.02,254.12,172.3,186.15,73.39,4.67003866666667,475.71,939.18,260.13,172.82,192.94,74.49,4.56747933333333,476.11,936.9,257.0,179.19,183.58,71.56,3.7260686666666705,475.28,771.25,524.31,562.67
2026-01-14 07:07:59,XPQ-01 Main,2026-01-14 07:07:00,967.5,74.6,4.098995,475.13,962.78,262.24,172.6,196.9,75.2,4.53670533333333,475.21,974.82,269.67,175.43,203.73,75.78,4.234146,475.45,964.9,264.33,180.8,192.11,72.82,3.52606866666667,474.72,796.24,528.83,592.74
2026-01-14 07:08:59,XPQ-01 Main,2026-01-14 07:08:00,962.55,72.37,4.208995,474.66,958.0,260.65,176.66,191.04,73.42,4.73670533333333,474.76,973.71,269.14,182.41,197.29,73.42,4.30081266666667,475.05,955.96,261.6,185.71,183.41,70.27,3.59273533333333,474.16,791.39,544.79,571.73
2026-01-14 07:09:59,XPQ-01 Main,2026-01-14 07:09:00,874.79,71.53,4.14232833333333,474.94,875.09,238.17,168.16,168.04,70.68,4.53670533333333,475.13,863.19,238.84,162.38,174.43,73.19,4.26747933333333,475.43,886.08,242.58,171.06,171.08,70.72,3.62606866666667,474.26,719.59,501.6,513.55
2026-01-14 07:10:59,XPQ-01 Main,2026-01-14 07:10:00,1043.98,74.53,4.498995,473.77,1038.95,282.2,184.34,213.27,75.66,4.93670533333333,473.8,1058.11,291.81,191.19,219.85,75.46,4.50081266666667,474.05,1034.89,282.73,194.36,204.43,72.47,4.059402,473.46,856.74,569.88,637.55
2026-01-14 07:11:59,XPQ-01 Main,2026-01-14 07:11:00,988.09,76.4,4.278995,474.56,983.56,267.35,173.39,202.96,76.03,4.57003866666667,474.59,983.24,271.86,169.62,211.58,78.02,4.26747933333333,475.26,997.49,272.97,179.82,204.74,75.14,3.9927353333333295,473.84,812.18,522.83,619.29
2026-01-14 07:12:59,XPQ-01 Main,2026-01-14 07:12:00,947.8,73.29,4.37566166666667,474.52,943.55,256.53,174.13,187.63,73.3,4.57003866666667,474.53,948.06,262.03,173.32,194.8,74.71,4.66747933333333,475.09,951.79,260.44,180.46,186.43,71.85,3.89273533333333,473.93,779.0,527.91,568.87
2026-01-14 07:13:59,XPQ-01 Main,2026-01-14 07:13:00,987.12,72.68,4.42232833333333,473.51,974.8,264.63,176.69,196.74,74.4,4.83670533333333,473.53,1011.02,278.67,187.78,205.5,73.82,4.56747933333333,473.81,975.55,266.38,190.4,185.67,69.82,3.859402,473.19,809.67,554.86,587.92
2026-01-14 07:14:59,XPQ-01 Main,2026-01-14 07:14:00,966.79,72.97,4.298995,473.92,956.3,259.77,174.25,192.35,74.11,4.703372,474.08,983.42,271.44,181.26,201.02,74.27,4.534146,474.34,960.65,262.47,185.81,184.9,70.54,3.659402,473.36,793.68,541.32,578.28
2026-01-14 07:15:59,XPQ-01 Main,2026-01-14 07:15:00,906.04,72.36,4.098995,474.66,902.8,245.58,170.37,176.3,71.91,4.43670533333333,474.78,900.57,248.99,166.97,183.69,74.0,4.26747933333333,475.14,914.73,250.32,175.35,177.59,71.16,3.59273533333333,474.06,744.89,512.69,537.58
2026-01-14 07:16:59,XPQ-01 Main,2026-01-14 07:16:00,882.51,71.92,4.13232833333333,474.72,878.15,238.83,166.94,169.83,71.31,4.33670533333333,474.78,876.0,242.27,163.01,178.35,73.81,4.40081266666667,475.35,893.39,244.54,172.7,172.25,70.62,3.659402,474.03,725.63,502.65,520.43
2026-01-14 07:17:59,XPQ-01 Main,2026-01-14 07:17:00,994.23,73.2,3.998995,473.95,983.69,267.3,178.15,198.88,74.49,4.53670533333333,473.98,1012.35,279.3,186.26,207.65,74.44,3.96747933333333,474.23,986.65,269.65,190.58,190.37,70.67,3.49273533333333,473.64,816.24,554.98,596.91
2026-01-14 07:18:59,XPQ-01 Main,2026-01-14 07:18:00,979.25,72.76,4.16566166666667,473.41,970.99,263.46,176.23,195.66,74.3,4.703372,473.42,999.26,275.44,185.75,202.99,73.78,4.26747933333333,473.85,967.5,264.13,187.93,185.31,70.21,3.52606866666667,472.96,803.03,549.91,583.96
2026-01-14 07:19:59,XPQ-01 Main,2026-01-14 07:19:00,1007.93,73.23,4.37566166666667,473.18,998.69,270.92,180.46,201.63,74.51,4.803372,473.34,1025.42,282.53,188.54,209.82,74.38,4.434146,473.48,999.68,272.69,192.33,192.77,70.79,3.89273533333333,472.71,826.14,561.33,604.21
2026-01-14 07:20:59,XPQ-01 Main,2026-01-14 07:20:00,964.38,73.53,4.298995,473.11,959.31,260.14,176.21,191.03,73.51,4.77003866666667,473.22,963.79,265.54,175.21,198.83,75.03,4.234146,473.52,970.03,264.6,182.96,190.17,72.06,3.89273533333333,472.6,790.28,534.38,580.03
2026-01-14 07:21:59,XPQ-01 Main,2026-01-14 07:21:00,961.52,74.41,4.22232833333333,473.71,957.03,259.87,171.98,194.04,74.83,4.57003866666667,473.9,966.35,266.62,173.66,201.23,75.71,4.40081266666667,474.06,961.19,262.47,179.88,190.44,72.7,3.6927353333333297,473.17,788.95,525.52,585.71
2026-01-14 07:22:59,XPQ-01 Main,2026-01-14 07:22:00,911.18,74.59,4.378995,473.53,906.35,245.92,164.84,182.01,74.12,4.77003866666667,473.56,906.11,249.9,161.04,190.35,76.34,4.434146,474.08,921.07,251.51,170.75,184.08,73.31,3.92606866666667,472.97,747.34,496.64,556.44
2026-01-14 07:23:59,XPQ-01 Main,2026-01-14 07:23:00,931.58,73.79,4.45232833333333,473.93,925.54,251.39,168.67,185.02,73.9,4.903372,473.94,932.96,257.47,168.59,193.46,75.39,4.434146,474.37,936.25,255.87,176.75,183.71,72.06,4.02606866666667,473.48,764.73,514.01,562.2
2026-01-14 07:24:59,XPQ-01 Main,2026-01-14 07:24:00,962.44,74.22,4.22232833333333,471.72,954.54,258.04,170.19,193.22,75.04,4.63670533333333,471.79,974.4,267.69,174.75,200.9,75.45,4.30081266666667,472.18,958.37,260.66,179.89,187.53,72.17,3.7260686666666705,471.19,786.4,524.82,581.65
2026-01-14 07:25:59,XPQ-01 Main,2026-01-14 07:25:00,948.98,73.2,4.398995,472.28,939.69,254.37,171.33,187.29,73.78,4.87003866666667,472.31,958.49,263.57,174.51,195.87,74.66,4.66747933333333,472.69,948.77,258.38,180.96,183.24,71.15,3.659402,471.83,776.33,526.81,566.4
2026-01-14 07:26:59,XPQ-01 Main,2026-01-14 07:26:00,943.13,73.26,4.16566166666667,471.59,938.93,253.7,171.64,186.29,73.54,4.503372,471.45,945.72,259.69,172.4,193.38,74.64,4.30081266666667,472.14,944.74,257.01,179.09,183.62,71.59,3.6927353333333297,471.18,770.4,523.13,563.29
2026-01-14 07:27:59,XPQ-01 Main,2026-01-14 07:27:00,1006.2,73.46,3.7456616666666704,471.11,1003.9,271.01,182.17,199.82,73.9,4.13670533333333,471.12,1010.65,277.28,183.86,206.13,74.63,3.7674793333333296,471.59,1004.06,272.78,189.28,195.56,71.85,3.32606866666667,470.61,821.07,555.32,601.51
2026-01-14 07:28:59,XPQ-01 Main,2026-01-14 07:28:00,1186.83,76.63,3.7423283333333295,472.92,1182.88,320.5,200.98,249.09,77.83,4.303372,472.92,1204.27,331.71,209.59,256.33,77.42,3.96747933333333,473.52,1173.35,320.01,212.66,238.68,74.66,2.959402,472.31,972.22,623.24,744.1
2026-01-14 07:29:59,XPQ-01 Main,2026-01-14 07:29:00,1090.49,75.84,3.708995,474.28,1081.07,293.68,191.46,222.38,75.78,4.303372,474.37,1092.02,301.8,190.36,233.42,77.5,3.7674793333333296,475.02,1098.37,300.37,200.97,222.77,74.25,3.059402,473.46,895.84,582.8,678.57
2026-01-14 07:30:59,XPQ-01 Main,2026-01-14 07:30:00,1025.79,73.43,3.94566166666667,474.79,1015.38,276.29,187.83,202.27,73.28,4.503372,474.9,1026.23,283.77,186.51,213.37,75.29,3.734146,475.24,1035.76,283.53,197.2,203.03,71.73,3.59273533333333,474.23,843.6,571.54,618.68
2026-01-14 07:31:59,XPQ-01 Main,2026-01-14 07:31:00,1187.8,76.55,3.9556616666666704,473.42,1178.65,319.74,200.71,248.56,77.8,4.37003866666667,473.39,1208.41,333.12,210.13,258.05,77.54,3.90081266666667,473.94,1176.35,321.2,214.77,238.43,74.3,3.59273533333333,472.93,974.06,625.6,745.04
2026-01-14 07:32:59,XPQ-01 Main,2026-01-14 07:32:00,1143.67,75.66,3.7123283333333297,473.59,1135.76,308.28,198.36,235.53,76.49,4.13670533333333,473.7,1156.02,318.84,203.87,244.82,76.85,3.7674793333333296,473.98,1139.24,311.06,210.29,228.9,73.64,3.22606866666667,473.07,938.19,612.51,709.26
2026-01-14 07:33:59,XPQ-01 Main,2026-01-14 07:33:00,1140.13,76.08,3.988995,473.84,1132.38,307.41,196.83,235.91,76.78,4.47003866666667,473.6,1151.69,317.69,201.17,244.64,77.24,4.10081266666667,474.45,1136.32,310.67,207.67,230.07,74.23,3.39273533333333,473.48,935.78,605.67,710.62
2026-01-14 07:34:59,XPQ-01 Main,2026-01-14 07:34:00,1121.86,74.51,3.7656616666666705,473.12,1113.09,301.74,200.11,225.62,74.81,4.203372,472.85,1127.14,310.41,201.43,235.63,76.01,3.90081266666667,473.69,1125.34,307.21,210.77,223.2,72.71,3.19273533333333,472.8,919.36,612.31,684.44
2026-01-14 07:35:59,XPQ-01 Main,2026-01-14 07:35:00,1117.7,75.59,3.898995,473.15,1110.35,301.15,193.78,230.17,76.5,4.403372,473.15,1131.18,311.57,199.62,238.6,76.7,4.00081266666667,473.49,1111.57,303.3,205.24,222.96,73.57,3.29273533333333,472.79,916.03,598.64,691.73
2026-01-14 07:36:59,XPQ-01 Main,2026-01-14 07:36:00,1119.86,76.04,3.8123283333333298,473.17,1110.31,301.09,192.62,231.27,76.84,4.23670533333333,473.08,1133.17,312.14,197.73,240.89,77.3,3.90081266666667,473.63,1116.11,304.62,204.73,225.21,74.0,3.29273533333333,472.79,917.85,595.07,697.36
2026-01-14 07:37:59,XPQ-01 Main,2026-01-14 07:37:00,1108.24,75.98,4.04566166666667,472.82,1102.34,298.78,191.56,229.01,76.7,4.703372,472.83,1118.49,307.86,195.77,236.84,77.08,3.9008126666666705,473.16,1103.9,301.0,201.67,222.86,74.15,3.52606866666667,472.48,907.64,589.01,688.7
2026-01-14 07:38:59,XPQ-01 Main,2026-01-14 07:38:00,1078.62,74.83,3.998995,472.99,1069.81,290.02,191.15,217.73,75.15,4.403372,472.98,1084.26,298.58,192.47,227.05,76.28,4.034146,473.4,1081.77,295.08,200.97,214.98,73.05,3.559402,472.58,883.68,584.59,659.76
2026-01-14 07:39:59,XPQ-01 Main,2026-01-14 07:39:00,1041.57,72.82,3.88566166666667,473.52,1034.6,280.76,191.23,205.08,73.14,4.37003866666667,473.44,1046.28,288.45,192.62,214.02,74.33,3.8674793333333297,473.99,1043.83,285.08,200.64,202.17,70.98,3.42606866666667,473.13,854.29,584.48,621.27
2026-01-14 07:40:59,XPQ-01 Main,2026-01-14 07:40:00,1046.44,74.47,4.098995,473.21,1036.0,281.08,186.91,208.88,74.52,4.603372,473.2,1049.33,289.01,186.57,219.72,76.23,4.06747933333333,473.47,1053.99,287.63,197.2,208.5,72.65,3.6260686666666704,472.95,857.72,570.67,637.1
2026-01-14 07:41:59,XPQ-01 Main,2026-01-14 07:41:00,1326.15,79.91,3.798995,471.33,1310.61,353.96,211.08,283.96,80.25,4.23670533333333,471.19,1336.34,366.68,212.84,298.21,81.39,3.934146,471.86,1331.5,362.03,225.96,282.4,78.08,3.22606866666667,470.93,1082.68,649.89,864.56
2026-01-14 07:42:59,XPQ-01 Main,2026-01-14 07:42:00,1292.41,80.06,3.8656616666666705,471.6,1276.41,344.92,203.64,278.22,80.69,4.303372,471.38,1307.86,359.02,207.98,292.21,81.47,3.96747933333333,472.1,1292.97,351.84,219.99,274.25,78.01,3.32606866666667,471.32,1055.77,631.62,844.68
2026-01-14 07:43:59,XPQ-01 Main,2026-01-14 07:43:00,1270.85,79.22,3.8756616666666703,471.89,1257.77,340.14,202.75,272.59,80.24,4.403372,472.01,1290.69,354.73,210.79,284.68,80.37,4.00081266666667,472.33,1264.1,343.94,218.87,264.66,77.06,3.22606866666667,471.33,1038.81,632.42,821.93
2026-01-14 07:44:59,XPQ-01 Main,2026-01-14 07:44:00,1329.01,79.73,3.7523283333333297,471.32,1315.59,355.13,210.46,285.73,80.52,4.103372,471.16,1347.33,369.85,216.73,298.66,80.93,3.90081266666667,472.07,1324.11,360.05,226.3,279.55,77.73,3.259402,470.74,1085.03,653.49,863.94
2026-01-14 07:45:59,XPQ-01 Main,2026-01-14 07:45:00,1339.05,80.27,3.9223283333333296,472.43,1325.32,358.66,210.83,289.76,80.86,4.57003866666667,472.1,1353.75,372.28,214.78,302.61,81.55,3.96747933333333,473.08,1338.08,364.84,225.9,285.39,78.41,3.22606866666667,472.11,1095.79,651.51,877.75
2026-01-14 07:46:59,XPQ-01 Main,2026-01-14 07:46:00,1293.39,79.7,3.9423283333333297,472.78,1279.83,346.87,206.9,277.99,80.22,4.403372,472.68,1305.3,359.14,210.07,290.72,81.05,4.06747933333333,473.07,1295.04,353.18,221.32,274.34,77.83,3.359402,472.57,1059.19,638.29,843.05
2026-01-14 07:47:59,XPQ-01 Main,2026-01-14 07:47:00,1298.94,79.1,3.8756616666666703,472.6,1285.95,348.39,210.79,276.98,79.58,4.53670533333333,472.7,1309.89,360.42,213.8,289.77,80.47,3.66747933333333,472.93,1300.99,354.52,224.75,273.53,77.26,3.42606866666667,472.17,1063.33,649.33,840.28
2026-01-14 07:48:59,XPQ-01 Main,2026-01-14 07:48:00,1293.7,79.73,3.84232833333333,472.49,1286.35,348.12,207.46,279.35,80.28,4.27003866666667,472.4,1303.99,358.88,210.87,289.83,80.86,4.034146,473.21,1290.77,351.8,219.85,274.46,78.05,3.22606866666667,471.87,1058.8,638.18,843.65
2026-01-14 07:49:59,XPQ-01 Main,2026-01-14 07:49:00,1304.07,79.96,3.898995,472.53,1287.01,348.64,206.27,280.55,80.57,4.37003866666667,472.43,1319.07,362.72,210.41,294.94,81.41,3.934146,472.81,1306.13,356.03,222.88,276.91,77.9,3.39273533333333,472.36,1067.39,639.56,852.4
2026-01-14 07:50:59,XPQ-01 Main,2026-01-14 07:50:00,1307.07,79.75,3.688995,472.57,1290.38,349.39,209.23,279.56,80.06,4.07003866666667,472.38,1317.31,362.4,210.44,294.41,81.35,3.7674793333333296,473.12,1313.51,358.13,224.7,278.58,77.84,3.22606866666667,472.21,1069.92,644.36,852.55
2026-01-14 07:51:59,XPQ-01 Main,2026-01-14 07:51:00,1322.96,79.66,3.82232833333333,472.12,1310.99,354.61,210.46,285.31,80.47,4.203372,471.96,1339.97,368.33,216.63,297.51,80.84,3.90081266666667,472.68,1317.93,358.97,226.03,278.65,77.66,3.359402,471.71,1081.91,653.12,861.46
2026-01-14 07:52:59,XPQ-01 Main,2026-01-14 07:52:00,1173.83,77.56,3.74566166666667,473.51,1159.79,314.75,196.47,245.54,78.08,4.03670533333333,473.48,1185.22,326.73,199.55,258.28,79.13,3.96747933333333,473.92,1176.47,321.29,210.66,242.36,75.47,3.22606866666667,473.14,962.78,606.67,746.19
2026-01-14 07:53:59,XPQ-01 Main,2026-01-14 07:53:00,1166.93,76.25,3.93232833333333,473.39,1161.86,315.17,203.59,240.44,76.32,4.17003866666667,473.13,1166.95,321.53,202.49,249.27,77.62,4.06747933333333,473.93,1171.99,320.13,212.16,239.29,74.83,3.559402,473.1,956.83,618.24,729.01
2026-01-14 07:54:59,XPQ-01 Main,2026-01-14 07:54:00,1127.8,76.11,3.998995,473.97,1121.63,304.68,196.46,232.55,76.39,4.43670533333333,473.88,1131.84,312.29,197.04,241.34,77.46,4.034146,474.4,1129.92,308.91,205.79,229.77,74.49,3.52606866666667,473.64,925.89,599.28,703.67
2026-01-14 07:55:59,XPQ-01 Main,2026-01-14 07:55:00,1155.77,75.73,4.018995,472.47,1147.48,310.7,200.78,236.45,76.23,4.57003866666667,472.42,1164.21,320.25,203.57,246.32,77.08,4.10081266666667,472.95,1155.63,314.92,211.93,232.42,73.89,3.39273533333333,472.05,945.87,616.27,715.19
2026-01-14 07:56:59,XPQ-01 Main,2026-01-14 07:56:00,1163.4,76.56,3.96566166666667,472.4,1157.42,313.32,201.6,239.19,76.46,4.47003866666667,472.28,1161.8,319.53,199.27,248.33,77.99,4.06747933333333,472.92,1170.99,319.09,209.62,239.35,75.23,3.359402,472.0,951.94,610.5,726.87
2026-01-14 07:57:59,XPQ-01 Main,2026-01-14 07:57:00,1155.89,75.68,4.03232833333333,472.29,1148.71,310.94,202.16,235.98,75.94,4.503372,472.18,1159.41,318.74,202.85,245.2,77.05,4.16747933333333,472.71,1159.54,315.89,211.87,233.39,74.04,3.42606866666667,471.96,945.57,616.88,714.57
2026-01-14 07:58:59,XPQ-01 Main,2026-01-14 07:58:00,1181.92,75.89,3.96566166666667,471.93,1177.68,318.42,208.3,240.49,75.59,4.33670533333333,471.84,1175.97,323.19,204.42,249.96,77.41,4.00081266666667,472.55,1192.09,324.49,215.71,242.15,74.67,3.559402,471.39,966.1,628.44,732.61
2026-01-14 07:59:59,XPQ-01 Main,2026-01-14 07:59:00,1160.45,75.52,4.03232833333333,471.69,1150.88,311.13,201.84,236.36,76.05,4.303372,471.71,1170.12,321.37,204.99,246.57,76.9,4.234146,472.1,1160.36,315.63,213.39,232.1,73.62,3.559402,471.25,948.13,620.22,715.03
2026-01-14 08:00:59,XPQ-01 Main,2026-01-14 08:00:00,1149.84,75.17,3.96566166666667,472.35,1137.96,307.99,201.61,232.14,75.5,4.17003866666667,472.52,1156.86,318.37,203.49,243.58,76.74,4.10081266666667,472.9,1154.7,314.42,213.31,229.7,73.28,3.62606866666667,471.63,940.78,618.41,705.42
2026-01-14 08:01:59,XPQ-01 Main,2026-01-14 08:01:00,1138.47,76.9,3.83232833333333,473.23,1134.89,307.55,198.26,234.87,76.42,4.203372,472.97,1129.89,311.41,192.94,244.01,78.44,4.10081266666667,474.04,1150.63,314.19,204.45,237.94,75.85,3.19273533333333,472.67,933.14,595.65,716.82
2026-01-14 08:02:59,XPQ-01 Main,2026-01-14 08:02:00,1149.29,77.7,3.7556616666666702,473.14,1147.8,311.14,197.08,240.37,77.33,4.13670533333333,472.96,1141.09,314.34,192.14,248.32,79.09,3.7674793333333296,473.73,1158.97,316.37,202.73,242.22,76.68,3.359402,472.73,941.84,591.95,730.9
2026-01-14 08:03:59,XPQ-01 Main,2026-01-14 08:03:00,1188.76,76.6,3.6656616666666704,473.15,1186.96,321.81,205.38,247.27,76.93,4.103372,473.16,1191.22,328.24,206.29,254.81,77.72,3.66747933333333,473.68,1188.11,324.2,213.81,243.48,75.14,3.22606866666667,472.62,974.24,625.48,745.56
2026-01-14 08:04:59,XPQ-01 Main,2026-01-14 08:04:00,1124.81,75.13,3.7556616666666702,473.0,1114.43,301.97,198.6,227.18,75.29,4.17003866666667,472.95,1129.55,311.19,199.15,238.15,76.71,3.934146,473.66,1130.44,308.4,209.06,225.97,73.4,3.159402,472.41,921.56,606.82,691.31
2026-01-14 08:05:59,XPQ-01 Main,2026-01-14 08:05:00,1018.08,72.69,4.13232833333333,473.39,1014.48,275.07,190.07,198.44,72.22,4.57003866666667,473.38,1011.57,278.99,186.09,206.96,74.36,4.16747933333333,474.11,1028.17,280.69,195.88,200.35,71.5,3.659402,472.69,834.75,572.05,605.75
2026-01-14 08:06:59,XPQ-01 Main,2026-01-14 08:06:00,1055.21,69.52,4.008995,472.8,1043.43,282.8,199.16,200.45,70.94,4.47003866666667,472.82,1074.58,295.77,208.8,209.34,70.8,4.034146,473.15,1047.61,285.63,212.23,190.59,66.82,3.52606866666667,472.44,864.21,620.19,600.38
2026-01-14 08:07:59,XPQ-01 Main,2026-01-14 08:07:00,1030.24,74.39,3.998995,473.81,1031.66,280.05,188.66,206.45,73.82,4.33670533333333,473.92,1019.33,281.38,183.23,213.12,75.83,4.10081266666667,474.41,1039.74,284.04,192.28,208.64,73.54,3.559402,473.1,845.46,564.17,628.22
2026-01-14 08:08:59,XPQ-01 Main,2026-01-14 08:08:00,1124.49,72.28,3.8556616666666703,472.37,1117.11,302.42,206.91,219.95,72.84,4.37003866666667,472.44,1133.65,311.85,210.46,228.99,73.63,3.7674793333333296,472.83,1122.72,305.81,216.91,214.83,70.37,3.42606866666667,471.85,920.08,634.28,663.77
2026-01-14 08:09:59,XPQ-01 Main,2026-01-14 08:09:00,1057.35,74.54,3.96566166666667,473.82,1051.24,285.44,189.49,213.03,74.72,4.47003866666667,473.78,1060.39,292.56,189.66,221.72,75.99,4.20081266666667,474.31,1060.43,289.78,198.06,211.08,72.92,3.22606866666667,473.35,867.77,577.21,645.83
2026-01-14 08:10:59,XPQ-01 Main,2026-01-14 08:10:00,1062.81,72.61,3.898995,473.86,1054.35,286.4,195.24,209.16,73.1,4.17003866666667,473.87,1070.06,295.2,197.99,218.18,74.05,4.16747933333333,474.22,1064.03,290.76,205.28,205.04,70.67,3.359402,473.5,872.35,598.51,632.39
2026-01-14 08:11:59,XPQ-01 Main,2026-01-14 08:11:00,1080.57,73.95,4.218995,473.61,1072.95,291.35,194.41,216.55,74.41,4.703372,473.74,1087.61,299.89,196.71,225.42,75.34,4.30081266666667,473.86,1081.14,295.21,204.22,212.52,72.1,3.659402,473.24,886.45,595.35,654.48
2026-01-14 08:12:59,XPQ-01 Main,2026-01-14 08:12:00,1096.99,74.1,3.74232833333333,472.62,1095.65,296.66,200.19,218.71,73.76,4.37003866666667,472.6,1090.44,300.19,196.38,226.62,75.57,3.7008126666666703,473.25,1104.89,301.14,205.79,219.6,72.97,3.159402,471.99,897.99,602.37,664.93
2026-01-14 08:13:59,XPQ-01 Main,2026-01-14 08:13:00,1142.4,74.44,4.02232833333333,472.84,1136.27,307.94,203.46,230.76,75.01,4.47003866666667,472.89,1150.92,316.88,206.68,239.3,75.68,4.034146,473.26,1140.01,310.84,213.37,225.49,72.64,3.559402,472.39,935.66,623.51,695.55
2026-01-14 08:14:59,XPQ-01 Main,2026-01-14 08:14:00,1082.71,74.05,3.9123283333333294,472.17,1073.98,290.6,192.94,216.96,74.73,4.303372,472.2,1093.42,300.66,197.11,226.18,75.39,4.10081266666667,472.65,1080.74,294.26,203.63,211.48,72.04,3.32606866666667,471.66,885.52,593.67,654.63
2026-01-14 08:15:59,XPQ-01 Main,2026-01-14 08:15:00,1000.18,71.68,3.688995,472.95,989.17,268.29,184.19,194.46,72.6,3.903372,473.32,1014.04,279.28,190.05,203.98,73.16,3.834146,473.08,997.34,271.82,195.73,187.96,69.27,3.32606866666667,472.45,819.39,569.96,586.4
2026-01-14 08:16:59,XPQ-01 Main,2026-01-14 08:16:00,1001.31,70.93,4.398995,473.4,999.93,271.23,192.4,190.59,70.37,4.77003866666667,473.51,993.34,273.94,187.87,198.23,72.58,4.56747933333333,473.93,1010.67,275.84,197.1,192.34,69.84,3.859402,472.75,821.01,577.37,581.16
2026-01-14 08:17:59,XPQ-01 Main,2026-01-14 08:17:00,954.06,74.0,4.33232833333333,473.19,947.05,256.89,171.75,190.63,74.29,4.83670533333333,473.27,958.72,264.15,172.79,198.66,75.45,4.36747933333333,473.55,956.42,260.93,179.94,188.06,72.25,3.79273533333333,472.74,781.97,524.49,577.35
2026-01-14 08:18:59,XPQ-01 Main,2026-01-14 08:18:00,953.79,75.89,4.23232833333333,473.15,947.26,256.82,167.45,194.29,75.75,4.73670533333333,473.26,953.01,262.66,165.63,203.28,77.52,4.234146,473.69,961.09,262.19,175.02,194.78,74.38,3.72606866666667,472.51,781.67,508.1,592.35
2026-01-14 08:19:59,XPQ-01 Main,2026-01-14 08:19:00,892.56,72.07,3.93232833333333,473.38,887.69,240.72,166.88,173.16,72.01,4.403372,473.44,892.1,246.05,166.07,180.97,73.68,3.7674793333333296,474.05,897.88,245.07,173.45,172.59,70.53,3.62606866666667,472.64,731.84,506.39,526.72
2026-01-14 08:20:59,XPQ-01 Main,2026-01-14 08:20:00,903.56,71.9,4.33232833333333,473.4,898.34,243.75,168.98,175.18,71.97,4.87003866666667,473.65,904.77,249.51,168.91,182.73,73.43,4.50081266666667,473.83,907.56,247.63,175.74,173.65,70.29,3.62606866666667,472.74,740.9,513.63,531.56
2026-01-14 08:21:59,XPQ-01 Main,2026-01-14 08:21:00,977.68,67.88,4.618995,471.91,976.24,263.96,193.95,178.13,67.64,5.07003866666667,472.13,974.09,267.86,192.1,185.16,69.4,4.70081266666667,472.5,982.72,267.31,199.01,177.68,66.6,4.09273533333333,471.1,799.13,585.06,540.98
2026-01-14 08:22:59,XPQ-01 Main,2026-01-14 08:22:00,1016.68,67.98,4.798995,471.32,1009.54,272.76,197.6,187.7,68.87,5.07003866666667,471.43,1027.68,282.04,203.18,195.32,69.3,4.834146,471.66,1012.82,275.22,207.08,180.79,65.77,4.49273533333333,470.86,830.02,607.86,563.81
2026-01-14 08:23:59,XPQ-01 Main,2026-01-14 08:23:00,1119.17,73.67,5.388995,471.17,1118.48,301.89,204.78,221.58,73.44,5.73670533333333,471.02,1113.33,305.48,201.8,228.66,74.98,5.26747933333333,471.84,1125.68,305.97,209.98,221.69,72.6,5.159402,470.65,913.34,616.55,671.93
2026-01-14 08:24:59,XPQ-01 Main,2026-01-14 08:24:00,1161.85,74.81,4.698995,470.87,1159.91,312.86,208.11,233.2,74.61,5.07003866666667,470.94,1156.66,317.32,205.27,241.57,76.2,4.56747933333333,471.54,1168.98,317.39,214.63,233.54,73.63,4.459402,470.12,947.57,628.0,708.31
2026-01-14 08:25:59,XPQ-01 Main,2026-01-14 08:25:00,1096.8,75.32,5.03232833333333,471.43,1091.79,294.91,194.19,221.65,75.22,5.33670533333333,471.49,1094.8,300.62,192.28,230.55,76.8,4.90081266666667,471.99,1103.81,300.06,201.74,221.67,73.96,4.859402,470.82,895.6,588.21,673.87
2026-01-14 08:26:59,XPQ-01 Main,2026-01-14 08:26:00,1079.3,72.5,5.27566166666667,471.49,1072.28,289.87,196.49,212.56,73.43,5.67003866666667,471.71,1091.66,299.72,202.35,220.49,73.68,5.034146,471.74,1073.95,291.88,206.98,205.18,70.4,5.12606866666667,471.04,881.47,605.82,638.23
2026-01-14 08:27:59,XPQ-01 Main,2026-01-14 08:27:00,1068.26,74.06,5.37566166666667,472.17,1063.51,287.62,192.09,213.25,74.3,5.83670533333333,472.11,1071.34,294.67,192.87,221.64,75.44,5.20081266666667,472.89,1069.94,291.39,200.35,210.59,72.45,5.09273533333333,471.52,873.68,585.3,645.48
2026-01-14 08:28:59,XPQ-01 Main,2026-01-14 08:28:00,1186.53,76.29,5.34566166666667,470.93,1178.16,317.86,202.11,244.79,77.11,5.87003866666667,471.03,1200.61,329.4,207.88,254.5,77.45,4.96747933333333,471.52,1180.81,320.63,214.38,237.97,74.3,5.19273533333333,470.25,967.89,624.38,737.26
2026-01-14 08:29:59,XPQ-01 Main,2026-01-14 08:29:00,1182.35,78.04,5.12232833333333,471.49,1175.59,317.45,197.63,247.88,78.19,5.603372,471.32,1185.95,325.67,197.26,257.49,79.38,4.86747933333333,472.22,1185.51,322.48,207.03,246.38,76.56,4.89273533333333,470.93,965.6,601.92,751.75
2026-01-14 08:30:59,XPQ-01 Main,2026-01-14 08:30:00,1014.8,72.38,5.06566166666667,472.17,1010.25,273.38,187.18,198.29,72.72,5.403372,472.41,1018.29,280.1,188.86,205.98,73.71,5.034146,472.61,1015.85,276.46,195.03,195.0,70.7,4.759402,471.47,829.94,571.07,599.27
2026-01-14 08:31:59,XPQ-01 Main,2026-01-14 08:31:00,991.02,71.62,5.54232833333333,472.31,986.84,267.12,186.02,190.85,71.61,5.87003866666667,472.64,990.63,272.62,185.42,198.82,73.13,5.40081266666667,472.73,995.59,270.98,192.87,189.61,70.1,5.359402,471.55,810.73,564.32,579.27
2026-01-14 08:32:59,XPQ-01 Main,2026-01-14 08:32:00,1000.88,71.6,5.35566166666667,472.71,995.92,269.67,186.48,193.95,72.09,5.77003866666667,472.76,1007.04,277.36,189.11,201.75,72.96,5.334146,473.39,999.68,272.49,194.83,189.71,69.76,4.959402,471.97,819.51,570.41,585.42
2026-01-14 08:33:59,XPQ-01 Main,2026-01-14 08:33:00,1025.24,72.19,5.04232833333333,473.32,1020.73,276.78,190.94,199.8,72.3,5.43670533333333,473.55,1026.11,283.04,190.95,207.73,73.62,4.934146,473.96,1028.88,280.7,198.07,197.79,70.66,4.759402,472.46,840.53,579.96,605.32
2026-01-14 08:34:59,XPQ-01 Main,2026-01-14 08:34:00,1027.92,72.78,5.108995,473.11,1023.16,277.26,189.98,201.5,72.76,5.43670533333333,473.02,1028.07,283.32,189.22,210.03,74.29,5.034146,473.84,1032.54,281.77,197.34,200.52,71.27,4.859402,472.49,842.36,576.54,612.04
2026-01-14 08:35:59,XPQ-01 Main,2026-01-14 08:35:00,1018.27,73.05,5.13232833333333,473.55,1011.92,274.73,186.71,200.74,73.22,5.53670533333333,473.76,1020.84,281.51,187.23,209.53,74.57,4.96747933333333,473.85,1022.06,278.99,195.07,198.71,71.36,4.89273533333333,473.04,835.23,569.01,608.99
2026-01-14 08:36:59,XPQ-01 Main,2026-01-14 08:36:00,979.54,70.83,5.45566166666667,473.63,970.94,263.68,183.96,187.97,71.47,5.97003866666667,473.72,989.75,272.89,187.65,196.34,72.29,5.334146,473.86,977.92,267.06,193.4,183.0,68.73,5.059402,473.33,803.62,565.02,567.31
2026-01-14 08:37:59,XPQ-01 Main,2026-01-14 08:37:00,964.9,71.34,5.07566166666667,473.56,955.98,259.48,181.6,184.86,71.34,5.47003866666667,473.72,966.51,266.57,181.25,194.73,73.2,5.00081266666667,473.94,972.2,265.42,190.59,184.14,69.48,4.759402,473.02,791.47,553.44,563.72
2026-01-14 08:38:59,XPQ-01 Main,2026-01-14 08:38:00,998.95,65.33,4.82232833333333,472.03,997.4,270.0,202.94,177.26,65.78,5.13670533333333,472.38,1001.56,275.3,204.96,183.28,66.66,4.90081266666667,472.14,997.88,271.44,209.24,172.2,63.54,4.42606866666667,471.57,816.74,617.14,532.74
2026-01-14 08:39:59,XPQ-01 Main,2026-01-14 08:39:00,1121.38,70.44,3.908995,471.9,1115.24,301.55,212.33,213.42,70.89,4.33670533333333,472.15,1128.06,310.19,215.09,222.22,71.85,4.034146,472.45,1120.85,304.87,221.52,208.73,68.58,3.359402,471.11,916.61,648.95,644.37
2026-01-14 08:40:59,XPQ-01 Main,2026-01-14 08:40:00,1130.73,71.2,4.03232833333333,471.81,1124.48,304.22,210.72,218.11,71.92,4.37003866666667,472.19,1141.35,313.64,215.35,226.37,72.45,4.06747933333333,472.0,1126.36,306.22,220.46,211.54,69.24,3.659402,471.24,924.08,646.53,656.02
2026-01-14 08:41:59,XPQ-01 Main,2026-01-14 08:41:00,1142.66,71.92,4.118995,470.9,1136.43,306.6,210.46,222.0,72.57,4.47003866666667,470.89,1152.74,316.16,214.56,230.47,73.19,4.00081266666667,471.48,1138.82,309.27,220.33,215.89,69.99,3.89273533333333,470.34,932.04,645.35,668.36
2026-01-14 08:42:59,XPQ-01 Main,2026-01-14 08:42:00,1180.83,74.03,4.05566166666667,470.8,1171.89,316.14,210.34,235.59,74.59,4.503372,470.7,1191.38,326.58,213.97,245.2,75.35,4.00081266666667,471.32,1179.23,320.25,221.14,230.39,72.14,3.659402,470.4,962.97,645.46,711.18
2026-01-14 08:43:59,XPQ-01 Main,2026-01-14 08:43:00,1240.43,76.07,4.17566166666667,469.62,1233.68,332.03,214.34,252.88,76.28,4.703372,469.79,1243.82,340.23,215.01,263.0,77.42,4.134146,470.06,1243.8,336.75,224.36,250.51,74.49,3.6927353333333297,469.02,1009.02,653.71,766.4
2026-01-14 08:44:59,XPQ-01 Main,2026-01-14 08:44:00,1232.72,76.11,3.92232833333333,469.63,1228.18,330.44,211.47,253.12,76.74,4.403372,469.9,1242.41,340.04,215.52,261.76,77.2,3.934146,470.23,1227.58,332.3,221.86,246.87,74.38,3.42606866666667,468.77,1002.78,648.85,761.75
2026-01-14 08:45:59,XPQ-01 Main,2026-01-14 08:45:00,1236.7,76.28,4.098995,469.6,1229.51,330.98,211.72,253.46,76.75,4.503372,469.89,1244.27,340.34,214.51,263.26,77.52,4.16747933333333,469.92,1236.32,334.63,222.47,248.91,74.56,3.62606866666667,469.0,1005.94,648.7,765.64
2026-01-14 08:46:59,XPQ-01 Main,2026-01-14 08:46:00,1266.09,75.95,4.188995,468.77,1261.81,338.77,218.2,258.43,76.41,4.67003866666667,468.8,1272.43,347.54,220.74,267.48,77.13,3.96747933333333,469.49,1264.03,341.7,228.22,253.49,74.32,3.92606866666667,468.02,1028.02,667.16,779.4
2026-01-14 08:47:59,XPQ-01 Main,2026-01-14 08:47:00,1224.2,75.79,4.17566166666667,469.76,1216.79,327.68,210.18,250.59,76.62,4.57003866666667,469.96,1237.55,338.53,216.01,259.79,76.89,4.20081266666667,470.04,1218.27,329.92,221.87,243.17,73.87,3.759402,469.29,996.14,648.06,753.56
2026-01-14 08:48:59,XPQ-01 Main,2026-01-14 08:48:00,1203.12,75.1,4.05232833333333,470.83,1199.84,323.84,211.2,244.44,75.67,4.47003866666667,471.04,1209.77,331.72,214.54,252.3,76.18,4.00081266666667,471.14,1199.74,325.63,220.49,238.74,73.46,3.6927353333333297,470.31,981.18,646.23,735.48
2026-01-14 08:49:59,XPQ-01 Main,2026-01-14 08:49:00,1244.52,75.32,3.7756616666666702,469.9,1240.15,334.03,216.71,253.03,75.95,4.103372,470.17,1253.25,343.02,220.78,261.41,76.4,3.7674793333333296,470.24,1240.16,335.9,226.82,246.73,73.62,3.459402,469.29,1012.95,664.31,761.17
2026-01-14 08:50:59,XPQ-01 Main,2026-01-14 08:50:00,1208.33,74.69,4.15566166666667,470.45,1203.53,324.58,212.85,243.63,75.31,4.53670533333333,470.66,1217.65,333.59,216.74,251.86,75.8,4.26747933333333,470.73,1203.81,326.47,222.63,237.54,72.96,3.659402,469.96,984.64,652.22,733.03
2026-01-14 08:51:59,XPQ-01 Main,2026-01-14 08:51:00,1213.14,75.23,4.04232833333333,470.37,1208.86,325.98,212.42,246.34,75.73,4.403372,470.55,1219.83,334.1,215.29,254.57,76.36,3.90081266666667,470.64,1210.73,328.32,221.73,240.99,73.59,3.8260686666666706,469.92,988.4,649.45,741.9
2026-01-14 08:52:59,XPQ-01 Main,2026-01-14 08:52:00,1234.38,75.25,4.04232833333333,470.45,1230.26,331.8,215.79,251.04,75.83,4.43670533333333,470.83,1242.35,340.47,219.39,259.11,76.32,4.034146,470.73,1230.53,333.6,225.28,244.89,73.6,3.659402,469.8,1005.87,660.46,755.04
2026-01-14 08:53:59,XPQ-01 Main,2026-01-14 08:53:00,1216.37,75.15,3.788995,470.9,1213.91,327.71,213.51,247.84,75.76,4.33670533333333,471.03,1224.41,335.7,217.06,254.44,76.08,3.434146,471.18,1210.78,328.74,221.68,240.98,73.6,3.59273533333333,470.5,992.15,652.24,743.26
2026-01-14 08:54:59,XPQ-01 Main,2026-01-14 08:54:00,1177.58,75.09,4.02232833333333,470.67,1176.08,317.15,207.67,239.36,75.54,4.53670533333333,470.63,1182.46,324.11,209.61,245.97,76.11,4.06747933333333,471.22,1174.19,318.76,215.15,234.0,73.61,3.459402,470.16,960.02,632.42,719.33
2026-01-14 08:55:59,XPQ-01 Main,2026-01-14 08:55:00,1189.0,73.93,4.14232833333333,471.66,1186.69,320.91,212.75,238.85,74.67,4.47003866666667,471.99,1198.4,329.2,217.27,245.85,74.93,4.06747933333333,471.87,1181.93,321.27,221.9,231.45,72.18,3.89273533333333,471.11,971.38,651.92,716.15
2026-01-14 08:56:59,XPQ-01 Main,2026-01-14 08:56:00,1240.64,75.29,4.11232833333333,470.97,1235.45,333.31,217.55,251.39,75.62,4.57003866666667,471.25,1246.3,342.11,219.13,260.68,76.55,3.934146,471.61,1240.19,336.65,226.96,247.52,73.71,3.8260686666666706,470.05,1012.08,663.63,759.59
2026-01-14 08:57:59,XPQ-01 Main,2026-01-14 08:57:00,1235.12,74.53,3.96566166666667,470.64,1229.14,331.53,219.78,247.77,74.81,4.33670533333333,470.9,1239.06,339.73,221.17,257.6,75.87,4.20081266666667,471.1,1237.16,335.61,229.53,244.43,72.9,3.359402,469.93,1006.87,670.48,749.8
2026-01-14 08:58:59,XPQ-01 Main,2026-01-14 08:58:00,1207.41,74.74,4.14566166666667,471.6,1206.57,326.21,213.23,246.38,75.62,4.43670533333333,471.7,1217.39,334.24,218.67,252.38,75.58,4.36747933333333,471.83,1198.26,325.84,222.23,237.63,73.04,3.62606866666667,471.26,986.29,654.13,736.4
2026-01-14 08:59:59,XPQ-01 Main,2026-01-14 08:59:00,1207.55,74.13,4.02232833333333,470.68,1204.45,325.03,215.59,241.99,74.67,4.43670533333333,470.95,1214.78,332.97,218.53,249.17,75.18,3.96747933333333,470.91,1203.43,326.49,223.95,236.07,72.55,3.659402,470.18,984.49,658.08,727.23
2026-01-14 09:00:59,XPQ-01 Main,2026-01-14 09:00:00,1233.95,75.26,4.07566166666667,469.49,1240.27,333.63,216.7,253.2,75.97,4.57003866666667,469.39,1239.39,338.81,220.41,256.43,75.84,4.20081266666667,469.98,1222.18,330.99,222.44,244.41,73.96,3.459402,469.08,1003.43,659.54,754.04
2026-01-14 09:01:59,XPQ-01 Main,2026-01-14 09:01:00,1184.28,76.03,4.008995,470.53,1181.53,318.73,205.85,242.59,76.25,4.37003866666667,470.8,1185.6,324.87,205.85,250.47,77.26,4.10081266666667,470.74,1185.71,321.59,213.79,239.45,74.59,3.559402,470.05,965.19,625.5,732.51
2026-01-14 09:02:59,XPQ-01 Main,2026-01-14 09:02:00,1247.5,75.43,4.078995,469.52,1243.18,334.39,215.91,254.75,76.29,4.47003866666667,469.49,1260.61,344.72,221.71,262.59,76.41,4.00081266666667,470.07,1238.71,335.43,226.67,246.4,73.6,3.759402,468.98,1014.55,664.29,763.74
2026-01-14 09:03:59,XPQ-01 Main,2026-01-14 09:03:00,1249.23,74.43,3.888995,469.3,1236.46,332.5,220.26,248.68,74.86,4.53670533333333,469.42,1258.93,344.16,223.25,261.19,76.02,3.90081266666667,469.84,1252.29,338.85,233.43,245.22,72.43,3.22606866666667,468.66,1015.51,676.94,755.09
2026-01-14 09:04:59,XPQ-01 Main,2026-01-14 09:04:00,1251.61,73.45,4.11232833333333,468.97,1243.68,334.32,223.02,248.65,74.44,4.57003866666667,469.14,1267.46,346.18,230.24,257.74,74.58,4.10081266666667,469.33,1243.68,336.23,235.48,239.58,71.32,3.659402,468.43,1016.72,688.74,745.97
2026-01-14 09:05:59,XPQ-01 Main,2026-01-14 09:05:00,1274.39,74.4,4.25566166666667,468.49,1266.89,340.15,222.99,256.67,75.49,4.503372,468.44,1292.66,352.58,231.08,265.14,75.39,4.10081266666667,468.93,1263.63,341.45,235.42,246.45,72.31,4.159402,468.11,1034.19,689.49,768.26
2026-01-14 09:06:59,XPQ-01 Main,2026-01-14 09:06:00,1260.89,74.94,3.93232833333333,468.65,1255.61,337.45,219.07,256.15,76.0,4.303372,468.9,1276.56,348.32,226.52,263.79,75.87,3.834146,468.76,1250.49,337.79,230.61,246.02,72.96,3.659402,468.28,1023.55,676.2,765.95
2026-01-14 09:07:59,XPQ-01 Main,2026-01-14 09:07:00,1196.31,75.33,3.978995,469.91,1188.21,320.0,209.21,241.43,75.57,4.33670533333333,470.17,1200.56,328.66,209.94,251.7,76.79,3.934146,470.32,1200.15,325.06,219.53,238.85,73.63,3.659402,469.24,973.72,638.67,731.98
2026-01-14 09:08:59,XPQ-01 Main,2026-01-14 09:08:00,1211.78,75.15,3.998995,469.23,1205.89,324.44,212.08,244.9,75.59,4.53670533333333,469.22,1217.96,332.6,214.19,253.14,76.34,4.00081266666667,469.42,1211.49,327.85,221.36,240.02,73.51,3.459402,469.04,984.88,647.63,738.06
2026-01-14 09:09:59,XPQ-01 Main,2026-01-14 09:09:00,1224.61,74.1,3.998995,470.53,1213.22,327.34,217.11,244.42,74.76,4.33670533333333,470.69,1236.7,338.75,221.74,255.29,75.5,3.90081266666667,470.71,1223.91,331.99,229.7,238.63,72.05,3.759402,470.17,998.09,668.55,738.34
2026-01-14 09:10:59,XPQ-01 Main,2026-01-14 09:10:00,1182.17,75.77,4.04232833333333,471.6,1183.8,320.02,208.26,242.44,75.86,4.57003866666667,471.68,1179.11,323.75,206.87,248.47,76.85,4.00081266666667,471.89,1183.59,321.87,213.93,239.67,74.6,3.559402,471.23,965.64,629.05,730.58
2026-01-14 09:11:59,XPQ-01 Main,2026-01-14 09:11:00,1189.62,75.22,4.17566166666667,471.31,1188.68,321.04,209.34,243.14,75.78,4.53670533333333,471.16,1195.63,328.03,211.92,249.17,76.18,4.334146,471.76,1184.55,322.08,217.13,236.82,73.71,3.659402,471.0,971.15,638.39,729.14
2026-01-14 09:12:59,XPQ-01 Main,2026-01-14 09:12:00,1182.58,75.75,4.12232833333333,471.2,1184.26,319.9,207.83,242.74,75.96,4.63670533333333,471.3,1181.78,324.19,207.39,248.35,76.76,4.06747933333333,471.45,1181.71,321.08,213.65,238.88,74.54,3.659402,470.86,965.17,628.87,729.97
2026-01-14 09:13:59,XPQ-01 Main,2026-01-14 09:13:00,1200.1,75.76,4.26566166666667,471.55,1201.48,324.65,210.23,247.08,76.16,4.603372,471.49,1202.84,330.24,211.48,252.85,76.71,4.30081266666667,472.0,1195.97,325.3,217.01,241.69,74.41,3.89273533333333,471.16,980.19,638.72,741.63
2026-01-14 09:14:59,XPQ-01 Main,2026-01-14 09:14:00,1216.63,75.01,4.108995,471.21,1221.13,329.73,214.69,249.95,75.86,4.37003866666667,471.19,1224.27,335.91,219.53,253.56,75.6,4.40081266666667,471.66,1204.51,327.35,221.35,240.35,73.56,3.559402,470.77,992.99,655.57,743.87
2026-01-14 09:15:59,XPQ-01 Main,2026-01-14 09:15:00,1159.3,74.5,4.13232833333333,471.87,1161.16,313.9,209.76,233.12,74.34,4.47003866666667,471.89,1153.82,317.13,206.66,239.46,75.7,4.234146,472.46,1162.92,316.46,214.35,232.04,73.46,3.6927353333333297,471.27,947.5,630.77,704.61
2026-01-14 09:16:59,XPQ-01 Main,2026-01-14 09:16:00,1153.69,73.67,4.098995,471.58,1153.45,311.77,210.7,229.11,73.61,4.57003866666667,471.93,1150.04,315.97,208.78,236.31,74.94,4.10081266666667,471.95,1157.57,314.58,216.5,227.56,72.45,3.62606866666667,470.86,942.33,635.97,692.98
2026-01-14 09:17:59,XPQ-01 Main,2026-01-14 09:17:00,1176.31,74.82,4.24566166666667,471.97,1177.38,318.47,211.35,237.76,74.74,4.703372,472.0,1171.99,322.08,208.75,244.41,76.04,4.26747933333333,472.36,1179.55,321.05,216.74,236.23,73.69,3.759402,471.55,961.6,636.84,718.4
2026-01-14 09:18:59,XPQ-01 Main,2026-01-14 09:18:00,1170.81,76.04,4.088995,472.33,1172.49,317.25,206.16,240.75,75.96,4.27003866666667,472.37,1165.57,320.71,203.41,247.0,77.19,4.06747933333333,472.93,1174.38,319.89,211.2,239.29,74.97,3.92606866666667,471.7,957.84,620.77,727.05
2026-01-14 09:19:59,XPQ-01 Main,2026-01-14 09:19:00,1188.85,74.96,4.27566166666667,471.23,1191.24,321.76,211.38,242.11,75.33,4.73670533333333,471.22,1190.48,326.58,212.33,247.2,75.86,4.10081266666667,471.56,1184.84,322.01,217.18,236.73,73.69,3.9927353333333295,470.91,970.35,640.88,726.05
2026-01-14 09:20:59,XPQ-01 Main,2026-01-14 09:20:00,1194.8,75.49,4.08566166666667,472.45,1197.89,324.55,211.12,245.65,75.84,4.47003866666667,472.7,1195.73,328.89,211.69,250.33,76.36,3.8674793333333297,472.55,1190.79,324.29,216.5,240.23,74.28,3.92606866666667,472.1,977.73,639.31,736.2
2026-01-14 09:21:59,XPQ-01 Main,2026-01-14 09:21:00,1240.4,73.7,4.31232833333333,471.89,1243.81,336.37,224.92,249.64,74.29,4.703372,471.85,1244.82,342.03,227.72,254.3,74.5,4.234146,472.33,1232.56,335.46,231.41,242.18,72.3,3.9927353333333295,471.5,1013.85,684.05,746.12
2026-01-14 09:22:59,XPQ-01 Main,2026-01-14 09:22:00,1236.37,74.05,5.198995,471.8,1237.98,334.83,221.09,251.23,75.07,5.57003866666667,471.85,1248.15,342.83,227.71,255.86,74.7,5.134146,472.09,1222.98,332.72,229.22,240.52,72.39,4.89273533333333,471.46,1010.38,678.02,747.61
2026-01-14 09:23:59,XPQ-01 Main,2026-01-14 09:23:00,1099.67,70.81,4.63232833333333,472.96,1098.06,297.84,207.55,212.72,71.57,5.003372,473.04,1109.0,305.25,211.38,217.45,71.7,4.56747933333333,473.08,1091.95,297.78,214.16,205.03,69.15,4.32606866666667,472.75,900.87,633.09,635.2
2026-01-14 09:24:59,XPQ-01 Main,2026-01-14 09:24:00,1026.51,73.57,5.03232833333333,472.9,1027.21,278.45,189.93,202.67,72.97,5.503372,473.06,1016.05,279.8,184.12,209.68,75.14,4.934146,473.22,1036.27,282.54,193.98,204.78,72.6,4.659402,472.42,840.78,568.02,617.13
2026-01-14 09:25:59,XPQ-01 Main,2026-01-14 09:25:00,1192.06,74.69,4.298995,471.23,1192.74,322.27,211.66,241.5,75.2,4.83670533333333,471.18,1197.12,328.28,213.69,247.0,75.63,4.20081266666667,471.42,1186.3,322.43,218.65,235.24,73.25,3.859402,471.09,972.98,644.0,723.74
2026-01-14 09:26:59,XPQ-01 Main,2026-01-14 09:26:00,1143.25,72.62,4.26566166666667,471.91,1142.71,309.14,210.52,225.16,73.05,4.53670533333333,472.16,1147.92,315.5,211.95,231.29,73.73,4.434146,472.2,1139.13,309.85,217.46,219.83,71.09,3.8260686666666706,471.37,934.49,639.94,676.29
2026-01-14 09:27:59,XPQ-01 Main,2026-01-14 09:27:00,1120.48,71.82,4.398995,472.01,1119.91,303.2,209.19,219.02,72.31,4.703372,472.24,1123.95,308.8,211.24,225.0,72.91,4.50081266666667,472.09,1117.57,304.07,216.21,213.32,70.23,3.9927353333333295,471.71,916.07,636.64,657.34
2026-01-14 09:28:59,XPQ-01 Main,2026-01-14 09:28:00,1118.2,75.14,4.398995,472.97,1116.64,302.89,200.0,226.69,74.99,4.77003866666667,473.27,1113.77,306.69,197.13,234.3,76.52,4.30081266666667,473.07,1124.18,306.45,206.03,226.0,73.9,4.12606866666667,472.57,916.04,603.16,686.99
2026-01-14 09:29:59,XPQ-01 Main,2026-01-14 09:29:00,1110.86,73.01,4.45566166666667,471.81,1109.21,300.25,203.33,219.77,73.4,4.903372,472.24,1114.51,306.13,204.42,225.77,74.13,4.46747933333333,471.73,1108.86,301.45,209.97,214.8,71.51,3.9927353333333295,471.47,907.83,617.72,660.34
2026-01-14 09:30:59,XPQ-01 Main,2026-01-14 09:30:00,1155.44,73.67,4.41232833333333,470.79,1153.36,311.54,208.27,230.33,74.17,4.903372,471.06,1161.63,318.26,210.38,236.85,74.77,4.36747933333333,470.69,1151.32,312.42,215.92,224.51,72.08,3.959402,470.63,942.22,634.56,691.69
2026-01-14 09:31:59,XPQ-01 Main,2026-01-14 09:31:00,1116.46,72.19,4.33232833333333,471.29,1112.95,300.68,205.81,217.67,72.66,4.703372,471.65,1123.56,308.48,207.95,225.09,73.45,4.30081266666667,471.59,1112.86,302.23,213.98,212.45,70.46,3.9927353333333295,470.62,911.39,627.75,655.21
2026-01-14 09:32:59,XPQ-01 Main,2026-01-14 09:32:00,1107.22,74.48,4.37566166666667,471.26,1106.01,298.94,198.91,222.2,74.51,4.67003866666667,471.41,1105.44,303.2,197.21,228.65,75.73,4.30081266666667,471.31,1110.21,301.64,204.63,219.95,73.21,4.159402,471.06,903.78,600.75,670.79
2026-01-14 09:33:59,XPQ-01 Main,2026-01-14 09:33:00,1135.57,73.89,4.43232833333333,471.18,1133.0,306.19,203.53,226.98,74.45,4.83670533333333,471.69,1143.02,313.68,206.11,233.32,74.95,4.30081266666667,471.22,1130.69,306.91,211.17,220.81,72.27,4.159402,470.62,926.78,620.81,681.11
2026-01-14 09:34:59,XPQ-01 Main,2026-01-14 09:34:00,1119.02,73.21,4.398995,470.95,1116.57,301.43,203.16,222.03,73.78,4.803372,471.17,1125.98,308.84,205.91,228.71,74.32,4.50081266666667,471.31,1114.52,302.56,210.92,215.91,71.53,3.89273533333333,470.37,912.83,619.99,666.65
2026-01-14 09:35:59,XPQ-01 Main,2026-01-14 09:35:00,1047.6,70.17,4.66566166666667,470.58,1046.99,282.53,199.38,198.86,70.62,5.103372,470.83,1051.76,288.18,200.9,204.32,71.3,4.70081266666667,470.73,1044.04,283.19,205.36,193.62,68.6,4.19273533333333,470.19,853.89,605.64,596.79
2026-01-14 09:36:59,XPQ-01 Main,2026-01-14 09:36:00,1133.38,74.66,4.86566166666667,469.85,1132.33,305.0,202.48,227.5,74.7,5.47003866666667,470.14,1132.66,309.95,200.91,234.16,75.89,4.734146,470.09,1135.14,307.4,208.33,225.15,73.4,4.39273533333333,469.32,922.36,611.71,686.81
2026-01-14 09:37:59,XPQ-01 Main,2026-01-14 09:37:00,898.37,71.71,5.38566166666667,471.93,897.9,243.03,169.64,173.07,71.42,5.703372,472.36,893.63,245.61,166.74,179.03,73.18,5.40081266666667,472.02,903.57,245.69,173.73,172.82,70.53,5.059402,471.42,734.33,510.1,524.92
2026-01-14 09:38:59,XPQ-01 Main,2026-01-14 09:38:00,938.28,69.59,5.34566166666667,472.3,943.82,255.61,182.71,178.38,69.86,5.63670533333333,472.41,935.86,257.3,182.36,181.06,70.46,5.40081266666667,472.52,935.16,254.63,185.3,174.03,68.46,4.99273533333333,471.96,767.55,550.37,533.48
2026-01-14 09:39:59,XPQ-01 Main,2026-01-14 09:39:00,953.46,70.93,5.108995,471.85,951.59,257.63,179.72,183.04,71.36,5.43670533333333,472.29,958.05,263.18,180.95,188.4,72.12,5.034146,471.73,950.73,258.46,185.64,178.5,69.31,4.859402,471.54,779.26,546.31,549.94
2026-01-14 09:40:59,XPQ-01 Main,2026-01-14 09:40:00,918.36,71.4,5.588995,475.6,917.09,250.25,175.5,177.08,71.03,5.93670533333333,476.07,913.87,253.05,171.92,183.32,72.94,5.46747933333333,475.47,924.13,253.21,179.61,177.15,70.22,5.359402,475.26,756.51,527.03,537.55
2026-01-14 09:41:59,XPQ-01 Main,2026-01-14 09:41:00,937.72,71.67,5.05566166666667,475.53,939.66,256.12,179.7,181.4,71.04,5.47003866666667,475.87,928.69,257.29,174.28,186.98,73.15,4.86747933333333,475.87,944.82,258.91,182.33,182.81,70.8,4.82606866666667,474.84,772.32,536.31,551.19
2026-01-14 09:42:59,XPQ-01 Main,2026-01-14 09:42:00,976.22,71.12,5.18566166666667,475.1,977.71,266.48,186.67,188.69,71.09,5.57003866666667,475.46,974.0,269.39,184.9,193.51,72.3,5.234146,475.07,976.95,267.47,190.46,186.46,69.96,4.759402,474.77,803.34,562.03,568.67
2026-01-14 09:43:59,XPQ-01 Main,2026-01-14 09:43:00,989.47,71.1,4.94232833333333,474.78,991.49,270.01,189.49,191.18,71.02,5.43670533333333,475.07,985.02,272.27,187.21,196.27,72.36,4.66747933333333,474.83,991.89,271.41,193.72,189.37,69.9,4.72606866666667,474.45,813.68,570.43,576.82
2026-01-14 09:44:59,XPQ-01 Main,2026-01-14 09:44:00,989.61,71.52,4.898995,474.2,991.72,269.84,188.15,192.8,71.57,5.33670533333333,474.54,986.0,272.13,186.52,197.52,72.71,4.70081266666667,474.1,991.1,270.84,192.36,190.11,70.29,4.659402,473.97,812.81,567.04,580.43
2026-01-14 09:45:59,XPQ-01 Main,2026-01-14 09:45:00,1026.11,71.59,5.02232833333333,474.77,1029.6,280.45,194.89,200.67,71.74,5.403372,475.03,1022.96,282.66,193.89,205.2,72.69,4.734146,474.7,1025.76,280.67,199.15,197.15,70.35,4.92606866666667,474.56,843.79,587.92,603.01
2026-01-14 09:46:59,XPQ-01 Main,2026-01-14 09:46:00,1029.98,73.82,4.34566166666667,474.0,1034.3,281.16,192.06,204.57,72.9,4.63670533333333,474.16,1013.32,279.58,183.43,209.82,75.29,4.234146,474.1,1042.32,284.83,193.31,208.2,73.28,4.159402,473.75,845.58,568.81,622.6
2026-01-14 09:47:59,XPQ-01 Main,2026-01-14 09:47:00,1141.88,77.31,3.93232833333333,473.28,1144.73,310.68,198.83,238.33,76.79,4.27003866666667,473.35,1129.73,311.18,191.95,244.05,78.6,4.00081266666667,473.41,1151.17,314.17,201.76,240.04,76.55,3.52606866666667,473.09,936.03,592.53,722.41
2026-01-14 09:48:59,XPQ-01 Main,2026-01-14 09:48:00,1198.07,74.58,3.998995,472.58,1203.2,325.88,217.04,241.74,74.41,4.303372,472.62,1191.98,328.01,213.15,246.98,75.7,3.9008126666666705,472.99,1199.04,326.76,220.78,240.18,73.62,3.79273533333333,472.13,980.65,650.97,728.9
2026-01-14 09:49:59,XPQ-01 Main,2026-01-14 09:49:00,1247.26,76.43,3.9223283333333296,471.58,1247.44,337.24,215.86,258.09,76.71,4.23670533333333,471.93,1248.74,343.02,215.96,265.12,77.53,3.96747933333333,471.84,1245.61,338.51,223.37,253.76,75.06,3.559402,470.96,1018.78,655.19,776.97
2026-01-14 09:50:59,XPQ-01 Main,2026-01-14 09:50:00,1201.37,76.2,3.888995,471.76,1203.04,325.34,211.4,246.92,75.96,4.303372,471.66,1194.28,327.9,206.87,252.84,77.4,3.80081266666667,472.07,1206.8,328.4,215.73,246.36,75.23,3.559402,471.54,981.64,634.0,746.12
2026-01-14 09:51:59,XPQ-01 Main,2026-01-14 09:51:00,1168.11,77.46,3.9556616666666704,472.21,1170.63,316.93,202.29,243.6,76.93,4.403372,472.17,1155.46,317.53,195.24,249.8,78.79,3.934146,472.43,1178.23,320.91,205.64,245.52,76.66,3.52606866666667,472.03,955.37,603.17,738.92
2026-01-14 09:52:59,XPQ-01 Main,2026-01-14 09:52:00,1217.75,76.69,3.93232833333333,470.81,1214.74,328.1,209.61,251.64,76.84,4.303372,470.98,1218.15,333.72,208.54,258.75,77.86,3.9008126666666705,470.74,1220.36,331.24,216.82,248.64,75.37,3.59273533333333,470.71,993.06,634.97,759.04
2026-01-14 09:53:59,XPQ-01 Main,2026-01-14 09:53:00,1215.68,75.45,3.94566166666667,470.94,1209.45,326.75,212.83,247.62,75.84,4.403372,471.18,1221.61,334.83,214.27,256.52,76.75,3.934146,470.93,1215.97,330.09,222.55,243.09,73.76,3.49273533333333,470.72,991.66,649.65,747.22
2026-01-14 09:54:59,XPQ-01 Main,2026-01-14 09:54:00,1197.8,76.78,4.01232833333333,470.85,1198.98,323.74,205.86,248.94,77.06,4.403372,471.12,1198.37,328.52,205.79,254.94,77.81,4.10081266666667,470.95,1196.05,324.6,212.53,244.35,75.45,3.52606866666667,470.48,976.87,624.18,748.22
2026-01-14 09:55:59,XPQ-01 Main,2026-01-14 09:55:00,1197.47,75.98,4.11232833333333,470.48,1192.2,321.73,207.93,244.28,76.15,4.57003866666667,470.74,1198.92,328.34,207.32,252.81,77.33,4.26747933333333,470.51,1201.27,325.76,216.41,241.47,74.47,3.49273533333333,470.18,975.83,631.65,738.57
2026-01-14 09:56:59,XPQ-01 Main,2026-01-14 09:56:00,1212.28,76.66,4.12232833333333,470.77,1205.13,325.32,208.16,249.54,76.79,4.53670533333333,470.94,1215.53,333.12,207.15,257.81,77.95,4.20081266666667,470.92,1216.17,330.07,216.27,246.98,75.23,3.62606866666667,470.44,988.51,631.57,754.33
2026-01-14 09:57:59,XPQ-01 Main,2026-01-14 09:57:00,1236.22,76.52,4.32232833333333,469.78,1231.4,331.75,212.99,253.98,76.62,4.903372,469.84,1237.26,338.25,211.55,261.89,77.79,4.334146,469.88,1240.0,335.91,220.91,251.53,75.14,3.72606866666667,469.61,1005.92,645.45,767.4
2026-01-14 09:58:59,XPQ-01 Main,2026-01-14 09:58:00,1208.76,76.34,4.318995,469.53,1202.31,323.75,208.18,247.5,76.53,4.77003866666667,469.69,1211.93,331.21,207.58,255.47,77.61,4.20081266666667,469.63,1212.03,328.08,216.29,244.45,74.89,3.9927353333333295,469.26,983.04,632.05,747.42
2026-01-14 09:59:59,XPQ-01 Main,2026-01-14 09:59:00,1172.87,76.66,4.23232833333333,469.91,1168.85,314.94,202.26,240.95,76.59,4.603372,470.07,1171.78,320.56,199.57,248.96,78.03,4.40081266666667,470.09,1177.99,319.14,209.35,239.96,75.35,3.6927353333333297,469.58,954.64,611.19,729.88
2026-01-14 10:00:59,XPQ-01 Main,2026-01-14 10:00:00,1239.41,75.2,4.12232833333333,468.35,1235.73,331.92,217.0,250.83,75.63,4.503372,468.43,1244.37,339.18,218.43,258.83,76.42,4.20081266666667,468.49,1238.13,334.36,226.35,245.78,73.56,3.659402,468.14,1005.46,661.78,755.45
2026-01-14 10:01:59,XPQ-01 Main,2026-01-14 10:01:00,1150.39,76.81,4.12232833333333,472.93,1147.54,311.16,200.55,237.33,76.38,4.57003866666667,473.11,1142.56,314.6,194.84,245.95,78.38,4.00081266666667,473.11,1161.07,316.57,206.64,239.08,75.66,3.79273533333333,472.58,942.33,602.03,722.36
2026-01-14 10:02:59,XPQ-01 Main,2026-01-14 10:02:00,1226.84,74.27,4.23232833333333,471.93,1222.24,331.02,217.35,249.12,75.35,4.57003866666667,472.08,1241.68,340.86,224.37,256.21,75.23,4.30081266666667,471.76,1216.6,331.01,228.56,238.78,72.24,3.8260686666666706,471.95,1002.89,670.29,744.11
2026-01-14 10:03:59,XPQ-01 Main,2026-01-14 10:03:00,1273.03,76.34,4.14566166666667,470.86,1265.31,341.71,217.45,263.22,77.09,4.63670533333333,470.98,1286.03,352.4,222.24,272.5,77.5,4.16747933333333,470.93,1267.74,344.18,229.49,255.83,74.44,3.6260686666666704,470.68,1038.28,669.17,791.55
2026-01-14 10:04:59,XPQ-01 Main,2026-01-14 10:04:00,1262.83,75.75,4.35566166666667,470.52,1255.79,338.91,219.09,258.52,76.29,4.67003866666667,470.6,1271.53,348.13,221.81,267.63,76.99,4.46747933333333,470.56,1261.17,342.16,229.96,252.83,73.98,3.92606866666667,470.4,1029.21,670.86,778.99
2026-01-14 10:05:59,XPQ-01 Main,2026-01-14 10:05:00,1151.99,75.54,3.918995,471.31,1148.41,310.3,202.98,234.56,75.62,4.37003866666667,471.41,1151.85,316.07,201.8,242.83,76.91,3.96747933333333,471.59,1155.7,314.06,210.74,232.52,74.1,3.42606866666667,470.93,940.43,615.52,709.9
2026-01-14 10:06:59,XPQ-01 Main,2026-01-14 10:06:00,1199.37,74.43,4.22232833333333,470.76,1193.3,322.3,213.23,241.04,74.9,4.803372,471.04,1205.58,330.3,215.37,249.77,75.73,4.334146,470.69,1199.23,325.38,223.18,236.07,72.67,3.52606866666667,470.54,977.98,651.78,726.88
2026-01-14 10:07:59,XPQ-01 Main,2026-01-14 10:07:00,1165.99,76.71,3.898995,470.93,1163.92,314.3,201.58,240.73,76.67,4.303372,471.12,1163.24,318.91,199.32,248.61,78.02,3.734146,471.09,1170.81,317.86,208.39,239.54,75.45,3.659402,470.59,951.08,609.29,728.88
2026-01-14 10:08:59,XPQ-01 Main,2026-01-14 10:08:00,1154.46,75.78,3.9456616666666706,471.87,1157.32,313.18,203.84,236.79,75.79,4.403372,471.94,1151.31,316.16,201.43,241.47,76.79,4.10081266666667,471.97,1154.74,314.2,207.97,234.18,74.77,3.32606866666667,471.7,943.54,613.25,712.44
2026-01-14 10:09:59,XPQ-01 Main,2026-01-14 10:09:00,1051.01,77.13,3.8656616666666705,473.15,1048.25,284.3,180.64,218.92,77.13,4.303372,473.18,1050.78,289.46,178.75,225.83,78.41,3.90081266666667,473.5,1054.0,287.58,186.86,217.43,75.84,3.39273533333333,472.77,861.34,546.26,662.18
2026-01-14 10:10:59,XPQ-01 Main,2026-01-14 10:10:00,1121.78,76.27,3.83232833333333,473.1,1118.57,303.56,192.84,234.34,77.22,4.403372,473.18,1133.94,312.15,198.46,240.58,77.14,3.7008126666666703,473.13,1112.82,303.57,202.39,225.65,74.44,3.39273533333333,473.0,919.28,593.69,700.56
2026-01-14 10:11:59,XPQ-01 Main,2026-01-14 10:11:00,1090.49,76.8,3.83232833333333,473.27,1088.53,295.53,185.76,229.15,77.68,4.203372,473.59,1101.46,303.44,190.67,235.13,77.67,3.90081266666667,473.26,1081.48,294.98,194.68,221.12,75.06,3.39273533333333,472.95,893.94,571.1,685.4
2026-01-14 10:12:59,XPQ-01 Main,2026-01-14 10:12:00,1026.03,76.52,3.9423283333333297,473.9,1024.59,278.48,178.07,213.02,76.72,4.47003866666667,474.04,1028.07,283.57,177.69,219.21,77.68,3.96747933333333,473.98,1025.44,280.17,184.26,209.96,75.16,3.39273533333333,473.68,842.21,540.02,642.19
2026-01-14 10:13:59,XPQ-01 Main,2026-01-14 10:13:00,1124.21,76.27,3.8656616666666705,472.07,1121.97,303.54,198.56,229.25,75.59,4.27003866666667,472.19,1112.38,305.83,191.36,238.05,77.94,4.06747933333333,472.45,1138.27,309.81,203.59,232.84,75.28,3.259402,471.56,919.18,593.51,700.13
2026-01-14 10:14:59,XPQ-01 Main,2026-01-14 10:14:00,1269.16,75.67,3.6423283333333294,477.11,1267.53,346.86,223.33,265.11,76.48,3.9367053333333297,477.11,1280.09,355.33,228.2,271.59,76.56,3.60081266666667,477.19,1259.86,346.67,233.06,256.16,73.97,3.39273533333333,477.04,1048.86,684.59,792.86
2026-01-14 10:15:59,XPQ-01 Main,2026-01-14 10:15:00,1269.41,76.16,3.64232833333333,473.83,1269.56,344.86,221.31,264.37,76.68,4.103372,473.75,1274.59,351.49,223.53,270.6,77.1,3.634146,474.12,1264.1,345.48,229.45,257.85,74.7,3.19273533333333,473.62,1041.83,674.29,792.81
2026-01-14 10:16:59,XPQ-01 Main,2026-01-14 10:16:00,1179.5,76.28,3.588995,477.73,1173.11,321.29,206.74,245.76,76.52,3.97003866666667,477.81,1183.22,329.06,207.1,255.33,77.66,3.66747933333333,477.98,1182.18,325.65,216.44,242.82,74.65,3.12606866666667,477.39,976.01,630.28,743.91
2026-01-14 10:17:59,XPQ-01 Main,2026-01-14 10:17:00,1135.69,72.26,3.908995,474.94,1136.76,309.74,209.96,227.41,73.47,4.57003866666667,475.33,1148.6,317.56,217.2,231.51,72.93,3.834146,474.9,1121.72,306.99,218.01,215.97,70.38,3.32606866666667,474.6,934.3,645.16,674.9
2026-01-14 10:18:59,XPQ-01 Main,2026-01-14 10:18:00,1113.34,75.27,3.7556616666666702,475.08,1113.6,303.28,197.81,229.32,75.72,4.23670533333333,475.03,1117.77,309.1,199.23,234.58,76.22,3.8674793333333297,475.4,1108.64,303.77,204.27,223.83,73.87,3.159402,474.81,916.15,601.31,687.74
2026-01-14 10:19:59,XPQ-01 Main,2026-01-14 10:19:00,1055.69,73.76,3.92232833333333,475.89,1055.42,287.98,192.06,214.02,74.43,4.33670533333333,475.98,1062.77,294.43,194.98,219.22,74.72,3.8674793333333297,476.14,1048.88,287.8,198.99,207.29,72.14,3.559402,475.56,870.21,586.03,640.54
2026-01-14 10:20:59,XPQ-01 Main,2026-01-14 10:20:00,911.13,70.74,3.6556616666666706,476.91,908.3,248.34,176.19,173.98,70.26,3.9367053333333297,477.32,905.37,251.55,172.58,182.02,72.57,3.7008126666666703,477.19,919.71,252.72,181.69,175.15,69.4,3.32606866666667,476.23,752.61,530.47,531.15
2026-01-14 10:21:59,XPQ-01 Main,2026-01-14 10:21:00,962.02,70.24,3.918995,477.43,961.45,263.14,186.33,185.17,70.49,4.17003866666667,477.63,963.55,267.92,186.52,190.74,71.5,3.96747933333333,477.76,961.06,264.49,191.71,181.48,68.75,3.62606866666667,476.9,795.54,564.56,557.39
2026-01-14 10:22:59,XPQ-01 Main,2026-01-14 10:22:00,946.97,70.43,3.808995,477.52,942.92,258.29,181.96,182.24,70.76,4.303372,478.07,950.24,264.27,183.07,189.06,71.84,3.80081266666667,477.5,947.74,260.68,188.84,178.46,68.69,3.32606866666667,476.98,783.25,553.86,549.76
2026-01-14 10:23:59,XPQ-01 Main,2026-01-14 10:23:00,1045.26,73.71,3.8556616666666703,476.42,1043.67,285.13,190.01,212.11,74.48,4.43670533333333,476.54,1054.01,292.29,193.76,217.49,74.67,3.90081266666667,476.57,1038.11,285.15,197.44,204.73,71.98,3.22606866666667,476.15,862.57,581.22,634.34
2026-01-14 10:24:59,XPQ-01 Main,2026-01-14 10:24:00,1060.04,74.04,3.698995,476.8,1059.27,289.81,192.83,215.36,74.5,4.203372,477.16,1064.14,295.31,194.34,221.04,75.1,3.834146,476.65,1056.71,290.34,199.43,210.04,72.52,3.059402,476.59,875.46,586.61,646.44
2026-01-14 10:25:59,XPQ-01 Main,2026-01-14 10:25:00,1028.52,74.83,3.96566166666667,476.7,1023.35,279.65,186.13,208.28,74.56,4.63670533333333,476.76,1025.61,284.64,182.88,217.32,76.51,3.80081266666667,477.0,1036.6,284.94,193.3,208.94,73.4,3.459402,476.35,849.23,562.31,634.53
2026-01-14 10:26:59,XPQ-01 Main,2026-01-14 10:26:00,1101.42,74.64,3.898995,476.27,1102.19,301.08,199.05,225.18,74.93,4.503372,476.6,1100.94,305.29,199.16,230.74,75.7,3.80081266666667,476.33,1101.13,302.23,205.05,220.98,73.3,3.39273533333333,475.89,908.6,603.26,676.9
2026-01-14 10:27:59,XPQ-01 Main,2026-01-14 10:27:00,1613.98,60.32,4.14232833333333,465.31,1606.26,428.26,336.73,261.74,61.37,4.703372,465.59,1633.43,442.83,346.64,270.96,61.59,4.16747933333333,465.81,1602.25,429.77,348.53,248.08,57.99,3.559402,464.53,1300.86,1031.89,780.78
2026-01-14 10:28:59,XPQ-01 Main,2026-01-14 10:28:00,1146.33,77.99,3.96566166666667,472.82,1143.6,310.09,191.85,242.51,78.43,4.33670533333333,473.16,1151.51,317.04,193.58,249.88,79.05,4.134146,472.92,1143.9,311.69,200.25,237.72,76.48,3.42606866666667,472.38,938.82,585.68,730.1
2026-01-14 10:29:59,XPQ-01 Main,2026-01-14 10:29:00,1109.14,74.93,4.198995,472.9,1105.37,299.83,194.37,227.8,76.07,4.57003866666667,473.19,1124.56,309.58,201.41,233.76,75.76,4.30081266666667,472.93,1097.49,299.12,204.06,217.7,72.96,3.7260686666666705,472.57,908.54,599.84,679.26
2026-01-14 10:30:59,XPQ-01 Main,2026-01-14 10:30:00,1190.23,77.82,4.07566166666667,472.62,1188.83,322.22,198.58,253.3,78.7,4.63670533333333,472.9,1201.66,330.67,203.97,259.57,78.63,4.234146,472.73,1180.19,321.49,208.12,244.45,76.14,3.359402,472.23,974.38,610.68,757.32
2026-01-14 10:31:59,XPQ-01 Main,2026-01-14 10:31:00,1171.85,77.43,4.008995,472.74,1169.39,317.01,196.69,248.32,78.39,4.37003866666667,472.96,1185.52,326.29,202.77,254.87,78.25,4.16747933333333,472.9,1160.65,316.29,206.71,239.04,75.64,3.49273533333333,472.37,959.58,606.17,742.23
2026-01-14 10:32:59,XPQ-01 Main,2026-01-14 10:32:00,1179.25,77.46,3.98566166666667,472.64,1174.82,318.39,198.33,248.57,78.17,4.23670533333333,472.82,1189.76,327.39,202.42,256.49,78.5,4.10081266666667,472.83,1173.19,319.66,208.52,241.72,75.72,3.6260686666666704,472.27,965.43,609.28,746.78
2026-01-14 10:33:59,XPQ-01 Main,2026-01-14 10:33:00,1143.17,76.42,3.8556616666666703,472.97,1139.32,308.96,197.15,237.23,76.91,4.303372,473.18,1148.81,316.38,199.29,244.83,77.55,3.96747933333333,473.19,1141.37,311.18,205.94,232.14,74.81,3.29273533333333,472.54,936.53,602.38,714.2
2026-01-14 10:34:59,XPQ-01 Main,2026-01-14 10:34:00,1165.28,77.38,4.13232833333333,472.29,1158.45,313.61,195.87,243.74,77.95,4.603372,472.47,1175.07,323.22,199.12,253.2,78.6,4.16747933333333,472.64,1162.3,316.46,206.78,238.74,75.59,3.62606866666667,471.76,953.28,601.78,735.69
2026-01-14 10:35:59,XPQ-01 Main,2026-01-14 10:35:00,969.21,72.82,3.84232833333333,473.1,964.37,261.52,179.54,189.92,72.67,4.43670533333333,473.28,967.64,266.62,177.71,198.11,74.44,3.90081266666667,473.44,975.62,266.07,186.09,189.59,71.37,3.19273533333333,472.58,794.22,543.34,577.62
2026-01-14 10:36:59,XPQ-01 Main,2026-01-14 10:36:00,917.25,68.38,4.488995,474.32,916.61,249.38,179.07,173.01,69.48,4.93670533333333,474.69,926.3,255.82,184.35,176.93,69.24,4.634146,474.36,908.85,248.4,185.31,164.61,66.41,3.89273533333333,473.9,753.6,548.72,514.55
2026-01-14 10:37:59,XPQ-01 Main,2026-01-14 10:37:00,835.87,67.97,4.598995,475.13,835.67,227.71,166.74,154.21,67.9,5.03670533333333,475.46,833.09,230.5,165.48,159.52,69.4,4.66747933333333,475.26,838.84,229.67,170.85,152.54,66.6,4.09273533333333,474.67,687.88,503.07,466.28
2026-01-14 10:38:59,XPQ-01 Main,2026-01-14 10:38:00,933.61,72.29,4.22232833333333,474.41,934.51,254.25,175.52,183.4,72.25,4.603372,474.61,930.31,256.96,173.72,188.32,73.5,4.234146,474.56,935.99,255.95,179.49,181.58,71.12,3.8260686666666706,474.07,767.15,528.73,553.3
2026-01-14 10:39:59,XPQ-01 Main,2026-01-14 10:39:00,854.06,72.22,4.408995,475.42,851.88,232.23,159.1,167.91,72.59,4.97003866666667,475.74,857.53,237.44,160.15,173.67,73.51,4.534146,475.62,852.76,233.64,165.06,164.39,70.57,3.7260686666666705,474.91,703.3,484.31,505.97
2026-01-14 10:40:59,XPQ-01 Main,2026-01-14 10:40:00,841.88,75.14,4.07566166666667,475.6,838.76,228.81,148.52,172.88,75.85,4.503372,476.0,849.71,235.32,151.5,178.57,76.25,4.20081266666667,475.65,837.16,229.42,155.64,167.79,73.32,3.52606866666667,475.17,693.55,455.67,519.25
2026-01-14 10:41:59,XPQ-01 Main,2026-01-14 10:41:00,851.93,75.33,4.27566166666667,475.33,847.89,231.11,151.0,174.15,75.55,4.87003866666667,475.48,855.11,236.61,151.02,180.46,76.69,4.16747933333333,475.49,852.78,233.68,157.35,171.88,73.76,3.79273533333333,475.02,701.41,459.37,526.49
2026-01-14 10:42:59,XPQ-01 Main,2026-01-14 10:42:00,886.66,74.57,4.24232833333333,475.1,887.35,241.83,158.81,182.01,75.35,4.87003866666667,475.24,892.34,246.71,161.87,185.8,75.4,4.26747933333333,475.13,880.3,241.12,164.63,175.6,72.95,3.59273533333333,474.95,729.67,485.31,543.42
2026-01-14 10:43:59,XPQ-01 Main,2026-01-14 10:43:00,811.95,74.67,4.24232833333333,474.86,815.72,222.15,149.23,163.61,73.88,4.903372,475.13,800.14,221.23,143.05,167.49,76.04,4.16747933333333,474.97,820.0,224.41,150.21,165.76,74.1,3.659402,474.48,667.79,442.5,496.86
2026-01-14 10:44:59,XPQ-01 Main,2026-01-14 10:44:00,854.54,73.76,3.98566166666667,474.08,849.5,230.95,155.59,170.15,73.8,4.43670533333333,474.48,854.99,236.08,154.91,177.66,75.37,3.96747933333333,474.23,859.15,234.68,162.36,169.0,72.11,3.559402,473.54,701.72,472.86,516.81
2026-01-14 10:45:59,XPQ-01 Main,2026-01-14 10:45:00,861.75,74.22,4.36566166666667,473.91,862.41,234.36,157.04,173.73,74.18,4.83670533333333,474.06,858.5,236.86,155.23,178.14,75.39,4.10081266666667,474.11,864.34,236.14,160.66,172.01,73.08,4.159402,473.58,707.37,472.93,523.88
2026-01-14 10:46:59,XPQ-01 Main,2026-01-14 10:46:00,884.41,75.88,4.05232833333333,473.47,885.35,240.33,157.03,181.59,75.64,4.503372,473.61,878.95,242.31,153.69,186.68,77.2,4.134146,473.71,888.92,242.64,160.84,181.29,74.81,3.52606866666667,473.1,725.28,471.56,549.56
2026-01-14 10:47:59,XPQ-01 Main,2026-01-14 10:47:00,931.72,74.14,4.098995,473.43,924.31,250.91,167.29,186.49,74.44,4.53670533333333,473.54,936.54,258.12,168.3,195.03,75.71,4.10081266666667,473.64,934.3,255.01,175.98,183.98,72.26,3.659402,473.1,764.04,511.57,565.5
2026-01-14 10:48:59,XPQ-01 Main,2026-01-14 10:48:00,962.26,76.32,3.888995,472.87,958.63,260.01,166.96,198.57,76.54,4.27003866666667,473.25,964.32,265.51,166.98,205.48,77.61,3.80081266666667,472.9,963.83,262.62,173.89,196.05,74.81,3.59273533333333,472.45,788.14,507.83,600.11
2026-01-14 10:49:59,XPQ-01 Main,2026-01-14 10:49:00,944.15,76.71,3.85232833333333,473.05,940.06,255.04,162.23,195.72,76.99,4.37003866666667,473.13,948.54,261.15,162.5,202.13,77.94,3.80081266666667,473.15,943.85,257.43,168.91,192.75,75.21,3.39273533333333,472.86,773.61,493.65,590.6
2026-01-14 10:50:59,XPQ-01 Main,2026-01-14 10:50:00,894.39,73.36,4.36566166666667,473.7,894.98,243.2,163.35,179.63,73.98,4.703372,474.07,898.33,247.76,165.42,183.77,74.32,4.36747933333333,473.7,889.85,242.89,168.89,174.09,71.77,4.02606866666667,473.34,733.85,497.66,537.49
2026-01-14 10:51:59,XPQ-01 Main,2026-01-14 10:51:00,906.52,69.04,4.54566166666667,472.92,901.52,244.35,176.15,165.88,68.56,4.903372,473.23,901.99,248.55,173.19,174.43,70.96,4.60081266666667,473.34,916.06,249.66,182.06,167.05,67.61,4.12606866666667,472.18,742.55,531.4,507.36
2026-01-14 10:52:59,XPQ-01 Main,2026-01-14 10:52:00,841.59,72.58,4.54566166666667,474.87,838.6,228.36,155.94,166.61,73.01,5.17003866666667,475.06,845.4,233.72,157.22,172.26,73.86,4.434146,475.02,840.78,230.15,162.09,162.86,70.88,4.02606866666667,474.54,692.24,475.25,501.73
2026-01-14 10:53:59,XPQ-01 Main,2026-01-14 10:53:00,789.64,76.51,4.84566166666667,475.89,784.09,214.0,136.94,164.14,76.79,5.33670533333333,476.2,793.13,219.78,137.34,171.03,77.97,4.70081266666667,475.99,791.72,217.13,144.02,162.1,74.76,4.49273533333333,475.47,650.9,418.3,497.27
2026-01-14 10:54:59,XPQ-01 Main,2026-01-14 10:54:00,783.91,74.86,4.95566166666667,475.09,777.68,211.92,140.23,158.45,74.88,5.803372,475.42,784.63,217.04,139.49,165.7,76.5,4.80081266666667,475.13,789.42,216.12,146.76,157.7,73.2,4.259402,474.72,645.08,426.48,481.84
2026-01-14 10:55:59,XPQ-01 Main,2026-01-14 10:55:00,761.26,75.29,5.198995,475.65,756.66,206.39,134.95,155.25,75.47,5.83670533333333,475.96,764.03,211.63,134.85,161.41,76.74,5.134146,475.79,763.1,209.17,140.91,153.49,73.67,4.62606866666667,475.2,627.19,410.71,470.15
2026-01-14 10:56:59,XPQ-01 Main,2026-01-14 10:56:00,779.95,75.81,5.07566166666667,475.57,773.25,210.87,136.02,160.17,76.22,5.803372,475.86,787.03,217.96,137.36,167.14,77.26,4.834146,475.75,779.58,213.66,143.42,157.53,73.95,4.59273533333333,475.1,642.49,416.8,484.85
2026-01-14 10:57:59,XPQ-01 Main,2026-01-14 10:57:00,735.15,75.01,5.218995,475.95,730.29,199.28,132.17,148.41,74.68,5.93670533333333,476.18,733.03,203.18,129.53,155.15,76.76,4.934146,476.18,742.14,203.58,137.44,149.33,73.58,4.79273533333333,475.48,606.04,399.15,452.88
2026-01-14 10:58:59,XPQ-01 Main,2026-01-14 10:58:00,762.75,72.28,4.57566166666667,475.95,758.99,207.04,143.81,148.32,71.79,5.003372,476.15,759.04,210.46,140.61,155.09,74.08,4.70081266666667,476.37,770.21,211.3,148.48,149.57,70.97,4.02606866666667,475.33,628.79,432.9,452.97
2026-01-14 10:59:59,XPQ-01 Main,2026-01-14 10:59:00,810.73,75.24,4.688995,475.44,805.81,219.74,144.52,164.86,75.2,5.23670533333333,475.88,810.23,224.35,143.26,171.9,76.82,4.60081266666667,475.5,816.14,223.55,150.67,164.28,73.7,4.22606866666667,474.94,667.63,438.45,501.05
2026-01-14 11:00:59,XPQ-01 Main,2026-01-14 11:00:00,959.66,79.09,4.13232833333333,474.82,951.58,259.08,156.75,205.69,79.54,4.93670533333333,475.07,967.61,267.53,158.46,214.38,80.42,4.034146,475.01,959.79,262.68,166.33,202.73,77.31,3.42606866666667,474.4,789.29,481.54,622.79
2026-01-14 11:01:59,XPQ-01 Main,2026-01-14 11:01:00,917.45,78.42,4.118995,473.99,913.22,248.15,153.18,194.71,78.59,4.73670533333333,474.11,920.01,253.92,152.78,201.02,79.62,3.934146,474.28,919.12,251.16,159.43,192.73,77.05,3.6927353333333297,473.58,753.23,465.39,588.46
2026-01-14 11:02:59,XPQ-01 Main,2026-01-14 11:02:00,963.84,78.8,3.978995,473.13,958.49,259.95,157.74,206.34,79.45,4.63670533333333,473.25,972.65,267.98,160.83,213.41,79.86,3.934146,473.47,960.37,261.96,166.4,201.48,77.1,3.359402,472.67,789.9,484.97,621.24
2026-01-14 11:03:59,XPQ-01 Main,2026-01-14 11:03:00,956.75,78.46,3.9423283333333297,474.08,949.61,258.16,158.35,202.98,78.85,4.47003866666667,474.29,962.35,265.62,159.76,211.76,79.83,3.8674793333333297,474.24,958.28,261.88,167.65,200.44,76.71,3.49273533333333,473.72,785.66,485.77,615.18
2026-01-14 11:04:59,XPQ-01 Main,2026-01-14 11:04:00,945.18,78.3,4.06566166666667,474.26,937.88,255.0,157.93,199.89,78.47,4.57003866666667,474.35,948.19,261.82,157.71,208.62,79.77,4.00081266666667,474.55,949.46,259.62,166.42,198.76,76.67,3.6260686666666704,473.88,776.44,482.06,607.28
2026-01-14 11:05:59,XPQ-01 Main,2026-01-14 11:05:00,913.91,79.44,3.93232833333333,474.73,911.3,247.99,150.16,195.89,79.37,4.57003866666667,475.04,912.84,252.46,147.9,202.34,80.73,3.66747933333333,475.06,917.57,251.04,155.82,195.68,78.23,3.559402,474.1,751.48,453.87,593.91
2026-01-14 11:06:59,XPQ-01 Main,2026-01-14 11:06:00,918.13,78.7,4.03232833333333,473.95,914.81,248.61,154.03,194.74,78.43,4.63670533333333,474.09,913.49,252.06,150.51,201.92,80.18,3.8674793333333297,474.13,926.09,253.03,159.74,195.89,77.5,3.59273533333333,473.61,753.7,464.28,592.55
2026-01-14 11:07:59,XPQ-01 Main,2026-01-14 11:07:00,935.08,78.21,3.82232833333333,473.79,933.18,253.51,158.2,197.78,78.09,4.37003866666667,473.94,931.66,256.99,155.73,203.94,79.48,3.66747933333333,474.0,940.4,256.85,163.31,197.46,77.06,3.42606866666667,473.42,767.35,477.23,599.19
2026-01-14 11:08:59,XPQ-01 Main,2026-01-14 11:08:00,912.72,78.38,3.96566166666667,473.68,911.2,247.39,154.05,193.23,78.19,4.43670533333333,473.64,908.81,250.63,151.01,199.42,79.72,3.8674793333333297,474.07,918.16,250.82,159.17,193.52,77.23,3.59273533333333,473.33,748.83,464.23,586.17
2026-01-14 11:09:59,XPQ-01 Main,2026-01-14 11:09:00,927.05,78.59,3.9456616666666706,473.45,922.32,250.32,154.58,196.3,78.57,4.47003866666667,473.54,927.01,255.56,152.94,203.88,79.99,3.8674793333333297,473.78,931.82,254.35,161.4,196.05,77.2,3.49273533333333,473.02,760.23,468.92,596.23
2026-01-14 11:10:59,XPQ-01 Main,2026-01-14 11:10:00,900.53,79.32,3.93232833333333,473.39,896.32,243.17,148.4,192.31,79.17,4.47003866666667,473.56,897.96,247.61,145.69,199.73,80.79,3.934146,473.81,907.3,247.6,154.72,192.88,78.0,3.39273533333333,472.81,738.39,448.81,584.93
2026-01-14 11:11:59,XPQ-01 Main,2026-01-14 11:11:00,943.56,78.52,3.888995,473.6,938.83,254.94,158.57,199.36,78.26,4.503372,473.84,940.02,259.25,155.27,207.25,80.03,3.834146,473.81,951.84,259.82,164.74,200.5,77.26,3.32606866666667,473.14,774.01,478.58,607.11
2026-01-14 11:12:59,XPQ-01 Main,2026-01-14 11:12:00,938.83,78.99,4.25566166666667,473.3,929.08,252.04,153.02,199.99,79.42,4.57003866666667,473.53,946.5,260.96,154.75,209.65,80.46,4.26747933333333,473.66,940.92,256.69,163.28,197.59,77.09,3.92606866666667,472.72,769.69,471.04,607.23
2026-01-14 11:13:59,XPQ-01 Main,2026-01-14 11:13:00,955.5,78.31,3.9556616666666704,473.52,947.51,257.14,159.25,201.47,78.45,4.703372,473.68,959.22,264.57,158.97,210.51,79.8,3.7674793333333296,473.95,959.76,261.98,167.94,200.62,76.68,3.39273533333333,472.92,783.69,486.17,612.61
2026-01-14 11:14:59,XPQ-01 Main,2026-01-14 11:14:00,908.23,78.19,3.878995,473.94,902.93,245.39,153.12,191.37,78.08,4.47003866666667,474.14,906.95,250.26,150.97,199.28,79.71,3.80081266666667,474.1,914.82,249.92,159.85,191.63,76.79,3.359402,473.58,745.57,463.95,582.28
2026-01-14 11:15:59,XPQ-01 Main,2026-01-14 11:15:00,938.3,78.97,4.11232833333333,473.83,932.91,253.39,155.13,200.01,79.02,4.67003866666667,473.93,939.41,259.2,153.96,208.0,80.38,4.134146,474.17,942.59,257.5,162.49,199.38,77.52,3.52606866666667,473.4,770.09,471.58,607.39
2026-01-14 11:16:59,XPQ-01 Main,2026-01-14 11:16:00,1016.73,77.23,3.98566166666667,472.96,1011.46,274.28,173.25,212.19,77.46,4.703372,473.14,1019.28,280.7,173.43,220.19,78.56,3.8674793333333297,473.19,1019.44,277.95,181.33,209.9,75.67,3.39273533333333,472.56,832.93,528.0,642.29
2026-01-14 11:17:59,XPQ-01 Main,2026-01-14 11:17:00,985.45,77.85,4.31232833333333,473.73,979.77,266.07,164.63,208.62,78.5,5.003372,473.87,994.47,274.33,167.78,216.31,79.02,4.40081266666667,474.03,982.12,268.23,174.02,203.65,76.02,3.52606866666667,473.3,808.63,506.44,628.58
2026-01-14 11:18:59,XPQ-01 Main,2026-01-14 11:18:00,978.41,78.12,4.13232833333333,473.22,972.44,263.79,162.59,207.42,78.7,4.57003866666667,473.35,986.47,271.83,165.12,215.32,79.35,4.234146,473.52,976.31,266.36,172.02,203.08,76.31,3.59273533333333,472.78,801.98,499.73,625.82
2026-01-14 11:19:59,XPQ-01 Main,2026-01-14 11:19:00,1038.19,75.67,3.978995,472.33,1029.53,278.76,179.72,212.87,76.41,4.403372,472.6,1049.52,288.74,184.07,222.16,77.0,3.8674793333333297,472.62,1035.51,281.9,190.76,207.35,73.59,3.659402,471.77,849.4,554.55,642.38
2026-01-14 11:20:59,XPQ-01 Main,2026-01-14 11:20:00,1200.09,78.01,4.32232833333333,471.02,1190.69,321.48,199.45,251.83,78.39,4.903372,471.35,1207.39,331.31,201.21,262.92,79.41,4.034146,471.35,1202.19,326.33,211.13,248.6,76.22,4.02606866666667,470.37,979.12,611.79,763.35
2026-01-14 11:21:59,XPQ-01 Main,2026-01-14 11:21:00,1026.22,72.61,4.388995,473.3,1021.99,277.33,188.24,203.09,73.34,4.83670533333333,473.57,1035.15,285.33,191.98,210.09,73.82,4.26747933333333,473.54,1021.52,278.66,196.92,196.7,70.67,4.059402,472.79,841.32,577.13,609.87
2026-01-14 11:22:59,XPQ-01 Main,2026-01-14 11:22:00,1179.9,77.08,3.8756616666666703,471.6,1174.74,317.62,201.66,244.87,77.19,4.503372,471.9,1180.93,324.37,201.0,254.12,78.43,4.06747933333333,471.83,1184.02,321.82,210.39,243.02,75.6,3.059402,471.07,963.81,613.05,742.01
2026-01-14 11:23:59,XPQ-01 Main,2026-01-14 11:23:00,1000.06,73.47,4.84566166666667,472.52,995.43,269.61,183.39,197.32,73.25,5.33670533333333,472.65,997.04,274.36,180.86,205.78,75.11,4.66747933333333,472.86,1007.69,274.52,190.06,197.51,72.06,4.52606866666667,472.05,818.49,554.31,600.62
2026-01-14 11:24:59,XPQ-01 Main,2026-01-14 11:24:00,1061.5,76.63,4.02232833333333,472.45,1056.08,285.85,184.64,217.96,76.3,4.73670533333333,472.47,1056.99,290.88,180.77,227.35,78.27,3.934146,473.0,1071.44,291.91,191.76,219.64,75.33,3.39273533333333,471.86,868.63,557.18,664.95
2026-01-14 11:25:59,XPQ-01 Main,2026-01-14 11:25:00,1108.79,76.66,4.298995,471.87,1096.97,296.65,189.6,227.85,76.87,4.83670533333333,472.1,1114.76,306.43,190.2,239.77,78.34,4.40081266666667,472.3,1114.63,303.18,201.11,226.53,74.78,3.659402,471.21,906.26,580.9,694.15
2026-01-14 11:26:59,XPQ-01 Main,2026-01-14 11:26:00,1110.19,75.32,4.198995,471.51,1095.97,296.23,190.97,226.17,76.41,4.63670533333333,471.65,1129.81,310.2,198.62,237.48,76.71,4.334146,471.84,1104.79,300.33,205.52,218.5,72.84,3.62606866666667,471.04,906.76,595.11,682.16
2026-01-14 11:27:59,XPQ-01 Main,2026-01-14 11:27:00,1134.37,75.43,4.278995,471.7,1128.59,305.05,199.64,230.41,75.58,4.87003866666667,471.74,1136.44,312.2,199.38,239.69,76.88,4.36747933333333,472.17,1138.08,309.57,208.61,228.48,73.85,3.59273533333333,471.2,926.82,607.63,698.58
2026-01-14 11:28:59,XPQ-01 Main,2026-01-14 11:28:00,1125.22,74.24,4.14232833333333,471.54,1119.76,302.56,200.32,226.36,74.89,4.57003866666667,471.43,1134.4,311.45,203.98,234.35,75.43,4.234146,472.04,1121.51,305.04,210.1,220.55,72.41,3.62606866666667,471.14,919.04,614.4,681.26
2026-01-14 11:29:59,XPQ-01 Main,2026-01-14 11:29:00,1111.4,74.66,4.008995,470.31,1101.6,296.91,194.47,224.26,75.55,4.53670533333333,470.39,1126.06,308.44,200.37,233.91,75.95,3.9008126666666705,470.79,1106.53,300.07,206.55,217.42,72.5,3.59273533333333,469.77,905.42,601.39,675.59
2026-01-14 11:30:59,XPQ-01 Main,2026-01-14 11:30:00,1003.3,78.74,4.34566166666667,473.69,998.54,271.17,166.52,213.38,78.84,4.77003866666667,473.57,1004.56,276.93,165.37,221.17,80.09,4.50081266666667,473.95,1006.81,275.1,174.34,212.32,77.28,3.759402,473.55,823.19,506.23,646.87
2026-01-14 11:31:59,XPQ-01 Main,2026-01-14 11:31:00,975.74,78.18,3.84232833333333,474.05,969.18,263.42,163.11,206.07,78.41,4.23670533333333,474.11,979.63,270.33,163.12,214.14,79.55,3.90081266666667,474.28,978.39,267.44,171.48,204.2,76.58,3.39273533333333,473.76,801.19,497.71,624.41
2026-01-14 11:32:59,XPQ-01 Main,2026-01-14 11:32:00,1016.66,77.51,4.208995,471.7,1009.17,272.89,171.29,211.6,77.72,4.503372,471.75,1020.98,280.37,171.29,219.81,78.88,4.40081266666667,471.98,1019.84,277.39,179.7,209.72,75.93,3.72606866666667,471.37,830.65,522.28,641.13
2026-01-14 11:33:59,XPQ-01 Main,2026-01-14 11:33:00,968.46,79.65,4.23232833333333,472.96,961.11,260.63,156.23,207.74,79.92,4.803372,473.12,973.11,267.96,156.54,216.46,81.03,4.40081266666667,473.17,971.15,264.79,165.35,206.06,77.99,3.49273533333333,472.58,793.38,478.11,630.26
2026-01-14 11:34:59,XPQ-01 Main,2026-01-14 11:34:00,1004.41,78.95,4.098995,472.93,996.5,270.21,163.48,213.94,79.46,4.53670533333333,473.04,1014.11,279.21,165.57,222.2,80.19,4.10081266666667,473.15,1002.61,273.37,173.06,210.28,77.21,3.659402,472.58,822.79,502.11,646.42
2026-01-14 11:35:59,XPQ-01 Main,2026-01-14 11:35:00,1057.96,80.41,4.108995,471.97,1051.29,284.37,167.63,229.25,80.72,4.43670533333333,471.92,1062.84,292.05,168.04,238.1,81.7,4.26747933333333,472.35,1059.74,288.47,177.29,227.02,78.81,3.6260686666666704,471.63,864.89,512.96,694.37
2026-01-14 11:36:59,XPQ-01 Main,2026-01-14 11:36:00,975.72,79.21,4.07566166666667,472.73,970.09,262.89,160.13,207.83,79.21,4.603372,472.83,976.12,268.68,158.37,215.84,80.62,4.034146,473.01,980.95,267.36,167.58,207.5,77.8,3.59273533333333,472.33,798.93,486.07,631.16
2026-01-14 11:37:59,XPQ-01 Main,2026-01-14 11:37:00,965.93,78.77,4.22232833333333,473.24,962.46,261.27,160.65,205.78,78.83,4.73670533333333,473.31,964.95,265.71,159.05,212.7,80.09,4.134146,473.24,970.39,264.78,167.46,204.72,77.4,3.79273533333333,473.16,791.76,487.16,623.21
2026-01-14 11:38:59,XPQ-01 Main,2026-01-14 11:38:00,997.87,78.72,4.27566166666667,472.22,989.62,268.05,163.52,211.92,79.17,4.57003866666667,472.29,1005.43,276.28,165.0,220.5,80.07,4.50081266666667,472.26,998.57,271.89,173.34,208.75,76.93,3.759402,472.12,816.22,501.86,641.17
2026-01-14 11:39:59,XPQ-01 Main,2026-01-14 11:39:00,959.67,80.98,4.088995,472.15,950.68,257.32,151.61,207.47,80.74,4.57003866666667,472.17,958.34,263.41,147.88,217.21,82.66,4.00081266666667,472.4,969.99,264.1,159.77,209.67,79.54,3.6927353333333297,471.87,784.83,459.26,634.35
2026-01-14 11:40:59,XPQ-01 Main,2026-01-14 11:40:00,1008.81,79.25,4.17566166666667,474.55,999.62,272.05,163.83,216.1,79.69,4.77003866666667,474.73,1016.91,280.91,165.39,225.39,80.62,4.10081266666667,474.66,1009.9,276.27,174.09,213.09,77.44,3.659402,474.27,829.24,503.31,654.58
2026-01-14 11:41:59,XPQ-01 Main,2026-01-14 11:41:00,953.27,79.09,4.12232833333333,474.99,946.13,257.71,156.48,203.9,79.33,4.57003866666667,475.22,958.48,265.07,156.47,212.1,80.47,4.26747933333333,475.13,955.19,261.52,164.92,201.99,77.46,3.52606866666667,474.63,784.3,477.87,617.99
2026-01-14 11:42:59,XPQ-01 Main,2026-01-14 11:42:00,905.36,79.27,3.9423283333333297,474.74,899.34,244.8,150.45,192.63,78.81,4.43670533333333,475.14,900.24,248.96,145.75,201.31,81.0,3.80081266666667,474.92,916.49,250.69,156.65,195.27,78.0,3.59273533333333,474.16,744.46,452.85,589.21
2026-01-14 11:43:59,XPQ-01 Main,2026-01-14 11:43:00,996.72,80.22,4.33232833333333,474.69,989.8,269.4,159.27,216.59,80.56,4.87003866666667,474.83,1002.4,277.02,160.0,225.08,81.5,4.36747933333333,474.9,997.97,273.11,168.47,214.06,78.58,3.759402,474.34,819.53,487.74,655.72
2026-01-14 11:44:59,XPQ-01 Main,2026-01-14 11:44:00,949.87,80.0,4.26566166666667,474.59,939.29,255.62,153.33,204.07,79.95,4.87003866666667,474.83,952.21,263.13,151.29,213.86,81.64,4.134146,474.74,958.11,262.1,162.17,204.87,78.41,3.79273533333333,474.2,780.84,466.8,622.8
2026-01-14 11:45:59,XPQ-01 Main,2026-01-14 11:45:00,962.37,80.53,3.9423283333333297,474.77,954.55,259.76,153.7,208.66,80.51,4.27003866666667,474.86,964.17,266.57,151.73,218.0,82.08,3.934146,475.13,968.4,265.09,162.23,208.99,78.99,3.62606866666667,474.33,791.42,467.66,635.65
2026-01-14 11:46:59,XPQ-01 Main,2026-01-14 11:46:00,944.7,80.1,3.7756616666666702,474.78,934.97,254.44,153.65,202.38,79.65,4.43670533333333,474.98,940.77,260.17,148.74,212.82,81.96,3.834146,475.12,958.36,262.28,161.6,206.08,78.69,3.059402,474.26,776.89,463.99,621.28
2026-01-14 11:47:59,XPQ-01 Main,2026-01-14 11:47:00,1016.88,81.08,4.04566166666667,474.46,1011.7,275.21,158.85,224.33,81.61,4.47003866666667,474.34,1024.49,282.85,160.82,231.91,82.18,4.00081266666667,474.68,1014.44,277.64,168.31,220.29,79.46,3.659402,474.37,835.7,487.98,676.53
2026-01-14 11:48:59,XPQ-01 Main,2026-01-14 11:48:00,994.55,80.82,3.988995,473.94,985.95,267.8,156.14,216.73,81.14,4.57003866666667,473.86,1001.74,276.41,156.74,226.21,82.2,3.9008126666666705,474.36,995.96,272.25,166.13,215.0,79.13,3.49273533333333,473.59,816.45,479.01,657.94
2026-01-14 11:49:59,XPQ-01 Main,2026-01-14 11:49:00,1085.62,79.7,4.26566166666667,473.14,1079.66,292.87,173.28,235.73,80.57,4.83670533333333,473.34,1098.86,302.76,178.51,243.83,80.69,4.36747933333333,473.42,1078.32,294.1,184.45,228.74,77.84,3.59273533333333,472.67,889.73,536.24,708.3
2026-01-14 11:50:59,XPQ-01 Main,2026-01-14 11:50:00,926.1,78.73,3.84232833333333,474.49,923.21,251.06,155.35,196.74,78.48,4.33670533333333,474.61,921.49,254.66,151.86,203.76,80.18,3.734146,474.87,933.6,255.4,161.02,197.55,77.51,3.459402,474.01,761.11,468.23,598.05
2026-01-14 11:51:59,XPQ-01 Main,2026-01-14 11:51:00,993.35,77.21,3.8556616666666703,474.41,992.28,269.84,170.19,208.73,77.5,4.303372,474.32,995.49,274.89,170.35,214.32,78.28,3.734146,474.73,992.27,271.52,176.39,205.34,75.85,3.52606866666667,474.18,816.25,516.94,628.39
2026-01-14 11:52:59,XPQ-01 Main,2026-01-14 11:52:00,1073.72,76.97,4.07566166666667,474.25,1060.84,288.53,178.97,226.09,78.41,4.57003866666667,474.36,1097.57,302.95,188.99,236.21,78.08,4.134146,474.39,1062.74,290.6,193.85,215.88,74.4,3.52606866666667,474.02,882.08,561.8,678.18
2026-01-14 11:53:59,XPQ-01 Main,2026-01-14 11:53:00,974.03,77.17,3.83232833333333,476.52,974.44,266.19,168.92,204.58,77.11,4.403372,476.55,971.48,269.5,166.63,209.75,78.3,3.7674793333333296,476.79,976.18,268.24,173.38,203.33,76.09,3.32606866666667,476.23,803.93,508.93,617.66
2026-01-14 11:54:59,XPQ-01 Main,2026-01-14 11:54:00,1010.96,77.62,4.098995,476.12,1008.77,275.44,170.68,215.49,78.39,4.47003866666667,476.24,1020.32,282.76,174.58,221.11,78.48,4.20081266666667,476.24,1003.8,275.55,178.69,208.87,75.99,3.62606866666667,475.88,833.75,523.95,645.48
2026-01-14 11:55:59,XPQ-01 Main,2026-01-14 11:55:00,1027.34,77.35,3.9123283333333294,475.77,1016.57,277.32,171.74,216.93,78.4,4.403372,476.0,1044.34,289.31,178.41,226.69,78.58,3.8674793333333297,475.99,1021.12,280.04,184.64,209.87,75.08,3.459402,475.32,846.67,534.79,653.49
2026-01-14 11:56:59,XPQ-01 Main,2026-01-14 11:56:00,914.96,78.28,4.12232833333333,476.62,914.54,249.81,156.23,194.18,77.91,4.47003866666667,476.79,908.46,252.21,152.04,200.31,79.65,4.20081266666667,477.0,921.89,253.3,160.46,195.36,77.27,3.6927353333333297,476.08,755.33,468.72,589.85
2026-01-14 11:57:59,XPQ-01 Main,2026-01-14 11:57:00,1004.46,76.86,3.888995,476.55,994.75,271.81,170.72,210.7,77.7,4.47003866666667,476.77,1018.42,282.6,175.67,219.88,78.13,3.80081266666667,476.79,1000.22,274.76,182.15,205.02,74.76,3.39273533333333,476.11,829.16,528.55,635.6
2026-01-14 11:58:59,XPQ-01 Main,2026-01-14 11:58:00,961.29,76.62,3.508995,476.28,949.67,259.31,165.2,199.32,76.99,3.93670533333333,476.29,969.21,268.71,166.87,209.34,78.2,3.7008126666666703,476.57,964.99,265.04,175.61,197.11,74.67,2.89273533333333,475.98,793.06,507.68,605.77
2026-01-14 11:59:59,XPQ-01 Main,2026-01-14 11:59:00,912.09,77.18,3.9523283333333294,477.42,907.05,248.13,159.79,189.33,76.42,4.47003866666667,477.33,902.86,250.99,153.43,197.94,79.04,3.934146,477.93,926.37,255.09,165.1,193.64,76.1,3.459402,476.99,754.21,478.32,580.91
2026-01-14 12:00:59,XPQ-01 Main,2026-01-14 12:00:00,1024.83,76.7,3.918995,477.74,1018.71,279.06,176.01,216.01,77.52,4.303372,477.93,1035.8,288.11,180.61,223.86,77.83,4.234146,477.94,1019.98,280.89,186.46,209.72,74.73,3.22606866666667,477.35,848.06,543.08,649.59
2026-01-14 12:01:59,XPQ-01 Main,2026-01-14 12:01:00,1035.59,77.1,3.9123283333333294,475.85,1032.32,281.69,177.19,218.62,77.69,4.33670533333333,475.96,1042.31,288.71,179.8,225.1,78.13,4.00081266666667,476.0,1032.15,283.17,185.45,213.33,75.47,3.39273533333333,475.59,853.56,542.43,657.05
2026-01-14 12:02:59,XPQ-01 Main,2026-01-14 12:02:00,1062.65,75.68,4.03232833333333,474.17,1054.16,286.69,184.81,218.84,76.4,4.53670533333333,474.41,1073.39,296.28,188.99,227.93,76.98,4.20081266666667,474.24,1060.39,289.81,195.75,213.28,73.67,3.359402,473.85,872.78,569.55,660.04
2026-01-14 12:03:59,XPQ-01 Main,2026-01-14 12:03:00,969.74,76.32,3.918995,475.48,963.27,262.59,170.76,199.04,75.9,4.43670533333333,475.69,964.32,267.01,166.65,208.28,78.08,3.96747933333333,475.73,981.64,269.04,177.58,201.32,74.99,3.359402,475.02,798.64,514.99,608.64
2026-01-14 12:04:59,XPQ-01 Main,2026-01-14 12:04:00,963.71,77.24,3.74232833333333,475.36,956.97,260.92,165.2,201.34,77.31,4.23670533333333,475.58,966.16,267.34,164.18,209.3,78.68,3.80081266666667,475.4,968.01,265.24,172.71,200.21,75.72,3.19273533333333,475.1,793.5,502.08,610.84
2026-01-14 12:05:59,XPQ-01 Main,2026-01-14 12:05:00,990.51,76.72,3.998995,475.4,983.54,268.14,168.68,208.16,77.69,4.63670533333333,475.7,1003.45,277.77,174.21,216.0,77.84,3.96747933333333,475.52,984.54,269.73,179.39,201.2,74.64,3.39273533333333,474.97,815.65,522.29,625.36
2026-01-14 12:06:59,XPQ-01 Main,2026-01-14 12:06:00,1040.16,76.95,3.808995,474.85,1032.08,280.99,176.4,218.54,77.81,4.303372,475.01,1052.78,291.07,181.43,227.39,78.17,3.80081266666667,475.08,1035.61,283.5,187.86,212.24,74.88,3.32606866666667,474.47,855.56,545.69,658.16
2026-01-14 12:07:59,XPQ-01 Main,2026-01-14 12:07:00,979.96,76.68,3.7323283333333297,475.02,970.6,264.39,169.52,202.3,76.65,4.203372,475.27,981.68,271.52,168.13,212.1,78.37,3.7008126666666703,475.16,987.61,270.39,178.37,202.45,75.03,3.29273533333333,474.62,806.3,516.02,616.85
2026-01-14 12:08:59,XPQ-01 Main,2026-01-14 12:08:00,995.53,77.43,3.93232833333333,475.2,991.58,270.28,169.1,210.27,77.93,4.33670533333333,475.26,1001.44,276.89,170.81,216.74,78.54,4.034146,475.21,993.57,272.26,176.97,205.79,75.82,3.42606866666667,475.15,819.43,516.88,632.81
2026-01-14 12:09:59,XPQ-01 Main,2026-01-14 12:09:00,1023.88,76.07,4.04566166666667,474.17,1013.85,275.64,176.75,211.35,76.71,4.57003866666667,474.29,1034.53,285.58,180.22,220.68,77.45,3.80081266666667,474.41,1023.26,279.74,187.67,206.71,74.04,3.759402,473.83,840.97,544.64,638.74
2026-01-14 12:10:59,XPQ-01 Main,2026-01-14 12:10:00,1011.11,77.13,4.08566166666667,474.41,1003.63,272.99,172.37,211.09,77.46,4.603372,474.57,1017.49,281.05,173.33,219.83,78.53,4.30081266666667,474.64,1012.22,276.83,181.6,208.46,75.4,3.359402,474.01,830.87,527.3,639.38
2026-01-14 12:11:59,XPQ-01 Main,2026-01-14 12:11:00,963.93,76.81,3.998995,475.14,957.34,260.76,167.03,199.52,76.68,4.43670533333333,475.42,962.15,266.28,164.82,208.32,78.42,4.10081266666667,475.43,972.29,266.25,174.55,199.98,75.34,3.459402,474.57,793.3,506.4,607.83
2026-01-14 12:12:59,XPQ-01 Main,2026-01-14 12:12:00,957.94,76.01,3.74232833333333,474.75,948.58,258.17,167.98,195.62,75.87,4.17003866666667,474.86,957.96,264.81,165.95,205.84,77.85,3.8674793333333297,475.04,967.29,264.76,177.04,196.58,74.31,3.19273533333333,474.35,787.74,510.96,598.04
2026-01-14 12:13:59,XPQ-01 Main,2026-01-14 12:13:00,1020.57,76.05,4.14232833333333,473.85,1010.96,274.69,177.04,209.53,76.38,4.57003866666667,474.07,1026.44,283.21,178.41,219.7,77.63,4.20081266666667,474.06,1024.3,279.77,187.68,207.28,74.13,3.659402,473.43,837.66,543.14,636.51
2026-01-14 12:14:59,XPQ-01 Main,2026-01-14 12:14:00,1001.9,77.43,3.7656616666666705,473.7,986.95,268.12,166.76,209.36,78.22,4.23670533333333,473.89,1016.31,280.26,171.54,221.16,79.02,3.734146,473.82,1002.44,273.73,180.66,205.18,75.05,3.32606866666667,473.39,822.1,518.97,635.7
2026-01-14 12:15:59,XPQ-01 Main,2026-01-14 12:15:00,990.6,78.23,4.188995,474.65,984.78,268.0,164.84,210.9,78.79,4.83670533333333,474.71,998.06,275.76,167.07,218.57,79.45,4.00081266666667,474.86,988.95,270.66,174.26,206.73,76.46,3.7260686666666705,474.38,814.43,506.17,636.2
2026-01-14 12:16:59,XPQ-01 Main,2026-01-14 12:16:00,995.93,77.8,3.7756616666666702,474.33,989.26,269.01,166.52,211.05,78.51,4.203372,474.27,1005.61,277.63,169.98,219.05,79.0,3.7674793333333296,474.6,992.92,271.63,176.83,206.0,75.88,3.359402,474.13,818.27,513.34,636.1
2026-01-14 12:17:59,XPQ-01 Main,2026-01-14 12:17:00,974.66,78.01,3.83232833333333,474.06,966.65,262.64,164.19,204.2,77.93,4.23670533333333,474.14,975.27,269.25,162.1,213.27,79.61,3.7674793333333296,474.46,982.08,268.43,172.37,204.71,76.49,3.49273533333333,473.57,800.32,498.67,622.18
2026-01-14 12:18:59,XPQ-01 Main,2026-01-14 12:18:00,1013.63,77.02,3.898995,474.23,1000.49,272.02,171.68,210.56,77.5,4.33670533333333,474.2,1024.14,282.68,174.11,221.75,78.65,3.834146,474.49,1016.26,277.94,183.83,207.91,74.92,3.52606866666667,473.99,832.64,529.63,640.23
2026-01-14 12:19:59,XPQ-01 Main,2026-01-14 12:19:00,1005.01,77.83,3.798995,474.68,999.65,271.96,169.48,212.1,78.12,4.203372,474.73,1009.44,279.02,169.84,219.98,79.15,3.834146,475.05,1005.93,275.33,177.99,209.53,76.21,3.359402,474.25,826.32,517.31,641.62
2026-01-14 12:20:59,XPQ-01 Main,2026-01-14 12:20:00,1015.47,76.85,3.7656616666666705,474.22,1003.51,272.76,174.49,209.31,76.81,4.203372,474.13,1017.99,281.02,173.21,220.86,78.69,4.034146,474.61,1024.91,280.34,185.05,210.12,75.05,3.059402,473.92,834.12,532.75,640.29
2026-01-14 12:21:59,XPQ-01 Main,2026-01-14 12:21:00,1049.07,77.57,3.788995,473.82,1042.09,283.04,176.47,220.96,78.14,4.03670533333333,473.81,1057.73,291.76,179.22,229.55,78.82,3.66747933333333,474.16,1047.38,286.2,186.65,216.67,75.77,3.659402,473.5,861.0,542.34,667.18
2026-01-14 12:22:59,XPQ-01 Main,2026-01-14 12:22:00,1004.79,78.28,3.72232833333333,474.37,1000.74,272.1,169.47,212.14,78.13,4.103372,474.5,1001.79,276.75,166.71,220.29,79.74,3.734146,474.73,1011.82,276.72,176.37,212.69,76.98,3.32606866666667,473.89,825.58,512.55,645.12
2026-01-14 12:23:59,XPQ-01 Main,2026-01-14 12:23:00,907.93,79.38,3.96566166666667,474.25,896.97,243.82,148.06,193.23,79.38,4.33670533333333,474.38,910.28,251.42,146.86,203.54,81.09,3.96747933333333,474.62,916.55,250.58,157.52,194.14,77.66,3.59273533333333,473.74,745.83,452.43,590.9
2026-01-14 12:24:59,XPQ-01 Main,2026-01-14 12:24:00,899.47,79.87,3.8556616666666703,474.87,896.76,244.08,146.89,194.14,79.75,4.603372,475.01,896.58,247.97,144.19,200.59,81.2,3.60081266666667,475.23,905.06,247.78,152.55,194.39,78.67,3.359402,474.38,739.82,443.63,589.12
2026-01-14 12:25:59,XPQ-01 Main,2026-01-14 12:25:00,893.29,79.82,3.788995,474.83,890.67,242.37,145.14,193.72,80.03,4.23670533333333,474.77,894.83,247.39,144.78,199.93,81.0,3.80081266666667,475.22,894.38,244.93,151.68,191.8,78.44,3.32606866666667,474.5,734.69,441.6,585.45
2026-01-14 12:26:59,XPQ-01 Main,2026-01-14 12:26:00,947.59,78.3,3.9223283333333296,473.82,944.34,256.43,159.63,200.26,78.2,4.23670533333333,473.76,945.47,260.81,157.17,207.3,79.69,4.00081266666667,474.21,952.97,260.45,165.8,200.16,77.01,3.52606866666667,473.49,777.68,482.6,607.73
2026-01-14 12:27:59,XPQ-01 Main,2026-01-14 12:27:00,986.21,77.03,3.6423283333333294,474.35,988.81,268.86,169.89,207.97,77.44,4.13670533333333,474.46,987.37,272.73,170.85,212.1,77.88,3.734146,474.67,982.47,268.69,175.19,203.39,75.77,3.059402,473.92,810.28,515.93,623.46
2026-01-14 12:28:59,XPQ-01 Main,2026-01-14 12:28:00,1054.12,79.0,4.008995,473.85,1045.93,284.18,172.52,225.22,79.39,4.63670533333333,473.97,1060.63,292.58,173.92,234.76,80.35,4.10081266666667,474.05,1055.81,288.44,182.8,222.52,77.27,3.29273533333333,473.53,865.2,529.24,682.5
2026-01-14 12:29:59,XPQ-01 Main,2026-01-14 12:29:00,1110.38,78.0,3.84232833333333,472.65,1100.99,298.25,184.74,233.63,78.44,4.403372,472.82,1118.47,307.91,186.9,244.16,79.41,3.834146,473.06,1111.7,302.9,196.23,230.51,76.14,3.29273533333333,472.06,909.06,567.88,708.3
2026-01-14 12:30:59,XPQ-01 Main,2026-01-14 12:30:00,1082.74,78.8,3.33232833333333,473.06,1079.47,292.59,181.45,228.72,78.34,3.8700386666666704,473.11,1075.07,296.23,175.89,237.02,80.3,3.234146,473.56,1093.69,298.34,187.17,231.51,77.76,2.89273533333333,472.5,887.15,544.51,697.24
2026-01-14 12:31:59,XPQ-01 Main,2026-01-14 12:31:00,1099.36,76.79,3.898995,472.34,1087.61,294.41,187.67,226.22,76.96,4.37003866666667,472.37,1105.92,304.18,187.71,236.66,78.35,3.934146,472.75,1104.56,300.87,197.95,224.89,75.06,3.39273533333333,471.9,899.46,573.32,687.77
2026-01-14 12:32:59,XPQ-01 Main,2026-01-14 12:32:00,1013.58,70.65,3.718995,471.43,1001.48,270.59,190.61,191.87,70.94,4.07003866666667,471.49,1020.66,280.22,192.56,202.73,72.51,3.7674793333333296,471.89,1018.6,276.87,201.39,189.43,68.51,3.32606866666667,470.91,827.68,584.56,584.03
2026-01-14 12:33:59,XPQ-01 Main,2026-01-14 12:33:00,1074.27,74.08,4.03232833333333,471.42,1060.83,286.64,190.27,214.11,74.75,4.47003866666667,471.39,1087.49,298.47,194.55,225.32,75.69,3.8674793333333297,471.82,1074.51,292.14,203.09,209.51,71.8,3.759402,471.06,877.24,587.91,648.95
2026-01-14 12:34:59,XPQ-01 Main,2026-01-14 12:34:00,1069.84,73.97,3.68566166666667,471.24,1059.46,286.25,190.82,212.96,74.47,4.203372,471.39,1079.3,296.13,193.65,222.82,75.48,3.80081266666667,471.49,1070.76,290.89,201.61,208.98,71.97,3.059402,470.85,873.27,586.08,644.75
2026-01-14 12:35:59,XPQ-01 Main,2026-01-14 12:35:00,1043.3,77.6,3.94566166666667,472.02,1029.82,278.7,173.28,217.89,78.27,4.43670533333333,471.95,1057.16,290.4,176.91,228.31,79.05,3.834146,472.26,1042.92,283.94,185.7,213.74,75.49,3.559402,471.87,853.04,535.89,659.94
2026-01-14 12:36:59,XPQ-01 Main,2026-01-14 12:36:00,949.22,77.61,3.97566166666667,472.95,940.27,254.93,160.86,197.27,77.5,4.23670533333333,473.09,949.69,261.54,158.85,207.08,79.34,4.00081266666667,473.24,957.69,261.12,169.58,198.18,75.98,3.6927353333333297,472.51,777.59,489.29,602.53
2026-01-14 12:37:59,XPQ-01 Main,2026-01-14 12:37:00,972.87,78.09,4.16566166666667,472.3,962.2,260.53,161.91,203.61,78.27,4.703372,472.35,977.08,268.66,161.86,213.09,79.63,4.10081266666667,472.59,979.33,266.71,171.28,202.6,76.37,3.6927353333333297,471.97,795.9,495.06,619.3
2026-01-14 12:38:59,XPQ-01 Main,2026-01-14 12:38:00,1059.15,79.11,3.97566166666667,472.11,1049.43,284.19,168.83,228.29,80.4,4.47003866666667,472.26,1078.96,296.45,177.39,237.27,80.09,3.934146,472.11,1049.05,285.52,182.56,219.1,76.83,3.52606866666667,471.95,866.16,528.79,684.66
2026-01-14 12:39:59,XPQ-01 Main,2026-01-14 12:39:00,1054.45,78.14,3.918995,471.66,1039.41,281.04,172.16,221.94,79.01,4.43670533333333,471.68,1071.19,294.14,177.68,233.73,79.61,3.90081266666667,471.99,1052.75,286.33,186.51,216.77,75.8,3.42606866666667,471.32,861.51,536.36,672.45
2026-01-14 12:40:59,XPQ-01 Main,2026-01-14 12:40:00,986.88,81.64,3.83232833333333,473.4,980.95,266.22,153.75,217.02,81.6,4.07003866666667,473.45,986.11,271.76,151.32,225.31,83.02,3.934146,473.66,993.57,271.23,161.3,217.45,80.32,3.49273533333333,473.1,809.22,466.36,659.79
2026-01-14 12:41:59,XPQ-01 Main,2026-01-14 12:41:00,1023.53,78.1,4.13232833333333,472.71,1010.35,273.85,167.41,216.47,79.1,4.67003866666667,472.75,1040.35,286.25,173.58,227.29,79.48,4.10081266666667,472.91,1019.88,278.0,181.35,210.29,75.73,3.62606866666667,472.48,838.1,522.33,654.05
2026-01-14 12:42:59,XPQ-01 Main,2026-01-14 12:42:00,1003.36,79.15,3.778995,472.19,991.94,268.51,162.75,213.18,79.48,4.23670533333333,472.4,1010.39,277.84,163.85,223.97,80.71,3.80081266666667,472.47,1007.74,274.29,173.98,211.66,77.25,3.29273533333333,471.7,820.65,500.58,648.81
2026-01-14 12:43:59,XPQ-01 Main,2026-01-14 12:43:00,980.6,80.41,4.06566166666667,472.87,973.92,264.0,157.24,211.72,80.28,4.47003866666667,472.81,978.92,269.43,154.41,220.35,81.9,4.234146,473.16,988.95,269.72,164.81,212.78,79.06,3.49273533333333,472.64,803.16,476.46,644.85
2026-01-14 12:44:59,XPQ-01 Main,2026-01-14 12:44:00,1040.51,78.75,4.05566166666667,472.48,1031.79,279.57,168.66,222.59,79.7,4.57003866666667,472.56,1055.07,290.13,174.32,231.31,79.86,4.10081266666667,472.58,1034.67,281.87,180.66,215.9,76.69,3.49273533333333,472.3,851.57,523.64,669.8
2026-01-14 12:45:59,XPQ-01 Main,2026-01-14 12:45:00,1000.46,78.0,3.9223283333333296,472.6,991.89,268.71,166.74,210.26,78.35,4.37003866666667,472.53,1007.23,277.09,167.88,219.05,79.37,3.80081266666667,472.97,1002.27,273.2,176.05,207.75,76.29,3.59273533333333,472.32,819.0,510.68,637.07
2026-01-14 12:46:59,XPQ-01 Main,2026-01-14 12:46:00,843.43,73.77,4.608995,473.88,834.08,226.61,151.31,167.88,74.28,4.77003866666667,474.04,852.36,235.19,153.6,176.14,75.37,4.66747933333333,474.12,843.85,230.52,160.37,164.79,71.67,4.39273533333333,473.48,692.32,465.28,508.81
2026-01-14 12:47:59,XPQ-01 Main,2026-01-14 12:47:00,876.88,74.98,4.25566166666667,473.48,869.33,235.96,156.1,176.15,74.84,4.703372,473.78,876.68,241.8,154.59,185.22,76.77,4.06747933333333,473.79,884.63,241.39,163.91,176.68,73.31,3.9927353333333295,472.87,719.14,474.59,538.06
2026-01-14 12:48:59,XPQ-01 Main,2026-01-14 12:48:00,819.09,73.64,4.688995,473.54,803.77,218.31,146.13,161.84,74.22,5.103372,473.81,829.8,228.77,149.41,172.87,75.66,4.56747933333333,473.63,823.69,224.79,158.02,159.48,71.03,4.39273533333333,473.18,671.87,453.56,494.19
2026-01-14 12:49:59,XPQ-01 Main,2026-01-14 12:49:00,779.09,75.51,5.26566166666667,475.38,771.52,210.19,138.74,157.58,75.05,5.803372,475.44,776.26,214.91,135.64,166.25,77.48,5.06747933333333,475.82,789.49,216.4,145.37,159.84,73.98,4.92606866666667,474.88,641.5,419.75,483.68
2026-01-14 12:50:59,XPQ-01 Main,2026-01-14 12:50:00,819.66,74.39,5.14232833333333,475.13,814.78,221.97,146.18,166.79,75.21,5.603372,475.34,827.88,229.04,149.88,172.95,75.57,5.10081266666667,475.33,816.32,223.56,154.17,161.73,72.38,4.72606866666667,474.72,674.58,450.22,501.47
2026-01-14 12:51:59,XPQ-01 Main,2026-01-14 12:51:00,781.24,74.69,4.61232833333333,475.7,778.11,212.16,141.14,157.66,74.51,4.803372,475.76,779.44,215.92,139.12,163.91,76.24,4.56747933333333,476.07,786.16,215.62,146.36,157.75,73.31,4.459402,475.28,643.7,426.62,479.33
2026-01-14 12:52:59,XPQ-01 Main,2026-01-14 12:52:00,791.48,74.79,4.708995,475.32,788.58,214.8,143.44,159.63,74.38,5.37003866666667,475.42,786.78,217.84,140.23,166.23,76.43,4.56747933333333,475.81,799.08,218.98,148.12,160.86,73.57,4.19273533333333,474.74,651.61,431.79,486.73
2026-01-14 12:53:59,XPQ-01 Main,2026-01-14 12:53:00,792.9,74.79,4.67566166666667,474.13,789.02,214.5,141.22,159.97,74.97,5.17003866666667,474.27,795.31,219.54,141.11,165.88,76.17,4.66747933333333,474.33,794.37,217.13,147.05,158.13,73.23,4.19273533333333,473.81,651.17,429.38,483.98
2026-01-14 12:54:59,XPQ-01 Main,2026-01-14 12:54:00,776.8,76.68,4.63232833333333,474.12,773.59,210.29,135.42,160.58,76.44,4.903372,474.24,773.48,213.51,132.92,166.89,78.22,4.534146,474.33,783.33,214.11,140.52,161.15,75.37,4.459402,473.79,637.91,408.87,488.62
2026-01-14 12:55:59,XPQ-01 Main,2026-01-14 12:55:00,820.21,75.23,5.04232833333333,474.05,814.86,221.48,143.95,167.85,75.91,5.53670533333333,474.08,827.51,228.35,146.84,174.36,76.49,4.96747933333333,474.27,818.26,223.66,151.91,163.64,73.29,4.62606866666667,473.79,673.49,442.69,505.84
2026-01-14 12:56:59,XPQ-01 Main,2026-01-14 12:56:00,800.66,75.69,4.64232833333333,472.85,796.94,216.07,141.04,163.26,75.67,5.303372,472.87,799.4,220.02,139.69,169.65,77.2,4.30081266666667,473.04,805.65,219.67,147.13,162.79,74.19,4.32606866666667,472.65,655.76,427.86,495.71
2026-01-14 12:57:59,XPQ-01 Main,2026-01-14 12:57:00,739.68,75.19,4.46566166666667,474.64,738.82,201.03,134.13,149.41,74.41,4.87003866666667,474.63,730.74,201.91,128.74,154.89,76.9,4.26747933333333,474.9,749.49,205.14,137.22,152.07,74.24,4.259402,474.38,608.08,400.1,456.37
2026-01-14 12:58:59,XPQ-01 Main,2026-01-14 12:58:00,825.04,73.02,5.098995,474.04,816.15,221.81,150.57,162.62,73.38,5.57003866666667,474.0,831.15,229.35,151.94,170.72,74.7,5.10081266666667,474.34,827.83,226.3,159.19,160.36,70.97,4.62606866666667,473.79,677.46,461.7,493.7
2026-01-14 12:59:59,XPQ-01 Main,2026-01-14 12:59:00,806.81,74.21,5.37566166666667,474.12,798.46,217.11,144.29,161.7,74.61,5.903372,474.36,812.38,224.26,145.73,169.74,75.87,5.10081266666667,474.21,809.58,221.22,152.9,159.35,72.16,5.12606866666667,473.79,662.59,442.92,490.8
2026-01-14 13:00:59,XPQ-01 Main,2026-01-14 13:00:00,835.65,74.4,4.95566166666667,475.12,828.21,225.79,149.16,169.07,74.99,5.603372,475.26,843.34,233.12,151.51,176.24,75.83,4.70081266666667,474.99,835.41,228.82,157.53,165.28,72.39,4.559402,475.11,687.73,458.2,510.59
2026-01-14 13:01:59,XPQ-01 Main,2026-01-14 13:01:00,793.52,74.67,4.76566166666667,474.8,786.8,214.37,142.13,159.42,74.64,4.97003866666667,474.94,794.45,219.44,140.97,166.72,76.36,4.734146,474.62,799.3,218.78,148.81,158.95,73.0,4.59273533333333,474.83,652.59,431.91,485.09
2026-01-14 13:02:59,XPQ-01 Main,2026-01-14 13:02:00,842.25,73.65,4.998995,473.79,834.37,226.76,152.01,167.37,74.03,5.37003866666667,473.96,847.71,233.76,153.23,174.94,75.22,5.00081266666667,473.8,844.67,230.69,160.14,164.73,71.7,4.62606866666667,473.61,691.21,465.38,507.04
2026-01-14 13:03:59,XPQ-01 Main,2026-01-14 13:03:00,1080.16,72.39,10.4223283333333,471.53,1072.89,290.11,196.34,209.41,72.95,11.0367053333333,471.91,1088.75,298.99,199.24,217.66,73.76,9.434146,471.67,1078.82,293.13,205.78,204.31,70.46,10.7927353333333,471.02,882.23,601.35,631.38
2026-01-14 13:04:59,XPQ-01 Main,2026-01-14 13:04:00,1063.0,77.12,4.53232833333333,471.97,1052.01,284.59,179.52,220.23,77.51,5.07003866666667,472.12,1071.56,294.54,181.07,230.49,78.64,4.40081266666667,472.32,1065.43,289.9,190.5,217.51,75.23,4.12606866666667,471.47,869.03,551.09,668.23
2026-01-14 13:05:59,XPQ-01 Main,2026-01-14 13:05:00,1104.78,77.76,4.65232833333333,472.16,1096.22,296.79,185.09,231.46,78.1,5.17003866666667,472.23,1111.81,305.55,186.14,240.71,79.11,4.534146,472.32,1106.32,301.21,194.82,228.4,76.08,4.259402,471.94,903.54,566.06,700.57
2026-01-14 13:06:59,XPQ-01 Main,2026-01-14 13:06:00,1079.18,79.22,4.888995,471.19,1074.89,290.41,174.42,231.2,79.83,5.303372,471.46,1087.46,298.37,177.23,238.54,80.27,4.86747933333333,471.31,1075.18,292.0,183.8,225.89,77.57,4.49273533333333,470.79,880.78,535.46,695.63
2026-01-14 13:07:59,XPQ-01 Main,2026-01-14 13:07:00,1143.51,77.76,5.22232833333333,469.4,1129.26,304.01,187.29,238.32,78.63,5.73670533333333,469.64,1160.66,317.16,193.12,250.02,79.14,5.10081266666667,469.48,1140.6,308.6,201.7,232.38,75.52,4.82606866666667,469.07,929.77,582.11,720.71
2026-01-14 13:08:59,XPQ-01 Main,2026-01-14 13:08:00,1083.53,78.98,4.798995,472.2,1080.1,292.24,176.89,232.11,79.54,5.23670533333333,472.25,1091.16,300.1,179.4,239.36,80.02,4.66747933333333,472.68,1079.33,293.9,185.8,227.03,77.39,4.49273533333333,471.67,886.23,542.09,698.5
2026-01-14 13:09:59,XPQ-01 Main,2026-01-14 13:09:00,1117.13,78.84,4.12232833333333,471.48,1108.38,299.41,181.77,237.22,79.38,4.53670533333333,471.39,1127.89,309.65,184.36,246.56,80.09,4.10081266666667,472.0,1115.12,303.28,192.67,233.0,77.07,3.72606866666667,471.07,912.34,558.8,716.78
2026-01-14 13:10:59,XPQ-01 Main,2026-01-14 13:10:00,1161.53,77.79,4.198995,470.86,1156.45,312.01,195.71,242.79,77.86,4.67003866666667,470.77,1162.27,318.64,194.41,251.71,79.14,4.16747933333333,471.32,1165.88,316.66,204.12,241.5,76.37,3.759402,470.48,947.31,594.24,736.0
2026-01-14 13:11:59,XPQ-01 Main,2026-01-14 13:11:00,1257.78,79.69,3.818995,469.85,1250.61,336.59,201.1,269.43,80.14,4.17003866666667,469.67,1266.78,346.58,203.05,278.76,80.83,3.7674793333333296,470.43,1255.95,340.47,212.01,265.18,78.11,3.52606866666667,469.44,1023.63,616.16,813.38
2026-01-14 13:12:59,XPQ-01 Main,2026-01-14 13:12:00,1296.1,79.28,4.04232833333333,469.76,1289.86,347.31,207.61,277.49,80.07,4.503372,469.77,1309.17,358.02,212.79,286.49,80.28,3.96747933333333,470.05,1289.28,349.3,220.31,270.13,77.49,3.659402,469.47,1054.64,640.71,834.1
2026-01-14 13:13:59,XPQ-01 Main,2026-01-14 13:13:00,1356.1,79.59,3.908995,468.74,1345.89,361.8,215.77,289.33,80.16,4.403372,468.82,1368.67,373.36,219.18,299.89,80.73,3.934146,468.83,1353.74,365.91,228.73,283.88,77.87,3.39273533333333,468.58,1101.07,663.68,873.1
2026-01-14 13:14:59,XPQ-01 Main,2026-01-14 13:14:00,1321.13,79.74,3.87566166666667,468.65,1312.24,352.63,209.54,282.83,80.35,4.303372,468.65,1333.12,363.58,213.26,292.8,80.83,3.934146,468.78,1318.04,356.25,221.93,276.92,78.03,3.39273533333333,468.51,1072.45,644.73,852.55
2026-01-14 13:15:59,XPQ-01 Main,2026-01-14 13:15:00,1282.92,77.25,3.85232833333333,469.45,1270.96,342.24,213.55,266.9,78.08,4.103372,469.66,1299.63,355.09,219.46,277.65,78.45,4.00081266666667,469.45,1278.17,345.89,227.3,259.46,75.22,3.459402,469.23,1043.23,660.31,804.02
2026-01-14 13:16:59,XPQ-01 Main,2026-01-14 13:16:00,1250.21,74.95,3.82232833333333,469.08,1245.26,334.9,219.38,252.54,75.49,4.23670533333333,469.12,1258.37,343.59,222.38,260.71,76.08,3.90081266666667,469.31,1247.01,337.3,229.25,246.73,73.26,3.32606866666667,468.8,1015.8,671.0,759.99
2026-01-14 13:17:59,XPQ-01 Main,2026-01-14 13:17:00,1196.29,76.48,3.7556616666666702,470.27,1189.48,320.46,205.13,245.62,76.75,4.17003866666667,470.08,1201.73,329.04,205.65,254.31,77.76,3.80081266666667,470.85,1197.68,324.96,214.36,242.52,74.93,3.29273533333333,469.89,974.46,625.14,742.45
2026-01-14 13:18:59,XPQ-01 Main,2026-01-14 13:18:00,1192.62,75.5,3.74232833333333,470.11,1187.49,319.85,207.74,242.51,75.95,4.303372,470.0,1199.42,328.32,209.64,250.31,76.66,3.60081266666667,470.63,1190.95,322.95,216.79,237.72,73.89,3.32606866666667,469.68,971.13,634.18,730.55
2026-01-14 13:19:59,XPQ-01 Main,2026-01-14 13:19:00,1143.06,74.87,3.9423283333333297,470.46,1138.25,307.15,201.82,230.09,75.18,4.37003866666667,470.66,1147.65,314.26,202.58,237.91,76.14,3.7674793333333296,470.5,1143.28,310.07,210.16,226.4,73.29,3.6927353333333297,470.23,931.47,614.56,694.4
2026-01-14 13:20:59,XPQ-01 Main,2026-01-14 13:20:00,1118.33,75.68,4.25566166666667,470.72,1115.12,300.77,195.2,228.2,75.99,4.803372,470.73,1122.26,307.65,195.83,235.7,76.92,4.10081266666667,471.18,1117.62,303.4,203.27,224.56,74.14,3.859402,470.25,911.82,594.3,688.46
2026-01-14 13:21:59,XPQ-01 Main,2026-01-14 13:21:00,1202.91,72.28,4.05566166666667,469.72,1199.38,322.85,220.72,235.12,72.91,4.403372,469.76,1211.89,331.51,224.2,242.29,73.4,4.10081266666667,470.17,1197.47,324.34,229.57,228.52,70.55,3.659402,469.22,978.7,674.49,705.93
2026-01-14 13:22:59,XPQ-01 Main,2026-01-14 13:22:00,1158.25,72.22,3.898995,470.17,1153.75,311.01,212.7,225.94,72.81,4.23670533333333,470.51,1166.1,319.35,216.09,233.88,73.45,4.00081266666667,470.41,1154.9,312.91,221.94,220.09,70.41,3.459402,469.58,943.26,650.73,679.9
2026-01-14 13:23:59,XPQ-01 Main,2026-01-14 13:23:00,1088.09,73.44,3.898995,470.97,1087.22,293.58,197.02,216.29,73.93,4.27003866666667,471.02,1093.85,299.86,198.95,221.81,74.44,3.96747933333333,471.16,1083.21,294.18,203.51,210.76,71.94,3.459402,470.72,887.63,599.47,648.86
2026-01-14 13:24:59,XPQ-01 Main,2026-01-14 13:24:00,1150.63,73.8,3.7323283333333297,470.71,1148.75,310.0,207.42,229.19,74.14,4.13670533333333,470.68,1154.55,316.31,208.51,236.19,74.97,3.734146,470.95,1148.6,311.83,214.9,224.77,72.28,3.32606866666667,470.52,938.14,630.83,690.15
2026-01-14 13:25:59,XPQ-01 Main,2026-01-14 13:25:00,1133.44,73.67,3.8556616666666703,470.29,1130.04,304.73,203.33,225.93,74.33,4.303372,470.64,1142.03,312.79,206.9,232.63,74.72,3.7008126666666703,470.45,1128.26,305.77,211.73,219.45,71.96,3.559402,469.78,923.3,621.96,678.02
2026-01-14 13:26:59,XPQ-01 Main,2026-01-14 13:26:00,1140.8,73.88,3.62232833333333,469.81,1133.22,305.14,203.08,227.15,74.55,4.03670533333333,469.81,1151.88,315.09,207.09,235.91,75.15,3.66747933333333,470.21,1137.31,308.14,213.51,221.14,71.94,3.159402,469.42,928.36,623.69,684.19
2026-01-14 13:27:59,XPQ-01 Main,2026-01-14 13:27:00,950.53,72.06,4.488995,471.73,939.98,254.35,174.27,183.86,72.58,4.903372,472.08,959.86,263.61,177.06,193.11,73.71,4.36747933333333,471.7,951.76,258.73,184.24,180.08,69.9,4.19273533333333,471.4,776.69,535.57,557.05
2026-01-14 13:28:59,XPQ-01 Main,2026-01-14 13:28:00,942.95,70.41,4.608995,473.63,936.42,254.31,178.38,180.21,71.07,4.83670533333333,473.98,951.62,262.51,181.74,187.67,71.84,4.70081266666667,473.78,940.83,256.78,187.17,175.11,68.32,4.29273533333333,473.13,773.6,547.3,542.99
2026-01-14 13:29:59,XPQ-01 Main,2026-01-14 13:29:00,1028.87,73.81,4.28566166666667,473.42,1021.16,277.29,184.77,205.19,74.31,4.73670533333333,473.76,1036.64,285.75,187.22,213.84,75.24,4.434146,473.47,1028.8,280.68,194.36,201.0,71.89,3.6927353333333297,473.04,843.71,566.35,620.03
2026-01-14 13:30:59,XPQ-01 Main,2026-01-14 13:30:00,887.35,71.95,4.798995,476.02,879.98,240.12,165.47,173.06,72.28,5.23670533333333,476.17,893.47,247.69,166.68,180.97,73.55,4.734146,476.35,888.61,243.84,173.67,170.28,70.01,4.42606866666667,475.54,731.65,505.82,524.31
2026-01-14 13:31:59,XPQ-01 Main,2026-01-14 13:31:00,887.95,72.39,4.86566166666667,475.78,882.43,240.9,163.84,175.16,73.03,5.37003866666667,476.1,895.39,247.94,166.7,182.05,73.75,4.76747933333333,475.63,886.02,242.94,172.04,170.41,70.37,4.459402,475.61,731.78,502.58,527.62
2026-01-14 13:32:59,XPQ-01 Main,2026-01-14 13:32:00,841.59,73.0,5.018995,476.35,833.61,227.74,153.72,167.14,73.6,5.503372,476.72,850.19,235.84,156.38,174.75,74.52,4.934146,476.42,840.96,230.83,162.47,163.19,70.87,4.62606866666667,475.91,694.41,472.57,505.08
2026-01-14 13:33:59,XPQ-01 Main,2026-01-14 13:33:00,853.02,73.02,4.87566166666667,476.33,846.79,231.28,157.43,169.0,73.17,5.503372,476.29,856.05,237.3,157.31,176.14,74.58,4.56747933333333,476.5,856.21,235.21,164.34,167.18,71.31,4.559402,476.19,703.79,479.08,512.33
2026-01-14 13:34:59,XPQ-01 Main,2026-01-14 13:34:00,861.88,73.09,4.96566166666667,476.22,859.45,234.68,158.61,172.68,73.65,5.57003866666667,476.23,867.23,240.38,160.59,178.03,74.25,4.834146,476.42,858.95,235.88,165.0,168.14,71.37,4.49273533333333,476.02,710.94,484.19,518.84
2026-01-14 13:35:59,XPQ-01 Main,2026-01-14 13:35:00,910.76,68.75,4.32232833333333,474.82,905.68,246.65,177.83,170.73,69.26,4.63670533333333,474.97,915.99,253.14,179.97,177.49,70.22,4.30081266666667,474.86,910.62,249.26,185.32,166.3,66.79,4.02606866666667,474.62,749.05,543.11,514.52
2026-01-14 13:36:59,XPQ-01 Main,2026-01-14 13:36:00,923.13,70.86,4.13232833333333,474.52,919.83,250.27,174.17,179.53,71.77,4.47003866666667,474.57,932.0,257.42,178.4,185.09,72.0,4.36747933333333,474.69,917.54,251.06,182.09,172.64,68.8,3.559402,474.29,758.75,534.67,537.27
2026-01-14 13:37:59,XPQ-01 Main,2026-01-14 13:37:00,952.18,72.31,4.14232833333333,474.36,949.11,258.15,176.6,187.98,72.88,4.603372,474.61,957.58,264.5,179.15,194.38,73.53,4.06747933333333,474.55,949.84,259.71,184.14,183.06,70.5,3.759402,473.94,782.36,539.89,565.42
2026-01-14 13:38:59,XPQ-01 Main,2026-01-14 13:38:00,848.11,67.5,3.998995,475.16,845.35,230.42,168.36,157.03,68.21,4.403372,475.2,853.46,235.94,171.06,162.1,68.78,4.06747933333333,475.12,845.54,231.67,174.73,151.54,65.52,3.52606866666667,475.15,698.02,514.15,470.67
2026-01-14 13:39:59,XPQ-01 Main,2026-01-14 13:39:00,1002.01,72.67,4.388995,474.03,996.3,270.77,183.28,198.52,73.48,4.803372,474.22,1011.79,279.27,187.51,205.93,73.94,4.50081266666667,474.25,997.94,272.7,192.83,192.19,70.59,3.859402,473.63,822.74,563.62,596.64
2026-01-14 13:40:59,XPQ-01 Main,2026-01-14 13:40:00,803.58,69.55,4.23232833333333,476.76,799.73,218.61,155.85,153.15,70.09,4.803372,476.93,808.24,224.37,157.95,159.05,70.96,4.434146,476.96,802.78,220.63,162.46,149.08,67.61,3.459402,476.38,663.6,476.26,461.29
2026-01-14 13:41:59,XPQ-01 Main,2026-01-14 13:41:00,827.91,67.95,4.25566166666667,478.01,828.04,226.88,167.23,152.88,67.47,4.77003866666667,478.05,821.88,228.76,163.79,158.57,69.56,4.20081266666667,478.37,833.83,229.82,170.75,153.35,66.82,3.79273533333333,477.62,685.46,501.77,464.79
2026-01-14 13:42:59,XPQ-01 Main,2026-01-14 13:42:00,844.12,69.26,4.26566166666667,478.17,838.54,229.92,163.8,161.14,70.13,4.57003866666667,478.28,852.93,237.42,167.83,167.37,70.62,4.40081266666667,478.36,840.89,231.82,171.85,155.26,67.04,3.8260686666666706,477.88,699.16,503.48,483.77
2026-01-14 13:43:59,XPQ-01 Main,2026-01-14 13:43:00,890.7,72.91,3.93232833333333,478.0,891.04,244.1,168.25,176.75,72.43,4.33670533333333,478.06,882.85,245.77,164.03,182.77,74.42,4.00081266666667,478.42,898.21,247.56,172.08,177.84,71.86,3.459402,477.53,737.42,504.37,537.35
2026-01-14 13:44:59,XPQ-01 Main,2026-01-14 13:44:00,952.47,74.38,4.298995,477.41,952.97,260.9,172.95,195.21,74.85,4.87003866666667,477.5,955.46,265.49,174.2,199.73,75.36,4.30081266666667,477.53,948.98,261.21,178.56,190.39,72.94,3.72606866666667,477.19,787.61,525.71,585.32
2026-01-14 13:45:59,XPQ-01 Main,2026-01-14 13:45:00,1001.22,77.29,3.918995,476.77,1002.67,274.18,173.58,211.79,77.34,4.503372,477.0,998.48,277.11,171.86,216.8,78.36,3.80081266666667,476.8,1002.52,275.5,178.28,209.59,76.17,3.459402,476.5,826.8,523.73,638.18
2026-01-14 13:46:59,XPQ-01 Main,2026-01-14 13:46:00,989.36,77.27,4.13232833333333,476.68,989.95,270.46,172.23,208.48,77.09,4.47003866666667,476.69,984.07,273.12,169.09,214.31,78.51,4.234146,477.05,994.07,273.26,176.81,208.08,76.2,3.6927353333333297,476.31,816.85,518.13,630.87
2026-01-14 13:47:59,XPQ-01 Main,2026-01-14 13:47:00,814.13,74.89,5.23232833333333,478.97,812.1,223.12,148.9,165.94,74.43,5.803372,479.05,807.85,225.16,144.83,172.1,76.51,5.16747933333333,478.98,822.45,227.12,153.31,167.31,73.73,4.72606866666667,478.87,675.4,447.03,505.35
2026-01-14 13:48:59,XPQ-01 Main,2026-01-14 13:48:00,814.33,75.58,5.33232833333333,478.61,813.1,223.19,146.68,167.93,75.32,6.003372,478.74,810.31,225.74,143.58,173.44,77.03,5.06747933333333,478.69,819.59,226.14,151.0,168.08,74.39,4.92606866666667,478.4,675.06,441.26,509.46
2026-01-14 13:49:59,XPQ-01 Main,2026-01-14 13:49:00,810.04,74.9,5.36566166666667,478.61,810.86,222.5,149.01,165.05,74.22,5.803372,478.59,800.75,223.08,143.6,170.22,76.43,5.06747933333333,478.86,818.52,225.91,151.72,167.11,74.04,5.22606866666667,478.38,671.49,444.33,502.37
2026-01-14 13:50:59,XPQ-01 Main,2026-01-14 13:50:00,811.15,75.01,4.798995,478.01,813.8,223.21,148.15,166.48,74.7,5.17003866666667,478.2,804.54,223.77,144.56,170.24,76.23,4.60081266666667,477.87,815.11,224.59,150.62,166.18,74.09,4.62606866666667,477.97,671.58,443.33,502.9
2026-01-14 13:51:59,XPQ-01 Main,2026-01-14 13:51:00,839.0,74.61,4.73232833333333,478.39,837.07,229.69,152.9,171.25,74.59,5.17003866666667,478.4,837.23,233.04,151.14,176.98,76.04,4.56747933333333,478.42,842.69,232.46,158.29,170.08,73.2,4.459402,478.34,695.2,462.34,518.31
2026-01-14 13:52:59,XPQ-01 Main,2026-01-14 13:52:00,799.34,75.34,4.95566166666667,478.17,801.59,219.87,145.52,164.54,74.91,5.43670533333333,478.25,791.3,220.17,141.18,168.57,76.66,4.834146,478.16,805.14,221.98,147.96,165.01,74.45,4.59273533333333,478.11,662.02,434.66,498.12
2026-01-14 13:53:59,XPQ-01 Main,2026-01-14 13:53:00,710.14,77.0,4.88566166666667,479.49,711.06,195.59,125.17,149.83,76.74,5.53670533333333,479.62,705.42,196.83,122.18,153.63,78.27,4.634146,479.44,713.92,197.35,128.08,149.7,75.99,4.49273533333333,479.41,589.77,375.43,453.17
2026-01-14 13:54:59,XPQ-01 Main,2026-01-14 13:54:00,632.42,71.3,5.098995,479.69,630.5,173.47,122.71,122.28,70.58,5.703372,479.61,626.56,174.87,118.81,127.44,73.14,4.96747933333333,479.77,640.19,177.11,125.92,123.98,70.16,4.62606866666667,479.7,525.45,367.45,373.7
2026-01-14 13:55:59,XPQ-01 Main,2026-01-14 13:55:00,645.14,71.44,4.74232833333333,479.77,642.62,176.81,124.9,124.78,70.68,5.17003866666667,479.93,638.83,178.42,120.81,130.65,73.42,4.734146,479.88,653.98,180.86,128.64,126.89,70.22,4.32606866666667,479.49,536.09,374.35,382.32
2026-01-14 13:56:59,XPQ-01 Main,2026-01-14 13:56:00,604.52,71.04,4.98566166666667,480.17,600.98,165.47,117.93,115.46,69.96,5.47003866666667,480.37,597.52,167.07,113.09,121.87,73.3,4.96747933333333,480.34,615.06,170.22,121.57,118.72,69.87,4.52606866666667,479.78,502.75,352.59,356.06
2026-01-14 13:57:59,XPQ-01 Main,2026-01-14 13:57:00,595.7,70.37,5.008995,480.48,594.46,163.8,117.73,113.61,69.44,5.403372,480.56,587.98,164.44,113.32,118.78,72.35,5.034146,480.58,604.65,167.49,120.49,115.9,69.33,4.59273533333333,480.28,495.73,351.54,348.29
2026-01-14 13:58:59,XPQ-01 Main,2026-01-14 13:58:00,601.4,70.73,4.74232833333333,480.65,600.1,165.48,117.65,116.06,70.23,5.27003866666667,480.8,596.69,166.89,114.78,120.75,72.48,4.70081266666667,480.57,607.41,168.3,120.81,116.71,69.48,4.259402,480.58,500.67,353.24,353.52
2026-01-14 13:59:59,XPQ-01 Main,2026-01-14 13:59:00,659.18,70.31,4.84232833333333,480.42,659.01,181.66,128.34,128.46,70.75,5.403372,480.53,660.52,184.62,128.99,131.79,71.47,4.734146,480.29,658.02,182.24,132.22,125.03,68.71,4.39273533333333,480.42,548.52,389.54,385.28
2026-01-14 14:00:59,XPQ-01 Main,2026-01-14 14:00:00,664.81,68.15,4.478995,480.23,663.88,182.94,134.5,123.61,67.67,4.93670533333333,480.55,659.32,184.29,131.63,128.71,69.91,4.40081266666667,480.09,671.22,185.75,137.97,124.13,66.88,4.09273533333333,480.06,552.97,404.11,376.45
2026-01-14 14:01:59,XPQ-01 Main,2026-01-14 14:01:00,631.44,68.82,4.77566166666667,480.72,631.21,174.03,126.52,119.2,68.57,5.17003866666667,480.88,628.19,175.78,124.52,123.31,70.36,4.70081266666667,480.79,634.92,175.94,129.5,118.58,67.53,4.459402,480.48,525.75,380.54,361.09
2026-01-14 14:02:59,XPQ-01 Main,2026-01-14 14:02:00,646.86,68.67,4.77566166666667,480.79,643.78,177.64,128.72,121.67,68.69,5.23670533333333,481.18,646.72,180.96,128.2,126.91,70.35,4.834146,480.54,650.08,180.09,133.43,120.29,66.96,4.259402,480.66,538.69,390.35,368.87
2026-01-14 14:03:59,XPQ-01 Main,2026-01-14 14:03:00,669.76,69.86,4.708995,481.41,667.85,184.43,130.66,130.01,70.53,5.37003866666667,481.5,673.86,188.77,132.62,133.9,71.05,4.634146,481.4,667.58,185.29,135.58,125.69,67.99,4.12606866666667,481.33,558.49,398.86,389.59
2026-01-14 14:04:59,XPQ-01 Main,2026-01-14 14:04:00,643.45,68.27,4.57566166666667,481.96,642.26,177.6,130.61,119.91,67.63,5.203372,482.03,636.84,178.57,127.18,125.0,70.1,4.534146,481.86,651.25,180.96,133.74,121.01,67.09,3.9927353333333295,481.98,537.13,391.54,365.92
2026-01-14 14:05:59,XPQ-01 Main,2026-01-14 14:05:00,651.71,68.14,4.808995,481.66,650.2,179.72,131.81,122.03,67.94,5.403372,481.94,648.83,181.86,130.09,126.8,69.8,4.70081266666667,481.45,656.11,182.12,135.55,121.31,66.69,4.32606866666667,481.58,543.7,397.45,370.14
2026-01-14 14:06:59,XPQ-01 Main,2026-01-14 14:06:00,643.69,68.82,4.93232833333333,481.89,641.57,177.36,129.71,120.65,68.11,5.503372,482.02,637.58,178.8,126.03,126.32,70.79,4.934146,481.86,651.93,181.1,133.33,122.19,67.56,4.359402,481.79,537.26,389.07,369.16
2026-01-14 14:07:59,XPQ-01 Main,2026-01-14 14:07:00,733.46,64.67,4.25566166666667,480.08,731.74,201.56,153.89,129.78,64.47,4.803372,480.16,730.84,204.12,152.31,135.08,66.35,4.134146,479.97,737.8,204.22,157.95,128.77,63.19,3.8260686666666706,480.11,609.9,464.14,393.63
2026-01-14 14:08:59,XPQ-01 Main,2026-01-14 14:08:00,759.24,66.22,4.218995,480.72,759.19,209.33,157.08,138.14,66.04,4.73670533333333,480.94,755.77,211.49,155.29,143.15,67.78,4.26747933333333,480.75,762.77,211.34,160.77,136.94,64.84,3.659402,480.46,632.17,473.15,418.24
2026-01-14 14:09:59,XPQ-01 Main,2026-01-14 14:09:00,770.42,67.46,4.44232833333333,480.23,769.39,212.07,155.57,143.68,67.85,4.87003866666667,480.45,771.86,215.64,156.38,148.17,68.78,4.56747933333333,479.96,770.0,213.14,160.38,139.94,65.75,3.89273533333333,480.29,640.84,472.33,431.79
2026-01-14 14:10:59,XPQ-01 Main,2026-01-14 14:10:00,764.11,67.7,3.97566166666667,480.18,766.71,211.11,156.49,141.43,67.05,4.33670533333333,480.14,755.03,210.99,152.04,145.74,69.2,4.20081266666667,480.34,770.6,213.39,158.48,142.39,66.83,3.39273533333333,480.06,635.49,467.01,429.57
2026-01-14 14:11:59,XPQ-01 Main,2026-01-14 14:11:00,766.62,67.74,3.988995,480.19,767.74,211.41,156.37,141.71,67.15,4.603372,480.5,758.51,212.11,152.41,146.65,69.34,3.934146,480.32,773.62,214.07,159.11,142.53,66.72,3.42606866666667,479.75,637.59,467.88,430.89
2026-01-14 14:12:59,XPQ-01 Main,2026-01-14 14:12:00,787.19,68.87,4.208995,479.86,788.34,216.96,159.0,147.25,67.95,4.603372,479.9,776.07,216.73,153.26,152.71,70.59,4.26747933333333,479.95,797.15,220.56,161.24,149.83,68.07,3.759402,479.73,654.24,473.5,449.79
2026-01-14 14:13:59,XPQ-01 Main,2026-01-14 14:13:00,793.64,68.25,4.02232833333333,480.13,795.65,219.19,160.54,148.76,67.97,4.53670533333333,480.41,787.24,219.98,157.71,153.05,69.64,4.034146,480.0,798.03,220.82,163.43,148.07,67.14,3.49273533333333,479.98,659.99,481.68,449.88
2026-01-14 14:14:59,XPQ-01 Main,2026-01-14 14:14:00,793.9,68.88,4.02232833333333,480.08,795.74,219.19,159.13,150.1,68.62,4.57003866666667,480.25,788.61,220.29,156.33,154.06,70.19,4.034146,479.96,797.35,220.66,161.67,149.27,67.84,3.459402,480.04,660.15,477.12,453.43
2026-01-14 14:15:59,XPQ-01 Main,2026-01-14 14:15:00,793.13,70.39,3.9423283333333297,480.07,794.86,218.8,156.72,152.36,69.71,4.47003866666667,480.32,783.42,219.02,151.95,157.49,71.97,3.90081266666667,480.25,801.11,221.65,159.26,153.97,69.51,3.459402,479.63,659.47,467.93,463.82
2026-01-14 14:16:59,XPQ-01 Main,2026-01-14 14:16:00,826.27,71.11,4.33232833333333,479.82,828.29,227.96,160.42,161.41,70.93,4.67003866666667,480.2,821.03,229.4,157.89,165.83,72.42,4.46747933333333,479.84,829.49,229.33,163.67,160.35,69.98,3.859402,479.41,686.68,481.98,487.59
2026-01-14 14:17:59,XPQ-01 Main,2026-01-14 14:17:00,813.6,71.03,3.96566166666667,479.93,814.24,224.06,158.75,157.61,70.46,4.403372,479.84,805.8,225.06,154.37,162.88,72.58,4.06747933333333,480.13,820.76,227.19,161.77,158.74,70.04,3.42606866666667,479.81,676.3,474.89,479.23
2026-01-14 14:18:59,XPQ-01 Main,2026-01-14 14:18:00,810.85,70.83,3.7656616666666705,480.33,810.89,223.42,157.98,157.77,70.66,4.203372,480.52,807.05,225.63,155.88,162.79,72.23,3.90081266666667,480.33,814.6,225.54,161.77,156.76,69.59,3.19273533333333,480.14,674.59,475.64,477.33
2026-01-14 14:19:59,XPQ-01 Main,2026-01-14 14:19:00,780.43,71.69,3.818995,480.41,776.46,213.86,150.11,151.83,71.11,4.27003866666667,480.53,775.06,216.8,146.35,159.3,73.64,3.8674793333333297,480.64,789.78,218.73,155.38,153.63,70.31,3.32606866666667,480.05,649.39,451.85,464.75
2026-01-14 14:20:59,XPQ-01 Main,2026-01-14 14:20:00,803.81,71.83,3.83232833333333,479.98,802.47,221.01,153.95,158.07,71.64,4.33670533333333,480.32,800.37,223.6,151.71,163.62,73.33,3.734146,479.82,808.6,223.64,158.29,157.44,70.52,3.42606866666667,479.79,668.25,463.94,479.14
2026-01-14 14:21:59,XPQ-01 Main,2026-01-14 14:21:00,788.92,71.86,3.8123283333333298,480.53,786.09,216.69,151.66,154.31,71.32,4.23670533333333,480.69,783.1,219.0,147.87,160.92,73.63,3.90081266666667,480.49,797.56,220.92,156.1,155.68,70.61,3.29273533333333,480.41,656.62,455.63,470.91
2026-01-14 14:22:59,XPQ-01 Main,2026-01-14 14:22:00,785.15,71.68,3.83232833333333,480.7,785.8,216.61,150.6,155.33,71.79,4.33670533333333,480.89,783.6,219.3,149.74,159.75,72.96,3.90081266666667,480.81,786.06,217.8,154.84,152.98,70.28,3.259402,480.38,653.72,455.18,468.05
2026-01-14 14:23:59,XPQ-01 Main,2026-01-14 14:23:00,809.1,72.45,4.178995,480.79,805.54,222.11,152.48,161.28,72.67,4.703372,480.95,810.75,226.91,152.51,167.48,73.94,4.16747933333333,480.89,811.02,224.79,158.67,158.88,70.76,3.659402,480.54,673.81,463.66,487.64
2026-01-14 14:24:59,XPQ-01 Main,2026-01-14 14:24:00,792.2,71.79,3.8656616666666705,481.14,788.83,217.62,151.5,155.68,71.67,4.37003866666667,481.12,791.13,221.55,149.89,162.16,73.44,3.96747933333333,481.33,796.64,221.04,156.98,155.01,70.26,3.259402,480.97,660.2,458.37,472.84
2026-01-14 14:25:59,XPQ-01 Main,2026-01-14 14:25:00,781.25,70.29,3.93232833333333,480.71,777.36,214.26,153.26,149.27,69.77,4.47003866666667,480.97,776.76,217.46,149.97,156.57,72.22,3.8674793333333297,480.92,789.63,218.76,158.43,150.51,68.87,3.459402,480.24,650.48,461.66,456.34
2026-01-14 14:26:59,XPQ-01 Main,2026-01-14 14:26:00,796.89,71.88,3.998995,480.97,796.5,219.83,152.29,157.95,71.99,4.43670533333333,481.28,795.62,222.7,151.46,162.64,73.18,3.96747933333333,480.78,798.54,221.33,156.77,155.75,70.48,3.59273533333333,480.84,663.86,460.52,476.34
2026-01-14 14:27:59,XPQ-01 Main,2026-01-14 14:27:00,698.87,76.79,3.84232833333333,479.86,693.72,190.87,122.29,146.19,76.7,4.37003866666667,480.03,698.88,195.28,120.77,152.9,78.47,3.834146,480.06,704.01,194.73,128.24,146.25,75.19,3.32606866666667,479.48,580.88,371.3,445.34
2026-01-14 14:28:59,XPQ-01 Main,2026-01-14 14:28:00,687.41,76.0,3.818995,480.12,683.15,188.23,121.61,142.93,76.16,4.503372,480.52,688.77,192.47,121.29,148.71,77.5,3.90081266666667,479.87,690.33,190.96,127.31,141.55,74.35,3.059402,479.95,571.66,370.21,433.2
2026-01-14 14:29:59,XPQ-01 Main,2026-01-14 14:29:00,682.81,76.02,3.7656616666666705,480.27,678.06,186.88,121.13,141.63,76.0,4.37003866666667,480.74,683.24,191.03,119.87,147.76,77.66,3.7674793333333296,480.04,687.13,190.1,126.78,141.2,74.41,3.159402,480.01,568.01,367.79,430.6
2026-01-14 14:30:59,XPQ-01 Main,2026-01-14 14:30:00,702.99,75.18,3.888995,480.39,699.96,192.8,127.35,144.3,74.98,4.33670533333333,480.42,701.12,196.07,125.14,150.11,76.81,3.7674793333333296,480.61,707.88,196.08,132.19,144.42,73.76,3.559402,480.15,584.94,384.69,438.82
2026-01-14 14:31:59,XPQ-01 Main,2026-01-14 14:31:00,680.0,76.23,3.92232833333333,480.17,675.76,186.03,120.46,141.46,76.13,4.603372,480.13,679.77,189.99,118.89,147.43,77.84,3.734146,480.4,684.48,189.53,125.72,141.31,74.71,3.42606866666667,479.98,565.56,365.08,430.19
2026-01-14 14:32:59,XPQ-01 Main,2026-01-14 14:32:00,677.4,76.08,3.7656616666666705,480.5,673.36,185.62,120.36,140.62,75.97,4.23670533333333,481.02,676.41,189.28,118.67,146.51,77.71,3.934146,480.42,682.43,188.88,125.5,140.42,74.56,3.12606866666667,480.05,563.77,364.54,427.56
2026-01-14 14:33:59,XPQ-01 Main,2026-01-14 14:33:00,695.2,76.18,3.7556616666666702,480.92,692.65,191.02,123.88,144.91,76.01,4.33670533333333,481.17,693.36,194.17,121.67,150.3,77.72,3.634146,481.05,699.58,193.9,128.42,144.78,74.81,3.29273533333333,480.53,579.08,373.98,439.99
2026-01-14 14:34:59,XPQ-01 Main,2026-01-14 14:34:00,719.99,77.5,3.97566166666667,480.37,718.04,197.8,124.8,152.86,77.46,4.53670533333333,480.34,718.77,200.93,123.06,157.92,78.88,4.034146,480.48,723.14,200.32,129.41,152.07,76.16,3.359402,480.29,599.05,377.27,462.85
2026-01-14 14:35:59,XPQ-01 Main,2026-01-14 14:35:00,701.49,76.79,3.97566166666667,480.32,704.35,194.12,124.54,148.26,76.57,4.703372,480.77,695.78,194.57,121.6,151.28,77.94,3.934146,480.16,704.33,194.89,126.76,147.64,75.87,3.29273533333333,480.02,583.58,372.9,447.18
2026-01-14 14:36:59,XPQ-01 Main,2026-01-14 14:36:00,703.71,76.79,3.778995,481.07,703.41,194.17,124.29,148.21,76.62,4.27003866666667,481.58,700.89,196.33,121.86,152.48,78.12,3.7674793333333296,480.91,706.82,195.86,127.75,147.73,75.64,3.29273533333333,480.71,586.35,373.91,448.42
2026-01-14 14:37:59,XPQ-01 Main,2026-01-14 14:37:00,706.89,77.06,3.6423283333333294,480.54,705.62,194.42,124.98,148.4,76.49,4.23670533333333,480.53,700.38,195.9,120.53,153.55,78.66,3.534146,480.71,714.65,198.03,128.25,150.12,76.03,3.159402,480.36,588.34,373.76,452.07
2026-01-14 14:38:59,XPQ-01 Main,2026-01-14 14:38:00,686.49,76.19,3.998995,480.8,687.61,189.71,123.37,143.29,75.78,4.53670533333333,481.08,680.44,190.39,119.76,146.91,77.51,3.934146,480.6,691.42,191.58,125.65,143.65,75.27,3.52606866666667,480.7,571.68,368.77,433.84
2026-01-14 14:39:59,XPQ-01 Main,2026-01-14 14:39:00,696.52,76.88,3.74232833333333,480.85,696.54,192.2,123.34,146.47,76.49,4.33670533333333,481.32,690.68,193.35,119.9,151.17,78.35,3.734146,480.66,702.36,194.56,126.66,147.19,75.8,3.159402,480.58,580.1,369.89,444.84
2026-01-14 14:40:59,XPQ-01 Main,2026-01-14 14:40:00,713.09,77.88,4.12232833333333,480.35,713.56,196.54,123.3,152.27,77.72,4.57003866666667,480.66,709.85,198.58,120.79,156.38,79.14,4.10081266666667,480.5,715.85,198.15,126.64,151.73,76.77,3.6927353333333297,479.88,593.28,370.73,460.38
2026-01-14 14:41:59,XPQ-01 Main,2026-01-14 14:41:00,707.26,77.54,3.84232833333333,480.17,709.3,195.39,123.04,151.29,77.58,4.503372,480.27,704.3,196.78,121.45,154.15,78.55,3.80081266666667,480.1,708.19,196.05,125.86,149.49,76.5,3.22606866666667,480.15,588.22,370.35,454.93
2026-01-14 14:42:59,XPQ-01 Main,2026-01-14 14:42:00,680.03,76.42,3.798995,480.79,679.45,187.47,121.0,142.31,76.19,4.43670533333333,481.21,676.57,189.34,118.44,146.62,77.79,3.7008126666666703,480.56,684.06,189.48,124.33,142.17,75.28,3.259402,480.6,566.29,363.77,431.1
2026-01-14 14:43:59,XPQ-01 Main,2026-01-14 14:43:00,697.4,76.6,3.88566166666667,480.24,695.71,191.55,123.6,145.61,76.24,4.403372,480.58,693.6,194.04,120.51,150.94,78.15,3.8674793333333297,480.48,702.91,194.51,127.38,146.32,75.42,3.39273533333333,479.66,580.1,371.49,442.86
2026-01-14 14:44:59,XPQ-01 Main,2026-01-14 14:44:00,687.52,75.66,3.96566166666667,480.87,688.68,189.95,125.47,142.15,74.97,4.503372,481.09,679.07,190.1,120.64,146.35,77.16,3.934146,480.9,694.8,192.56,127.47,143.88,74.85,3.459402,480.61,572.61,373.59,432.38
2026-01-14 14:45:59,XPQ-01 Main,2026-01-14 14:45:00,701.18,76.86,3.7123283333333297,480.95,704.15,194.36,124.56,148.05,76.52,4.13670533333333,481.33,694.02,194.26,121.11,151.31,78.07,3.8674793333333297,480.69,705.36,195.46,126.57,147.97,75.99,3.12606866666667,480.83,584.09,372.24,447.33
2026-01-14 14:46:59,XPQ-01 Main,2026-01-14 14:46:00,695.18,76.51,3.9456616666666706,481.0,690.91,190.57,122.93,144.93,76.26,4.43670533333333,481.2,692.97,194.08,120.51,151.19,78.2,3.90081266666667,481.16,701.67,194.53,128.13,145.53,75.06,3.49273533333333,480.65,579.18,371.57,441.66
2026-01-14 14:47:59,XPQ-01 Main,2026-01-14 14:47:00,717.75,76.93,3.83232833333333,480.86,714.68,197.05,126.29,150.68,76.64,4.47003866666667,480.86,714.82,200.07,123.36,156.48,78.53,3.90081266666667,481.04,723.76,200.69,130.99,151.31,75.61,3.12606866666667,480.69,597.81,380.64,458.47
2026-01-14 14:48:59,XPQ-01 Main,2026-01-14 14:48:00,693.09,76.66,3.83232833333333,481.34,690.66,190.81,122.24,145.39,76.54,4.27003866666667,481.71,690.33,193.37,120.23,150.47,78.12,3.834146,481.05,698.26,193.66,126.65,145.01,75.32,3.39273533333333,481.26,577.84,369.12,440.86
2026-01-14 14:49:59,XPQ-01 Main,2026-01-14 14:49:00,713.22,77.5,3.96566166666667,481.25,713.89,197.04,123.83,152.67,77.66,4.53670533333333,481.32,712.06,199.44,122.87,156.24,78.6,4.06747933333333,481.33,713.7,198.03,127.72,150.51,76.25,3.29273533333333,481.11,594.51,374.43,459.42
2026-01-14 14:50:59,XPQ-01 Main,2026-01-14 14:50:00,712.94,76.76,3.93232833333333,481.08,712.78,196.66,126.82,149.57,76.27,4.43670533333333,481.33,706.34,197.86,122.8,154.28,78.24,4.00081266666667,481.16,719.69,199.53,129.92,150.75,75.75,3.359402,480.74,594.05,379.53,454.6
2026-01-14 14:51:59,XPQ-01 Main,2026-01-14 14:51:00,716.16,76.79,3.83232833333333,481.43,718.81,198.48,127.08,151.72,76.66,4.43670533333333,481.56,711.37,199.34,124.55,154.92,77.94,3.66747933333333,481.48,718.31,199.35,129.74,150.67,75.78,3.39273533333333,481.25,597.17,381.37,457.32
2026-01-14 14:52:59,XPQ-01 Main,2026-01-14 14:52:00,690.31,75.92,3.998995,481.6,688.41,190.27,124.73,143.02,75.36,4.503372,482.04,684.17,191.8,120.64,148.39,77.59,4.034146,481.36,698.35,193.76,128.27,144.52,74.79,3.459402,481.41,575.82,373.64,435.92
2026-01-14 14:53:59,XPQ-01 Main,2026-01-14 14:53:00,714.64,76.66,3.9223283333333296,482.15,714.15,197.57,126.37,151.34,76.76,4.57003866666667,482.29,713.89,200.27,125.26,155.44,77.86,3.7674793333333296,482.01,715.88,198.97,130.38,149.48,75.36,3.42606866666667,482.16,596.82,382.02,456.26
2026-01-14 14:54:59,XPQ-01 Main,2026-01-14 14:54:00,737.73,77.78,3.97566166666667,481.71,733.9,202.76,126.56,157.73,78.0,4.67003866666667,482.03,739.3,207.37,126.28,163.53,79.15,3.934146,481.78,740.0,205.42,132.52,155.91,76.19,3.32606866666667,481.32,615.55,385.36,477.16
2026-01-14 14:55:59,XPQ-01 Main,2026-01-14 14:55:00,719.21,77.78,3.9223283333333296,481.95,712.67,196.95,124.32,151.99,77.4,4.503372,482.17,717.15,201.26,121.17,159.73,79.67,3.7674793333333296,482.11,727.81,202.17,130.43,153.74,76.26,3.49273533333333,481.57,600.38,375.92,465.45
2026-01-14 14:56:59,XPQ-01 Main,2026-01-14 14:56:00,725.03,77.67,3.9423283333333297,482.0,721.79,199.58,125.13,154.67,77.74,4.703372,482.44,724.99,203.48,124.12,160.37,79.08,3.8674793333333297,481.94,728.32,202.24,130.65,153.62,76.17,3.259402,481.61,605.3,379.91,468.66
2026-01-14 14:57:59,XPQ-01 Main,2026-01-14 14:57:00,719.84,77.33,3.92232833333333,482.33,713.03,197.24,124.73,151.63,77.23,4.73670533333333,482.65,720.76,202.44,123.13,159.5,79.16,3.7008126666666703,482.41,725.74,201.72,131.71,152.07,75.59,3.32606866666667,481.94,601.4,379.56,463.19
2026-01-14 14:58:59,XPQ-01 Main,2026-01-14 14:58:00,731.17,77.66,4.01232833333333,482.32,726.71,201.08,125.61,156.48,77.98,4.703372,482.43,734.56,206.16,125.93,162.44,79.03,3.80081266666667,482.26,732.25,203.61,132.0,154.24,75.98,3.52606866666667,482.27,610.85,383.54,473.16
2026-01-14 14:59:59,XPQ-01 Main,2026-01-14 14:59:00,731.17,77.48,3.8556616666666703,482.16,726.54,201.03,126.19,155.85,77.72,4.503372,482.57,733.3,205.8,126.07,162.01,78.92,3.70081266666667,481.95,733.68,203.81,132.54,154.07,75.81,3.359402,481.96,610.64,384.8,471.93
2026-01-14 15:00:59,XPQ-01 Main,2026-01-14 15:00:00,713.75,76.79,3.93232833333333,482.3,707.5,195.78,125.76,149.09,76.44,4.27003866666667,482.74,711.17,199.69,122.85,156.82,78.72,4.16747933333333,482.16,722.58,200.78,131.95,150.6,75.22,3.359402,482.0,596.25,380.56,456.51
2026-01-14 15:01:59,XPQ-01 Main,2026-01-14 15:01:00,731.96,78.42,3.8656616666666705,482.44,727.17,201.27,124.22,157.93,78.6,4.57003866666667,482.61,734.19,206.11,123.76,164.27,79.87,3.7674793333333296,482.34,734.52,204.27,130.6,156.51,76.78,3.259402,482.37,611.66,378.58,478.71
2026-01-14 15:02:59,XPQ-01 Main,2026-01-14 15:02:00,711.98,76.38,4.22232833333333,482.38,714.13,197.6,128.03,150.05,76.07,4.73670533333333,482.66,706.05,198.28,124.74,153.54,77.61,4.26747933333333,482.39,715.75,198.98,130.34,149.89,75.46,3.659402,482.1,594.85,383.11,453.48
2026-01-14 15:03:59,XPQ-01 Main,2026-01-14 15:03:00,692.84,76.72,3.9556616666666704,482.71,693.08,191.83,123.07,146.17,76.5,4.503372,483.09,688.84,193.69,120.49,150.6,78.08,3.8674793333333297,482.88,696.61,193.74,126.5,145.96,75.57,3.49273533333333,482.15,579.26,370.07,442.72
2026-01-14 15:04:59,XPQ-01 Main,2026-01-14 15:04:00,726.78,77.74,3.96566166666667,482.59,727.12,201.25,126.81,155.3,77.46,4.47003866666667,482.57,722.44,202.88,123.56,159.77,79.1,3.834146,482.68,730.76,203.37,130.25,155.5,76.66,3.59273533333333,482.54,607.5,380.62,470.57
2026-01-14 15:05:59,XPQ-01 Main,2026-01-14 15:05:00,729.29,76.29,3.708995,482.41,732.47,202.68,130.88,153.73,76.14,4.27003866666667,482.78,724.24,203.45,128.33,157.05,77.43,3.734146,482.43,731.14,203.23,133.53,152.82,75.3,3.12606866666667,482.02,609.35,392.75,463.59
2026-01-14 15:06:59,XPQ-01 Main,2026-01-14 15:06:00,723.22,77.38,4.06566166666667,481.14,720.11,198.79,126.04,153.08,77.2,4.73670533333333,481.53,720.14,201.71,123.64,158.89,78.92,4.134146,481.01,729.4,202.2,130.93,153.25,76.03,3.32606866666667,480.88,602.7,380.61,465.23
2026-01-14 15:07:59,XPQ-01 Main,2026-01-14 15:07:00,733.08,78.36,4.14566166666667,480.51,736.6,203.1,125.5,159.32,78.55,4.603372,480.62,730.75,204.27,124.53,161.33,79.16,4.16747933333333,480.34,731.89,202.75,128.05,156.31,77.36,3.659402,480.58,610.12,378.08,476.96
2026-01-14 15:08:59,XPQ-01 Main,2026-01-14 15:08:00,690.41,76.36,4.018995,480.66,692.95,191.11,123.91,144.64,75.94,4.57003866666667,480.91,683.04,191.07,119.99,147.73,77.62,3.96747933333333,480.53,695.25,192.59,125.83,145.0,75.53,3.52606866666667,480.53,574.77,369.73,437.37
2026-01-14 15:09:59,XPQ-01 Main,2026-01-14 15:09:00,684.01,76.14,3.888995,480.86,687.2,189.49,123.4,142.7,75.64,4.303372,480.98,675.4,189.08,119.16,145.86,77.44,3.8674793333333297,481.02,689.43,191.11,125.15,143.4,75.34,3.49273533333333,480.58,569.68,367.71,431.96
2026-01-14 15:10:59,XPQ-01 Main,2026-01-14 15:10:00,692.25,75.89,4.188995,480.89,691.52,190.72,124.58,143.95,75.61,4.73670533333333,481.03,688.46,192.71,121.81,148.45,77.3,4.16747933333333,480.96,696.78,193.16,128.04,144.05,74.74,3.659402,480.67,576.59,374.43,436.44
2026-01-14 15:11:59,XPQ-01 Main,2026-01-14 15:11:00,690.41,75.94,3.8756616666666703,481.58,688.74,190.28,124.11,143.54,75.64,4.47003866666667,481.92,686.38,192.43,121.35,148.83,77.5,3.734146,481.51,696.1,193.17,128.23,144.0,74.68,3.42606866666667,481.31,575.88,373.68,436.36
2026-01-14 15:12:59,XPQ-01 Main,2026-01-14 15:12:00,683.95,74.91,4.03232833333333,481.78,682.92,188.7,125.28,139.83,74.48,4.57003866666667,481.98,677.89,190.14,121.92,144.75,76.48,4.06747933333333,481.87,691.04,191.89,128.81,140.67,73.75,3.459402,481.5,570.73,376.0,425.25
2026-01-14 15:13:59,XPQ-01 Main,2026-01-14 15:13:00,687.52,74.81,4.13232833333333,481.64,682.52,188.57,125.57,140.02,74.45,4.57003866666667,481.83,685.32,192.12,122.77,146.18,76.58,4.26747933333333,481.61,694.72,192.86,130.35,140.96,73.42,3.559402,481.47,573.55,378.69,427.16
2026-01-14 15:14:59,XPQ-01 Main,2026-01-14 15:14:00,703.56,77.49,3.988995,482.8,699.86,193.88,121.8,150.19,77.67,4.503372,483.08,704.79,198.03,121.39,155.91,78.9,4.00081266666667,482.65,706.02,196.45,127.6,148.77,75.9,3.459402,482.67,588.36,370.8,454.86
2026-01-14 15:15:59,XPQ-01 Main,2026-01-14 15:15:00,689.62,74.64,4.098995,483.07,686.22,190.15,126.92,140.57,74.22,4.603372,483.27,686.21,192.95,123.74,146.4,76.37,4.06747933333333,483.06,696.41,193.9,131.3,141.56,73.32,3.62606866666667,482.88,577.0,381.96,428.53
2026-01-14 15:16:59,XPQ-01 Main,2026-01-14 15:16:00,713.39,77.04,4.03232833333333,482.97,710.69,196.98,125.52,151.37,76.98,4.53670533333333,483.11,712.24,200.11,123.55,156.3,78.45,3.96747933333333,482.75,717.24,199.69,130.03,150.65,75.7,3.59273533333333,483.05,596.78,379.1,458.32
2026-01-14 15:17:59,XPQ-01 Main,2026-01-14 15:17:00,690.95,75.86,4.018995,482.69,689.13,190.86,123.83,144.21,75.87,4.37003866666667,482.89,690.88,194.06,122.43,148.79,77.22,4.06747933333333,482.56,692.85,192.76,128.11,143.03,74.49,3.6260686666666704,482.61,577.67,374.36,436.03
2026-01-14 15:18:59,XPQ-01 Main,2026-01-14 15:18:00,700.23,77.25,3.88566166666667,480.32,698.4,192.53,121.46,148.44,77.39,4.47003866666667,480.75,700.12,195.73,120.63,152.88,78.5,3.7674793333333296,480.06,702.18,194.31,126.0,146.65,75.85,3.42606866666667,480.16,582.57,368.09,447.96
2026-01-14 15:19:59,XPQ-01 Main,2026-01-14 15:19:00,688.41,75.63,3.83232833333333,480.28,686.51,189.15,123.67,142.11,75.43,4.37003866666667,480.31,686.86,191.93,121.26,146.61,77.06,3.8674793333333297,480.22,691.87,191.59,127.33,141.8,74.4,3.259402,480.3,572.68,372.27,430.52
2026-01-14 15:20:59,XPQ-01 Main,2026-01-14 15:20:00,690.14,76.74,4.018995,479.75,684.97,188.6,120.78,144.16,76.65,4.83670533333333,480.18,689.68,192.58,119.14,150.49,78.4,3.8674793333333297,479.48,695.77,192.31,126.39,144.08,75.18,3.359402,479.59,573.49,366.31,438.73
2026-01-14 15:21:59,XPQ-01 Main,2026-01-14 15:21:00,666.22,75.13,3.898995,481.0,663.52,183.09,121.62,136.14,74.57,4.503372,481.39,660.88,185.09,117.89,141.9,76.92,4.00081266666667,480.94,674.25,186.85,125.53,137.69,73.9,3.19273533333333,480.67,555.03,365.04,415.73
2026-01-14 15:22:59,XPQ-01 Main,2026-01-14 15:22:00,700.59,76.53,3.818995,480.61,697.17,192.3,123.24,146.64,76.55,4.33670533333333,480.88,700.32,195.85,122.06,152.08,77.99,3.7674793333333296,480.36,704.29,195.07,128.36,145.77,75.05,3.359402,480.59,583.22,373.66,444.5
2026-01-14 15:23:59,XPQ-01 Main,2026-01-14 15:23:00,688.24,73.86,3.8756616666666703,480.65,687.98,189.68,129.31,138.08,72.99,4.37003866666667,480.8,678.62,189.86,123.92,142.98,75.57,3.80081266666667,480.67,698.11,193.42,131.61,140.68,73.03,3.459402,480.48,572.95,384.84,421.74
2026-01-14 15:24:59,XPQ-01 Main,2026-01-14 15:24:00,753.47,78.26,4.02232833333333,480.84,750.11,206.95,127.21,162.84,78.81,4.57003866666667,480.96,758.43,212.18,128.67,168.16,79.42,3.934146,480.72,751.86,208.42,133.81,159.26,76.56,3.559402,480.86,627.55,389.69,490.26
2026-01-14 15:25:59,XPQ-01 Main,2026-01-14 15:25:00,724.67,77.4,4.18566166666667,480.87,723.57,199.63,124.8,155.39,77.97,4.67003866666667,481.19,728.26,203.84,126.23,159.58,78.43,4.26747933333333,480.75,722.17,200.12,130.31,151.46,75.81,3.6260686666666704,480.68,603.59,381.34,466.43
2026-01-14 15:26:59,XPQ-01 Main,2026-01-14 15:26:00,740.67,78.27,3.6323283333333296,481.28,738.88,204.07,125.51,160.25,78.73,4.203372,481.7,743.83,208.37,126.41,164.76,79.34,3.734146,481.06,739.29,205.0,131.0,156.78,76.74,2.959402,481.09,617.44,382.92,481.79
2026-01-14 15:27:59,XPQ-01 Main,2026-01-14 15:27:00,716.19,76.49,4.03232833333333,481.47,712.48,196.84,126.06,150.52,76.67,4.603372,481.67,717.63,201.05,125.69,156.1,77.89,4.06747933333333,481.3,718.45,199.39,131.64,148.83,74.9,3.42606866666667,481.44,597.27,383.39,455.45
2026-01-14 15:28:59,XPQ-01 Main,2026-01-14 15:28:00,728.31,78.16,4.108995,481.41,729.74,201.58,123.75,158.52,78.83,4.53670533333333,481.77,732.07,205.14,125.5,161.3,78.92,4.06747933333333,481.25,723.13,200.59,128.26,153.51,76.74,3.7260686666666705,481.22,607.31,377.52,473.33
2026-01-14 15:29:59,XPQ-01 Main,2026-01-14 15:29:00,723.77,77.19,3.878995,481.56,723.22,199.75,127.82,153.03,76.75,4.403372,481.62,718.11,201.25,123.94,157.69,78.62,3.90081266666667,481.61,729.97,202.68,130.86,153.91,76.19,3.32606866666667,481.46,603.68,382.61,464.64
2026-01-14 15:30:59,XPQ-01 Main,2026-01-14 15:30:00,750.6,77.78,4.288995,480.98,754.1,208.02,130.49,161.63,77.81,4.83670533333333,481.05,747.05,209.12,128.61,164.18,78.72,4.46747933333333,481.06,750.66,208.17,133.08,159.56,76.8,3.559402,480.84,625.31,392.17,485.37
2026-01-14 15:31:59,XPQ-01 Main,2026-01-14 15:31:00,732.38,76.96,3.74232833333333,481.59,734.09,202.79,130.18,154.89,76.55,4.303372,481.94,725.15,203.34,126.26,158.8,78.27,3.50081266666667,481.6,737.91,204.77,132.71,155.38,76.04,3.42606866666667,481.24,610.9,389.14,469.07
2026-01-14 15:32:59,XPQ-01 Main,2026-01-14 15:32:00,731.25,76.66,4.06566166666667,481.15,733.92,202.56,130.01,154.77,76.57,4.603372,481.2,727.15,203.59,127.73,157.79,77.72,4.20081266666667,481.14,732.69,203.26,132.44,153.43,75.7,3.39273533333333,481.09,609.4,390.18,465.98
2026-01-14 15:33:59,XPQ-01 Main,2026-01-14 15:33:00,758.32,78.19,4.12232833333333,480.5,758.03,208.84,130.12,162.37,78.03,4.603372,480.83,755.7,211.5,127.6,167.11,79.48,4.06747933333333,480.69,761.22,210.77,134.0,162.01,77.06,3.6927353333333297,479.98,631.12,391.72,491.48
2026-01-14 15:34:59,XPQ-01 Main,2026-01-14 15:34:00,831.19,71.6,3.96566166666667,478.71,834.31,229.05,159.67,163.62,71.57,4.403372,478.88,827.07,230.48,157.71,166.77,72.66,3.80081266666667,478.8,832.17,229.64,162.08,161.48,70.58,3.6927353333333297,478.44,689.17,479.46,491.87
2026-01-14 15:35:59,XPQ-01 Main,2026-01-14 15:35:00,996.75,77.09,4.06566166666667,477.52,997.09,273.03,173.29,210.25,77.17,4.47003866666667,477.59,994.97,276.54,171.89,215.64,78.2,4.00081266666667,477.66,998.18,274.84,178.38,207.92,75.9,3.7260686666666705,477.33,824.41,523.55,633.81
2026-01-14 15:36:59,XPQ-01 Main,2026-01-14 15:36:00,982.4,76.75,3.92232833333333,478.05,981.73,269.19,171.81,206.45,76.86,4.27003866666667,478.36,980.95,273.02,170.73,212.39,77.94,3.934146,478.04,984.53,271.23,177.72,204.21,75.43,3.559402,477.73,813.44,520.26,623.04
2026-01-14 15:37:59,XPQ-01 Main,2026-01-14 15:37:00,922.33,75.32,3.84232833333333,478.81,924.12,253.68,166.98,190.27,75.16,4.47003866666667,478.76,918.34,255.93,164.02,194.93,76.52,3.66747933333333,479.04,924.52,255.3,170.6,189.25,74.27,3.39273533333333,478.64,764.91,501.61,574.45
2026-01-14 15:38:59,XPQ-01 Main,2026-01-14 15:38:00,964.34,77.62,3.65232833333333,478.75,962.1,264.16,165.74,205.01,77.77,4.303372,478.76,964.9,268.81,164.81,211.42,78.87,3.60081266666667,478.83,966.02,266.7,172.25,202.79,76.22,3.059402,478.67,799.68,502.79,619.21
2026-01-14 15:39:59,XPQ-01 Main,2026-01-14 15:39:00,995.89,76.99,3.83232833333333,478.84,993.75,273.01,174.11,209.43,76.9,4.27003866666667,479.23,993.37,276.9,171.48,215.95,78.31,3.834146,478.7,1000.56,276.06,179.61,208.54,75.77,3.39273533333333,478.58,825.97,525.2,633.92
2026-01-14 15:40:59,XPQ-01 Main,2026-01-14 15:40:00,955.89,77.35,4.098995,478.51,952.48,261.25,165.84,201.46,77.21,4.63670533333333,478.46,953.53,265.61,163.1,208.41,78.75,4.034146,478.83,961.68,265.4,171.69,201.29,76.08,3.62606866666667,478.25,792.26,500.63,611.15
2026-01-14 15:41:59,XPQ-01 Main,2026-01-14 15:41:00,940.3,77.03,4.03232833333333,478.61,939.6,257.86,163.45,199.03,77.28,4.77003866666667,478.6,941.34,262.22,163.27,204.34,78.13,3.934146,478.78,939.97,259.43,169.24,195.93,75.68,3.39273533333333,478.46,779.51,495.96,599.3
2026-01-14 15:42:59,XPQ-01 Main,2026-01-14 15:42:00,951.47,77.57,4.008995,479.12,946.74,260.21,162.69,202.36,77.94,4.47003866666667,479.25,955.68,266.45,163.54,209.58,78.84,3.96747933333333,479.08,952.01,262.96,170.67,199.26,75.95,3.59273533333333,479.03,789.62,496.89,611.2
2026-01-14 15:43:59,XPQ-01 Main,2026-01-14 15:43:00,945.54,76.75,3.9423283333333297,479.12,937.45,257.41,164.41,197.22,76.81,4.403372,479.29,948.79,264.8,163.64,206.51,78.38,3.96747933333333,479.51,950.37,262.48,173.06,196.67,75.07,3.459402,478.55,784.69,501.11,600.4
2026-01-14 15:44:59,XPQ-01 Main,2026-01-14 15:44:00,914.56,75.68,3.88566166666667,479.13,906.7,249.06,162.76,188.24,75.65,4.37003866666667,479.12,915.65,255.38,161.55,197.29,77.37,3.90081266666667,479.39,921.34,254.57,170.9,188.08,74.01,3.39273533333333,478.9,759.01,495.2,573.62
2026-01-14 15:45:59,XPQ-01 Main,2026-01-14 15:45:00,885.8,74.93,3.9223283333333296,479.9,882.66,242.96,159.57,182.36,75.26,4.203372,480.21,888.58,248.28,160.18,188.37,76.18,3.96747933333333,479.92,886.17,245.08,166.12,179.29,73.35,3.59273533333333,479.58,736.32,485.87,550.01
2026-01-14 15:46:59,XPQ-01 Main,2026-01-14 15:46:00,921.42,72.03,3.83232833333333,479.06,915.02,251.29,173.0,181.49,72.38,4.43670533333333,479.32,926.51,258.52,174.41,189.36,73.55,3.8674793333333297,479.33,922.74,254.77,181.26,178.36,70.14,3.19273533333333,478.52,764.59,528.68,549.21
2026-01-14 15:47:59,XPQ-01 Main,2026-01-14 15:47:00,809.45,70.84,3.8756616666666703,480.39,804.93,221.76,156.68,156.18,70.6,4.403372,480.68,807.14,225.78,154.71,163.44,72.62,3.834146,480.47,816.28,225.98,162.58,156.33,69.31,3.39273533333333,480.0,673.52,473.98,475.95
2026-01-14 15:48:59,XPQ-01 Main,2026-01-14 15:48:00,791.38,70.56,3.98566166666667,480.04,788.53,217.04,153.06,152.99,70.7,4.53670533333333,480.27,791.95,221.38,152.92,158.99,72.07,3.9008126666666705,480.24,793.66,219.59,158.87,151.04,68.9,3.52606866666667,479.62,658.01,464.85,463.02
2026-01-14 15:49:59,XPQ-01 Main,2026-01-14 15:49:00,771.36,70.0,4.288995,480.08,770.29,211.99,151.82,147.15,69.6,4.87003866666667,479.87,766.09,214.03,148.71,152.43,71.58,4.40081266666667,480.39,777.71,215.38,155.54,147.58,68.83,3.59273533333333,479.97,641.41,456.07,447.16
2026-01-14 15:50:59,XPQ-01 Main,2026-01-14 15:50:00,718.15,77.94,4.108995,482.22,712.87,197.18,122.88,153.38,78.04,4.803372,482.57,719.07,201.9,122.21,160.06,79.48,4.034146,482.22,722.5,200.75,129.44,152.71,76.28,3.49273533333333,481.87,599.84,374.53,466.15
2026-01-14 15:51:59,XPQ-01 Main,2026-01-14 15:51:00,712.03,77.37,4.01232833333333,482.46,707.58,195.75,123.45,151.0,77.42,4.703372,482.7,712.86,200.29,122.43,157.39,78.93,4.06747933333333,482.64,715.64,198.99,129.61,150.49,75.77,3.259402,482.04,595.02,375.49,458.88
2026-01-14 15:52:59,XPQ-01 Main,2026-01-14 15:52:00,751.48,76.98,3.8456616666666705,482.43,749.77,207.46,132.29,159.1,76.89,4.43670533333333,482.45,749.39,210.38,130.29,164.31,78.36,3.90081266666667,482.47,755.29,210.1,136.82,158.54,75.7,3.19273533333333,482.36,627.94,399.4,481.94
2026-01-14 15:53:59,XPQ-01 Main,2026-01-14 15:53:00,727.98,77.66,3.8556616666666703,480.16,724.76,199.47,125.27,154.33,77.64,4.33670533333333,480.25,728.12,203.61,123.8,160.18,79.12,3.834146,480.52,731.07,202.37,130.63,153.84,76.23,3.39273533333333,479.71,605.45,379.7,468.35
2026-01-14 15:54:59,XPQ-01 Main,2026-01-14 15:54:00,795.72,71.12,3.83232833333333,478.35,797.01,218.71,153.3,154.56,71.0,4.33670533333333,478.5,792.18,220.52,151.28,158.64,72.37,3.7008126666666703,478.31,797.97,220.04,156.41,153.26,69.99,3.459402,478.24,659.27,461.0,466.45
2026-01-14 15:55:59,XPQ-01 Main,2026-01-14 15:55:00,852.69,74.63,3.9423283333333297,478.1,851.43,233.26,154.76,173.86,74.69,4.503372,478.21,852.61,237.46,153.81,179.31,75.9,3.8674793333333297,478.59,854.02,235.4,159.81,172.1,73.28,3.459402,477.51,706.12,468.37,525.27
2026-01-14 15:56:59,XPQ-01 Main,2026-01-14 15:56:00,872.78,75.23,3.96566166666667,478.81,870.43,238.82,157.53,178.69,75.01,4.43670533333333,478.8,869.47,242.45,154.85,185.15,76.71,3.934146,479.29,878.44,242.55,162.72,178.77,73.95,3.52606866666667,478.34,723.82,475.09,542.61
2026-01-14 15:57:59,XPQ-01 Main,2026-01-14 15:57:00,878.42,74.99,3.96566166666667,478.9,878.14,240.97,159.68,179.48,74.71,4.503372,479.02,872.91,243.53,156.5,185.17,76.37,3.934146,479.4,884.22,244.12,163.86,179.57,73.87,3.459402,478.27,728.62,480.04,544.22
2026-01-14 15:58:59,XPQ-01 Main,2026-01-14 15:58:00,880.2,75.27,3.808995,478.11,878.82,240.87,159.44,179.88,74.83,4.27003866666667,478.08,874.53,243.4,155.09,185.69,76.75,3.8674793333333297,478.39,887.24,244.63,163.27,180.92,74.24,3.29273533333333,477.86,728.9,477.8,546.49
2026-01-14 15:59:59,XPQ-01 Main,2026-01-14 15:59:00,870.21,75.07,4.008995,477.91,870.29,238.5,156.35,179.75,75.45,4.57003866666667,477.98,872.19,242.62,157.13,184.26,76.09,4.06747933333333,478.05,868.14,239.22,161.41,175.89,73.68,3.39273533333333,477.7,720.34,474.89,539.9
2026-01-14 16:00:59,XPQ-01 Main,2026-01-14 16:00:00,849.25,73.43,3.9423283333333297,477.97,852.71,233.59,159.61,170.17,72.94,4.403372,478.08,839.91,233.83,155.05,174.33,74.72,4.034146,478.38,855.13,235.63,161.64,170.83,72.64,3.39273533333333,477.46,703.05,476.3,515.33
2026-01-14 16:01:59,XPQ-01 Main,2026-01-14 16:01:00,881.15,73.92,4.118995,477.47,885.18,242.32,163.11,178.54,73.83,4.703372,477.73,875.9,243.56,160.64,182.01,74.97,4.16747933333333,477.67,882.36,242.81,165.73,176.83,72.96,3.49273533333333,477.0,728.7,489.49,537.38
2026-01-14 16:02:59,XPQ-01 Main,2026-01-14 16:02:00,883.21,73.27,4.298995,477.68,884.19,242.16,165.7,176.06,72.82,4.903372,477.84,875.45,243.5,161.56,181.53,74.7,4.234146,477.89,889.98,245.07,168.99,176.79,72.29,3.759402,477.31,730.72,496.25,534.38
2026-01-14 16:03:59,XPQ-01 Main,2026-01-14 16:03:00,912.47,73.08,3.898995,477.3,912.94,249.88,168.82,183.69,73.63,4.43670533333333,477.37,916.15,254.53,170.56,187.81,74.03,4.034146,477.44,908.33,249.97,174.17,178.48,71.57,3.22606866666667,477.09,754.38,513.55,549.99
2026-01-14 16:04:59,XPQ-01 Main,2026-01-14 16:04:00,909.56,73.56,4.34232833333333,477.49,904.06,247.53,167.4,181.75,73.56,4.803372,477.62,909.57,252.84,166.53,189.79,75.17,4.234146,477.65,915.04,251.89,174.55,180.91,71.97,3.9927353333333295,477.2,752.25,508.47,552.46
2026-01-14 16:05:59,XPQ-01 Main,2026-01-14 16:05:00,911.11,74.44,4.06566166666667,477.39,906.37,248.02,163.87,185.17,74.89,4.57003866666667,477.68,916.95,255.02,165.51,192.3,75.79,4.00081266666667,477.71,909.99,250.35,171.66,181.5,72.65,3.6260686666666704,476.76,753.39,501.04,558.98
2026-01-14 16:06:59,XPQ-01 Main,2026-01-14 16:06:00,893.49,74.2,4.05232833333333,477.89,891.15,244.13,162.38,181.63,74.55,4.47003866666667,477.9,896.6,249.46,163.04,187.23,75.41,4.06747933333333,478.18,892.71,246.01,168.59,178.11,72.62,3.6260686666666704,477.59,739.59,494.01,546.96
2026-01-14 16:07:59,XPQ-01 Main,2026-01-14 16:07:00,943.34,74.58,4.13232833333333,477.44,938.55,256.92,169.52,192.24,75.0,4.503372,477.73,948.77,263.82,170.8,198.55,75.81,4.16747933333333,477.64,942.69,259.38,176.67,188.3,72.93,3.72606866666667,476.95,780.13,516.99,579.09
2026-01-14 16:08:59,XPQ-01 Main,2026-01-14 16:08:00,930.39,74.0,3.96566166666667,477.38,924.83,253.08,169.98,187.0,74.0,4.43670533333333,477.63,931.17,258.93,168.93,195.17,75.61,3.96747933333333,477.68,935.18,257.3,177.3,186.04,72.39,3.49273533333333,476.82,769.3,516.21,568.21
2026-01-14 16:09:59,XPQ-01 Main,2026-01-14 16:09:00,1049.89,70.67,3.97566166666667,475.62,1045.31,284.92,201.38,200.92,70.63,4.503372,475.81,1049.95,290.91,200.38,209.61,72.28,3.7674793333333296,476.05,1054.41,289.1,208.76,199.56,69.1,3.659402,475.01,864.92,610.53,610.09
2026-01-14 16:10:59,XPQ-01 Main,2026-01-14 16:10:00,1768.38,56.05,6.41232833333333,465.41,1764.54,470.48,384.42,266.09,56.91,6.77003866666667,465.62,1783.67,483.67,393.42,275.75,57.4,5.66747933333333,465.96,1756.94,471.45,395.34,252.64,53.85,6.79273533333333,464.67,1425.6,1173.19,794.48
2026-01-14 16:11:59,XPQ-01 Main,2026-01-14 16:11:00,1077.48,68.8,4.06566166666667,474.55,1073.86,292.11,210.09,202.75,69.44,4.53670533333333,474.67,1084.65,299.73,213.6,209.62,70.04,3.90081266666667,474.87,1073.94,293.82,218.17,196.43,66.91,3.759402,474.11,885.66,641.85,608.81
2026-01-14 16:12:59,XPQ-01 Main,2026-01-14 16:12:00,1136.18,73.53,4.32232833333333,474.6,1136.48,309.27,207.24,229.11,74.16,4.803372,474.72,1141.81,315.45,210.17,234.6,74.48,4.46747933333333,474.73,1130.24,309.27,214.54,222.25,71.95,3.6927353333333297,474.34,933.99,631.95,685.96
2026-01-14 16:13:59,XPQ-01 Main,2026-01-14 16:13:00,1156.47,71.91,4.32232833333333,474.72,1153.08,313.86,214.93,228.52,72.84,4.77003866666667,474.85,1167.86,322.76,220.66,235.14,72.92,4.30081266666667,474.88,1148.47,314.32,224.29,219.64,69.97,3.89273533333333,474.42,950.94,659.88,683.3
2026-01-14 16:14:59,XPQ-01 Main,2026-01-14 16:14:00,1218.21,73.54,4.13232833333333,474.27,1215.5,330.48,220.93,245.46,74.33,4.703372,474.34,1228.38,339.18,225.72,252.17,74.51,4.034146,474.53,1210.74,331.09,230.1,237.22,71.78,3.659402,473.93,1000.75,676.75,734.85
2026-01-14 16:15:59,XPQ-01 Main,2026-01-14 16:15:00,1183.6,73.31,4.098995,474.53,1180.34,321.13,215.77,237.37,74.0,4.67003866666667,474.68,1192.29,329.4,219.65,244.34,74.37,4.234146,474.74,1178.16,322.32,224.74,230.19,71.55,3.39273533333333,474.17,972.85,660.16,711.91
2026-01-14 16:16:59,XPQ-01 Main,2026-01-14 16:16:00,1169.17,72.84,4.25566166666667,474.99,1166.26,317.54,215.69,232.52,73.31,4.87003866666667,475.14,1174.71,324.94,217.9,239.64,73.99,4.30081266666667,475.31,1166.54,319.43,223.78,227.09,71.23,3.59273533333333,474.51,961.91,657.37,699.24
2026-01-14 16:17:59,XPQ-01 Main,2026-01-14 16:17:00,1153.38,72.82,4.108995,474.17,1148.4,312.2,211.64,229.16,73.46,4.53670533333333,474.32,1162.3,320.89,215.09,236.35,73.96,4.20081266666667,474.4,1149.45,314.23,220.56,222.68,71.05,3.59273533333333,473.81,947.31,647.3,688.19
2026-01-14 16:18:59,XPQ-01 Main,2026-01-14 16:18:00,1187.22,72.42,4.22232833333333,474.16,1184.88,321.98,220.01,234.98,73.0,4.503372,474.24,1194.12,329.75,223.16,241.89,73.5,4.334146,474.56,1182.67,323.33,228.29,228.55,70.75,3.8260686666666706,473.67,975.06,671.47,705.42
2026-01-14 16:19:59,XPQ-01 Main,2026-01-14 16:19:00,1166.08,73.66,4.42232833333333,475.19,1167.94,318.18,213.72,235.28,74.02,4.93670533333333,475.33,1167.51,323.02,214.52,240.7,74.65,4.634146,475.43,1162.8,318.56,219.8,230.16,72.32,3.6927353333333297,474.81,959.76,648.04,706.13
2026-01-14 16:20:59,XPQ-01 Main,2026-01-14 16:20:00,1150.41,72.18,4.17566166666667,475.65,1147.08,312.8,214.11,227.25,72.78,4.63670533333333,475.76,1158.84,320.92,217.26,234.09,73.3,4.134146,475.89,1145.32,314.09,222.45,220.81,70.45,3.759402,475.29,947.81,653.82,682.15
2026-01-14 16:21:59,XPQ-01 Main,2026-01-14 16:21:00,1240.31,71.77,4.278995,474.75,1235.79,336.37,231.59,243.18,72.41,4.53670533333333,474.93,1249.96,345.52,235.39,250.86,72.92,4.40081266666667,474.97,1235.18,338.06,240.95,236.01,69.97,3.89273533333333,474.36,1019.95,707.94,730.05
2026-01-14 16:22:59,XPQ-01 Main,2026-01-14 16:22:00,1158.82,72.51,4.598995,475.63,1159.41,316.13,216.4,229.54,72.76,5.203372,475.76,1160.84,321.48,216.46,235.12,73.57,4.60081266666667,475.89,1156.21,317.06,222.12,225.13,71.18,3.9927353333333295,475.24,954.67,654.99,689.79
2026-01-14 16:23:59,XPQ-01 Main,2026-01-14 16:23:00,1167.24,72.14,4.26566166666667,475.89,1168.48,318.83,219.61,230.53,72.4,4.603372,476.09,1167.95,323.64,219.62,235.98,73.2,4.46747933333333,476.09,1165.29,319.67,225.15,225.88,70.83,3.7260686666666705,475.49,962.13,664.38,692.39
2026-01-14 16:24:59,XPQ-01 Main,2026-01-14 16:24:00,1162.65,71.38,4.27566166666667,476.02,1162.41,317.24,220.24,227.42,71.84,4.77003866666667,476.24,1167.47,323.61,221.88,232.89,72.4,4.234146,476.24,1158.08,317.77,226.47,221.4,69.91,3.8260686666666706,475.59,958.63,668.59,681.72
2026-01-14 16:25:59,XPQ-01 Main,2026-01-14 16:25:00,1166.4,71.95,4.06566166666667,476.39,1169.48,319.43,220.35,230.12,72.23,4.43670533333333,476.56,1166.26,323.49,220.52,235.18,72.95,4.26747933333333,476.61,1163.46,319.53,225.5,225.2,70.66,3.49273533333333,476.01,962.45,666.37,690.5
2026-01-14 16:26:59,XPQ-01 Main,2026-01-14 16:26:00,1162.77,71.9,4.32232833333333,476.41,1164.74,318.14,220.05,229.14,72.13,4.57003866666667,476.61,1162.95,322.61,219.75,234.3,72.94,4.50081266666667,476.62,1160.61,318.74,225.11,224.67,70.64,3.89273533333333,476.01,959.49,664.91,688.11
2026-01-14 16:27:59,XPQ-01 Main,2026-01-14 16:27:00,1191.18,72.69,4.04566166666667,475.97,1189.22,324.49,221.24,236.62,73.04,4.53670533333333,476.16,1195.98,331.49,222.25,242.8,73.76,4.26747933333333,476.24,1188.35,326.07,227.89,231.55,71.27,3.32606866666667,475.52,982.05,671.39,710.98
2026-01-14 16:28:59,XPQ-01 Main,2026-01-14 16:28:00,1215.44,74.42,4.46566166666667,475.33,1214.81,330.98,219.23,247.33,74.83,4.87003866666667,475.41,1220.0,337.66,220.71,253.48,75.42,4.50081266666667,475.66,1211.51,332.05,226.4,241.84,73.0,4.02606866666667,474.92,1000.69,666.34,742.65
2026-01-14 16:29:59,XPQ-01 Main,2026-01-14 16:29:00,1264.86,72.03,4.38566166666667,474.98,1262.34,343.64,235.92,248.85,72.57,4.97003866666667,475.03,1272.1,351.84,238.84,255.95,73.11,4.66747933333333,475.36,1260.12,345.14,244.38,242.36,70.42,3.52606866666667,474.54,1040.62,719.15,747.16
2026-01-14 16:30:59,XPQ-01 Main,2026-01-14 16:30:00,1321.64,71.93,4.008995,473.73,1322.75,359.04,246.95,260.38,72.56,4.503372,473.62,1327.48,366.17,250.51,266.48,72.86,4.00081266666667,474.25,1314.68,359.26,254.99,252.59,70.38,3.52606866666667,473.32,1084.46,752.45,779.44
2026-01-14 16:31:59,XPQ-01 Main,2026-01-14 16:31:00,1231.48,70.2,4.288995,475.03,1225.92,333.87,234.76,236.3,70.94,4.703372,475.16,1243.14,343.81,239.51,244.44,71.43,4.30081266666667,475.25,1225.38,335.61,244.87,228.63,68.25,3.859402,474.69,1013.29,719.14,709.38
2026-01-14 16:32:59,XPQ-01 Main,2026-01-14 16:32:00,1190.83,68.09,7.51232833333333,475.43,1184.68,322.94,233.75,221.88,68.84,7.87003866666667,475.63,1201.27,332.53,238.6,229.94,69.39,7.50081266666667,475.6,1186.52,325.19,243.62,214.24,66.04,7.159402,475.05,980.66,715.97,666.06
2026-01-14 16:33:59,XPQ-01 Main,2026-01-14 16:33:00,1247.42,70.3,4.81232833333333,474.89,1244.38,338.82,238.57,239.96,70.92,5.17003866666667,475.07,1255.18,347.05,242.04,247.34,71.47,4.96747933333333,475.08,1242.71,340.22,247.49,232.74,68.51,4.29273533333333,474.53,1026.09,728.1,720.04
2026-01-14 16:34:59,XPQ-01 Main,2026-01-14 16:34:00,1160.21,69.86,4.54232833333333,476.26,1157.05,315.98,224.38,222.02,70.33,4.93670533333333,476.5,1166.11,323.38,226.43,228.39,71.01,4.60081266666667,476.43,1157.48,317.76,231.49,216.1,68.24,4.09273533333333,475.86,957.11,682.31,666.51
2026-01-14 16:35:59,XPQ-01 Main,2026-01-14 16:35:00,1151.01,70.33,4.18566166666667,476.67,1149.22,314.09,219.7,223.36,71.29,4.57003866666667,476.9,1163.54,322.95,225.3,228.83,71.26,4.234146,476.85,1140.25,313.3,227.86,213.9,68.44,3.759402,476.26,950.33,672.86,666.08
2026-01-14 16:36:59,XPQ-01 Main,2026-01-14 16:36:00,1132.79,68.56,4.75566166666667,477.64,1130.42,309.53,224.44,212.65,68.78,5.27003866666667,477.83,1134.37,315.53,225.01,219.89,69.89,4.76747933333333,477.9,1133.57,312.11,231.18,208.69,67.01,4.22606866666667,477.17,937.17,680.63,641.23
2026-01-14 16:37:59,XPQ-01 Main,2026-01-14 16:37:00,1165.68,70.69,4.46566166666667,477.4,1163.48,318.39,223.33,226.14,71.15,4.83670533333333,477.58,1170.87,325.52,225.51,233.23,71.89,4.434146,477.7,1162.68,319.98,231.08,220.52,69.04,4.12606866666667,476.91,963.9,679.92,679.89
2026-01-14 16:38:59,XPQ-01 Main,2026-01-14 16:38:00,1160.91,70.64,4.588995,477.51,1157.78,316.97,221.55,226.25,71.45,4.93670533333333,477.76,1170.58,325.51,226.38,232.84,71.7,4.76747933333333,477.71,1154.35,317.71,230.22,218.13,68.78,4.059402,477.05,960.19,678.15,677.23
2026-01-14 16:39:59,XPQ-01 Main,2026-01-14 16:39:00,1281.0,72.01,4.61232833333333,476.84,1274.1,348.23,238.36,252.92,72.77,5.03670533333333,476.98,1293.3,359.13,243.65,261.77,73.2,4.76747933333333,477.18,1275.59,350.7,249.39,244.92,70.07,4.02606866666667,476.37,1058.05,731.4,759.61
2026-01-14 16:40:59,XPQ-01 Main,2026-01-14 16:40:00,1129.6,67.92,4.15566166666667,477.65,1125.46,308.22,223.64,211.58,68.72,4.603372,477.89,1139.72,317.01,228.47,218.2,69.07,4.26747933333333,477.86,1123.62,309.35,232.0,203.68,65.98,3.59273533333333,477.21,934.58,684.11,633.47
2026-01-14 16:41:59,XPQ-01 Main,2026-01-14 16:41:00,1131.52,67.9,4.55232833333333,477.84,1131.04,309.89,225.06,212.01,68.57,5.07003866666667,478.09,1138.24,316.71,228.73,218.04,69.0,4.70081266666667,478.03,1125.27,309.93,232.31,204.74,66.12,3.89273533333333,477.41,936.53,686.1,634.8
2026-01-14 16:42:59,XPQ-01 Main,2026-01-14 16:42:00,1117.58,68.44,4.44232833333333,477.46,1117.77,306.05,220.43,211.4,69.22,5.003372,477.71,1125.49,312.87,224.39,216.24,69.39,4.46747933333333,477.57,1109.49,305.34,226.96,203.26,66.71,3.859402,477.11,924.26,671.78,630.89
2026-01-14 16:43:59,XPQ-01 Main,2026-01-14 16:43:00,1112.99,67.84,4.27566166666667,476.93,1111.0,303.84,220.88,208.07,68.57,4.43670533333333,477.16,1120.9,311.25,224.82,213.95,68.94,4.50081266666667,477.06,1107.07,304.34,228.19,200.58,66.02,3.89273533333333,476.56,919.44,673.9,622.6
2026-01-14 16:44:59,XPQ-01 Main,2026-01-14 16:44:00,1173.46,64.84,4.46566166666667,476.4,1171.24,319.85,241.06,209.88,65.66,4.97003866666667,476.66,1182.46,328.11,246.04,215.74,65.93,4.56747933333333,476.7,1166.67,320.35,248.42,201.16,62.93,3.859402,475.83,968.32,735.52,626.78
2026-01-14 16:45:59,XPQ-01 Main,2026-01-14 16:45:00,1184.19,65.6,4.64232833333333,476.56,1183.11,323.28,240.88,214.91,66.57,5.17003866666667,476.82,1195.31,331.72,246.82,220.09,66.55,4.70081266666667,476.76,1174.15,322.51,248.28,205.0,63.67,4.059402,476.1,977.51,735.98,640.01
2026-01-14 16:46:59,XPQ-01 Main,2026-01-14 16:46:00,1210.17,66.55,4.94566166666667,476.62,1206.34,329.61,242.63,222.54,67.59,5.103372,476.75,1224.61,339.84,249.51,228.87,67.6,5.16747933333333,476.88,1199.56,329.63,251.74,212.18,64.45,4.559402,476.22,999.08,743.89,663.59
2026-01-14 16:47:59,XPQ-01 Main,2026-01-14 16:47:00,1201.92,68.29,4.47566166666667,474.13,1196.17,325.07,234.64,224.52,69.14,4.73670533333333,474.22,1214.4,335.27,240.17,231.91,69.46,4.66747933333333,474.46,1195.18,326.74,244.19,216.04,66.26,4.02606866666667,473.7,987.08,719.01,672.47
2026-01-14 16:48:59,XPQ-01 Main,2026-01-14 16:48:00,1145.57,65.75,4.64566166666667,474.29,1145.16,311.37,232.46,206.9,66.48,4.97003866666667,474.45,1152.93,318.41,236.33,211.61,66.71,4.76747933333333,474.56,1138.61,311.34,238.46,198.87,64.05,4.19273533333333,473.87,941.11,707.25,617.37
2026-01-14 16:49:59,XPQ-01 Main,2026-01-14 16:49:00,1094.79,67.42,4.47566166666667,475.25,1091.64,297.31,218.37,201.02,67.73,5.03670533333333,475.34,1098.67,304.11,219.7,207.83,68.72,4.36747933333333,475.7,1094.05,299.79,225.05,196.79,65.83,4.02606866666667,474.72,901.22,663.12,605.64
2026-01-14 16:50:59,XPQ-01 Main,2026-01-14 16:50:00,1069.54,67.5,4.598995,475.69,1068.58,291.36,213.28,197.71,67.98,4.903372,475.94,1074.3,297.67,215.38,202.99,68.59,4.86747933333333,476.03,1065.73,292.2,218.97,192.0,65.93,4.02606866666667,475.1,881.24,647.62,592.69
2026-01-14 16:51:59,XPQ-01 Main,2026-01-14 16:51:00,1077.57,66.8,4.65566166666667,475.52,1078.98,294.12,216.54,198.65,67.6,5.13670533333333,475.76,1084.73,300.43,220.56,202.49,67.63,4.634146,475.82,1069.0,292.99,221.75,190.48,65.16,4.19273533333333,474.97,887.54,658.85,591.62
2026-01-14 16:52:59,XPQ-01 Main,2026-01-14 16:52:00,1034.63,66.78,4.82232833333333,477.27,1034.83,283.06,208.77,190.6,67.42,5.17003866666667,477.47,1039.77,289.08,211.84,195.28,67.78,4.86747933333333,477.67,1029.28,283.16,214.3,184.04,65.15,4.42606866666667,476.66,855.3,634.91,569.91
2026-01-14 16:53:59,XPQ-01 Main,2026-01-14 16:53:00,1020.74,66.19,4.71232833333333,477.5,1019.5,279.03,207.45,185.8,66.72,5.23670533333333,477.73,1025.9,285.35,209.88,191.05,67.32,4.734146,477.86,1016.83,279.86,213.11,180.07,64.54,4.159402,476.92,844.24,630.45,556.92
2026-01-14 16:54:59,XPQ-01 Main,2026-01-14 16:54:00,1056.21,66.82,4.44232833333333,476.98,1053.57,287.98,212.38,193.98,67.44,4.73670533333333,477.24,1063.19,295.48,215.91,200.29,68.01,4.50081266666667,477.46,1051.88,289.17,219.33,187.66,65.01,4.09273533333333,476.25,872.64,647.62,581.93
2026-01-14 16:55:59,XPQ-01 Main,2026-01-14 16:55:00,1021.08,68.03,4.688995,477.17,1023.58,279.95,203.07,192.08,68.72,5.13670533333333,477.4,1025.55,285.05,205.91,195.61,68.87,4.86747933333333,477.51,1014.1,278.92,207.75,184.94,66.49,4.059402,476.59,843.92,616.73,572.63
2026-01-14 16:56:59,XPQ-01 Main,2026-01-14 16:56:00,1003.34,66.82,4.36566166666667,477.76,1002.04,274.37,203.71,183.48,66.92,4.67003866666667,478.06,1003.81,279.42,203.61,189.65,68.16,4.534146,478.18,1004.17,276.49,208.75,180.42,65.39,3.89273533333333,477.05,830.28,616.07,553.56
2026-01-14 16:57:59,XPQ-01 Main,2026-01-14 16:57:00,1055.05,66.26,4.288995,476.99,1049.66,287.11,211.79,192.94,67.34,4.67003866666667,477.33,1068.86,296.91,218.52,199.64,67.45,4.36747933333333,477.12,1046.62,287.68,220.8,183.8,63.98,3.8260686666666706,476.51,871.7,651.11,576.38
2026-01-14 16:58:59,XPQ-01 Main,2026-01-14 16:58:00,1110.22,64.55,4.408995,475.62,1105.61,301.34,229.49,195.15,64.78,4.77003866666667,475.74,1113.04,308.36,231.06,203.49,66.09,4.50081266666667,476.08,1112.01,304.92,237.16,191.21,62.77,3.959402,475.03,914.62,697.71,589.85
2026-01-14 16:59:59,XPQ-01 Main,2026-01-14 16:59:00,1152.94,65.92,4.05232833333333,475.45,1145.76,312.3,232.48,208.01,66.68,4.57003866666667,475.71,1164.22,322.39,237.65,216.08,67.27,4.00081266666667,475.74,1148.85,314.83,241.99,200.46,63.79,3.59273533333333,474.92,949.52,712.13,624.55
2026-01-14 17:00:59,XPQ-01 Main,2026-01-14 17:00:00,1175.64,68.29,4.47566166666667,474.04,1171.32,318.32,229.71,219.93,69.16,4.87003866666667,474.26,1187.46,327.81,235.23,226.88,69.42,4.50081266666667,474.29,1168.13,319.19,238.72,211.34,66.29,4.059402,473.56,965.32,703.66,658.14
2026-01-14 17:01:59,XPQ-01 Main,2026-01-14 17:01:00,1191.8,69.31,4.33232833333333,473.77,1184.64,321.74,229.15,225.09,70.08,4.903372,473.98,1204.5,332.33,234.15,233.03,70.54,4.434146,474.06,1186.25,323.98,238.85,217.43,67.32,3.659402,473.29,978.05,702.15,675.55
2026-01-14 17:02:59,XPQ-01 Main,2026-01-14 17:02:00,1173.78,68.18,4.43232833333333,474.34,1166.77,317.3,229.36,218.84,69.03,4.83670533333333,474.58,1186.07,327.64,234.77,226.07,69.36,4.46747933333333,474.58,1168.49,319.48,238.55,210.46,66.16,3.9927353333333295,473.86,964.41,702.68,655.38
2026-01-14 17:03:59,XPQ-01 Main,2026-01-14 17:03:00,1159.28,67.81,4.03232833333333,474.38,1151.03,313.02,228.27,213.14,68.25,4.603372,474.58,1165.86,322.07,231.21,222.76,69.38,4.16747933333333,474.65,1160.96,317.47,238.23,208.25,65.81,3.32606866666667,473.9,952.57,697.71,644.15
2026-01-14 17:04:59,XPQ-01 Main,2026-01-14 17:04:00,1183.3,69.23,4.288995,474.41,1176.81,320.07,227.64,224.13,70.16,4.67003866666667,474.7,1196.96,330.72,233.8,231.99,70.43,4.434146,474.63,1176.15,321.59,237.93,215.26,67.09,3.759402,473.89,972.38,699.37,671.38
2026-01-14 17:05:59,XPQ-01 Main,2026-01-14 17:05:00,1137.78,66.9,4.608995,474.77,1130.14,307.63,225.81,207.9,67.73,4.903372,475.11,1150.11,318.04,231.31,215.88,68.23,4.70081266666667,475.0,1133.11,310.03,235.39,200.0,64.75,4.22606866666667,474.22,935.7,692.51,623.78
2026-01-14 17:06:59,XPQ-01 Main,2026-01-14 17:06:00,1093.87,65.09,4.788995,474.9,1085.83,295.63,221.88,194.2,65.86,5.17003866666667,475.18,1104.52,305.51,227.15,202.9,66.62,4.90081266666667,475.14,1091.25,298.67,231.92,187.17,62.8,4.29273533333333,474.36,899.81,680.94,584.26
2026-01-14 17:07:59,XPQ-01 Main,2026-01-14 17:07:00,1026.61,67.83,6.008995,476.02,1019.48,278.21,201.81,190.25,68.6,6.57003866666667,476.22,1037.62,287.65,206.4,198.08,69.24,5.934146,476.28,1022.72,280.63,211.07,183.75,65.66,5.52606866666667,475.55,846.48,619.27,572.08
2026-01-14 17:08:59,XPQ-01 Main,2026-01-14 17:08:00,1034.24,66.51,5.698995,476.5,1027.99,280.93,207.47,188.92,67.33,6.17003866666667,476.83,1044.44,289.78,212.35,196.13,67.85,5.60081266666667,476.57,1030.3,282.91,216.04,181.62,64.35,5.32606866666667,476.09,853.62,635.85,566.67
2026-01-14 17:09:59,XPQ-01 Main,2026-01-14 17:09:00,1028.46,63.55,4.62232833333333,475.58,1024.53,279.32,212.59,180.01,64.62,5.003372,475.83,1040.76,288.29,218.66,185.67,64.73,4.734146,475.84,1020.07,279.61,220.4,171.08,61.32,4.12606866666667,475.06,847.22,651.65,536.76
2026-01-14 17:10:59,XPQ-01 Main,2026-01-14 17:10:00,1006.27,67.32,4.898995,476.31,999.92,273.08,200.39,184.82,67.8,5.303372,476.63,1012.92,280.99,203.07,192.45,68.79,5.00081266666667,476.51,1005.97,276.13,208.34,179.94,65.36,4.39273533333333,475.79,830.2,611.8,557.21
2026-01-14 17:11:59,XPQ-01 Main,2026-01-14 17:11:00,1012.99,68.03,4.46566166666667,476.4,1007.54,275.19,199.21,188.4,68.71,4.93670533333333,476.7,1021.35,283.39,203.1,195.61,69.37,4.50081266666667,476.63,1010.06,277.31,207.46,182.24,66.0,3.959402,475.86,835.9,609.77,566.25
2026-01-14 17:12:59,XPQ-01 Main,2026-01-14 17:12:00,911.32,70.61,4.588995,478.34,905.6,248.37,174.44,176.14,71.05,4.903372,478.65,917.63,255.65,176.37,182.84,71.97,4.834146,478.55,910.74,251.05,181.46,172.0,68.79,4.02606866666667,477.81,755.07,532.26,530.98
2026-01-14 17:13:59,XPQ-01 Main,2026-01-14 17:13:00,916.87,72.32,4.578995,478.1,913.57,250.48,170.86,182.23,72.95,4.97003866666667,478.35,923.2,256.99,173.57,188.3,73.53,4.634146,478.19,913.83,251.81,178.22,177.08,70.48,4.12606866666667,477.75,759.28,522.65,547.61
2026-01-14 17:14:59,XPQ-01 Main,2026-01-14 17:14:00,924.84,69.03,4.32232833333333,478.14,914.5,250.69,179.13,174.81,69.84,4.77003866666667,478.41,936.48,260.81,183.99,183.79,70.67,4.234146,478.4,923.54,254.48,189.67,169.21,66.57,3.959402,477.6,765.97,552.8,527.8
2026-01-14 17:15:59,XPQ-01 Main,2026-01-14 17:15:00,901.65,70.41,4.308995,477.91,898.3,246.08,174.62,172.85,70.35,4.73670533333333,478.09,900.6,250.69,173.6,180.23,72.02,4.20081266666667,478.26,906.06,249.59,180.81,171.7,68.86,3.9927353333333295,477.37,746.36,529.03,524.79
2026-01-14 17:16:59,XPQ-01 Main,2026-01-14 17:16:00,932.83,72.34,4.77566166666667,477.65,937.16,256.66,175.34,186.92,72.93,5.27003866666667,477.94,934.72,260.02,177.12,189.84,73.12,4.70081266666667,477.82,926.61,255.07,179.55,180.86,70.97,4.359402,477.18,771.75,532.01,557.62
2026-01-14 17:17:59,XPQ-01 Main,2026-01-14 17:17:00,940.61,71.55,4.32232833333333,477.39,933.55,255.51,179.64,181.5,71.07,4.73670533333333,477.61,936.67,260.42,176.32,191.23,73.52,4.334146,477.65,951.6,261.84,186.65,183.21,70.05,3.89273533333333,476.91,777.77,542.6,555.94
2026-01-14 17:18:59,XPQ-01 Main,2026-01-14 17:18:00,1065.48,69.87,8.198995,475.55,1065.25,290.55,205.03,204.4,70.6,8.703372,475.88,1072.16,296.86,208.67,209.32,70.82,7.434146,475.57,1059.04,290.23,211.45,197.07,68.18,8.459402,475.19,877.64,625.15,610.78
2026-01-14 17:19:59,XPQ-01 Main,2026-01-14 17:19:00,1208.85,70.99,4.83232833333333,474.2,1203.68,327.18,228.92,233.47,71.4,5.23670533333333,474.36,1215.25,335.61,231.45,242.28,72.31,4.934146,474.55,1207.6,330.12,237.91,228.35,69.25,4.32606866666667,473.69,992.9,698.28,704.1
2026-01-14 17:20:59,XPQ-01 Main,2026-01-14 17:20:00,1190.04,70.0,4.33232833333333,474.05,1186.03,322.33,227.65,227.84,70.74,4.83670533333333,474.43,1199.84,331.35,232.35,234.98,71.11,4.334146,474.31,1184.26,323.49,236.33,220.07,68.15,3.8260686666666706,473.43,977.18,696.33,682.9
2026-01-14 17:21:59,XPQ-01 Main,2026-01-14 17:21:00,1190.59,73.16,4.27566166666667,474.44,1186.42,322.55,218.1,237.33,73.63,4.73670533333333,474.64,1197.11,330.86,220.54,245.57,74.4,4.234146,474.91,1188.25,325.01,227.13,231.94,71.45,3.859402,473.79,978.42,665.78,714.84
2026-01-14 17:22:59,XPQ-01 Main,2026-01-14 17:22:00,1199.87,71.04,4.698995,473.77,1198.72,325.61,226.12,233.78,71.88,4.97003866666667,474.04,1210.02,333.85,231.28,239.82,71.98,4.96747933333333,473.98,1190.88,325.19,234.32,224.95,69.25,4.159402,473.29,984.65,691.72,698.55
2026-01-14 17:23:59,XPQ-01 Main,2026-01-14 17:23:00,1229.44,72.1,4.37566166666667,473.97,1227.12,333.39,229.55,241.36,72.46,4.803372,474.17,1233.52,340.5,231.2,248.95,73.27,4.50081266666667,474.29,1227.7,335.42,237.35,236.33,70.56,3.8260686666666706,473.44,1009.32,698.09,726.64
2026-01-14 17:24:59,XPQ-01 Main,2026-01-14 17:24:00,1041.15,73.22,4.82232833333333,476.41,1038.27,283.64,190.55,209.25,73.94,5.203372,476.64,1049.7,291.18,194.09,215.27,74.27,4.934146,476.54,1035.47,284.34,198.29,202.59,71.46,4.32606866666667,476.04,859.16,582.93,627.1
2026-01-14 17:25:59,XPQ-01 Main,2026-01-14 17:25:00,1061.37,73.05,4.48566166666667,476.54,1052.05,287.51,193.99,211.73,73.73,4.93670533333333,476.91,1072.82,297.73,198.07,220.88,74.45,4.50081266666667,476.66,1059.24,290.86,204.53,206.04,70.97,4.02606866666667,476.05,876.1,596.58,638.65
2026-01-14 17:26:59,XPQ-01 Main,2026-01-14 17:26:00,1035.04,72.47,4.33232833333333,476.3,1027.67,280.69,190.35,205.84,73.42,4.703372,476.55,1049.32,291.01,195.91,213.39,73.66,4.50081266666667,476.43,1028.13,282.25,200.31,198.25,70.34,3.79273533333333,475.92,853.94,586.58,617.47
2026-01-14 17:27:59,XPQ-01 Main,2026-01-14 17:27:00,1030.51,72.33,4.55566166666667,476.3,1023.34,279.52,189.16,205.19,73.52,5.003372,476.64,1046.26,290.21,196.4,212.53,73.44,4.70081266666667,476.41,1021.93,280.5,199.83,196.01,70.03,3.959402,475.86,850.22,585.39,613.73
2026-01-14 17:28:59,XPQ-01 Main,2026-01-14 17:28:00,1032.85,73.02,4.608995,476.85,1025.32,280.27,189.9,205.85,73.5,5.03670533333333,477.08,1040.53,289.01,192.49,214.52,74.43,4.70081266666667,477.18,1032.7,283.84,199.14,201.44,71.12,4.09273533333333,476.3,853.11,581.52,621.81
2026-01-14 17:30:59,XPQ-01 Main,2026-01-14 17:30:00,1043.61,73.45,4.15566166666667,476.82,1036.55,283.39,189.51,210.11,74.26,4.503372,477.1,1056.44,293.36,194.19,218.01,74.67,4.234146,477.01,1037.83,285.2,199.28,203.39,71.43,3.72606866666667,476.34,861.94,582.99,631.51
2026-01-14 17:31:59,XPQ-01 Main,2026-01-14 17:31:00,1020.86,72.17,4.688995,477.31,1009.4,276.33,189.32,200.85,72.77,5.103372,477.68,1031.13,286.59,193.19,211.35,73.81,4.90081266666667,477.36,1022.05,281.1,200.72,196.32,69.92,4.059402,476.88,844.02,583.23,608.52
2026-01-14 17:32:59,XPQ-01 Main,2026-01-14 17:32:00,992.02,73.12,4.64232833333333,477.45,984.76,269.59,182.08,198.74,73.73,5.13670533333333,477.58,1000.27,278.04,185.2,207.1,74.54,4.734146,477.62,991.03,272.79,191.78,193.75,71.07,4.059402,477.15,820.42,559.05,599.59
2026-01-14 17:33:59,XPQ-01 Main,2026-01-14 17:33:00,1006.63,71.89,4.208995,477.66,1001.22,274.28,186.98,200.41,73.12,4.603372,477.98,1021.13,284.0,194.13,206.9,72.93,4.36747933333333,477.73,997.53,274.6,196.91,191.0,69.63,3.659402,477.28,832.88,578.02,598.31
2026-01-14 17:34:59,XPQ-01 Main,2026-01-14 17:34:00,1041.99,73.3,4.908995,477.35,1034.73,283.27,191.2,208.73,73.74,5.23670533333333,477.71,1048.65,291.51,193.29,217.48,74.74,5.06747933333333,477.44,1042.58,286.79,200.45,204.54,71.42,4.42606866666667,476.91,861.56,584.95,630.74
2026-01-14 17:35:59,XPQ-01 Main,2026-01-14 17:35:00,1032.0,72.2,4.318995,476.96,1027.15,281.02,190.64,206.39,73.46,4.903372,477.17,1047.32,290.75,198.08,212.62,73.17,4.234146,476.94,1021.52,280.85,200.42,196.32,69.98,3.8260686666666706,476.76,852.61,589.14,615.33
2026-01-14 17:36:59,XPQ-01 Main,2026-01-14 17:36:00,1018.83,73.01,4.48566166666667,477.58,1010.89,276.93,186.42,204.48,73.9,5.103372,478.0,1030.9,286.68,191.56,212.9,74.34,4.46747933333333,477.54,1014.69,279.21,197.09,197.54,70.79,3.89273533333333,477.19,842.82,575.06,614.93
2026-01-14 17:37:59,XPQ-01 Main,2026-01-14 17:37:00,1024.69,74.22,4.36566166666667,477.27,1015.92,277.98,184.2,207.96,74.86,4.63670533333333,477.5,1034.55,287.54,187.57,217.15,75.68,4.50081266666667,477.48,1023.6,281.59,194.84,202.95,72.14,3.959402,476.82,847.11,566.61,628.06
2026-01-14 17:38:59,XPQ-01 Main,2026-01-14 17:38:00,1033.75,74.78,4.14566166666667,477.71,1026.0,281.07,185.37,211.01,75.13,4.603372,478.02,1039.42,289.14,186.83,220.43,76.29,4.26747933333333,477.82,1035.82,285.17,194.96,207.77,72.92,3.559402,477.28,855.37,567.16,639.21
2026-01-14 17:39:59,XPQ-01 Main,2026-01-14 17:39:00,1098.72,73.23,4.698995,476.5,1090.21,297.84,200.35,219.46,73.85,5.203372,476.83,1109.11,307.82,204.09,228.79,74.62,4.634146,476.71,1096.85,301.2,210.85,213.92,71.22,4.259402,475.96,906.86,615.29,662.17
2026-01-14 17:40:59,XPQ-01 Main,2026-01-14 17:40:00,1040.08,73.43,4.208995,477.6,1029.07,281.81,188.41,209.36,74.33,4.67003866666667,477.98,1054.45,293.33,194.16,219.19,74.86,4.20081266666667,477.77,1036.71,285.31,200.36,202.62,71.11,3.759402,477.05,860.45,582.94,631.18
2026-01-14 17:41:59,XPQ-01 Main,2026-01-14 17:41:00,1050.76,74.37,4.55566166666667,477.67,1043.13,285.66,189.09,213.87,74.92,5.17003866666667,477.95,1059.38,294.73,192.07,222.45,75.69,4.60081266666667,477.92,1049.76,289.0,198.59,208.98,72.49,3.89273533333333,477.14,869.4,579.74,645.31
2026-01-14 17:42:59,XPQ-01 Main,2026-01-14 17:42:00,1067.71,73.87,4.72232833333333,477.35,1057.07,289.31,191.34,216.28,74.9,5.23670533333333,477.64,1084.19,301.41,198.2,226.06,75.19,4.76747933333333,477.55,1061.85,292.13,203.87,208.68,71.53,4.159402,476.86,882.85,593.41,651.02
2026-01-14 17:43:59,XPQ-01 Main,2026-01-14 17:43:00,1099.96,71.86,4.32232833333333,476.58,1092.28,298.43,204.87,216.45,72.63,4.73670533333333,476.86,1111.13,308.43,209.89,225.31,73.17,4.40081266666667,476.85,1096.48,301.17,215.39,209.93,69.8,3.8260686666666706,476.04,908.04,630.15,651.69
2026-01-14 17:44:59,XPQ-01 Main,2026-01-14 17:44:00,1075.95,74.6,4.808995,477.73,1067.23,292.2,191.91,219.82,75.33,5.103372,477.91,1087.8,302.7,196.59,229.3,75.92,5.034146,478.1,1072.82,295.46,203.04,213.97,72.54,4.29273533333333,477.17,890.35,591.53,663.09
2026-01-14 17:45:59,XPQ-01 Main,2026-01-14 17:45:00,1058.78,75.25,4.588995,477.72,1049.97,287.43,188.79,216.49,75.37,5.07003866666667,477.85,1062.39,295.63,188.72,226.69,76.85,4.66747933333333,478.17,1063.97,293.05,198.24,215.05,73.53,4.02606866666667,477.15,876.11,575.74,658.23
2026-01-14 17:46:59,XPQ-01 Main,2026-01-14 17:46:00,1074.73,71.24,4.43232833333333,477.32,1066.16,291.7,202.37,209.33,71.9,4.83670533333333,477.74,1084.62,301.68,206.71,218.54,72.65,4.534146,477.67,1073.42,295.2,212.74,203.74,69.17,3.92606866666667,476.56,888.59,621.82,631.62
2026-01-14 17:47:59,XPQ-01 Main,2026-01-14 17:47:00,1073.37,70.05,4.23232833333333,476.91,1068.03,292.07,205.13,207.62,71.14,4.63670533333333,477.09,1086.77,301.76,211.82,214.27,71.12,4.20081266666667,477.07,1065.31,292.87,214.6,198.53,67.91,3.859402,476.58,886.7,631.54,620.41
2026-01-14 17:48:59,XPQ-01 Main,2026-01-14 17:48:00,1051.59,74.49,4.32232833333333,477.46,1043.35,285.59,188.5,213.92,75.03,4.87003866666667,477.78,1060.26,294.87,191.47,223.31,75.91,4.26747933333333,477.7,1051.15,289.25,198.82,209.48,72.53,3.8260686666666706,476.91,869.7,578.8,646.71
2026-01-14 17:49:59,XPQ-01 Main,2026-01-14 17:49:00,1042.17,71.53,4.43232833333333,477.17,1038.34,283.94,197.24,204.01,71.89,4.73670533333333,477.5,1045.88,290.82,199.07,211.77,72.86,4.66747933333333,477.62,1042.28,286.6,205.11,200.09,69.83,3.89273533333333,476.38,861.36,601.42,615.87
2026-01-14 17:50:59,XPQ-01 Main,2026-01-14 17:50:00,1082.52,73.19,4.088995,476.6,1076.63,293.98,199.97,215.44,73.29,4.63670533333333,476.71,1084.46,301.12,200.08,224.68,74.68,4.10081266666667,477.17,1086.46,298.53,208.25,213.57,71.6,3.52606866666667,475.91,893.63,608.29,653.7
2026-01-14 17:51:59,XPQ-01 Main,2026-01-14 17:51:00,1067.83,74.46,4.23232833333333,477.22,1060.6,290.09,190.18,218.36,75.41,4.603372,477.47,1081.8,300.73,196.09,226.92,75.66,4.234146,477.56,1061.08,291.87,201.34,210.83,72.32,3.859402,476.63,882.69,587.61,656.11
2026-01-14 17:52:59,XPQ-01 Main,2026-01-14 17:52:00,1024.11,72.78,4.198995,478.15,1020.85,279.71,192.35,202.94,72.58,4.67003866666667,478.27,1021.14,284.41,189.97,211.15,74.34,4.20081266666667,478.63,1030.36,284.05,198.65,202.72,71.42,3.7260686666666705,477.57,848.16,580.96,616.81
2026-01-14 17:53:59,XPQ-01 Main,2026-01-14 17:53:00,1063.92,74.99,4.35566166666667,477.93,1054.17,288.78,189.89,217.38,75.31,4.63670533333333,478.08,1070.84,298.06,191.36,227.63,76.55,4.40081266666667,478.26,1066.75,293.93,200.16,214.46,73.11,4.02606866666667,477.45,880.77,581.4,659.47
2026-01-14 17:54:59,XPQ-01 Main,2026-01-14 17:54:00,1116.71,72.82,4.43232833333333,476.55,1107.79,302.73,203.26,224.1,74.07,4.93670533333333,476.89,1135.01,314.99,211.83,232.52,73.92,4.56747933333333,476.67,1107.32,304.1,215.41,213.93,70.47,3.79273533333333,476.09,921.82,630.5,670.55
2026-01-14 17:55:59,XPQ-01 Main,2026-01-14 17:55:00,1104.39,72.58,4.05566166666667,476.69,1096.28,299.56,202.63,220.14,73.58,4.503372,477.09,1119.63,310.97,209.35,228.72,73.76,4.16747933333333,477.01,1097.27,301.39,213.7,211.74,70.38,3.49273533333333,475.98,911.91,625.67,660.6
2026-01-14 17:56:59,XPQ-01 Main,2026-01-14 17:56:00,1094.32,72.53,4.23232833333333,476.51,1085.08,296.54,199.85,218.55,73.8,4.83670533333333,476.91,1112.76,308.79,208.39,227.14,73.69,4.20081266666667,476.57,1085.1,297.93,212.1,208.51,70.1,3.659402,476.05,903.26,620.35,654.2
2026-01-14 17:57:59,XPQ-01 Main,2026-01-14 17:57:00,1076.21,72.74,3.978995,476.86,1068.54,292.23,197.75,214.47,73.52,4.403372,477.22,1088.1,302.15,202.56,222.94,74.01,3.834146,476.93,1071.99,294.57,207.95,207.89,70.7,3.6927353333333297,476.42,888.95,608.26,645.3
2026-01-14 17:58:59,XPQ-01 Main,2026-01-14 17:58:00,1062.11,72.28,3.998995,476.92,1055.94,288.75,197.91,209.86,72.75,4.53670533333333,477.0,1068.4,296.62,200.27,217.8,73.61,4.00081266666667,477.12,1061.98,292.03,206.52,205.19,70.48,3.459402,476.64,877.39,604.69,632.85
2026-01-14 17:59:59,XPQ-01 Main,2026-01-14 17:59:00,1139.44,70.07,3.9423283333333297,475.43,1129.06,307.67,216.64,217.83,70.9,4.43670533333333,475.87,1152.98,319.43,222.54,227.91,71.55,3.8674793333333297,475.77,1136.28,311.25,228.57,210.65,67.77,3.52606866666667,474.65,938.36,667.75,656.4
2026-01-14 18:00:59,XPQ-01 Main,2026-01-14 18:00:00,1144.47,69.46,3.7223283333333295,475.73,1135.88,309.65,220.15,217.32,70.25,4.103372,475.83,1158.15,320.92,225.47,226.02,70.8,3.934146,476.2,1139.36,312.51,230.46,209.92,67.34,3.12606866666667,475.16,943.09,676.08,653.26
2026-01-14 18:01:59,XPQ-01 Main,2026-01-14 18:01:00,1127.92,69.08,3.7323283333333297,476.23,1116.22,304.57,218.64,211.69,69.56,4.23670533333333,476.28,1137.12,315.44,221.75,221.16,70.62,3.80081266666667,476.77,1130.43,310.43,228.65,206.79,67.08,3.159402,475.65,930.44,669.04,639.64
2026-01-14 18:02:59,XPQ-01 Main,2026-01-14 18:02:00,1124.36,70.56,3.8556616666666703,475.93,1113.24,303.82,211.86,217.49,71.63,4.303372,476.08,1141.57,316.27,219.23,226.74,71.89,3.934146,476.06,1118.26,306.83,223.94,208.58,68.16,3.32606866666667,475.65,926.92,655.03,652.82
2026-01-14 18:03:59,XPQ-01 Main,2026-01-14 18:03:00,1133.42,70.78,3.7556616666666702,475.85,1119.7,305.3,212.52,218.76,71.73,4.17003866666667,475.97,1150.57,318.93,219.42,229.6,72.3,3.7674793333333296,476.34,1130.0,310.01,225.74,211.22,68.32,3.32606866666667,475.25,934.25,657.68,659.58
2026-01-14 18:04:59,XPQ-01 Main,2026-01-14 18:04:00,1142.04,71.07,3.63232833333333,475.71,1131.23,308.62,213.78,221.41,71.94,4.23670533333333,476.22,1157.09,320.64,219.7,231.02,72.46,3.56747933333333,475.8,1137.79,311.81,225.56,213.88,68.81,3.09273533333333,475.12,941.06,659.04,666.3
2026-01-14 18:05:59,XPQ-01 Main,2026-01-14 18:05:00,1145.78,71.35,3.63232833333333,475.51,1134.38,309.19,213.44,222.71,72.2,4.103372,475.92,1159.79,321.35,219.4,232.56,72.74,3.80081266666667,475.84,1143.17,313.21,225.43,215.51,69.1,2.99273533333333,474.77,943.75,658.27,670.77
2026-01-14 18:06:59,XPQ-01 Main,2026-01-14 18:06:00,1132.21,71.39,3.9556616666666704,475.83,1124.43,306.62,211.12,220.98,72.31,4.27003866666667,476.2,1146.36,317.87,217.34,230.11,72.7,4.134146,476.23,1125.85,308.69,222.53,213.05,69.15,3.459402,475.05,933.19,650.99,664.14
2026-01-14 18:07:59,XPQ-01 Main,2026-01-14 18:07:00,1156.8,71.68,3.83232833333333,475.98,1147.74,313.0,215.3,226.56,72.49,4.103372,476.11,1170.53,324.58,220.72,235.55,72.97,3.96747933333333,476.51,1152.14,316.17,226.24,219.21,69.59,3.42606866666667,475.32,953.75,662.26,681.33
2026-01-14 18:08:59,XPQ-01 Main,2026-01-14 18:08:00,1175.81,71.43,3.8656616666666705,475.59,1165.18,317.7,219.53,229.17,72.21,4.303372,476.03,1189.03,329.47,225.29,239.87,72.89,4.16747933333333,475.84,1173.21,321.47,231.92,222.3,69.2,3.12606866666667,474.9,968.63,676.74,691.34
2026-01-14 18:09:59,XPQ-01 Main,2026-01-14 18:09:00,1194.32,72.99,3.998995,475.94,1183.89,323.05,216.18,239.41,74.22,4.303372,476.07,1214.56,336.54,225.23,248.95,74.15,4.10081266666667,476.15,1184.51,325.05,229.59,228.9,70.6,3.59273533333333,475.62,984.64,671.01,717.26
2026-01-14 18:10:59,XPQ-01 Main,2026-01-14 18:10:00,1187.63,71.93,3.8756616666666703,475.68,1179.29,321.39,220.75,233.27,72.63,4.43670533333333,475.73,1199.73,332.43,225.62,242.58,73.22,3.8674793333333297,476.22,1183.87,324.72,231.6,226.51,69.92,3.32606866666667,475.08,978.55,677.97,702.37
2026-01-14 18:11:59,XPQ-01 Main,2026-01-14 18:11:00,1240.97,73.61,3.9523283333333294,475.58,1234.85,336.73,223.62,250.87,74.65,4.37003866666667,475.86,1257.24,348.18,231.18,259.08,74.61,4.06747933333333,475.74,1230.82,337.38,235.03,240.92,71.58,3.42606866666667,475.14,1022.29,689.83,750.87
2026-01-14 18:12:59,XPQ-01 Main,2026-01-14 18:12:00,1261.33,67.13,3.65566166666667,473.79,1254.65,340.59,250.14,230.86,67.82,4.103372,474.05,1271.59,351.08,255.5,240.29,68.51,3.9008126666666705,474.33,1257.75,343.47,260.79,223.43,65.06,2.959402,472.99,1035.14,766.43,694.58
2026-01-14 18:13:59,XPQ-01 Main,2026-01-14 18:13:00,1348.76,71.54,3.9423283333333297,473.69,1346.73,365.68,250.35,266.36,72.87,4.27003866666667,473.82,1367.7,377.23,260.52,272.55,72.29,4.00081266666667,473.94,1331.85,363.75,261.43,252.48,69.47,3.559402,473.29,1106.66,772.31,791.4
2026-01-14 18:14:59,XPQ-01 Main,2026-01-14 18:14:00,1342.5,70.58,3.93232833333333,473.94,1340.49,364.11,256.63,257.96,70.89,4.37003866666667,474.3,1345.18,371.48,258.46,266.62,71.8,3.96747933333333,474.34,1341.82,366.48,264.98,252.84,69.03,3.459402,473.18,1102.07,780.07,777.42
2026-01-14 18:15:59,XPQ-01 Main,2026-01-14 18:15:00,1346.28,70.28,3.93232833333333,472.0,1338.01,361.86,252.9,258.65,71.5,4.303372,472.21,1366.36,375.76,262.99,267.98,71.37,4.06747933333333,472.49,1334.47,363.09,266.14,246.62,67.97,3.42606866666667,471.3,1100.71,782.02,773.25
2026-01-14 18:16:59,XPQ-01 Main,2026-01-14 18:16:00,1359.33,71.81,4.02232833333333,471.99,1351.22,365.44,251.05,265.44,72.65,4.57003866666667,472.1,1373.85,377.7,257.82,275.24,72.98,4.16747933333333,472.46,1352.92,368.21,263.29,256.56,69.79,3.32606866666667,471.42,1111.35,772.16,797.25
2026-01-14 18:17:59,XPQ-01 Main,2026-01-14 18:17:00,1338.77,71.11,3.8756616666666703,472.47,1334.7,361.36,251.02,259.76,71.91,4.23670533333333,472.67,1350.99,371.85,256.88,267.6,72.14,4.034146,472.92,1330.62,362.42,261.01,250.78,69.28,3.359402,471.83,1095.63,768.9,778.13
2026-01-14 18:18:59,XPQ-01 Main,2026-01-14 18:18:00,1349.85,73.09,4.04566166666667,472.33,1342.19,363.24,245.93,267.14,73.57,4.33670533333333,472.61,1358.58,373.92,249.39,277.97,74.43,4.26747933333333,472.83,1348.77,367.21,257.49,261.53,71.26,3.52606866666667,471.56,1104.37,752.8,806.64
2026-01-14 18:19:59,XPQ-01 Main,2026-01-14 18:19:00,1402.05,73.28,4.02232833333333,470.86,1392.51,375.78,250.16,280.36,74.62,4.33670533333333,470.93,1426.56,391.14,261.7,290.33,74.28,4.134146,471.21,1387.07,376.62,265.25,267.01,70.94,3.59273533333333,470.43,1143.54,777.11,837.7
2026-01-14 18:20:59,XPQ-01 Main,2026-01-14 18:20:00,1437.7,73.4,3.93232833333333,471.48,1427.25,385.55,256.36,287.88,74.68,4.47003866666667,471.65,1461.98,401.6,267.87,298.52,74.43,3.96747933333333,471.98,1423.88,387.03,271.92,274.79,71.08,3.359402,470.82,1174.18,796.15,861.2
2026-01-14 18:21:59,XPQ-01 Main,2026-01-14 18:21:00,1427.34,72.66,4.078995,471.03,1413.43,381.63,258.22,280.63,73.59,4.73670533333333,471.31,1446.44,396.86,266.7,293.69,74.03,4.134146,471.33,1422.15,386.08,274.12,271.43,70.36,3.359402,470.44,1164.58,799.04,845.74
2026-01-14 18:22:59,XPQ-01 Main,2026-01-14 18:22:00,1456.34,73.76,3.9423283333333297,471.55,1443.74,390.15,257.83,292.62,75.03,4.37003866666667,471.85,1482.06,407.18,269.55,304.81,74.91,3.90081266666667,471.96,1443.21,392.25,274.76,279.81,71.35,3.559402,470.85,1189.58,802.14,877.24
2026-01-14 18:23:59,XPQ-01 Main,2026-01-14 18:23:00,1435.65,74.13,3.7523283333333297,471.99,1425.75,385.63,255.93,288.37,74.79,4.23670533333333,472.21,1449.25,398.48,261.38,300.03,75.4,3.8674793333333297,472.42,1431.94,389.6,269.2,280.98,72.21,3.159402,471.33,1173.72,786.52,869.39
2026-01-14 18:24:59,XPQ-01 Main,2026-01-14 18:24:00,1422.18,74.95,4.05566166666667,472.13,1414.1,382.58,247.45,291.69,76.26,4.67003866666667,472.27,1446.56,397.8,258.9,301.3,75.85,4.10081266666667,472.54,1405.87,382.71,262.34,278.18,72.75,3.39273533333333,471.57,1163.08,768.69,871.17
2026-01-14 18:25:59,XPQ-01 Main,2026-01-14 18:25:00,1406.17,74.0,3.96566166666667,472.28,1393.95,377.27,249.22,282.9,75.04,4.47003866666667,472.6,1428.17,392.99,258.5,294.9,75.2,4.16747933333333,472.69,1396.39,380.1,264.56,272.54,71.75,3.259402,471.57,1150.37,772.28,850.34
2026-01-14 18:26:59,XPQ-01 Main,2026-01-14 18:26:00,1441.48,73.0,3.7323283333333297,471.22,1429.28,385.95,259.26,285.42,74.02,4.23670533333333,471.51,1461.94,401.38,268.56,297.54,74.23,3.834146,471.64,1433.23,389.25,274.73,275.02,70.75,3.12606866666667,470.5,1176.59,802.56,857.98
2026-01-14 18:27:59,XPQ-01 Main,2026-01-14 18:27:00,1402.18,73.7,4.14232833333333,471.53,1393.24,376.48,249.37,281.67,74.87,4.73670533333333,471.77,1423.78,391.1,259.36,291.79,74.74,4.234146,471.92,1389.51,377.69,263.75,269.63,71.49,3.459402,470.9,1145.27,772.48,843.1
2026-01-14 18:28:59,XPQ-01 Main,2026-01-14 18:28:00,1409.0,74.96,3.898995,472.25,1400.81,379.03,247.87,286.42,75.62,4.33670533333333,472.56,1421.17,391.1,252.99,297.73,76.2,4.00081266666667,472.74,1405.04,382.44,260.99,279.2,73.05,3.359402,471.44,1152.57,761.85,863.35
2026-01-14 18:29:59,XPQ-01 Main,2026-01-14 18:29:00,1455.92,73.03,4.16566166666667,471.09,1444.96,389.99,263.23,287.8,73.8,4.67003866666667,471.23,1471.77,403.95,270.01,300.13,74.34,4.334146,471.65,1451.02,394.09,277.55,279.56,70.97,3.49273533333333,470.39,1188.04,810.8,867.49
2026-01-14 18:30:59,XPQ-01 Main,2026-01-14 18:30:00,1391.46,73.7,3.998995,471.72,1384.85,374.31,249.45,278.85,74.53,4.503372,471.97,1406.22,386.5,255.96,288.46,74.8,4.20081266666667,472.19,1383.31,376.14,261.52,269.62,71.78,3.29273533333333,471.0,1136.95,766.93,836.93
2026-01-14 18:31:59,XPQ-01 Main,2026-01-14 18:31:00,1386.53,73.87,3.96566166666667,471.83,1378.93,372.94,246.42,279.77,75.04,4.43670533333333,472.17,1406.94,386.71,256.03,289.08,74.86,4.134146,472.11,1373.72,373.56,260.08,267.62,71.71,3.32606866666667,471.21,1133.21,762.52,836.48
2026-01-14 18:32:59,XPQ-01 Main,2026-01-14 18:32:00,1378.67,75.29,4.108995,472.04,1372.02,371.12,238.51,284.14,76.59,4.47003866666667,472.18,1401.51,385.34,249.39,293.24,76.18,4.20081266666667,472.46,1362.47,370.83,252.99,270.91,73.09,3.659402,471.49,1127.29,740.89,848.29
2026-01-14 18:33:59,XPQ-01 Main,2026-01-14 18:33:00,1385.07,73.96,3.7756616666666702,471.57,1378.64,372.63,248.07,277.56,74.56,4.37003866666667,471.96,1394.76,383.22,252.5,287.94,75.19,3.7674793333333296,471.9,1381.79,375.49,259.88,270.64,72.13,3.19273533333333,470.84,1131.34,760.45,836.14
2026-01-14 18:34:59,XPQ-01 Main,2026-01-14 18:34:00,1373.81,73.36,3.8556616666666703,471.85,1367.85,369.8,248.94,273.2,73.92,4.37003866666667,472.14,1383.33,380.38,253.06,283.51,74.6,4.00081266666667,472.36,1370.23,372.63,260.15,266.55,71.56,3.19273533333333,471.04,1122.81,762.15,823.26
2026-01-14 18:35:59,XPQ-01 Main,2026-01-14 18:35:00,1376.37,74.11,4.15566166666667,471.55,1369.75,370.12,245.01,277.19,74.93,4.603372,471.86,1391.0,382.21,251.45,286.75,75.19,4.26747933333333,472.0,1368.34,371.88,256.96,268.16,72.2,3.59273533333333,470.79,1124.21,753.42,832.11
2026-01-14 18:36:59,XPQ-01 Main,2026-01-14 18:36:00,1395.71,72.35,3.64232833333333,471.02,1385.67,374.12,253.6,274.75,73.48,3.93670533333333,471.48,1416.43,388.76,263.41,285.63,73.51,3.8674793333333297,471.31,1385.02,375.86,268.18,263.19,70.04,3.12606866666667,470.25,1138.74,785.19,823.57
2026-01-14 18:37:59,XPQ-01 Main,2026-01-14 18:37:00,1394.88,73.84,3.6556616666666706,472.14,1387.7,375.49,248.41,281.43,74.97,3.97003866666667,472.3,1415.61,389.28,257.59,290.46,74.82,3.80081266666667,472.52,1381.31,376.01,261.55,269.34,71.74,3.19273533333333,471.61,1140.78,767.55,841.23
2026-01-14 18:38:59,XPQ-01 Main,2026-01-14 18:38:00,1399.77,72.8,3.83232833333333,471.8,1396.06,377.54,256.03,277.38,73.48,4.33670533333333,472.07,1410.57,387.66,261.16,286.19,73.87,3.90081266666667,472.14,1392.69,378.71,266.32,268.88,71.05,3.259402,471.18,1143.91,783.51,832.46
2026-01-14 18:39:59,XPQ-01 Main,2026-01-14 18:39:00,1355.96,73.34,3.888995,472.49,1352.2,366.24,243.61,273.29,74.65,4.23670533333333,472.67,1376.67,378.77,253.89,280.14,74.1,3.96747933333333,472.74,1339.0,364.74,255.44,259.57,71.28,3.459402,472.05,1109.75,752.93,813.0
2026-01-14 18:40:59,XPQ-01 Main,2026-01-14 18:40:00,1203.24,73.89,7.16566166666667,473.78,1202.36,326.49,216.15,244.39,74.91,7.903372,474.07,1215.72,335.55,222.72,250.58,74.74,6.934146,474.12,1191.63,325.4,225.62,234.28,72.03,6.659402,473.14,987.44,664.49,729.25
2026-01-14 18:41:59,XPQ-01 Main,2026-01-14 18:41:00,1311.09,70.3,3.898995,472.65,1305.55,353.73,247.68,252.57,71.4,4.47003866666667,472.9,1327.76,365.52,256.03,260.43,71.31,3.934146,472.94,1299.95,354.16,258.75,241.29,68.2,3.29273533333333,472.11,1073.4,762.46,754.29
2026-01-14 18:42:59,XPQ-01 Main,2026-01-14 18:42:00,1290.73,71.8,4.018995,473.53,1286.68,349.2,239.99,253.56,72.63,4.37003866666667,473.75,1302.71,359.31,245.73,261.31,72.85,4.16747933333333,473.88,1282.81,350.18,250.03,244.52,69.92,3.52606866666667,472.97,1058.69,735.76,759.39
2026-01-14 18:43:59,XPQ-01 Main,2026-01-14 18:43:00,1382.92,71.41,3.798995,472.04,1378.71,372.9,258.72,268.54,72.02,4.203372,472.32,1392.07,382.93,263.21,277.88,72.6,3.834146,472.57,1377.98,374.91,269.13,261.02,69.62,3.359402,471.25,1130.73,791.05,807.45
2026-01-14 18:44:59,XPQ-01 Main,2026-01-14 18:44:00,1366.23,71.25,4.14232833333333,472.42,1361.17,368.51,256.47,264.71,71.83,4.43670533333333,472.55,1375.1,378.38,260.56,274.07,72.47,4.234146,472.86,1362.42,371.08,266.8,257.56,69.45,3.759402,471.85,1117.97,783.84,796.34
2026-01-14 18:45:59,XPQ-01 Main,2026-01-14 18:45:00,1326.69,71.02,3.908995,472.71,1323.13,358.58,249.27,257.56,71.86,4.103372,473.04,1338.65,368.57,255.2,265.16,72.05,4.034146,472.93,1318.28,359.13,259.07,248.06,69.16,3.59273533333333,472.16,1086.29,763.54,770.79
2026-01-14 18:46:59,XPQ-01 Main,2026-01-14 18:46:00,1309.54,71.52,3.908995,472.36,1306.74,353.78,243.34,256.63,72.56,4.27003866666667,472.51,1324.58,364.38,250.84,263.49,72.43,4.20081266666667,472.68,1297.32,353.3,253.66,245.56,69.55,3.259402,471.89,1071.47,747.84,765.68
2026-01-14 18:47:59,XPQ-01 Main,2026-01-14 18:47:00,1320.08,70.97,3.92232833333333,472.9,1312.93,355.83,248.01,255.01,71.69,4.13670533333333,473.08,1332.42,367.02,253.33,264.22,72.18,4.16747933333333,473.29,1314.89,358.46,258.94,247.16,69.05,3.459402,472.31,1081.31,760.28,766.39
2026-01-14 18:48:59,XPQ-01 Main,2026-01-14 18:48:00,1309.69,72.64,3.96566166666667,472.69,1301.92,352.76,238.53,259.84,73.67,4.403372,472.94,1326.8,365.28,246.31,269.02,73.76,4.00081266666667,472.97,1300.33,354.31,251.17,249.63,70.49,3.49273533333333,472.18,1072.35,736.0,778.49
2026-01-14 18:49:59,XPQ-01 Main,2026-01-14 18:49:00,1343.98,71.05,4.04232833333333,472.42,1334.69,361.38,251.04,260.0,71.95,4.47003866666667,472.57,1359.51,374.08,258.08,270.17,72.31,4.00081266666667,472.81,1337.76,364.35,263.8,250.82,68.9,3.659402,471.89,1099.81,772.93,780.99
2026-01-14 18:50:59,XPQ-01 Main,2026-01-14 18:50:00,1352.74,72.77,3.7323283333333297,472.89,1341.49,363.52,248.24,265.57,73.06,4.27003866666667,472.99,1359.9,374.56,250.42,278.41,74.35,3.7674793333333296,473.36,1356.83,369.96,260.73,262.1,70.9,3.159402,472.32,1108.04,759.38,806.08
2026-01-14 18:51:59,XPQ-01 Main,2026-01-14 18:51:00,1340.11,73.52,3.8656616666666705,472.98,1330.82,360.78,240.96,268.33,74.4,4.43670533333333,473.16,1356.26,373.59,247.85,278.44,74.7,3.80081266666667,473.3,1333.25,363.54,253.88,259.3,71.45,3.359402,472.47,1097.91,742.69,806.07
2026-01-14 18:52:59,XPQ-01 Main,2026-01-14 18:52:00,1337.64,71.38,3.97566166666667,472.78,1326.87,359.59,248.82,259.58,72.19,4.403372,473.05,1352.87,372.55,255.42,270.62,72.72,4.20081266666667,473.08,1333.19,363.3,261.91,251.28,69.23,3.32606866666667,472.21,1095.44,766.16,781.48
2026-01-14 18:53:59,XPQ-01 Main,2026-01-14 18:53:00,1325.07,72.84,3.788995,473.35,1316.27,357.11,239.59,264.79,74.15,4.13670533333333,473.49,1347.6,371.47,250.11,274.18,73.88,3.80081266666667,473.66,1311.33,357.89,253.72,252.17,70.49,3.42606866666667,472.91,1086.47,743.42,791.14
2026-01-14 18:54:59,XPQ-01 Main,2026-01-14 18:54:00,1367.21,73.57,3.878995,472.94,1353.26,366.81,245.68,272.23,74.24,4.203372,473.15,1381.64,380.6,251.35,285.51,75.06,3.934146,473.31,1366.74,372.63,260.6,265.82,71.41,3.49273533333333,472.36,1120.04,757.64,823.55
2026-01-14 18:55:59,XPQ-01 Main,2026-01-14 18:55:00,1392.76,71.81,4.05566166666667,472.77,1376.92,373.11,256.74,270.52,72.53,4.63670533333333,473.14,1408.97,388.11,263.6,284.93,73.42,4.00081266666667,473.12,1392.38,379.33,272.85,263.6,69.49,3.52606866666667,472.04,1140.55,793.19,819.06
2026-01-14 18:56:59,XPQ-01 Main,2026-01-14 18:56:00,1392.25,72.8,3.74566166666667,472.81,1376.91,373.07,251.83,275.21,73.77,4.103372,472.95,1412.92,389.1,260.55,288.45,74.21,3.834146,473.22,1386.91,378.07,268.26,266.02,70.41,3.29273533333333,472.25,1140.24,780.64,829.68
2026-01-14 18:57:59,XPQ-01 Main,2026-01-14 18:57:00,1354.98,74.09,3.8123283333333298,473.26,1344.25,364.56,239.24,275.08,75.46,4.403372,473.29,1379.76,380.25,250.7,285.54,75.15,3.80081266666667,473.67,1340.93,365.99,255.16,262.19,71.67,3.22606866666667,472.82,1110.79,745.09,822.82
2026-01-14 18:58:59,XPQ-01 Main,2026-01-14 18:58:00,1323.03,69.81,3.6656616666666704,473.18,1308.0,354.66,251.93,249.69,70.4,4.003372,473.33,1336.46,368.38,257.3,263.38,71.53,3.66747933333333,473.65,1324.64,361.36,266.57,243.89,67.5,3.32606866666667,472.57,1084.41,775.8,756.95
2026-01-14 18:59:59,XPQ-01 Main,2026-01-14 18:59:00,1301.45,70.38,4.13232833333333,473.16,1293.53,350.86,245.23,250.75,71.49,4.67003866666667,473.47,1319.22,363.57,253.78,260.03,71.56,4.26747933333333,473.4,1291.59,352.22,257.99,239.81,68.08,3.459402,472.6,1066.66,757.0,750.58
2026-01-14 19:00:59,XPQ-01 Main,2026-01-14 19:00:00,1195.74,70.42,4.03232833333333,474.7,1183.25,321.98,226.45,228.25,70.99,4.503372,475.14,1206.86,333.81,230.99,240.21,72.08,3.934146,474.98,1197.1,327.41,239.24,223.02,68.19,3.659402,473.97,983.2,696.69,691.49
2026-01-14 19:01:59,XPQ-01 Main,2026-01-14 19:01:00,1201.11,70.16,3.9556616666666704,474.93,1188.27,323.48,227.71,229.5,70.99,4.403372,474.91,1216.56,336.36,233.84,240.26,71.66,4.06747933333333,475.25,1198.51,328.28,240.53,222.09,67.84,3.39273533333333,474.63,988.12,702.08,691.85
2026-01-14 19:02:59,XPQ-01 Main,2026-01-14 19:02:00,1235.83,70.07,4.308995,474.12,1224.53,332.88,235.49,234.69,70.59,4.803372,474.52,1245.86,344.07,239.59,246.07,71.65,4.46747933333333,474.31,1237.09,337.95,247.54,229.36,67.97,3.659402,473.52,1014.91,722.62,710.12
2026-01-14 19:03:59,XPQ-01 Main,2026-01-14 19:03:00,1234.98,70.66,3.798995,473.93,1223.72,332.31,233.16,236.27,71.18,4.13670533333333,474.19,1245.02,343.83,237.11,247.75,72.24,3.80081266666667,474.44,1236.21,337.7,245.37,231.03,68.55,3.459402,473.18,1013.83,715.64,715.06
2026-01-14 19:04:59,XPQ-01 Main,2026-01-14 19:04:00,1176.5,70.78,4.25566166666667,474.79,1165.93,317.34,220.08,227.95,71.94,4.67003866666667,475.15,1195.08,330.54,228.45,237.64,72.09,4.40081266666667,475.03,1168.48,319.7,233.25,218.13,68.3,3.6927353333333297,474.18,967.58,681.77,683.71
2026-01-14 19:05:59,XPQ-01 Main,2026-01-14 19:05:00,1244.4,73.76,4.088995,474.7,1235.0,335.95,224.69,249.29,74.28,4.43670533333333,475.02,1254.19,346.9,228.28,260.18,75.17,4.134146,475.14,1244.02,340.36,236.56,244.17,71.82,3.6927353333333297,473.94,1023.21,689.53,753.64
2026-01-14 19:06:59,XPQ-01 Main,2026-01-14 19:06:00,1205.89,71.35,4.16566166666667,474.68,1199.46,326.35,227.8,233.4,71.56,4.53670533333333,475.08,1209.2,334.44,228.9,243.59,72.87,4.36747933333333,475.02,1209.01,330.68,237.38,230.17,69.61,3.59273533333333,473.94,991.47,694.08,707.17
2026-01-14 19:07:59,XPQ-01 Main,2026-01-14 19:07:00,1150.54,72.25,4.418995,475.24,1140.65,310.83,211.81,227.15,73.14,4.903372,475.59,1164.43,322.27,217.98,237.2,73.63,4.40081266666667,475.34,1146.53,314.02,224.21,219.59,69.97,3.959402,474.8,947.12,653.99,683.94
2026-01-14 19:08:59,XPQ-01 Main,2026-01-14 19:08:00,1219.26,69.91,4.56566166666667,474.64,1217.86,331.34,235.61,232.67,70.27,4.77003866666667,474.86,1221.66,337.74,237.46,240.13,71.11,4.66747933333333,475.0,1218.25,333.3,243.1,227.71,68.36,4.259402,474.07,1002.38,716.16,700.52
2026-01-14 19:09:59,XPQ-01 Main,2026-01-14 19:09:00,1156.36,71.47,4.098995,475.16,1150.62,313.44,217.86,224.99,71.84,4.37003866666667,475.46,1160.97,321.29,219.8,234.08,72.9,4.06747933333333,475.37,1157.49,316.98,227.29,220.73,69.67,3.859402,474.64,951.71,664.95,679.8
2026-01-14 19:10:59,XPQ-01 Main,2026-01-14 19:10:00,1173.59,69.83,4.37566166666667,475.03,1173.65,319.54,228.35,223.38,69.93,4.77003866666667,475.19,1171.71,324.18,228.04,230.4,71.07,4.46747933333333,475.41,1175.4,321.87,234.42,220.26,68.48,3.89273533333333,474.47,965.6,690.81,674.04
2026-01-14 19:11:59,XPQ-01 Main,2026-01-14 19:11:00,1167.03,70.79,4.308995,475.37,1161.0,316.48,220.04,226.91,71.79,4.63670533333333,475.66,1180.88,326.88,226.79,234.71,71.91,4.434146,475.48,1159.21,317.59,230.61,217.84,68.67,3.859402,474.96,960.95,677.44,679.46
2026-01-14 19:12:59,XPQ-01 Main,2026-01-14 19:12:00,1169.44,73.45,4.298995,475.39,1162.85,316.78,214.09,233.36,73.69,4.67003866666667,475.46,1173.14,324.79,214.95,243.15,74.92,4.46747933333333,475.83,1172.34,321.38,223.73,230.34,71.73,3.759402,474.87,962.95,652.78,706.85
2026-01-14 19:13:59,XPQ-01 Main,2026-01-14 19:13:00,1170.75,71.68,3.878995,474.8,1168.93,318.19,219.01,230.62,72.51,4.17003866666667,474.91,1179.81,326.13,223.92,236.87,72.67,3.80081266666667,475.02,1163.51,318.52,227.61,222.29,69.87,3.659402,474.47,962.84,670.54,689.78
2026-01-14 19:14:59,XPQ-01 Main,2026-01-14 19:14:00,1164.35,71.1,4.04232833333333,475.4,1159.13,315.98,218.29,228.01,72.23,4.43670533333333,475.67,1178.66,326.27,225.87,235.35,72.15,4.10081266666667,475.52,1155.27,316.56,229.14,217.97,68.92,3.59273533333333,475.0,958.8,673.31,681.33
2026-01-14 19:15:59,XPQ-01 Main,2026-01-14 19:15:00,1192.7,70.89,4.378995,474.73,1187.04,323.0,226.83,229.6,71.14,4.803372,475.11,1196.35,330.93,228.33,239.3,72.35,4.434146,475.1,1194.72,326.81,235.98,226.01,69.17,3.89273533333333,473.98,980.74,691.13,694.91
2026-01-14 19:16:59,XPQ-01 Main,2026-01-14 19:16:00,1150.31,69.76,4.46566166666667,474.89,1137.78,309.75,218.19,219.53,70.93,4.87003866666667,475.09,1169.23,323.36,226.81,229.66,71.15,4.534146,475.15,1143.92,313.15,231.51,210.02,67.19,3.9927353333333295,474.44,946.26,676.5,659.21
2026-01-14 19:17:59,XPQ-01 Main,2026-01-14 19:17:00,1183.49,69.87,4.15566166666667,475.19,1174.96,319.96,227.19,224.77,70.33,4.43670533333333,475.53,1191.92,330.06,230.63,235.28,71.41,4.20081266666667,475.63,1183.59,324.11,237.96,219.88,67.87,3.8260686666666706,474.4,974.12,695.78,679.93
2026-01-14 19:18:59,XPQ-01 Main,2026-01-14 19:18:00,1224.62,70.17,4.06566166666667,474.86,1217.17,331.26,233.27,235.05,70.98,4.43670533333333,475.1,1237.39,342.3,239.16,244.31,71.46,4.134146,475.26,1219.3,333.73,244.46,227.07,68.06,3.62606866666667,474.23,1007.29,716.88,706.43
2026-01-14 19:19:59,XPQ-01 Main,2026-01-14 19:19:00,1235.06,70.72,4.25566166666667,474.68,1227.26,333.89,232.63,239.52,71.73,4.67003866666667,474.77,1250.53,345.69,240.11,248.4,71.9,4.36747933333333,475.05,1227.38,335.91,244.48,229.98,68.52,3.72606866666667,474.21,1015.49,717.22,717.89
2026-01-14 19:20:59,XPQ-01 Main,2026-01-14 19:20:00,1220.27,71.94,4.32232833333333,475.34,1213.08,330.44,225.71,241.04,72.99,4.703372,475.47,1236.99,342.49,233.43,249.84,73.07,4.46747933333333,475.78,1210.75,331.8,237.63,231.29,69.75,3.79273533333333,474.76,1004.73,696.77,722.17
2026-01-14 19:21:59,XPQ-01 Main,2026-01-14 19:21:00,1222.95,71.53,4.25232833333333,474.87,1212.81,330.24,226.1,240.29,72.83,4.53670533333333,475.17,1244.07,344.02,235.97,249.6,72.67,4.334146,475.02,1211.96,331.69,239.47,228.92,69.1,3.89273533333333,474.41,1005.96,701.53,718.81
2026-01-14 19:22:59,XPQ-01 Main,2026-01-14 19:22:00,1237.69,70.97,4.388995,474.15,1228.71,333.78,232.25,239.59,71.8,5.07003866666667,474.35,1251.4,345.75,238.65,249.78,72.3,4.30081266666667,474.71,1232.96,336.98,244.43,231.82,68.81,3.79273533333333,473.38,1016.51,715.33,721.19
2026-01-14 19:23:59,XPQ-01 Main,2026-01-14 19:23:00,1189.3,70.5,4.53232833333333,475.82,1177.33,321.09,225.7,227.91,71.06,5.07003866666667,476.19,1200.64,332.86,230.06,239.53,72.12,4.40081266666667,476.17,1189.95,326.28,238.07,222.69,68.31,4.12606866666667,475.12,980.23,693.83,690.14
2026-01-14 19:24:59,XPQ-01 Main,2026-01-14 19:24:00,1223.3,70.73,4.33232833333333,474.75,1212.21,329.81,230.92,235.11,71.34,4.83670533333333,475.11,1234.57,341.56,235.8,246.66,72.28,4.334146,475.18,1223.12,334.61,243.46,229.25,68.55,3.8260686666666706,473.96,1005.97,710.18,711.02
2026-01-14 19:25:59,XPQ-01 Main,2026-01-14 19:25:00,1194.79,71.17,4.16566166666667,474.89,1179.9,321.1,222.12,231.23,72.12,4.67003866666667,475.3,1213.19,335.78,229.8,243.66,72.75,4.134146,475.33,1191.27,325.96,236.77,223.56,68.65,3.6927353333333297,474.04,982.84,688.7,698.44
2026-01-14 19:26:59,XPQ-01 Main,2026-01-14 19:26:00,1165.08,73.09,4.53232833333333,475.4,1157.04,315.42,212.76,232.08,73.71,4.83670533333333,475.81,1174.31,325.14,216.78,241.89,74.47,4.70081266666667,475.51,1163.9,318.83,223.85,226.18,71.08,4.059402,474.87,959.39,653.39,700.15
2026-01-14 19:27:59,XPQ-01 Main,2026-01-14 19:27:00,1214.44,71.14,4.308995,474.35,1204.8,327.67,225.8,236.96,72.39,4.87003866666667,474.54,1234.75,341.04,235.19,246.17,72.3,4.234146,474.55,1203.77,329.16,238.74,225.92,68.73,3.8260686666666706,473.96,997.87,699.74,709.05
2026-01-14 19:28:59,XPQ-01 Main,2026-01-14 19:28:00,1204.18,70.82,4.28566166666667,475.76,1192.34,325.18,225.12,234.12,72.09,4.803372,476.0,1225.21,339.52,234.85,244.35,72.1,4.40081266666667,476.06,1194.98,327.7,239.02,223.39,68.28,3.659402,475.23,992.39,698.99,701.86
2026-01-14 19:29:59,XPQ-01 Main,2026-01-14 19:29:00,1194.86,70.16,4.388995,476.03,1187.13,323.79,227.97,229.4,70.93,4.77003866666667,476.31,1207.68,335.02,233.55,238.8,71.49,4.50081266666667,476.55,1189.79,326.42,238.88,221.92,68.06,3.89273533333333,475.22,985.23,700.41,690.12
2026-01-14 19:30:59,XPQ-01 Main,2026-01-14 19:30:00,1167.95,70.52,4.318995,476.52,1156.12,315.78,219.36,226.69,71.86,4.67003866666667,476.84,1189.34,330.17,229.39,236.86,71.83,4.50081266666667,476.82,1158.4,318.12,233.46,215.65,67.85,3.79273533333333,475.89,964.07,682.22,679.19
2026-01-14 19:31:59,XPQ-01 Main,2026-01-14 19:31:00,1165.42,71.06,4.508995,476.67,1161.05,317.15,222.85,225.58,71.14,5.003372,476.82,1166.14,323.8,222.8,234.51,72.5,4.60081266666667,477.15,1169.07,321.27,230.55,223.05,69.53,3.92606866666667,476.06,962.22,676.21,683.15
2026-01-14 19:32:59,XPQ-01 Main,2026-01-14 19:32:00,1086.78,72.29,4.33232833333333,477.62,1070.74,293.16,198.18,215.9,73.67,4.87003866666667,477.91,1110.17,308.87,208.3,227.44,73.75,4.40081266666667,477.89,1079.43,297.13,213.55,206.09,69.44,3.7260686666666705,477.05,899.16,620.02,649.43
2026-01-14 19:33:59,XPQ-01 Main,2026-01-14 19:33:00,1075.28,73.67,4.25232833333333,473.89,1068.62,290.23,195.33,214.05,73.87,4.703372,474.25,1078.58,297.85,196.05,223.49,75.17,4.30081266666667,474.32,1078.63,294.55,204.17,211.64,71.97,3.759402,473.12,882.63,595.54,649.18
2026-01-14 19:34:59,XPQ-01 Main,2026-01-14 19:34:00,1086.04,73.41,4.36566166666667,473.24,1078.23,292.39,198.32,214.64,73.45,4.93670533333333,473.4,1088.43,300.08,198.05,224.75,75.03,4.334146,473.73,1091.46,297.75,207.14,213.41,71.76,3.8260686666666706,472.58,890.22,603.5,652.8
2026-01-14 19:35:59,XPQ-01 Main,2026-01-14 19:35:00,1040.12,74.86,4.17566166666667,474.54,1038.0,282.22,186.77,211.02,74.88,4.903372,474.71,1039.1,287.3,185.55,218.4,76.21,4.034146,475.07,1043.25,285.39,193.14,209.36,73.5,3.59273533333333,473.84,854.91,565.46,638.78
2026-01-14 19:36:59,XPQ-01 Main,2026-01-14 19:36:00,1043.73,74.71,4.32232833333333,474.46,1034.01,281.23,183.8,212.51,75.63,4.703372,474.63,1057.85,292.28,189.54,221.75,76.02,4.36747933333333,474.71,1039.33,284.27,195.4,205.62,72.49,3.89273533333333,474.04,857.79,568.75,639.88
2026-01-14 19:37:59,XPQ-01 Main,2026-01-14 19:37:00,1078.26,75.82,4.22232833333333,473.8,1069.36,290.37,187.81,221.09,76.21,4.67003866666667,473.9,1085.31,299.48,189.65,230.66,77.24,4.234146,474.19,1080.13,295.07,197.75,217.61,74.01,3.759402,473.31,884.92,575.21,669.36
2026-01-14 19:38:59,XPQ-01 Main,2026-01-14 19:38:00,1104.82,72.25,4.14232833333333,473.29,1101.26,298.7,205.56,216.34,72.49,4.43670533333333,473.67,1107.26,305.41,206.51,224.49,73.6,4.234146,473.74,1105.93,301.6,213.32,213.0,70.66,3.759402,472.47,905.71,625.39,653.83
2026-01-14 19:39:59,XPQ-01 Main,2026-01-14 19:39:00,1076.64,78.06,4.388995,474.65,1070.15,291.05,180.5,227.73,78.37,4.87003866666667,474.97,1081.37,299.11,181.35,236.93,79.41,4.434146,475.12,1078.41,295.01,189.95,224.98,76.41,3.859402,473.87,885.17,551.8,689.64
2026-01-14 19:40:59,XPQ-01 Main,2026-01-14 19:40:00,1056.02,77.03,4.198995,474.58,1046.29,284.61,179.4,220.32,77.54,4.53670533333333,475.07,1065.32,294.64,182.15,230.68,78.48,4.234146,474.87,1056.44,288.85,190.54,216.52,75.07,3.8260686666666706,473.79,868.1,552.09,667.52
2026-01-14 19:41:59,XPQ-01 Main,2026-01-14 19:41:00,1115.49,73.88,4.22232833333333,473.91,1112.14,301.98,202.46,223.2,74.07,4.67003866666667,474.31,1117.88,308.82,202.88,231.46,75.2,4.20081266666667,474.45,1116.44,304.85,210.08,220.26,72.36,3.79273533333333,472.97,915.66,615.42,674.92
2026-01-14 19:42:59,XPQ-01 Main,2026-01-14 19:42:00,1099.53,75.76,4.17566166666667,474.29,1095.53,297.91,193.46,225.93,75.96,4.57003866666667,474.57,1101.68,304.3,193.55,233.93,77.05,4.234146,474.49,1101.39,301.07,201.14,223.17,74.28,3.7260686666666705,473.81,903.28,588.16,683.03
2026-01-14 19:43:59,XPQ-01 Main,2026-01-14 19:43:00,1086.15,74.87,4.05232833333333,474.4,1084.07,294.82,194.78,220.59,74.96,4.403372,474.7,1085.88,300.07,194.1,227.72,76.11,4.034146,474.67,1088.5,297.59,201.05,218.26,73.55,3.7260686666666705,473.81,892.48,589.93,666.58
2026-01-14 19:44:59,XPQ-01 Main,2026-01-14 19:44:00,1069.0,75.56,4.27566166666667,474.62,1060.09,288.48,187.45,218.68,75.92,4.83670533333333,474.92,1075.79,297.36,189.08,227.93,76.97,4.40081266666667,474.8,1071.12,292.98,196.93,215.4,73.8,3.59273533333333,474.13,878.83,573.46,662.01
2026-01-14 19:45:59,XPQ-01 Main,2026-01-14 19:45:00,1089.81,74.25,3.998995,473.96,1076.58,292.5,192.41,220.09,75.29,4.63670533333333,474.08,1107.57,305.68,199.54,230.47,75.6,3.834146,474.23,1085.29,296.56,205.53,212.35,71.85,3.52606866666667,473.57,894.74,597.48,662.91
2026-01-14 19:46:59,XPQ-01 Main,2026-01-14 19:46:00,1049.5,74.65,4.16566166666667,474.21,1041.11,282.9,186.51,212.18,75.11,4.53670533333333,474.47,1057.19,292.11,188.89,221.71,76.12,4.20081266666667,474.67,1050.2,287.05,196.8,208.46,72.71,3.759402,473.5,862.06,572.2,642.35
2026-01-14 19:47:59,XPQ-01 Main,2026-01-14 19:47:00,1072.68,73.94,4.11232833333333,474.62,1064.69,289.69,194.04,214.07,74.09,4.63670533333333,475.02,1075.84,297.5,194.47,223.95,75.51,4.00081266666667,474.89,1077.52,294.67,203.29,212.22,72.21,3.6927353333333297,473.96,881.85,591.8,650.24
2026-01-14 19:48:59,XPQ-01 Main,2026-01-14 19:48:00,1130.46,76.42,4.108995,473.74,1122.07,304.58,195.73,232.98,76.57,4.53670533333333,473.71,1134.29,312.93,195.63,242.89,77.88,4.26747933333333,474.25,1135.02,310.12,205.22,231.41,74.82,3.52606866666667,473.28,927.64,596.58,707.27
2026-01-14 19:49:59,XPQ-01 Main,2026-01-14 19:49:00,1132.24,72.77,4.108995,473.46,1121.49,304.35,208.12,221.86,72.93,4.603372,473.62,1136.46,313.39,209.05,233.13,74.45,4.234146,473.82,1138.77,310.81,218.7,219.98,70.92,3.49273533333333,472.94,928.54,635.87,674.98
2026-01-14 19:50:59,XPQ-01 Main,2026-01-14 19:50:00,1092.98,74.84,4.02232833333333,474.0,1086.28,294.99,194.04,221.82,75.27,4.303372,474.07,1100.03,303.75,196.11,230.71,76.19,4.134146,474.55,1092.64,298.63,203.52,217.83,73.07,3.6260686666666704,473.38,897.38,593.66,670.36
2026-01-14 19:51:59,XPQ-01 Main,2026-01-14 19:51:00,1125.55,73.1,4.188995,473.43,1117.77,303.17,206.8,221.48,73.09,4.67003866666667,473.7,1126.62,310.88,206.3,232.27,74.77,4.234146,474.03,1132.26,308.94,216.08,220.65,71.45,3.659402,472.56,922.99,629.18,674.4
2026-01-14 19:52:59,XPQ-01 Main,2026-01-14 19:52:00,1121.15,73.23,3.718995,473.61,1105.39,300.18,200.64,223.17,74.36,4.17003866666667,473.93,1141.73,314.92,209.11,235.13,74.72,3.96747933333333,473.78,1116.35,304.7,215.48,214.83,70.6,3.02606866666667,473.13,919.8,625.23,673.13
2026-01-14 19:53:59,XPQ-01 Main,2026-01-14 19:53:00,1104.77,74.73,4.188995,474.13,1096.9,298.25,194.26,225.91,75.82,4.67003866666667,474.56,1120.58,309.43,201.45,234.67,75.88,4.334146,474.19,1096.85,299.64,206.23,217.1,72.5,3.559402,473.63,907.32,601.94,677.68
2026-01-14 19:54:59,XPQ-01 Main,2026-01-14 19:54:00,1087.98,74.63,4.23232833333333,473.99,1081.9,293.82,194.71,219.7,74.84,4.77003866666667,474.16,1092.12,301.6,195.16,228.7,76.07,4.36747933333333,474.51,1089.93,297.82,203.3,217.12,72.99,3.559402,473.3,893.24,593.18,665.52
2026-01-14 19:55:59,XPQ-01 Main,2026-01-14 19:55:00,1072.67,75.21,4.118995,474.35,1064.23,289.42,188.22,219.69,75.94,4.57003866666667,474.59,1083.54,299.32,192.53,229.0,76.54,4.16747933333333,474.56,1070.23,292.63,199.29,213.87,73.16,3.62606866666667,473.91,881.36,580.04,662.57
2026-01-14 19:56:59,XPQ-01 Main,2026-01-14 19:56:00,1105.92,72.71,4.398995,474.24,1101.4,299.3,205.77,217.09,72.58,4.97003866666667,474.64,1103.63,305.06,204.1,226.52,74.29,4.40081266666667,474.72,1112.74,304.05,213.26,216.63,71.26,3.8260686666666706,473.35,908.41,623.13,660.24
2026-01-14 19:57:59,XPQ-01 Main,2026-01-14 19:57:00,1079.82,72.45,3.97566166666667,473.49,1075.19,291.75,200.4,211.77,72.63,4.603372,473.63,1082.35,298.51,200.89,219.88,73.83,3.934146,473.91,1081.93,295.34,207.85,208.84,70.88,3.39273533333333,472.93,885.6,609.14,640.49
2026-01-14 19:58:59,XPQ-01 Main,2026-01-14 19:58:00,1061.6,73.97,4.14232833333333,474.48,1054.46,286.92,190.96,213.64,74.56,4.503372,474.99,1070.43,295.86,194.32,222.44,75.31,4.234146,474.55,1059.9,289.7,200.7,208.41,72.03,3.6927353333333297,473.88,872.48,585.97,644.48
2026-01-14 19:59:59,XPQ-01 Main,2026-01-14 19:59:00,1079.77,71.56,4.288995,474.36,1067.71,290.45,200.1,209.97,72.39,4.77003866666667,474.91,1093.77,302.27,205.96,220.63,73.1,4.50081266666667,474.45,1077.84,294.5,212.31,203.48,69.19,3.59273533333333,473.73,887.23,618.37,634.08
2026-01-14 20:00:59,XPQ-01 Main,2026-01-14 20:00:00,1076.45,73.97,4.17566166666667,474.21,1068.16,290.49,192.05,217.68,74.99,4.603372,474.52,1090.78,301.17,198.5,226.3,75.18,4.16747933333333,474.25,1070.41,292.54,203.48,209.58,71.75,3.759402,473.84,884.2,594.03,653.56
2026-01-14 20:01:59,XPQ-01 Main,2026-01-14 20:01:00,1122.3,72.95,4.36566166666667,474.2,1116.59,303.44,206.8,221.97,73.17,4.87003866666667,474.38,1125.51,310.91,207.7,231.16,74.38,4.40081266666667,474.63,1124.8,307.47,215.44,219.01,71.29,3.8260686666666706,473.59,921.82,629.94,672.14
2026-01-14 20:02:59,XPQ-01 Main,2026-01-14 20:02:00,1069.27,73.46,4.13232833333333,475.02,1063.88,289.67,195.88,213.13,73.63,4.57003866666667,475.22,1071.68,296.51,196.2,221.81,74.9,4.134146,475.36,1072.24,293.6,204.01,210.69,71.84,3.6927353333333297,474.49,879.78,596.1,645.63
2026-01-14 20:03:59,XPQ-01 Main,2026-01-14 20:03:00,1092.82,72.3,4.188995,474.91,1084.72,295.28,201.81,215.07,72.92,4.67003866666667,475.32,1103.32,305.32,205.94,224.42,73.68,4.334146,475.24,1090.42,298.38,212.1,209.57,70.29,3.559402,474.18,898.98,619.85,649.06
2026-01-14 20:04:59,XPQ-01 Main,2026-01-14 20:04:00,1070.95,71.76,4.22232833333333,475.06,1073.65,292.17,203.48,209.55,71.74,4.63670533333333,475.22,1067.4,295.52,202.08,215.14,72.89,4.234146,475.71,1071.79,293.51,207.57,207.2,70.65,3.79273533333333,474.24,881.19,613.13,631.9
2026-01-14 20:05:59,XPQ-01 Main,2026-01-14 20:05:00,1164.83,69.83,4.14232833333333,473.69,1159.97,314.97,224.15,220.88,70.19,4.53670533333333,474.09,1170.17,322.96,226.3,228.93,71.12,4.26747933333333,474.0,1164.35,317.8,231.86,216.07,68.18,3.62606866666667,472.98,955.72,682.31,665.88
2026-01-14 20:06:59,XPQ-01 Main,2026-01-14 20:06:00,1106.53,69.1,4.22232833333333,474.19,1097.66,298.42,211.49,210.02,70.46,4.803372,474.72,1125.45,310.97,221.03,218.16,70.25,4.30081266666667,474.37,1096.47,299.51,223.11,199.09,66.58,3.559402,473.48,908.9,655.64,627.27
2026-01-14 20:07:59,XPQ-01 Main,2026-01-14 20:07:00,1107.47,73.91,4.45232833333333,474.74,1105.84,300.72,201.83,222.74,74.1,4.803372,474.93,1108.34,306.65,202.02,230.22,75.16,4.66747933333333,475.37,1108.23,303.29,208.88,219.69,72.47,3.89273533333333,473.92,910.66,612.73,672.66
2026-01-14 20:08:59,XPQ-01 Main,2026-01-14 20:08:00,1115.2,73.74,4.398995,474.1,1110.83,301.77,199.89,225.86,74.88,4.83670533333333,474.42,1130.53,312.35,207.59,233.11,74.68,4.40081266666667,474.55,1104.23,301.7,210.44,216.12,71.65,3.959402,473.33,915.83,617.92,675.09
2026-01-14 20:09:59,XPQ-01 Main,2026-01-14 20:09:00,1121.08,74.74,4.23232833333333,474.89,1118.62,304.38,200.75,228.56,75.13,4.63670533333333,475.21,1125.24,311.42,202.44,235.95,75.89,4.26747933333333,475.39,1119.38,306.35,208.56,224.09,73.2,3.79273533333333,474.07,922.15,611.75,688.6
2026-01-14 20:10:59,XPQ-01 Main,2026-01-14 20:10:00,1146.51,74.07,4.288995,474.88,1134.3,308.65,204.96,230.56,74.17,4.53670533333333,475.22,1162.22,321.66,211.39,241.7,75.48,4.334146,475.37,1143.01,312.8,217.96,223.69,72.57,3.9927353333333295,474.06,943.11,634.31,695.96
2026-01-14 20:11:59,XPQ-01 Main,2026-01-14 20:11:00,1156.83,73.05,4.308995,474.91,1146.77,312.16,210.57,230.05,73.76,4.77003866666667,475.4,1169.08,323.58,215.92,240.78,74.45,4.534146,475.25,1154.63,315.9,222.49,223.91,70.94,3.62606866666667,474.08,951.64,648.98,694.75
2026-01-14 20:12:59,XPQ-01 Main,2026-01-14 20:12:00,1167.4,74.43,3.978995,475.37,1157.67,315.29,206.48,238.05,75.54,4.23670533333333,475.55,1186.68,328.7,214.8,247.86,75.57,4.034146,475.91,1157.84,317.29,219.42,228.75,72.17,3.659402,474.66,961.28,640.71,714.66
2026-01-14 20:13:59,XPQ-01 Main,2026-01-14 20:13:00,1141.35,73.95,4.14566166666667,476.31,1134.88,309.65,208.22,229.06,74.0,4.503372,476.43,1143.24,317.29,207.88,238.93,75.44,4.134146,476.95,1145.93,314.69,216.71,227.59,72.42,3.79273533333333,475.55,941.63,632.8,695.59
2026-01-14 20:14:59,XPQ-01 Main,2026-01-14 20:14:00,1206.1,69.96,3.978995,474.76,1195.89,325.24,230.52,229.38,70.54,4.37003866666667,474.86,1216.95,336.63,235.14,240.14,71.45,4.034146,475.37,1205.47,329.97,241.91,223.68,67.89,3.52606866666667,474.04,991.84,707.58,693.21
2026-01-14 20:15:59,XPQ-01 Main,2026-01-14 20:15:00,1218.65,72.82,4.278995,475.05,1206.64,328.56,220.77,243.07,74.02,4.73670533333333,475.36,1239.42,342.99,230.25,253.88,74.07,4.334146,475.36,1209.89,331.26,235.35,232.95,70.35,3.759402,474.44,1002.81,686.37,729.9
2026-01-14 20:16:59,XPQ-01 Main,2026-01-14 20:16:00,1219.54,74.04,4.508995,475.01,1209.61,329.29,218.31,246.26,74.83,4.93670533333333,475.23,1233.59,341.34,224.15,256.75,75.33,4.70081266666667,475.4,1215.42,332.8,230.79,239.1,71.95,3.89273533333333,474.39,1003.43,673.25,742.12
2026-01-14 20:17:59,XPQ-01 Main,2026-01-14 20:17:00,1244.01,74.47,4.64232833333333,474.36,1232.32,335.03,219.41,253.0,75.55,5.103372,474.63,1264.16,349.34,227.88,263.62,75.65,4.80081266666667,474.71,1235.55,337.83,233.34,243.45,72.19,4.02606866666667,473.75,1022.2,680.62,760.07
2026-01-14 20:18:59,XPQ-01 Main,2026-01-14 20:18:00,1296.09,73.88,4.26566166666667,473.38,1285.62,348.64,232.96,259.16,74.37,4.67003866666667,473.73,1306.2,360.45,236.96,271.44,75.33,4.30081266666667,473.99,1296.45,353.67,245.67,254.42,71.94,3.8260686666666706,472.43,1062.76,715.59,785.03
2026-01-14 20:19:59,XPQ-01 Main,2026-01-14 20:19:00,1267.86,72.57,4.098995,473.55,1261.76,342.42,233.53,250.21,73.11,4.57003866666667,473.98,1276.11,352.21,237.38,260.05,73.86,4.06747933333333,473.97,1265.71,345.33,243.96,244.32,70.76,3.659402,472.69,1039.96,714.87,754.58
2026-01-14 20:20:59,XPQ-01 Main,2026-01-14 20:20:00,1257.83,75.3,4.23232833333333,474.07,1243.71,337.91,217.09,258.89,76.63,4.77003866666667,474.23,1282.81,354.19,227.83,270.74,76.51,4.134146,474.4,1246.97,340.82,233.56,247.73,72.76,3.79273533333333,473.57,1032.92,678.48,777.37
2026-01-14 20:21:59,XPQ-01 Main,2026-01-14 20:21:00,1257.01,72.42,4.398995,474.09,1245.85,338.46,231.0,247.41,73.1,4.803372,474.33,1269.89,350.76,236.43,259.04,73.86,4.534146,474.52,1255.27,343.02,243.77,241.03,70.31,3.859402,473.4,1032.25,711.21,747.48
2026-01-14 20:22:59,XPQ-01 Main,2026-01-14 20:22:00,1262.75,75.08,4.26566166666667,474.4,1252.8,340.72,220.35,259.57,76.23,4.703372,474.82,1283.08,354.6,229.39,269.85,76.19,4.434146,474.6,1252.37,342.34,234.44,249.08,72.82,3.659402,473.77,1037.66,684.18,778.5
2026-01-14 20:23:59,XPQ-01 Main,2026-01-14 20:23:00,1245.58,74.62,4.308995,474.52,1238.12,336.54,222.23,252.56,75.07,4.97003866666667,474.75,1253.56,346.67,225.11,263.01,75.97,4.46747933333333,475.15,1245.05,340.56,233.2,247.83,72.83,3.49273533333333,473.66,1023.78,680.54,763.39
2026-01-14 20:24:59,XPQ-01 Main,2026-01-14 20:24:00,1240.89,71.73,4.13232833333333,474.77,1232.16,335.21,231.33,242.01,72.29,4.53670533333333,475.24,1250.73,346.15,235.65,252.77,73.14,4.134146,475.24,1239.78,339.1,242.66,236.35,69.77,3.72606866666667,473.81,1020.46,709.64,731.12
2026-01-14 20:25:59,XPQ-01 Main,2026-01-14 20:25:00,1272.34,72.18,4.06566166666667,473.8,1264.65,343.22,234.48,250.47,73.0,4.503372,474.01,1286.19,355.18,241.0,260.48,73.4,4.06747933333333,474.48,1266.19,345.82,246.47,242.46,70.13,3.6260686666666704,472.93,1044.22,721.95,753.41
2026-01-14 20:26:59,XPQ-01 Main,2026-01-14 20:26:00,1239.61,74.18,4.298995,474.75,1222.64,332.81,217.12,252.01,75.76,4.803372,475.08,1268.73,350.8,230.28,264.57,75.43,4.26747933333333,474.91,1227.47,335.84,235.09,239.46,71.36,3.8260686666666706,474.27,1019.45,682.49,756.03
2026-01-14 20:27:59,XPQ-01 Main,2026-01-14 20:27:00,1257.89,73.2,4.44232833333333,473.97,1251.32,339.74,228.78,250.99,73.91,4.703372,474.13,1269.5,350.63,234.0,260.58,74.4,4.46747933333333,474.59,1252.85,342.34,239.82,243.89,71.3,4.159402,473.18,1032.71,702.59,755.47
2026-01-14 20:28:59,XPQ-01 Main,2026-01-14 20:28:00,1231.15,71.35,4.25232833333333,474.51,1220.07,331.71,228.54,240.19,72.45,4.703372,474.78,1249.58,345.54,237.26,250.83,72.65,4.26747933333333,475.01,1223.8,334.67,242.27,230.66,68.95,3.79273533333333,473.72,1011.93,708.08,721.68
2026-01-14 20:29:59,XPQ-01 Main,2026-01-14 20:29:00,1152.91,69.28,4.288995,475.5,1138.99,310.38,219.51,218.66,70.57,4.603372,475.92,1174.89,325.6,229.53,229.67,70.73,4.46747933333333,475.9,1144.84,313.64,234.02,208.5,66.52,3.79273533333333,474.68,949.62,683.06,656.83
2026-01-14 20:30:59,XPQ-01 Main,2026-01-14 20:30:00,1184.56,70.51,4.14566166666667,475.27,1171.11,319.07,220.41,230.21,72.23,4.67003866666667,475.7,1212.15,335.67,233.88,240.44,71.68,4.134146,475.54,1170.41,320.49,236.03,216.62,67.62,3.6260686666666704,474.57,975.23,690.31,687.28
2026-01-14 20:31:59,XPQ-01 Main,2026-01-14 20:31:00,1127.61,71.51,4.46566166666667,475.63,1112.36,303.38,206.9,221.64,73.1,4.803372,476.08,1153.52,319.59,218.85,232.74,72.85,4.434146,475.73,1116.96,306.09,222.62,209.8,68.58,4.159402,475.09,929.07,648.37,664.18
2026-01-14 20:32:59,XPQ-01 Main,2026-01-14 20:32:00,1146.92,70.31,4.12232833333333,475.51,1137.06,309.78,218.02,219.88,71.01,4.53670533333333,475.62,1159.08,321.1,223.18,229.76,71.73,4.134146,476.06,1144.64,313.79,229.01,213.5,68.19,3.6927353333333297,474.84,944.67,670.21,663.14
2026-01-14 20:33:59,XPQ-01 Main,2026-01-14 20:33:00,1118.83,71.45,4.11232833333333,475.94,1108.42,302.36,206.42,220.07,72.94,4.63670533333333,476.39,1141.57,316.62,217.01,228.89,72.57,4.06747933333333,476.27,1106.5,303.42,219.65,208.42,68.83,3.62606866666667,475.17,922.41,643.08,657.38
2026-01-14 20:34:59,XPQ-01 Main,2026-01-14 20:34:00,1146.62,70.24,4.24566166666667,475.09,1139.69,310.15,218.09,219.57,70.95,4.47003866666667,475.41,1159.22,321.07,223.03,228.2,71.52,4.46747933333333,475.75,1140.95,312.37,227.87,212.83,68.26,3.79273533333333,474.1,943.59,668.99,660.6
2026-01-14 20:35:59,XPQ-01 Main,2026-01-14 20:35:00,1155.67,68.77,4.198995,474.43,1153.21,313.48,224.73,218.47,69.7,4.503372,474.61,1167.0,322.61,230.99,224.76,69.74,4.20081266666667,474.99,1146.81,313.63,233.0,209.54,66.87,3.89273533333333,473.7,949.71,688.72,652.78
2026-01-14 20:36:59,XPQ-01 Main,2026-01-14 20:36:00,1121.21,71.94,4.58566166666667,474.59,1111.59,302.24,206.57,219.85,72.88,4.93670533333333,475.07,1136.78,314.55,213.12,229.01,73.21,4.66747933333333,475.12,1115.26,304.94,217.8,211.9,69.73,4.159402,473.59,921.73,637.48,660.77
2026-01-14 20:37:59,XPQ-01 Main,2026-01-14 20:37:00,1138.19,71.3,4.13232833333333,474.87,1133.56,308.3,214.54,220.61,71.69,4.47003866666667,475.2,1144.95,317.01,216.89,228.89,72.59,4.36747933333333,475.59,1136.05,310.9,222.71,216.03,69.63,3.559402,473.83,936.2,654.14,665.53
2026-01-14 20:38:59,XPQ-01 Main,2026-01-14 20:38:00,1154.85,70.83,3.93232833333333,473.86,1145.38,310.94,216.53,222.5,71.67,4.37003866666667,474.25,1169.09,322.96,222.76,232.43,72.2,3.80081266666667,474.42,1150.09,314.01,228.19,215.3,68.63,3.6260686666666704,472.89,947.91,667.48,670.24
2026-01-14 20:39:59,XPQ-01 Main,2026-01-14 20:39:00,1140.25,72.56,4.12232833333333,474.95,1130.69,307.86,207.26,227.05,73.86,4.53670533333333,475.29,1160.19,320.98,216.6,235.69,73.63,4.06747933333333,475.18,1129.87,309.25,219.67,216.45,70.19,3.759402,474.37,938.09,643.54,679.19
2026-01-14 20:40:59,XPQ-01 Main,2026-01-14 20:40:00,1173.08,71.04,4.15566166666667,474.52,1163.23,316.39,217.52,229.05,72.51,4.87003866666667,474.99,1195.96,330.73,228.75,238.14,72.12,4.134146,474.85,1160.04,317.13,230.94,217.04,68.48,3.459402,473.74,964.25,677.2,684.23
2026-01-14 20:41:59,XPQ-01 Main,2026-01-14 20:41:00,1144.14,71.1,4.408995,474.74,1131.6,307.92,211.72,222.75,72.48,4.77003866666667,475.27,1166.46,322.77,222.09,232.81,72.36,4.434146,475.05,1134.37,310.22,225.63,211.93,68.46,4.02606866666667,473.91,940.91,659.44,667.49
2026-01-14 20:42:59,XPQ-01 Main,2026-01-14 20:42:00,1197.86,71.62,4.47566166666667,474.25,1193.72,324.21,224.24,233.89,72.19,4.903372,474.52,1205.54,333.34,228.28,242.59,72.83,4.56747933333333,475.03,1194.33,326.45,233.54,227.99,69.86,3.959402,473.21,984.0,686.05,704.47
2026-01-14 20:43:59,XPQ-01 Main,2026-01-14 20:43:00,1187.14,72.43,4.378995,474.68,1168.91,317.93,213.41,235.56,74.11,4.903372,474.94,1217.68,336.8,227.13,248.35,73.79,4.30081266666667,475.15,1174.82,321.43,231.27,222.92,69.4,3.92606866666667,473.95,976.16,671.82,706.83
2026-01-14 20:44:59,XPQ-01 Main,2026-01-14 20:44:00,1162.75,72.14,4.15566166666667,474.89,1152.98,313.71,216.25,227.08,72.42,4.77003866666667,475.18,1168.96,323.52,218.41,238.43,73.74,4.16747933333333,475.43,1166.32,319.21,226.87,224.08,70.27,3.52606866666667,474.06,956.45,661.52,689.59
2026-01-14 20:45:59,XPQ-01 Main,2026-01-14 20:45:00,1181.03,73.13,4.298995,474.29,1167.61,317.35,212.69,235.29,74.2,4.903372,474.55,1200.41,331.69,221.0,246.67,74.49,4.40081266666667,474.69,1175.06,321.21,226.81,226.75,70.71,3.59273533333333,473.62,970.25,660.5,708.71
2026-01-14 20:46:59,XPQ-01 Main,2026-01-14 20:46:00,1179.62,74.83,4.35566166666667,474.97,1162.32,316.35,204.09,241.39,76.36,4.67003866666667,475.35,1207.91,334.36,216.28,254.13,76.15,4.60081266666667,475.39,1168.62,319.86,221.79,229.96,71.98,3.79273533333333,474.18,970.57,642.16,725.48
2026-01-14 20:47:59,XPQ-01 Main,2026-01-14 20:47:00,1184.17,74.15,4.25566166666667,475.12,1166.37,317.54,207.08,240.4,75.77,4.83670533333333,475.39,1213.84,336.05,220.13,253.38,75.49,4.06747933333333,475.55,1172.29,321.03,225.31,228.45,71.2,3.859402,474.41,974.61,652.52,722.24
2026-01-14 20:48:59,XPQ-01 Main,2026-01-14 20:48:00,1182.42,74.22,4.34566166666667,475.53,1168.14,318.29,210.51,238.1,74.92,4.87003866666667,475.87,1198.2,332.05,215.96,250.6,75.75,4.434146,476.0,1180.92,323.62,224.29,232.67,72.0,3.7260686666666705,474.71,973.97,650.77,721.37
2026-01-14 20:49:59,XPQ-01 Main,2026-01-14 20:49:00,1165.62,74.77,4.088995,475.92,1153.07,314.53,206.24,236.94,75.43,4.603372,476.37,1178.63,326.88,211.06,248.96,76.28,3.934146,476.26,1165.15,319.5,219.41,231.74,72.62,3.72606866666667,475.13,960.91,636.71,717.65
2026-01-14 20:50:59,XPQ-01 Main,2026-01-14 20:50:00,1168.26,71.86,4.308995,475.79,1154.66,314.92,213.85,230.77,73.35,4.73670533333333,476.06,1192.91,330.6,225.35,240.79,73.01,4.26747933333333,476.07,1157.22,317.34,228.24,218.82,69.21,3.92606866666667,475.24,962.86,667.44,690.38
2026-01-14 20:51:59,XPQ-01 Main,2026-01-14 20:51:00,1155.58,72.21,3.988995,476.14,1143.15,312.01,209.32,230.85,74.08,4.47003866666667,476.71,1185.33,328.94,223.55,240.44,73.24,3.934146,476.4,1138.25,312.18,224.81,216.19,69.31,3.559402,475.31,953.13,657.69,687.48
2026-01-14 20:52:59,XPQ-01 Main,2026-01-14 20:52:00,1114.03,71.79,4.28566166666667,476.71,1106.16,302.2,206.91,219.88,72.83,4.803372,477.14,1128.74,313.59,213.98,228.9,73.05,4.334146,477.11,1107.18,304.12,218.63,211.37,69.51,3.72606866666667,475.9,919.91,639.52,660.15
2026-01-14 20:53:59,XPQ-01 Main,2026-01-14 20:53:00,1122.45,70.7,4.24232833333333,475.78,1108.95,302.53,207.77,219.6,72.64,4.403372,476.16,1152.31,319.32,222.06,229.02,71.79,4.36747933333333,475.91,1106.1,303.25,223.04,205.01,67.67,3.959402,475.25,925.1,652.86,653.64
2026-01-14 20:54:59,XPQ-01 Main,2026-01-14 20:54:00,1097.99,67.84,4.188995,476.8,1085.66,296.65,214.34,204.53,69.04,4.63670533333333,477.3,1116.94,310.44,223.18,214.31,69.26,4.06747933333333,477.23,1091.38,299.77,226.89,195.22,65.22,3.859402,475.88,906.87,664.41,614.07
2026-01-14 20:55:59,XPQ-01 Main,2026-01-14 20:55:00,1086.12,70.02,3.9556616666666704,476.38,1072.93,292.81,205.86,207.8,71.04,4.33670533333333,476.58,1103.81,306.43,213.28,218.3,71.53,4.06747933333333,476.97,1081.61,297.01,218.69,199.97,67.48,3.459402,475.58,896.25,637.84,626.07
2026-01-14 20:56:59,XPQ-01 Main,2026-01-14 20:56:00,1143.46,73.69,4.098995,474.01,1132.18,307.5,203.98,229.37,74.73,4.73670533333333,474.43,1161.34,320.86,211.6,239.9,74.99,4.10081266666667,474.49,1136.84,310.51,217.22,221.19,71.35,3.459402,473.11,938.87,632.8,690.45
2026-01-14 20:57:59,XPQ-01 Main,2026-01-14 20:57:00,1161.27,73.28,4.24232833333333,473.98,1149.76,312.27,209.68,230.94,74.04,4.703372,474.44,1175.23,324.7,215.44,241.99,74.69,4.30081266666667,474.47,1158.81,316.46,222.23,224.7,71.1,3.72606866666667,473.04,953.43,647.35,697.63
2026-01-14 20:58:59,XPQ-01 Main,2026-01-14 20:58:00,1042.78,71.91,4.198995,475.08,1032.48,281.19,191.22,205.83,73.26,4.87003866666667,475.5,1062.09,294.0,200.49,214.85,73.11,4.36747933333333,475.35,1033.77,282.95,203.74,196.1,69.35,3.359402,474.38,858.14,595.46,616.78
2026-01-14 20:59:59,XPQ-01 Main,2026-01-14 20:59:00,1043.04,71.85,4.498995,475.44,1034.5,281.88,191.55,206.72,73.35,4.87003866666667,475.64,1063.62,294.6,201.56,214.55,72.88,4.60081266666667,475.87,1030.99,282.53,203.45,195.74,69.33,4.02606866666667,474.81,859.01,596.56,617.0
2026-01-14 21:00:59,XPQ-01 Main,2026-01-14 21:00:00,1161.08,73.85,4.488995,474.43,1156.86,314.46,209.59,234.24,74.52,4.87003866666667,474.56,1170.58,323.53,213.89,242.2,74.96,4.434146,474.99,1155.8,316.16,218.95,227.6,72.07,4.159402,473.75,954.15,642.43,704.04
2026-01-14 21:01:59,XPQ-01 Main,2026-01-14 21:01:00,1147.63,74.42,4.23232833333333,474.07,1134.41,308.27,202.45,231.92,75.34,4.603372,474.56,1164.44,321.68,209.24,243.68,75.87,4.234146,474.34,1144.03,312.46,216.4,224.92,72.06,3.859402,473.3,942.41,628.08,700.52
2026-01-14 21:02:59,XPQ-01 Main,2026-01-14 21:02:00,1140.28,74.1,4.72232833333333,474.34,1130.39,307.2,204.23,229.22,74.66,5.17003866666667,474.76,1150.38,318.09,208.16,240.25,75.58,4.76747933333333,474.86,1140.07,311.61,216.04,224.46,72.05,4.22606866666667,473.41,936.89,628.42,693.93
2026-01-14 21:03:59,XPQ-01 Main,2026-01-14 21:03:00,1151.95,70.69,4.288995,473.83,1140.51,309.64,214.9,222.57,71.94,4.67003866666667,474.09,1172.33,323.71,224.36,232.19,71.91,4.36747933333333,474.34,1143.02,312.15,227.75,212.55,68.23,3.8260686666666706,473.06,945.5,667.0,667.32
2026-01-14 21:04:59,XPQ-01 Main,2026-01-14 21:04:00,1142.79,72.31,4.188995,473.39,1132.69,307.2,208.05,225.3,73.47,4.63670533333333,473.73,1161.95,320.61,216.48,234.01,73.41,4.36747933333333,473.92,1133.74,309.3,219.84,215.74,70.04,3.559402,472.53,937.11,644.37,675.06
2026-01-14 21:05:59,XPQ-01 Main,2026-01-14 21:05:00,1141.69,70.64,4.308995,474.48,1128.95,306.88,214.51,218.84,71.41,4.77003866666667,474.76,1158.08,320.25,220.34,229.1,72.08,4.334146,475.05,1138.04,311.21,226.13,212.29,68.44,3.8260686666666706,473.63,938.35,660.98,660.24
2026-01-14 21:06:59,XPQ-01 Main,2026-01-14 21:06:00,1109.53,72.11,4.308995,475.07,1100.45,299.57,204.87,218.03,72.88,4.77003866666667,475.49,1121.28,310.48,210.3,228.03,73.51,4.26747933333333,475.51,1106.85,302.99,216.45,211.76,69.93,3.89273533333333,474.21,913.04,631.63,657.83
2026-01-14 21:07:59,XPQ-01 Main,2026-01-14 21:07:00,1120.04,73.61,4.298995,474.96,1110.44,302.13,203.02,223.44,74.01,4.57003866666667,475.33,1127.88,312.31,206.0,234.41,75.12,4.46747933333333,475.59,1121.79,307.02,213.86,219.95,71.7,3.859402,473.96,921.46,622.88,677.8
2026-01-14 21:08:59,XPQ-01 Main,2026-01-14 21:08:00,1138.28,72.36,4.16566166666667,475.26,1129.12,307.51,208.43,225.67,73.46,4.47003866666667,475.68,1155.2,320.0,216.76,235.18,73.53,4.36747933333333,475.7,1130.52,309.56,220.54,216.69,70.09,3.659402,474.39,937.07,645.72,677.53
2026-01-14 21:09:59,XPQ-01 Main,2026-01-14 21:09:00,1129.05,72.03,4.288995,475.29,1120.41,305.12,207.47,223.1,73.23,4.803372,475.83,1147.62,318.04,216.42,232.42,73.19,4.06747933333333,475.78,1119.12,306.38,219.75,213.4,69.67,3.9927353333333295,474.25,929.54,643.64,668.93
2026-01-14 21:10:59,XPQ-01 Main,2026-01-14 21:10:00,1089.25,72.2,4.45566166666667,475.13,1080.43,294.21,198.69,215.75,73.56,4.93670533333333,475.52,1110.32,307.43,208.4,224.28,73.26,4.46747933333333,475.49,1077.01,294.85,210.78,205.33,69.78,3.959402,474.38,896.49,617.88,645.36
2026-01-14 21:11:59,XPQ-01 Main,2026-01-14 21:11:00,1110.8,72.68,4.62232833333333,475.37,1099.92,299.5,203.78,218.94,73.2,5.07003866666667,475.84,1120.93,310.75,207.93,230.44,74.24,4.66747933333333,476.04,1111.53,304.4,215.48,214.73,70.59,4.12606866666667,474.23,914.64,627.2,664.11
2026-01-14 21:12:59,XPQ-01 Main,2026-01-14 21:12:00,1109.9,73.42,4.06566166666667,475.05,1094.53,297.88,197.23,222.73,74.87,4.57003866666667,475.51,1135.14,314.41,208.2,234.26,74.75,4.034146,475.6,1100.04,301.07,212.8,212.5,70.66,3.59273533333333,474.04,913.36,618.24,669.49
2026-01-14 21:13:59,XPQ-01 Main,2026-01-14 21:13:00,1031.66,75.25,4.08566166666667,475.43,1020.6,277.96,178.26,212.84,76.66,4.67003866666667,475.74,1053.06,291.83,188.03,222.63,76.4,4.034146,476.0,1021.31,279.83,192.08,203.22,72.67,3.559402,474.54,849.63,558.37,638.69
2026-01-14 21:14:59,XPQ-01 Main,2026-01-14 21:14:00,1034.79,72.56,4.298995,475.0,1023.85,278.67,186.65,206.74,74.23,4.83670533333333,475.22,1058.79,293.04,198.19,215.53,73.61,4.40081266666667,475.47,1021.73,279.74,199.95,195.12,69.84,3.659402,474.3,851.44,584.79,617.39
2026-01-14 21:15:59,XPQ-01 Main,2026-01-14 21:15:00,1071.36,75.02,4.288995,475.84,1057.34,288.17,188.42,217.81,75.63,4.803372,476.0,1085.04,300.92,193.1,230.11,76.6,4.36747933333333,476.54,1071.71,293.99,201.2,213.85,72.83,3.6927353333333297,474.99,883.07,582.72,661.77
2026-01-14 21:16:59,XPQ-01 Main,2026-01-14 21:16:00,1018.88,73.13,4.088995,476.25,1006.34,274.48,184.91,202.84,73.9,4.63670533333333,476.38,1032.82,286.7,190.51,213.74,74.65,4.234146,476.98,1017.48,279.36,196.89,197.58,70.83,3.39273533333333,475.38,840.53,572.31,614.15
2026-01-14 21:17:59,XPQ-01 Main,2026-01-14 21:17:00,1002.91,73.42,4.48566166666667,475.61,992.08,270.39,178.58,202.27,74.96,4.903372,475.83,1025.47,284.15,188.85,211.0,74.51,4.434146,476.04,991.2,271.74,191.42,191.89,70.8,4.12606866666667,474.97,826.28,558.85,605.15
2026-01-14 21:18:59,XPQ-01 Main,2026-01-14 21:18:00,1021.7,74.25,4.35232833333333,475.85,1010.29,275.48,181.44,206.68,75.15,4.83670533333333,476.21,1036.65,287.48,187.71,217.05,75.64,4.26747933333333,476.31,1018.17,279.19,193.47,200.57,71.97,3.959402,475.03,842.15,562.62,624.3
2026-01-14 21:19:59,XPQ-01 Main,2026-01-14 21:19:00,999.15,73.6,4.46566166666667,476.35,988.67,269.65,181.08,199.52,74.05,4.87003866666667,476.58,1009.01,280.27,184.32,210.12,75.18,4.46747933333333,477.21,999.77,274.5,191.53,196.32,71.58,4.059402,475.26,824.42,556.93,605.96
2026-01-14 21:20:59,XPQ-01 Main,2026-01-14 21:20:00,1051.47,71.74,4.12232833333333,475.97,1036.85,282.68,193.96,205.21,72.67,4.703372,476.21,1069.63,296.76,201.05,216.44,73.27,4.06747933333333,476.64,1047.92,287.49,206.72,198.63,69.29,3.59273533333333,475.07,866.93,601.74,620.29
2026-01-14 21:21:59,XPQ-01 Main,2026-01-14 21:21:00,986.39,72.93,4.32232833333333,476.19,968.55,264.19,176.39,195.98,74.33,4.83670533333333,476.7,1010.14,280.53,186.24,207.65,74.44,4.334146,476.82,980.47,268.95,191.19,187.52,70.02,3.79273533333333,475.04,813.67,553.82,591.15
2026-01-14 21:22:59,XPQ-01 Main,2026-01-14 21:22:00,981.58,72.68,4.288995,476.27,964.56,263.12,178.32,193.28,73.5,4.83670533333333,476.52,998.18,277.13,184.53,205.86,74.46,4.234146,476.94,982.0,269.56,191.85,188.53,70.09,3.79273533333333,475.34,809.82,554.71,587.67
2026-01-14 21:23:59,XPQ-01 Main,2026-01-14 21:23:00,891.4,74.94,4.04232833333333,477.56,877.66,240.13,153.28,184.04,76.84,4.603372,477.99,917.75,255.53,165.18,193.88,76.12,4.00081266666667,478.11,878.79,241.79,167.83,173.4,71.86,3.52606866666667,476.58,737.44,486.29,551.32
2026-01-14 21:24:59,XPQ-01 Main,2026-01-14 21:24:00,828.98,79.89,4.185661666666671,479.32,812.74,223.19,132.52,178.89,80.35,4.903372,479.85,840.11,234.81,135.03,191.75,81.76,4.034146,479.86,834.08,230.28,145.04,178.24,77.57,3.62606866666667,478.24,688.29,412.59,548.89
2026-01-14 21:25:59,XPQ-01 Main,2026-01-14 21:25:00,846.87,78.72,4.32232833333333,479.03,830.16,227.92,137.89,181.04,79.55,4.97003866666667,479.42,862.69,240.83,142.85,193.5,80.45,4.16747933333333,479.41,847.75,233.98,151.47,177.92,76.14,3.8260686666666706,478.26,702.73,432.21,552.45
2026-01-14 21:26:59,XPQ-01 Main,2026-01-14 21:26:00,848.65,78.16,4.55566166666667,478.99,833.38,228.77,138.04,182.09,79.69,5.103372,479.5,871.05,243.22,147.31,193.17,79.52,4.534146,479.41,841.53,232.19,152.6,174.56,75.29,4.02606866666667,478.07,704.18,437.96,549.82
2026-01-14 21:27:59,XPQ-01 Main,2026-01-14 21:27:00,814.23,77.86,4.61232833333333,479.53,802.65,220.62,133.27,175.47,79.64,5.27003866666667,479.96,836.65,233.81,143.44,184.36,78.92,4.634146,479.84,803.4,221.95,146.52,166.28,75.03,3.92606866666667,478.79,676.37,423.23,526.11
2026-01-14 21:28:59,XPQ-01 Main,2026-01-14 21:28:00,857.0,79.02,4.188995,479.3,841.41,231.04,136.15,186.42,80.76,4.73670533333333,479.59,882.39,246.52,146.9,197.66,80.26,4.234146,479.87,847.19,234.0,151.84,177.79,76.04,3.59273533333333,478.43,711.56,434.88,561.86
2026-01-14 21:29:59,XPQ-01 Main,2026-01-14 21:29:00,835.6,79.14,4.25566166666667,479.82,821.02,225.64,135.25,180.32,80.0,4.87003866666667,480.02,851.11,238.04,140.11,191.39,80.69,4.36747933333333,480.49,834.65,230.84,147.77,176.88,76.74,3.52606866666667,478.95,694.52,423.13,548.59
2026-01-14 21:30:59,XPQ-01 Main,2026-01-14 21:30:00,826.77,79.2,4.22232833333333,479.57,813.99,223.7,131.45,180.72,80.87,4.67003866666667,479.94,849.76,237.51,141.39,190.23,80.26,4.26747933333333,480.02,816.57,225.64,145.11,172.19,76.47,3.7260686666666705,478.76,686.85,417.96,543.13
2026-01-14 21:31:59,XPQ-01 Main,2026-01-14 21:31:00,841.1,80.04,4.15566166666667,480.2,828.92,228.07,134.15,183.92,80.79,4.903372,480.67,853.27,238.88,138.18,193.58,81.39,4.00081266666667,480.69,841.12,232.68,145.08,180.39,77.92,3.559402,479.24,699.64,417.41,557.89
2026-01-14 21:32:59,XPQ-01 Main,2026-01-14 21:32:00,855.03,80.71,4.118995,479.83,842.06,231.35,135.33,186.9,81.0,4.503372,480.05,863.25,241.53,136.36,198.37,82.41,4.034146,480.68,859.77,237.78,146.24,186.78,78.74,3.8260686666666706,478.76,710.66,417.94,572.05
2026-01-14 21:33:59,XPQ-01 Main,2026-01-14 21:33:00,829.91,78.19,4.53232833333333,479.08,815.59,223.82,136.59,176.97,79.16,5.003372,479.4,846.14,236.33,142.29,187.94,79.73,4.40081266666667,479.73,827.99,228.58,149.14,172.73,75.69,4.19273533333333,478.11,688.73,428.02,537.64
2026-01-14 21:34:59,XPQ-01 Main,2026-01-14 21:34:00,811.42,79.8,4.43232833333333,479.7,798.96,219.52,129.45,176.53,80.64,4.87003866666667,479.91,825.8,230.91,134.03,186.71,81.24,4.534146,480.37,809.49,223.82,141.01,173.0,77.51,3.89273533333333,478.82,674.25,404.49,536.24
2026-01-14 21:35:59,XPQ-01 Main,2026-01-14 21:35:00,838.11,79.08,4.24566166666667,479.43,822.49,225.8,137.09,178.58,79.32,4.73670533333333,479.75,846.85,236.78,138.3,190.91,80.98,4.20081266666667,480.24,844.99,233.45,148.57,178.98,76.94,3.79273533333333,478.3,696.02,423.96,548.47
2026-01-14 21:36:59,XPQ-01 Main,2026-01-14 21:36:00,848.29,78.8,4.398995,478.77,833.17,228.49,135.84,183.53,80.38,5.003372,479.09,871.72,243.31,145.61,194.6,80.07,4.30081266666667,479.41,839.99,231.75,150.57,175.82,75.95,3.89273533333333,477.8,703.55,432.01,553.95
2026-01-14 21:37:59,XPQ-01 Main,2026-01-14 21:37:00,805.56,78.39,4.26566166666667,479.72,794.25,218.23,131.64,173.43,79.65,4.803372,479.94,822.82,230.1,138.77,182.9,79.66,4.20081266666667,480.4,799.62,221.09,143.86,167.38,75.84,3.79273533333333,478.81,669.42,414.27,523.71
2026-01-14 21:38:59,XPQ-01 Main,2026-01-14 21:38:00,766.87,77.13,4.188995,479.7,754.65,207.37,131.89,159.41,77.05,4.73670533333333,480.01,770.24,215.41,131.47,170.35,79.17,3.96747933333333,480.34,775.73,214.43,141.21,160.91,75.16,3.859402,478.75,637.21,404.57,490.67
2026-01-14 21:39:59,XPQ-01 Main,2026-01-14 21:39:00,736.0,79.72,3.97566166666667,480.42,723.1,199.1,116.97,160.58,80.83,4.503372,480.72,751.42,210.36,122.63,170.55,81.19,3.834146,480.83,733.49,203.06,128.92,156.3,77.14,3.59273533333333,479.7,612.51,368.52,487.43
2026-01-14 21:40:59,XPQ-01 Main,2026-01-14 21:40:00,715.09,78.73,4.13232833333333,480.42,704.24,193.79,118.81,152.76,78.94,4.803372,480.82,720.59,201.88,119.51,162.34,80.53,3.934146,481.09,720.46,199.41,127.74,152.84,76.73,3.659402,479.34,595.08,366.06,467.94
2026-01-14 21:41:59,XPQ-01 Main,2026-01-14 21:41:00,748.5,80.68,4.23232833333333,479.97,733.95,201.89,115.43,164.88,81.92,4.87003866666667,480.37,767.53,214.7,122.05,175.58,82.11,4.034146,480.37,744.03,205.75,128.5,160.21,78.01,3.79273533333333,479.18,622.35,365.97,500.66
2026-01-14 21:42:59,XPQ-01 Main,2026-01-14 21:42:00,732.36,80.7,4.13232833333333,480.23,713.11,196.21,111.59,161.11,82.21,4.73670533333333,480.63,755.27,211.43,119.84,173.81,82.33,4.10081266666667,480.74,728.7,201.63,127.04,156.13,77.56,3.559402,479.31,609.27,358.47,491.04
2026-01-14 21:43:59,XPQ-01 Main,2026-01-14 21:43:00,680.82,77.66,4.21232833333333,480.78,663.23,182.69,111.43,144.14,79.12,4.93670533333333,481.05,700.87,196.4,118.79,155.42,79.45,4.034146,481.34,678.34,187.95,125.15,139.41,74.41,3.659402,479.94,567.04,355.37,438.98
2026-01-14 21:44:59,XPQ-01 Main,2026-01-14 21:44:00,597.38,81.53,4.22232833333333,482.0,584.32,161.34,91.43,131.37,82.08,4.903372,482.16,608.04,170.8,93.39,140.78,83.33,4.16747933333333,482.61,599.79,166.63,101.09,131.02,79.17,3.59273533333333,481.22,498.78,285.92,403.17
2026-01-14 21:45:59,XPQ-01 Main,2026-01-14 21:45:00,556.75,83.39,4.27566166666667,482.88,541.0,149.62,79.91,125.63,84.38,4.93670533333333,483.08,571.74,160.94,83.62,136.34,85.24,4.134146,483.58,557.52,155.17,91.58,124.51,80.56,3.759402,482.0,465.74,255.11,386.48
2026-01-14 21:46:59,XPQ-01 Main,2026-01-14 21:46:00,616.99,83.93,4.27566166666667,482.45,602.66,166.63,87.78,140.82,84.86,4.803372,482.74,630.88,177.36,91.56,151.2,85.54,4.334146,482.88,617.44,171.66,99.33,139.17,81.4,3.6927353333333297,481.75,515.65,278.67,431.19
2026-01-14 21:47:59,XPQ-01 Main,2026-01-14 21:47:00,461.89,84.41,5.15232833333333,484.09,447.74,124.24,63.13,106.46,86.01,5.73670533333333,484.31,478.81,135.02,68.55,115.56,86.01,4.80081266666667,484.42,459.12,128.09,74.41,103.58,81.22,4.92606866666667,483.54,387.35,206.09,325.6
2026-01-14 21:48:59,XPQ-01 Main,2026-01-14 21:48:00,423.33,85.75,4.978995,484.79,410.91,114.16,56.12,98.49,86.88,5.603372,484.94,436.26,123.21,59.38,106.98,87.43,4.734146,485.21,422.84,118.15,65.64,97.45,82.94,4.59273533333333,484.21,355.52,181.15,302.91
2026-01-14 21:49:59,XPQ-01 Main,2026-01-14 21:49:00,426.54,86.14,5.17566166666667,484.17,412.96,114.56,55.87,98.76,87.04,5.73670533333333,484.63,438.26,123.72,58.19,107.56,87.95,5.034146,484.68,428.38,119.48,65.15,98.64,83.44,4.759402,483.21,357.76,179.21,304.95
2026-01-14 21:50:59,XPQ-01 Main,2026-01-14 21:50:00,436.37,86.86,5.308995,484.65,421.22,116.95,54.71,102.54,88.23,6.103372,484.72,452.4,127.75,58.96,112.41,88.56,5.06747933333333,485.24,435.48,121.68,65.96,101.22,83.78,4.759402,483.98,366.38,179.63,316.17
2026-01-14 21:51:59,XPQ-01 Main,2026-01-14 21:51:00,407.68,84.97,5.45232833333333,484.84,395.39,109.86,55.63,93.92,86.04,6.203372,485.2,419.13,118.45,58.57,102.34,86.79,5.30081266666667,485.29,408.54,114.12,64.83,93.18,82.09,4.859402,484.03,342.42,179.04,289.45
2026-01-14 21:52:59,XPQ-01 Main,2026-01-14 21:52:00,435.32,86.7,5.388995,485.34,421.25,117.14,55.04,102.52,88.11,6.13670533333333,485.74,450.82,127.57,59.39,111.58,88.28,5.20081266666667,485.89,433.89,121.31,65.74,100.68,83.73,4.82606866666667,484.37,366.02,180.16,314.77
2026-01-14 21:53:59,XPQ-01 Main,2026-01-14 21:53:00,434.67,86.55,5.698995,484.85,421.41,117.07,55.13,102.53,88.08,6.53670533333333,485.01,450.42,127.26,59.97,111.15,88.01,5.534146,485.4,432.17,120.78,65.74,100.08,83.58,5.02606866666667,484.15,365.1,180.84,313.77
2026-01-14 21:54:59,XPQ-01 Main,2026-01-14 21:54:00,422.02,86.8,5.53232833333333,484.93,408.07,113.39,52.63,98.78,88.26,6.27003866666667,485.13,439.53,124.2,57.08,107.86,88.39,5.20081266666667,485.41,418.47,116.96,63.33,97.05,83.75,5.12606866666667,484.24,354.54,173.03,303.69
2026-01-14 21:55:59,XPQ-01 Main,2026-01-14 21:55:00,396.66,84.93,5.208995,485.47,385.04,107.1,53.97,91.67,86.17,5.87003866666667,485.59,408.24,115.48,57.39,99.36,86.59,4.90081266666667,486.01,396.69,111.01,62.9,90.19,82.02,4.859402,484.82,333.59,174.27,281.22
2026-01-14 21:56:59,XPQ-01 Main,2026-01-14 21:56:00,431.36,87.82,5.208995,485.34,415.65,115.65,51.68,102.94,89.37,6.003372,485.59,449.16,126.97,56.61,112.25,89.29,4.96747933333333,485.59,429.28,120.07,62.98,100.8,84.81,4.659402,484.84,362.7,171.27,315.99
2026-01-14 21:57:59,XPQ-01 Main,2026-01-14 21:57:00,435.06,87.43,5.42232833333333,485.62,422.69,117.67,54.61,103.75,88.49,6.003372,485.84,447.46,126.58,57.59,111.79,88.9,5.06747933333333,485.92,435.01,121.75,63.85,102.66,84.92,5.19273533333333,485.09,365.99,176.05,318.2
2026-01-14 21:58:59,XPQ-01 Main,2026-01-14 21:58:00,425.85,86.46,5.26566166666667,485.84,415.62,115.68,56.25,100.31,87.22,5.97003866666667,485.82,435.66,123.31,58.1,107.74,88.02,4.96747933333333,486.45,426.28,119.42,64.2,99.93,84.14,4.859402,485.24,358.41,178.54,307.99
2026-01-14 21:59:59,XPQ-01 Main,2026-01-14 21:59:00,448.72,87.76,4.92232833333333,485.44,437.6,121.72,55.64,107.38,88.79,5.503372,485.89,459.93,130.17,58.7,115.61,89.16,4.734146,485.94,448.63,125.45,64.97,106.25,85.32,4.52606866666667,484.5,377.34,179.31,329.23
2026-01-14 22:00:59,XPQ-01 Main,2026-01-14 22:00:00,424.79,86.65,5.33232833333333,485.22,412.16,114.65,54.84,99.38,87.55,5.903372,485.52,435.68,123.16,57.2,107.5,88.28,5.06747933333333,485.51,426.53,119.26,63.61,98.88,84.1,5.02606866666667,484.64,357.06,175.65,305.77
2026-01-14 22:01:59,XPQ-01 Main,2026-01-14 22:01:00,406.07,85.39,4.798995,485.55,395.11,109.89,54.56,93.46,86.36,5.503372,485.74,415.62,117.63,57.01,101.75,87.24,4.56747933333333,486.19,407.47,114.03,63.53,93.0,82.57,4.32606866666667,484.71,341.55,175.1,288.21
2026-01-14 22:02:59,XPQ-01 Main,2026-01-14 22:02:00,402.14,86.09,5.098995,486.25,394.78,109.95,54.81,94.58,86.52,5.67003866666667,486.45,407.25,115.44,55.36,100.35,87.56,4.834146,486.95,404.38,113.32,60.62,94.59,84.19,4.79273533333333,485.34,338.71,170.78,289.52
2026-01-14 22:03:59,XPQ-01 Main,2026-01-14 22:03:00,421.06,86.34,5.408995,485.33,411.08,114.28,56.52,98.59,86.75,6.103372,485.61,427.64,121.01,57.0,105.28,87.94,5.134146,486.01,424.45,118.7,63.14,99.04,84.32,4.99273533333333,484.37,353.99,176.67,302.91
2026-01-14 22:04:59,XPQ-01 Main,2026-01-14 22:04:00,437.06,86.01,4.55566166666667,485.79,425.36,118.42,57.62,102.79,87.23,5.103372,486.04,449.95,127.36,61.45,110.84,87.46,4.534146,486.21,435.87,122.03,66.95,100.92,83.33,4.02606866666667,485.11,367.81,186.01,314.55
2026-01-14 22:05:59,XPQ-01 Main,2026-01-14 22:05:00,581.07,81.97,4.598995,483.8,572.64,158.69,88.11,131.13,83.0,5.203372,483.98,593.07,167.25,92.01,137.7,83.15,4.30081266666667,484.47,577.5,161.04,96.44,127.49,79.75,4.29273533333333,482.96,486.98,276.57,396.32
2026-01-14 22:06:59,XPQ-01 Main,2026-01-14 22:06:00,611.99,82.03,4.14566166666667,483.9,597.7,165.76,90.33,138.2,83.7,4.703372,484.37,631.96,178.26,97.79,148.37,83.5,4.06747933333333,484.31,606.3,169.0,103.59,133.03,78.9,3.659402,483.02,513.02,291.71,419.6
2026-01-14 22:07:59,XPQ-01 Main,2026-01-14 22:07:00,636.71,83.33,4.288995,484.16,621.18,172.3,92.01,145.01,84.44,4.87003866666667,484.41,653.52,184.42,96.97,156.29,84.97,4.20081266666667,484.74,635.45,177.31,104.74,142.47,80.57,3.79273533333333,483.33,534.03,293.71,443.77
2026-01-14 22:08:59,XPQ-01 Main,2026-01-14 22:08:00,660.37,83.96,4.36566166666667,483.56,641.81,177.9,91.89,151.88,85.56,4.903372,483.94,683.94,192.7,99.81,164.46,85.49,4.26747933333333,483.86,655.37,182.6,107.25,147.32,80.84,3.92606866666667,482.88,553.2,298.95,463.66
2026-01-14 22:09:59,XPQ-01 Main,2026-01-14 22:09:00,669.16,82.45,4.38566166666667,482.73,656.53,181.58,97.42,152.33,84.25,4.87003866666667,483.07,691.4,194.56,106.38,161.69,83.54,4.134146,483.28,659.54,183.46,110.67,145.33,79.56,4.159402,481.86,559.6,314.46,459.34
2026-01-14 22:10:59,XPQ-01 Main,2026-01-14 22:10:00,669.88,84.3,4.25566166666667,482.82,658.59,182.19,92.84,156.05,85.94,4.87003866666667,483.18,690.88,194.44,101.09,165.18,85.3,4.234146,483.33,660.18,183.65,105.68,149.53,81.66,3.659402,481.94,560.29,299.61,470.76
2026-01-14 22:11:59,XPQ-01 Main,2026-01-14 22:11:00,633.15,83.04,4.12232833333333,482.92,621.01,171.84,92.08,144.64,84.36,4.67003866666667,483.18,650.19,182.99,98.1,153.93,84.33,4.06747933333333,483.4,628.25,174.84,103.68,140.27,80.42,3.6260686666666704,482.16,529.67,293.85,438.84
2026-01-14 22:12:59,XPQ-01 Main,2026-01-14 22:12:00,664.53,83.85,4.498995,483.11,650.65,180.09,94.13,152.48,85.09,5.37003866666667,483.32,682.79,192.25,100.11,163.14,85.23,4.434146,483.69,660.16,183.81,106.83,148.76,81.23,3.6927353333333297,482.31,556.15,301.06,464.37
2026-01-14 22:13:59,XPQ-01 Main,2026-01-14 22:13:00,667.3,84.72,4.42232833333333,483.75,654.84,181.48,92.11,155.67,86.06,5.003372,484.03,686.23,193.5,98.64,165.22,85.86,4.36747933333333,484.34,660.82,184.22,104.35,150.8,82.23,3.89273533333333,482.88,559.2,295.1,471.69
2026-01-14 22:14:59,XPQ-01 Main,2026-01-14 22:14:00,689.29,83.18,4.52232833333333,482.91,679.15,187.88,101.0,157.99,84.25,5.23670533333333,483.07,704.07,198.14,106.17,166.48,84.31,4.234146,483.5,684.63,190.58,111.43,153.73,80.97,4.09273533333333,482.15,576.6,318.6,478.2
2026-01-14 22:15:59,XPQ-01 Main,2026-01-14 22:15:00,736.09,79.58,4.38566166666667,480.86,722.26,198.93,118.06,159.78,80.43,5.003372,481.19,749.65,210.18,122.45,169.92,81.13,4.40081266666667,481.52,736.35,204.03,129.27,156.85,77.17,3.759402,479.86,613.14,369.78,486.55
2026-01-14 22:16:59,XPQ-01 Main,2026-01-14 22:16:00,856.37,83.3,4.27566166666667,481.37,842.57,232.3,124.78,195.64,84.31,4.83670533333333,481.6,874.26,245.33,130.79,207.15,84.56,4.36747933333333,482.05,852.29,236.46,138.4,191.37,81.03,3.62606866666667,480.45,714.09,393.97,594.16
2026-01-14 22:17:59,XPQ-01 Main,2026-01-14 22:17:00,860.17,83.13,4.36566166666667,481.15,848.31,233.74,125.37,196.83,84.34,4.803372,481.2,879.58,246.66,132.71,207.25,84.21,4.434146,481.9,852.62,236.54,138.97,190.83,80.84,3.859402,480.35,716.93,397.05,594.91
2026-01-14 22:18:59,XPQ-01 Main,2026-01-14 22:18:00,944.56,84.41,4.34232833333333,480.16,928.4,255.28,132.7,217.79,85.4,4.87003866666667,480.15,965.36,270.11,139.15,230.67,85.63,4.20081266666667,480.91,939.91,260.26,147.91,213.5,82.2,3.959402,479.43,785.66,419.76,661.96
2026-01-14 22:19:59,XPQ-01 Main,2026-01-14 22:19:00,926.65,84.85,4.04566166666667,480.91,913.3,251.66,127.91,216.27,86.07,4.47003866666667,481.22,948.78,265.91,135.99,227.4,85.82,4.00081266666667,481.36,917.88,254.38,142.79,209.66,82.65,3.659402,480.15,771.96,406.7,653.33
2026-01-14 22:20:59,XPQ-01 Main,2026-01-14 22:20:00,909.96,83.81,4.07566166666667,481.65,892.33,246.14,130.28,208.25,84.78,4.67003866666667,481.7,929.66,260.95,136.3,221.5,85.17,4.034146,482.39,907.87,252.14,145.61,204.58,81.47,3.52606866666667,480.87,759.23,412.2,634.34
2026-01-14 22:21:59,XPQ-01 Main,2026-01-14 22:21:00,882.03,83.6,4.008995,481.25,866.21,238.73,128.77,200.83,84.18,4.503372,481.29,895.62,251.19,131.72,213.46,85.1,4.06747933333333,481.98,884.26,245.37,141.86,199.69,81.52,3.459402,480.46,735.28,402.36,613.98
2026-01-14 22:22:59,XPQ-01 Main,2026-01-14 22:22:00,863.51,83.31,4.308995,481.11,852.94,235.02,125.12,198.54,84.6,4.87003866666667,481.34,883.44,247.79,133.05,208.41,84.29,4.334146,481.81,854.16,236.85,138.52,191.68,81.05,3.7260686666666705,480.18,719.66,396.68,598.64
2026-01-14 22:23:59,XPQ-01 Main,2026-01-14 22:23:00,874.53,83.35,4.41232833333333,481.46,863.92,238.25,126.33,201.71,84.75,5.003372,481.55,896.16,251.43,135.21,211.53,84.26,4.40081266666667,482.09,863.53,239.69,140.21,194.01,81.05,3.8260686666666706,480.74,729.37,401.75,607.24
2026-01-14 22:24:59,XPQ-01 Main,2026-01-14 22:24:00,861.96,84.18,4.24232833333333,481.49,851.85,234.85,125.13,198.51,84.6,4.87003866666667,481.49,870.48,244.28,126.59,208.51,85.48,4.134146,482.3,863.53,239.76,135.43,197.43,82.46,3.7260686666666705,480.69,718.9,387.14,604.45
2026-01-14 22:25:59,XPQ-01 Main,2026-01-14 22:25:00,852.55,83.48,4.46566166666667,481.05,841.22,231.79,124.73,194.83,84.22,5.03670533333333,481.4,865.44,242.74,128.62,204.82,84.69,4.46747933333333,481.69,850.97,235.88,136.17,191.67,81.52,3.89273533333333,480.05,710.41,389.51,591.31
2026-01-14 22:26:59,XPQ-01 Main,2026-01-14 22:26:00,869.59,83.13,4.62232833333333,481.41,856.6,236.11,128.19,197.46,83.88,5.003372,481.63,883.7,248.07,132.35,208.97,84.48,4.634146,482.26,868.47,240.98,140.83,194.7,81.03,4.22606866666667,480.33,725.16,401.36,601.13
2026-01-14 22:27:59,XPQ-01 Main,2026-01-14 22:27:00,914.12,84.08,4.37566166666667,480.78,901.98,248.27,130.05,210.99,85.13,4.803372,480.74,933.41,261.58,136.74,221.33,85.07,4.36747933333333,481.66,906.97,251.46,143.15,205.45,82.05,3.959402,479.93,761.3,409.94,637.77
2026-01-14 22:28:59,XPQ-01 Main,2026-01-14 22:28:00,910.91,85.23,4.27566166666667,480.99,899.88,247.93,126.52,212.75,85.95,4.67003866666667,481.36,924.28,259.22,130.39,223.5,86.38,4.36747933333333,481.63,908.57,251.81,138.83,209.63,83.37,3.79273533333333,479.99,758.95,395.74,645.89
2026-01-14 22:29:59,XPQ-01 Main,2026-01-14 22:29:00,892.17,83.97,4.288995,481.49,879.28,242.33,128.52,204.33,84.65,4.63670533333333,481.66,906.59,254.58,132.2,215.98,85.29,4.40081266666667,482.46,890.63,247.2,141.09,202.02,81.98,3.8260686666666706,480.35,744.11,401.81,622.32
2026-01-14 22:30:59,XPQ-01 Main,2026-01-14 22:30:00,899.05,84.1,4.178995,481.51,888.23,244.96,128.39,207.78,85.07,4.67003866666667,481.98,915.6,257.13,134.33,218.08,85.14,4.20081266666667,482.19,893.31,247.79,141.11,202.72,82.07,3.659402,480.35,749.88,403.84,628.58
2026-01-14 22:31:59,XPQ-01 Main,2026-01-14 22:31:00,898.4,84.28,4.108995,480.96,889.78,245.18,127.13,208.63,85.4,4.53670533333333,481.48,916.12,256.94,134.17,217.88,85.15,4.16747933333333,481.49,889.3,246.37,139.51,202.09,82.29,3.62606866666667,479.9,748.48,400.81,628.6
2026-01-14 22:32:59,XPQ-01 Main,2026-01-14 22:32:00,896.74,84.11,4.25232833333333,481.1,889.21,245.07,127.26,208.4,85.35,4.803372,481.28,915.9,256.8,135.25,217.4,84.91,4.16747933333333,481.7,885.09,245.46,139.94,200.93,82.06,3.79273533333333,480.34,747.33,402.45,626.73
2026-01-14 22:33:59,XPQ-01 Main,2026-01-14 22:33:00,895.77,84.1,4.188995,481.35,885.55,244.06,128.57,206.91,84.94,4.83670533333333,481.68,910.56,255.64,133.42,217.34,85.22,4.06747933333333,482.2,891.21,247.2,140.83,202.83,82.14,3.659402,480.18,746.9,402.81,627.09
2026-01-14 22:34:59,XPQ-01 Main,2026-01-14 22:34:00,887.46,83.7,4.45232833333333,481.7,871.35,240.35,128.52,202.65,84.45,4.93670533333333,481.84,903.64,253.75,132.75,215.08,85.1,4.434146,482.49,887.38,246.42,142.03,200.17,81.56,3.9927353333333295,480.77,740.52,403.3,617.9
2026-01-14 22:35:59,XPQ-01 Main,2026-01-14 22:35:00,895.2,83.99,4.34566166666667,481.84,884.89,244.23,127.76,207.58,85.16,4.87003866666667,482.19,914.06,256.78,135.11,217.75,84.97,4.36747933333333,482.45,886.64,246.18,141.29,201.16,81.83,3.79273533333333,480.88,747.2,404.16,626.48
2026-01-14 22:36:59,XPQ-01 Main,2026-01-14 22:36:00,923.03,84.09,4.11232833333333,481.34,909.78,250.72,131.68,212.54,85.01,4.503372,481.44,941.02,264.07,137.3,224.42,85.3,4.10081266666667,482.19,918.3,254.83,145.7,208.39,81.96,3.7260686666666705,480.39,769.62,414.68,645.35
2026-01-14 22:37:59,XPQ-01 Main,2026-01-14 22:37:00,921.57,83.94,4.16566166666667,481.41,907.41,250.18,132.57,211.77,84.76,4.83670533333333,481.46,938.06,263.17,137.56,223.7,85.18,4.06747933333333,482.14,919.24,255.16,146.15,208.3,81.86,3.59273533333333,480.64,768.51,416.28,643.77
2026-01-14 22:38:59,XPQ-01 Main,2026-01-14 22:38:00,890.84,83.95,4.208995,481.99,875.55,241.8,128.73,204.23,84.6,4.83670533333333,482.33,905.7,254.43,132.14,216.58,85.36,4.26747933333333,482.48,891.26,247.55,141.8,202.37,81.9,3.52606866666667,481.17,743.78,402.68,623.18
2026-01-14 22:39:59,XPQ-01 Main,2026-01-14 22:39:00,863.05,83.47,4.02232833333333,482.4,851.89,235.31,126.0,198.39,84.41,4.73670533333333,482.45,879.17,247.21,131.42,208.75,84.63,4.00081266666667,483.22,858.11,238.68,138.54,193.9,81.37,3.32606866666667,481.53,721.19,395.96,601.05
2026-01-14 22:40:59,XPQ-01 Main,2026-01-14 22:40:00,900.66,84.01,4.07566166666667,482.01,884.93,244.27,129.39,206.59,84.75,4.53670533333333,482.4,916.81,257.73,133.54,219.08,85.39,4.234146,482.76,900.24,250.03,143.07,204.08,81.88,3.459402,480.88,752.02,406.01,629.75
2026-01-14 22:41:59,XPQ-01 Main,2026-01-14 22:41:00,880.62,84.07,4.05232833333333,481.78,868.76,239.65,126.62,203.05,84.85,4.503372,481.92,895.86,251.63,130.93,213.73,85.27,3.96747933333333,482.6,877.23,243.64,138.84,199.56,82.09,3.6927353333333297,480.81,734.92,396.38,616.34
2026-01-14 22:42:59,XPQ-01 Main,2026-01-14 22:42:00,874.16,83.58,3.998995,482.12,861.02,237.77,126.79,200.67,84.54,4.47003866666667,482.56,890.9,250.49,132.45,211.92,84.8,3.934146,482.78,870.57,241.81,140.19,196.41,81.39,3.59273533333333,481.01,730.06,399.43,609.0
2026-01-14 22:43:59,XPQ-01 Main,2026-01-14 22:43:00,1410.95,62.59,6.998995,473.27,1408.59,381.9,283.96,236.14,63.94,7.37003866666667,473.78,1418.99,391.58,297.24,248.01,64.07,6.334146,473.83,1405.26,383.15,299.29,223.13,59.77,7.29273533333333,472.21,1156.64,880.48,707.27
2026-01-14 22:44:59,XPQ-01 Main,2026-01-14 22:44:00,967.78,80.03,4.12232833333333,480.64,954.51,262.92,153.44,212.9,81.13,4.57003866666667,481.0,986.89,276.42,160.7,223.88,81.24,4.20081266666667,481.05,961.95,266.43,167.2,206.62,77.74,3.59273533333333,479.88,805.77,481.33,643.39
2026-01-14 22:45:59,XPQ-01 Main,2026-01-14 22:45:00,1023.44,82.33,4.23232833333333,480.52,1008.54,277.44,153.64,230.63,83.22,4.803372,480.75,1042.2,292.05,159.81,243.66,83.62,4.00081266666667,481.41,1019.59,282.4,168.75,226.05,80.13,3.89273533333333,479.4,851.9,482.2,700.34
2026-01-14 22:46:59,XPQ-01 Main,2026-01-14 22:46:00,997.34,80.67,4.398995,480.6,985.74,271.37,155.84,221.79,81.82,5.003372,480.69,1016.85,284.76,163.71,232.34,81.75,4.36747933333333,481.22,989.44,274.16,169.53,214.5,78.46,3.8260686666666706,479.88,830.3,489.08,668.64
2026-01-14 22:47:59,XPQ-01 Main,2026-01-14 22:47:00,1000.35,81.44,4.27566166666667,480.27,985.29,271.12,153.29,223.21,82.43,4.87003866666667,480.44,1019.35,285.24,160.02,234.79,82.63,4.234146,480.79,996.41,275.88,167.36,217.5,79.25,3.7260686666666705,479.6,832.24,480.67,675.49
2026-01-14 22:48:59,XPQ-01 Main,2026-01-14 22:48:00,1050.21,82.12,4.398995,479.56,1035.86,284.56,158.06,235.86,83.07,4.97003866666667,479.99,1069.31,299.0,164.74,248.36,83.33,4.234146,480.17,1045.45,288.87,172.99,230.4,79.97,3.9927353333333295,478.53,872.43,495.79,714.61
2026-01-14 22:49:59,XPQ-01 Main,2026-01-14 22:49:00,894.88,77.92,4.32232833333333,481.01,878.49,242.11,148.29,190.86,78.97,4.803372,481.42,913.59,256.17,155.12,203.14,79.48,4.30081266666667,481.52,892.55,247.36,162.44,185.98,75.32,3.859402,480.08,745.64,465.85,579.98
2026-01-14 22:50:59,XPQ-01 Main,2026-01-14 22:50:00,850.57,76.81,4.24232833333333,481.02,839.18,231.23,145.83,178.67,77.47,4.57003866666667,481.42,861.38,241.58,149.66,188.96,78.39,4.434146,481.64,851.17,235.9,156.9,175.64,74.58,3.7260686666666705,480.01,708.72,452.4,543.26
2026-01-14 22:51:59,XPQ-01 Main,2026-01-14 22:51:00,852.79,75.91,4.05566166666667,481.02,843.56,232.38,146.01,180.08,77.68,4.67003866666667,481.2,875.09,245.39,156.46,188.02,76.87,3.96747933333333,481.76,839.73,232.83,158.43,170.11,73.18,3.52606866666667,480.1,710.6,460.9,538.21
2026-01-14 22:52:59,XPQ-01 Main,2026-01-14 22:52:00,851.06,75.44,4.76566166666667,481.26,843.32,232.46,149.89,177.18,76.34,5.23670533333333,481.54,862.79,242.07,155.06,185.28,76.69,4.934146,481.93,847.08,234.94,159.59,171.93,73.29,4.12606866666667,480.3,709.47,464.55,534.38
2026-01-14 22:53:59,XPQ-01 Main,2026-01-14 22:53:00,828.68,74.42,4.578995,481.49,816.78,225.23,148.88,168.83,75.0,5.103372,481.72,838.77,235.44,152.51,178.97,76.11,4.56747933333333,482.22,830.5,230.47,159.37,166.0,72.14,4.059402,480.52,691.15,460.76,513.8
2026-01-14 22:54:59,XPQ-01 Main,2026-01-14 22:54:00,812.91,74.27,4.218995,481.78,801.57,221.16,146.37,165.44,74.89,4.57003866666667,481.96,822.73,231.06,150.07,175.26,75.96,4.334146,482.53,814.42,226.18,156.78,162.44,71.95,3.759402,480.86,678.41,453.22,503.13
2026-01-14 22:55:59,XPQ-01 Main,2026-01-14 22:55:00,810.97,72.71,4.35566166666667,481.55,804.87,222.12,148.0,165.02,74.45,4.93670533333333,481.95,828.45,232.52,157.34,170.6,73.51,4.20081266666667,481.99,799.6,221.84,157.5,155.09,70.16,3.92606866666667,480.71,676.48,462.83,490.72
2026-01-14 22:56:59,XPQ-01 Main,2026-01-14 22:56:00,884.36,66.18,4.288995,479.51,877.85,241.17,176.64,163.9,68.02,4.803372,479.72,903.51,252.47,187.02,169.12,67.07,4.36747933333333,480.05,871.73,240.93,185.85,152.56,63.45,3.6927353333333297,478.76,734.57,549.52,485.58
2026-01-14 22:57:59,XPQ-01 Main,2026-01-14 22:57:00,865.52,76.45,4.25566166666667,481.44,853.53,235.37,148.96,181.75,77.34,4.803372,481.64,879.34,246.76,154.46,191.94,77.91,4.234146,482.11,863.7,239.68,160.52,177.13,74.1,3.72606866666667,480.56,721.81,463.94,550.82
2026-01-14 22:58:59,XPQ-01 Main,2026-01-14 22:58:00,822.4,70.61,4.42232833333333,481.35,813.58,224.22,157.43,159.24,71.11,5.003372,481.63,830.15,233.05,160.56,167.79,72.25,4.50081266666667,482.22,823.49,228.43,166.12,156.08,68.48,3.759402,480.19,685.7,484.11,483.12
2026-01-14 22:59:59,XPQ-01 Main,2026-01-14 22:59:00,918.98,74.93,4.01232833333333,480.31,909.81,250.27,161.66,190.8,76.3,4.33670533333333,480.42,937.19,262.36,170.36,199.12,75.99,3.96747933333333,481.02,909.96,251.97,173.21,182.34,72.5,3.7260686666666705,479.48,764.6,505.24,572.26
2026-01-14 23:00:59,XPQ-01 Main,2026-01-14 23:00:00,871.92,72.96,4.24232833333333,480.42,860.67,236.8,159.01,175.36,74.08,4.73670533333333,480.55,887.57,248.54,165.99,184.59,74.36,4.10081266666667,481.15,867.52,240.26,170.32,169.01,70.44,3.89273533333333,479.54,725.61,495.32,528.96
2026-01-14 23:01:59,XPQ-01 Main,2026-01-14 23:01:00,833.38,72.18,4.35232833333333,480.89,821.24,226.17,155.31,164.28,72.67,4.803372,481.11,842.7,236.25,158.8,174.61,73.98,4.30081266666667,481.63,836.21,231.78,165.51,161.72,69.89,3.959402,479.93,694.2,479.63,500.61
2026-01-14 23:02:59,XPQ-01 Main,2026-01-14 23:02:00,756.18,67.65,4.93232833333333,481.04,740.74,204.1,148.57,139.25,68.39,5.57003866666667,481.59,768.33,215.58,153.8,150.23,69.87,4.734146,481.7,759.46,210.42,160.11,135.87,64.7,4.49273533333333,479.83,630.1,462.48,425.35
2026-01-14 23:03:59,XPQ-01 Main,2026-01-14 23:03:00,714.57,72.09,5.02232833333333,481.95,697.47,192.61,130.71,140.41,73.19,5.63670533333333,482.53,731.72,205.64,137.17,151.7,74.17,4.86747933333333,482.44,714.52,198.33,143.35,136.3,68.9,4.559402,480.88,596.58,411.23,428.41
2026-01-14 23:04:59,XPQ-01 Main,2026-01-14 23:04:00,715.39,71.8,5.77566166666667,482.09,701.22,193.67,131.66,141.01,73.09,6.27003866666667,482.72,732.13,205.88,138.77,150.99,73.63,5.634146,482.69,712.81,197.89,143.49,135.61,68.69,5.42606866666667,480.87,597.44,413.91,427.62
2026-01-14 23:05:59,XPQ-01 Main,2026-01-14 23:05:00,1236.22,47.77,4.96566166666667,474.25,1228.4,333.53,286.26,162.77,49.43,5.47003866666667,474.53,1257.41,347.8,299.12,168.1,48.99,4.86747933333333,475.15,1222.86,334.23,294.57,147.97,44.89,4.559402,473.06,1015.56,879.95,478.83
2026-01-14 23:06:59,XPQ-01 Main,2026-01-14 23:06:00,779.67,66.9,4.82232833333333,481.05,766.0,211.01,153.83,143.7,68.26,5.27003866666667,481.53,797.84,223.9,161.86,152.69,68.62,4.634146,481.84,775.17,214.8,165.03,136.75,63.8,4.559402,479.77,649.71,480.72,433.14
2026-01-14 23:07:59,XPQ-01 Main,2026-01-14 23:07:00,805.01,69.14,4.65232833333333,480.96,793.57,218.59,153.7,154.96,71.0,5.203372,481.25,826.56,231.8,164.22,162.91,70.43,4.734146,481.72,794.89,220.32,165.34,145.22,65.99,4.02606866666667,479.91,670.71,483.25,463.09
2026-01-14 23:08:59,XPQ-01 Main,2026-01-14 23:08:00,823.13,69.52,4.66566166666667,480.37,815.03,224.33,157.21,159.23,71.16,5.27003866666667,480.86,840.66,235.45,166.38,166.2,70.67,4.46747933333333,480.89,813.71,225.16,167.53,150.06,66.72,4.259402,479.37,684.95,491.12,475.49
2026-01-14 23:09:59,XPQ-01 Main,2026-01-14 23:09:00,833.31,70.14,4.52232833333333,480.72,820.01,225.84,158.79,159.79,70.93,4.97003866666667,481.22,846.13,237.18,164.12,170.12,71.97,4.56747933333333,481.28,833.79,230.89,169.99,155.56,67.51,4.02606866666667,479.66,693.91,492.9,485.47
2026-01-14 23:10:59,XPQ-01 Main,2026-01-14 23:10:00,816.71,68.64,4.488995,480.55,809.88,222.97,157.7,156.62,70.47,4.83670533333333,480.96,836.01,234.23,167.65,162.66,69.63,4.46747933333333,481.11,804.26,222.66,167.46,146.38,65.81,4.159402,479.57,679.86,492.81,465.66
2026-01-14 23:11:59,XPQ-01 Main,2026-01-14 23:11:00,829.2,70.7,4.598995,480.52,811.09,223.27,155.45,159.37,71.59,5.003372,480.95,845.68,236.94,161.93,171.91,72.79,4.56747933333333,481.12,830.85,230.01,168.84,155.35,67.71,4.22606866666667,479.48,690.22,486.21,486.63
2026-01-14 23:12:59,XPQ-01 Main,2026-01-14 23:12:00,881.79,72.34,4.508995,480.36,870.65,239.45,162.23,175.69,73.47,5.13670533333333,480.45,897.64,251.38,169.31,184.94,73.76,4.46747933333333,481.24,877.1,242.91,173.64,169.19,69.79,3.92606866666667,479.4,733.74,505.18,529.81
2026-01-14 23:13:59,XPQ-01 Main,2026-01-14 23:13:00,920.07,74.75,4.14566166666667,480.31,906.31,249.32,161.0,190.07,76.31,4.67003866666667,480.44,943.07,264.01,171.22,200.32,76.02,4.034146,481.02,910.83,252.21,174.91,181.12,71.93,3.72606866666667,479.47,765.53,507.13,571.51
2026-01-14 23:14:59,XPQ-01 Main,2026-01-14 23:14:00,911.05,74.79,4.35566166666667,480.01,895.65,246.32,158.66,187.76,76.38,4.83670533333333,480.5,934.59,261.56,169.14,198.8,76.16,4.334146,480.53,902.92,249.67,173.41,179.06,71.84,3.89273533333333,479.0,757.56,501.21,565.62
2026-01-14 23:15:59,XPQ-01 Main,2026-01-14 23:15:00,909.74,75.26,4.25566166666667,479.97,896.07,246.16,158.17,188.01,76.52,4.87003866666667,479.97,930.17,260.31,166.44,198.58,76.64,4.16747933333333,481.01,902.98,249.93,171.48,181.11,72.61,3.72606866666667,478.94,756.4,496.09,567.69
2026-01-14 23:16:59,XPQ-01 Main,2026-01-14 23:16:00,912.28,75.35,4.13232833333333,480.7,897.89,247.04,160.03,187.4,76.05,4.703372,480.9,924.03,259.08,164.81,199.08,77.03,4.20081266666667,481.72,914.93,253.51,172.44,184.12,72.99,3.49273533333333,479.48,759.63,497.28,570.6
2026-01-14 23:17:59,XPQ-01 Main,2026-01-14 23:17:00,908.69,75.3,4.298995,480.24,893.88,245.89,157.29,188.39,76.76,4.803372,480.7,930.13,260.49,166.93,199.33,76.67,4.26747933333333,480.89,902.05,249.57,171.55,180.46,72.48,3.8260686666666706,479.14,755.96,495.76,568.19
2026-01-14 23:18:59,XPQ-01 Main,2026-01-14 23:18:00,901.11,75.6,4.298995,480.21,888.39,244.22,157.01,186.32,76.47,4.83670533333333,480.56,914.85,256.28,162.78,197.09,77.1,4.36747933333333,481.15,900.09,249.07,169.13,181.88,73.23,3.6927353333333297,478.94,749.57,488.93,565.28
2026-01-14 23:19:59,XPQ-01 Main,2026-01-14 23:19:00,861.57,74.87,4.34232833333333,480.9,851.31,234.39,152.32,177.52,75.89,4.63670533333333,480.94,876.34,245.68,158.6,186.68,76.21,4.40081266666667,481.8,857.06,237.65,163.26,171.83,72.5,3.9927353333333295,479.97,717.72,474.18,536.03
2026-01-14 23:20:59,XPQ-01 Main,2026-01-14 23:20:00,868.87,75.11,4.28566166666667,480.28,857.0,235.82,152.73,179.28,76.12,4.77003866666667,480.54,883.66,247.35,158.91,188.65,76.48,4.26747933333333,480.82,865.94,239.69,163.89,173.72,72.74,3.8260686666666706,479.47,722.85,475.53,541.65
2026-01-14 23:21:59,XPQ-01 Main,2026-01-14 23:21:00,869.84,74.7,4.15232833333333,479.45,859.14,235.98,153.05,178.71,75.95,4.703372,479.93,886.27,247.78,160.78,187.91,75.98,4.234146,480.03,864.11,238.66,164.8,171.76,72.16,3.52606866666667,478.38,722.42,478.63,538.37
2026-01-14 23:22:59,XPQ-01 Main,2026-01-14 23:22:00,830.94,73.53,4.23232833333333,480.86,818.81,225.43,149.48,168.11,74.73,5.03670533333333,481.23,847.55,237.74,156.69,177.31,74.93,4.00081266666667,481.74,826.46,228.99,160.91,161.88,70.92,3.659402,479.61,692.15,467.08,507.3
2026-01-14 23:23:59,XPQ-01 Main,2026-01-14 23:23:00,815.34,72.11,4.218995,480.3,803.24,220.96,150.62,161.22,73.07,4.703372,480.35,829.33,232.13,156.44,170.41,73.67,4.20081266666667,481.02,813.45,225.27,161.25,156.33,69.61,3.759402,479.53,678.36,468.31,487.95
2026-01-14 23:24:59,XPQ-01 Main,2026-01-14 23:24:00,874.62,70.85,4.388995,479.34,861.23,236.49,163.31,170.22,72.16,4.77003866666667,479.69,892.38,249.38,171.78,180.05,72.35,4.434146,479.96,870.24,240.37,175.74,163.1,68.03,3.959402,478.38,726.23,510.83,513.37
2026-01-14 23:25:59,XPQ-01 Main,2026-01-14 23:25:00,890.0,72.92,4.398995,478.77,875.22,239.83,161.15,177.21,73.98,4.83670533333333,478.85,907.54,253.38,168.25,188.05,74.52,4.534146,479.81,887.25,244.92,173.77,171.61,70.27,3.8260686666666706,477.66,738.13,503.17,536.86
2026-01-14 23:26:59,XPQ-01 Main,2026-01-14 23:26:00,881.27,72.21,4.17566166666667,478.49,865.59,237.15,160.97,173.32,73.27,4.67003866666667,478.94,898.11,250.7,168.08,184.03,73.84,4.20081266666667,479.33,880.12,242.62,173.52,167.75,69.51,3.659402,477.22,730.47,502.56,525.1
2026-01-14 23:27:59,XPQ-01 Main,2026-01-14 23:27:00,872.27,71.54,4.098995,478.47,858.97,235.38,161.66,170.27,72.52,4.47003866666667,478.55,887.63,247.53,167.98,179.97,73.1,4.26747933333333,479.22,870.2,240.06,173.01,164.94,69.0,3.559402,477.65,722.96,502.64,515.18
2026-01-14 23:28:59,XPQ-01 Main,2026-01-14 23:28:00,899.93,73.0,4.23232833333333,478.78,881.13,241.59,161.91,178.77,74.12,4.63670533333333,479.22,918.79,256.58,169.79,191.77,74.87,4.334146,479.54,899.87,248.21,176.88,173.47,70.02,3.7260686666666705,477.57,746.38,508.58,544.01
2026-01-14 23:29:59,XPQ-01 Main,2026-01-14 23:29:00,899.7,72.03,4.33232833333333,478.83,883.01,242.19,164.05,177.65,73.47,5.003372,478.96,920.52,256.87,173.51,188.52,73.58,4.30081266666667,479.48,895.57,247.22,178.02,169.92,69.05,3.6927353333333297,478.07,746.28,515.59,536.09
2026-01-14 23:30:59,XPQ-01 Main,2026-01-14 23:30:00,883.66,70.12,4.208995,478.71,865.0,237.01,165.74,168.78,71.35,4.77003866666667,478.9,904.54,252.57,174.38,181.12,72.04,4.30081266666667,479.72,881.44,243.22,180.36,162.65,66.97,3.559402,477.51,732.8,520.47,512.54
2026-01-14 23:31:59,XPQ-01 Main,2026-01-14 23:31:00,928.45,72.33,4.44232833333333,478.75,905.87,248.36,168.1,181.99,73.46,4.903372,479.2,950.19,265.33,176.76,196.88,74.41,4.30081266666667,479.52,929.28,256.32,184.91,176.81,69.11,4.12606866666667,477.55,770.01,529.77,555.68
2026-01-14 23:32:59,XPQ-01 Main,2026-01-14 23:32:00,916.71,71.95,4.28566166666667,478.56,901.69,247.15,167.26,181.31,73.5,4.83670533333333,478.68,939.02,261.91,177.49,191.65,73.37,4.16747933333333,479.24,909.41,250.9,181.14,172.59,68.98,3.859402,477.77,759.96,525.89,545.55
2026-01-14 23:33:59,XPQ-01 Main,2026-01-14 23:33:00,834.79,74.5,4.24566166666667,480.14,815.23,224.19,145.92,169.36,75.76,4.93670533333333,480.52,856.43,239.78,154.03,182.1,76.35,4.334146,480.83,832.71,230.37,160.88,164.08,71.4,3.459402,479.06,694.34,460.83,515.54
2026-01-14 23:34:59,XPQ-01 Main,2026-01-14 23:34:00,808.11,73.4,4.03232833333333,480.55,795.43,218.91,146.24,162.36,74.3,4.73670533333333,480.94,821.27,230.16,151.8,172.38,75.05,4.234146,481.29,807.65,223.62,157.57,158.16,70.84,3.12606866666667,479.41,672.69,455.61,492.89
2026-01-14 23:35:59,XPQ-01 Main,2026-01-14 23:35:00,797.75,74.04,4.36566166666667,480.48,782.48,215.3,141.81,161.7,75.18,4.93670533333333,480.49,815.46,228.34,148.58,171.92,75.66,4.36747933333333,481.26,795.3,220.34,153.97,156.51,71.29,3.79273533333333,479.69,663.99,444.36,490.12
2026-01-14 23:36:59,XPQ-01 Main,2026-01-14 23:36:00,820.16,75.03,4.22232833333333,480.51,806.26,221.8,142.81,169.23,76.42,4.803372,480.81,839.64,235.33,151.12,179.25,76.45,4.234146,481.41,814.59,225.56,155.65,162.45,72.21,3.62606866666667,479.32,682.69,449.59,510.93
2026-01-14 23:37:59,XPQ-01 Main,2026-01-14 23:37:00,815.56,76.34,4.47566166666667,480.91,801.87,220.85,139.64,170.64,77.39,5.07003866666667,481.29,831.35,233.15,145.99,181.16,77.86,4.50081266666667,481.65,813.47,225.42,151.87,165.9,73.76,3.859402,479.8,679.42,437.49,517.7
2026-01-14 23:38:59,XPQ-01 Main,2026-01-14 23:38:00,806.25,74.03,4.15566166666667,479.98,793.24,218.12,143.84,163.45,75.07,4.503372,480.21,821.11,229.71,150.05,173.24,75.59,4.16747933333333,480.59,804.4,222.53,155.32,158.51,71.42,3.79273533333333,479.15,670.36,449.22,495.19
2026-01-14 23:39:59,XPQ-01 Main,2026-01-14 23:39:00,896.47,77.26,4.608995,479.48,880.36,241.77,148.52,190.27,78.83,5.103372,479.67,920.58,257.29,158.79,201.63,78.56,4.60081266666667,480.15,888.46,245.55,163.69,182.25,74.4,4.12606866666667,478.62,744.62,471.0,574.15
2026-01-14 23:40:59,XPQ-01 Main,2026-01-14 23:40:00,1025.57,76.57,4.17566166666667,478.12,1008.18,275.98,172.95,214.41,77.83,4.803372,478.41,1048.15,292.27,182.46,227.32,77.99,4.134146,478.99,1020.38,281.18,189.01,207.19,73.88,3.59273533333333,476.98,849.42,544.42,648.93
2026-01-14 23:41:59,XPQ-01 Main,2026-01-14 23:41:00,1040.69,76.84,3.898995,477.72,1022.2,279.53,173.85,218.63,78.27,4.43670533333333,477.58,1067.02,297.08,184.68,231.34,78.15,3.7008126666666703,478.67,1032.85,284.62,190.46,210.15,74.1,3.559402,476.9,861.22,548.99,660.12
2026-01-14 23:42:59,XPQ-01 Main,2026-01-14 23:42:00,1080.49,78.56,4.088995,477.79,1059.7,289.8,174.18,231.18,79.87,4.47003866666667,477.98,1106.79,308.43,184.6,246.25,80.01,4.034146,478.77,1074.99,296.07,192.8,224.05,75.8,3.759402,476.6,894.29,551.59,701.47
2026-01-14 23:43:59,XPQ-01 Main,2026-01-14 23:43:00,1087.13,78.97,4.53232833333333,477.65,1066.4,291.7,173.1,234.04,80.4,5.203372,477.85,1116.08,310.76,184.56,248.87,80.32,4.40081266666667,478.37,1078.91,297.08,191.99,225.92,76.2,3.9927353333333295,476.73,899.54,549.65,708.83
2026-01-14 23:44:59,XPQ-01 Main,2026-01-14 23:44:00,1087.57,78.98,4.27566166666667,477.62,1072.43,293.11,176.36,233.81,79.84,4.703372,477.42,1105.39,307.74,182.93,246.76,80.33,4.26747933333333,478.72,1084.88,298.94,191.17,229.06,76.77,3.859402,476.72,899.79,550.46,709.62
2026-01-14 23:45:59,XPQ-01 Main,2026-01-14 23:45:00,1085.11,78.42,4.288995,477.71,1068.2,292.2,177.13,231.98,79.48,4.77003866666667,477.72,1106.89,308.16,185.38,244.61,79.7,4.16747933333333,478.49,1080.23,297.58,192.43,225.55,76.07,3.92606866666667,476.91,897.93,554.94,702.14
2026-01-14 23:46:59,XPQ-01 Main,2026-01-14 23:46:00,1062.96,78.29,3.998995,478.02,1046.37,286.4,173.34,227.58,79.55,4.47003866666667,478.08,1086.53,302.73,183.03,240.55,79.58,3.934146,478.82,1055.97,291.07,189.73,220.01,75.73,3.59273533333333,477.18,880.2,546.1,688.15
2026-01-14 23:47:59,XPQ-01 Main,2026-01-14 23:47:00,1060.8,78.83,4.188995,477.91,1044.5,285.83,170.88,228.82,80.12,4.63670533333333,478.03,1084.49,302.12,180.81,241.74,80.08,4.06747933333333,478.7,1053.42,290.26,187.38,221.05,76.28,3.859402,477.0,878.21,539.08,691.61
2026-01-14 23:48:59,XPQ-01 Main,2026-01-14 23:48:00,1112.81,79.76,4.278995,477.13,1093.64,298.63,175.94,241.04,80.77,4.87003866666667,477.24,1135.52,315.97,184.04,255.83,81.18,4.10081266666667,478.17,1109.27,305.16,193.13,235.6,77.34,3.859402,475.99,919.77,553.11,732.46
2026-01-14 23:49:59,XPQ-01 Main,2026-01-14 23:49:00,1123.25,78.36,4.31232833333333,477.42,1109.64,303.24,184.77,240.11,79.25,4.903372,477.67,1140.95,317.72,191.86,252.71,79.65,4.434146,478.37,1119.17,307.96,199.36,234.48,76.19,3.59273533333333,476.2,928.92,575.99,727.3
2026-01-14 23:50:59,XPQ-01 Main,2026-01-14 23:50:00,1090.82,78.63,4.18566166666667,477.74,1071.88,293.22,176.51,233.45,79.77,4.77003866666667,477.8,1114.27,310.26,185.52,247.12,79.97,4.26747933333333,478.53,1086.3,299.24,193.08,226.84,76.15,3.52606866666667,476.88,902.73,555.11,707.41
2026-01-14 23:51:59,XPQ-01 Main,2026-01-14 23:51:00,922.18,72.42,4.278995,480.12,907.67,249.55,170.48,182.01,72.99,4.77003866666667,480.28,933.98,261.41,174.94,193.72,74.22,4.26747933333333,480.94,924.89,255.99,182.37,179.09,70.07,3.79273533333333,479.15,766.95,527.78,554.82
2026-01-14 23:52:59,XPQ-01 Main,2026-01-14 23:52:00,880.04,70.88,4.54232833333333,479.81,867.63,238.41,165.43,171.32,71.94,5.103372,480.02,895.28,250.42,172.37,181.19,72.45,4.80081266666667,480.55,877.21,242.6,177.07,165.29,68.24,3.7260686666666705,478.84,731.43,514.87,517.8
2026-01-14 23:53:59,XPQ-01 Main,2026-01-14 23:53:00,811.42,77.46,4.44566166666667,481.51,797.38,219.89,136.52,171.84,78.3,4.703372,481.83,825.57,231.78,141.48,182.61,79.05,4.534146,482.22,811.31,225.12,148.33,168.38,75.04,4.09273533333333,480.46,676.8,426.33,522.83
2026-01-14 23:54:59,XPQ-01 Main,2026-01-14 23:54:00,846.09,75.78,4.24566166666667,481.08,831.91,229.17,145.19,176.65,77.25,4.63670533333333,481.18,867.78,243.36,154.23,186.95,77.14,4.334146,481.91,838.57,232.58,158.69,169.24,72.95,3.759402,480.16,705.11,458.1,532.84
2026-01-14 23:55:59,XPQ-01 Main,2026-01-14 23:55:00,728.64,78.97,4.35566166666667,482.36,712.06,196.79,117.13,157.58,80.26,5.103372,482.76,747.03,210.07,124.08,169.03,80.61,4.16747933333333,482.89,726.83,201.99,130.79,153.14,76.04,3.79273533333333,481.44,608.85,372.0,479.76
2026-01-14 23:56:59,XPQ-01 Main,2026-01-14 23:56:00,726.99,79.17,4.27566166666667,482.6,709.96,196.14,117.43,156.63,80.01,4.803372,482.89,742.79,209.11,122.05,168.53,80.99,4.234146,483.55,728.21,202.52,130.1,154.5,76.49,3.79273533333333,481.34,607.77,369.58,479.67
2026-01-14 23:57:59,XPQ-01 Main,2026-01-14 23:57:00,754.44,80.35,4.56566166666667,482.69,739.93,204.5,119.54,165.44,81.05,5.13670533333333,482.89,767.31,215.96,123.32,176.72,82.01,4.70081266666667,483.56,756.09,210.36,131.29,163.55,77.98,3.859402,481.63,630.82,374.15,505.71
2026-01-14 23:58:59,XPQ-01 Main,2026-01-14 23:58:00,744.93,79.6,4.32232833333333,482.59,730.21,201.86,118.21,163.11,80.97,4.83670533333333,482.99,764.61,215.16,125.76,173.94,81.04,4.40081266666667,483.24,739.99,205.74,131.61,157.82,76.8,3.72606866666667,481.53,622.76,375.58,494.88
2026-01-14 23:59:59,XPQ-01 Main,2026-01-14 23:59:00,763.24,80.4,4.23232833333333,482.85,748.67,207.02,119.9,168.55,81.49,4.803372,483.13,780.34,219.7,125.91,179.45,81.86,4.26747933333333,483.64,760.72,211.68,132.58,164.53,77.87,3.6260686666666704,481.79,638.41,378.38,512.53
2026-01-15 00:00:59,XPQ-01 Main,2026-01-15 00:00:00,718.88,80.15,4.47566166666667,483.04,703.81,194.73,112.77,158.1,81.41,5.13670533333333,483.4,737.03,207.59,119.39,168.75,81.63,4.46747933333333,483.73,715.81,199.23,125.64,153.59,77.4,3.8260686666666706,482.0,601.55,357.81,480.44
2026-01-15 00:01:59,XPQ-01 Main,2026-01-15 00:01:00,712.16,78.74,4.54232833333333,483.05,698.11,193.2,115.72,153.99,79.94,5.203372,483.23,728.47,205.07,122.01,164.17,80.26,4.60081266666667,483.64,709.89,197.65,127.91,149.6,76.0,3.8260686666666706,482.28,595.92,365.64,467.75
2026-01-15 00:02:59,XPQ-01 Main,2026-01-15 00:02:00,729.75,80.35,4.408995,483.0,717.86,198.67,114.88,161.01,81.4,5.003372,483.37,744.04,209.48,120.34,170.88,81.76,4.16747933333333,483.52,727.36,202.42,126.48,157.14,77.9,4.059402,482.11,610.57,361.71,489.03
2026-01-15 00:03:59,XPQ-01 Main,2026-01-15 00:03:00,734.35,80.46,4.26566166666667,482.91,720.12,199.25,115.17,162.13,81.52,4.83670533333333,483.16,750.49,211.21,120.78,172.54,81.92,4.16747933333333,483.45,732.43,203.85,127.32,158.39,77.94,3.79273533333333,482.12,614.31,363.26,493.06
2026-01-15 00:04:59,XPQ-01 Main,2026-01-15 00:04:00,706.37,79.96,4.408995,483.26,691.25,191.24,112.05,154.43,80.94,4.87003866666667,483.33,721.91,203.4,116.96,164.95,81.57,4.534146,484.19,705.97,196.69,123.94,151.4,77.38,3.8260686666666706,482.26,591.34,352.94,470.78
2026-01-15 00:05:59,XPQ-01 Main,2026-01-15 00:05:00,716.69,79.97,4.178995,483.38,701.8,194.25,113.43,156.87,81.03,4.67003866666667,483.73,733.66,206.85,118.93,167.52,81.54,4.26747933333333,484.22,714.61,199.04,125.75,153.36,77.33,3.59273533333333,482.19,600.13,358.12,477.75
2026-01-15 00:06:59,XPQ-01 Main,2026-01-15 00:06:00,720.39,79.79,4.318995,483.06,706.2,195.44,114.99,157.58,80.78,4.93670533333333,483.16,736.53,207.31,120.06,167.7,81.31,4.16747933333333,483.66,718.44,200.08,126.62,154.11,77.27,3.859402,482.37,602.82,361.67,479.4
2026-01-15 00:07:59,XPQ-01 Main,2026-01-15 00:07:00,735.94,80.27,4.33232833333333,483.31,723.02,200.05,115.67,161.8,81.35,4.83670533333333,483.47,751.76,211.87,121.34,172.19,81.74,4.20081266666667,484.24,733.04,204.22,127.86,157.92,77.72,3.959402,482.21,616.15,364.87,491.91
2026-01-15 00:08:59,XPQ-01 Main,2026-01-15 00:08:00,731.86,80.25,4.188995,483.36,718.64,198.88,115.31,161.43,81.37,4.87003866666667,483.6,748.53,211.0,121.15,171.68,81.7,4.06747933333333,484.25,728.42,202.92,127.5,157.28,77.68,3.62606866666667,482.23,612.8,363.97,490.39
2026-01-15 00:09:59,XPQ-01 Main,2026-01-15 00:09:00,717.53,79.72,4.28566166666667,483.74,701.24,194.22,114.0,156.06,80.75,4.97003866666667,483.96,735.44,207.47,119.33,167.19,81.4,4.16747933333333,484.64,715.92,199.61,126.63,152.86,77.01,3.72606866666667,482.63,601.29,359.96,476.11
2026-01-15 00:10:59,XPQ-01 Main,2026-01-15 00:10:00,719.75,80.02,4.23232833333333,483.5,703.58,194.83,113.38,157.4,81.14,4.77003866666667,483.51,736.55,207.53,119.23,168.23,81.59,4.16747933333333,484.24,719.13,200.48,126.01,153.64,77.32,3.759402,482.74,602.84,358.62,479.27
2026-01-15 00:11:59,XPQ-01 Main,2026-01-15 00:11:00,717.4,80.3,4.088995,483.62,705.4,195.29,113.93,157.86,81.09,4.63670533333333,483.73,729.64,205.76,117.79,167.84,81.85,4.134146,484.57,717.18,199.95,124.89,155.47,77.96,3.49273533333333,482.56,601.0,356.61,481.17
2026-01-15 00:12:59,XPQ-01 Main,2026-01-15 00:12:00,725.23,79.66,4.208995,483.34,712.94,197.32,116.42,158.15,80.53,4.87003866666667,483.73,738.39,208.17,120.96,168.47,81.23,4.10081266666667,484.15,724.35,201.71,127.9,155.36,77.2,3.659402,482.13,607.21,365.28,481.98
2026-01-15 00:13:59,XPQ-01 Main,2026-01-15 00:13:00,704.23,78.97,4.278995,483.31,692.07,191.67,114.66,152.27,79.89,4.83670533333333,483.64,717.4,202.07,119.15,161.62,80.49,4.20081266666667,483.8,703.21,195.85,125.32,149.07,76.54,3.79273533333333,482.51,589.59,359.12,462.95
2026-01-15 00:14:59,XPQ-01 Main,2026-01-15 00:14:00,711.59,78.82,4.44566166666667,483.95,699.64,194.01,116.72,154.28,79.75,4.87003866666667,484.34,724.21,204.3,121.42,163.88,80.35,4.60081266666667,484.48,710.92,198.23,127.65,150.99,76.37,3.859402,483.05,596.55,365.78,469.15
2026-01-15 00:15:59,XPQ-01 Main,2026-01-15 00:15:00,723.72,80.05,4.28566166666667,483.46,712.94,197.49,115.68,159.35,80.92,4.803372,483.78,735.56,207.27,120.01,168.54,81.46,4.10081266666667,483.99,722.67,201.33,126.2,156.06,77.76,3.959402,482.6,606.09,361.9,483.96
2026-01-15 00:16:59,XPQ-01 Main,2026-01-15 00:16:00,728.41,79.33,4.308995,483.35,715.22,197.9,117.89,158.2,80.18,5.003372,483.46,741.95,209.12,122.36,168.4,80.9,4.26747933333333,484.33,728.06,202.87,129.18,155.35,76.89,3.659402,482.27,609.89,369.43,481.96
2026-01-15 00:17:59,XPQ-01 Main,2026-01-15 00:17:00,695.97,78.6,4.308995,483.7,682.65,189.19,114.56,149.99,79.47,4.83670533333333,484.23,709.26,200.05,118.86,159.71,80.22,4.06747933333333,484.25,696.01,193.91,125.36,147.11,76.11,4.02606866666667,482.63,583.15,358.78,456.81
2026-01-15 00:18:59,XPQ-01 Main,2026-01-15 00:18:00,699.94,79.18,4.188995,484.09,687.4,190.67,114.17,151.91,79.94,4.67003866666667,484.53,711.05,200.67,117.85,161.67,80.81,4.034146,484.6,701.37,195.6,124.81,149.61,76.79,3.859402,483.13,586.94,356.84,463.19
2026-01-15 00:19:59,XPQ-01 Main,2026-01-15 00:19:00,721.25,79.04,4.308995,483.96,708.18,196.25,117.87,156.18,79.82,4.803372,484.3,733.2,206.95,121.89,166.54,80.7,4.30081266666667,484.79,722.38,201.45,129.09,153.82,76.6,3.8260686666666706,482.79,604.65,368.85,476.55
2026-01-15 00:20:59,XPQ-01 Main,2026-01-15 00:20:00,730.97,79.12,3.998995,483.66,718.95,199.08,119.38,158.97,79.96,4.703372,483.76,744.3,209.9,123.7,168.66,80.64,3.8674793333333297,484.59,729.67,203.46,130.17,155.92,76.77,3.42606866666667,482.63,612.43,373.25,483.55
2026-01-15 00:21:59,XPQ-01 Main,2026-01-15 00:21:00,723.77,79.67,4.288995,483.84,713.15,197.52,117.0,158.27,80.41,4.73670533333333,483.84,735.05,207.35,120.68,167.63,81.16,4.20081266666667,484.83,723.11,201.74,127.25,155.69,77.43,3.92606866666667,482.85,606.61,364.93,481.59
2026-01-15 00:22:59,XPQ-01 Main,2026-01-15 00:22:00,720.79,80.02,4.18566166666667,483.72,708.15,196.29,114.51,158.89,81.13,4.73670533333333,483.91,736.1,207.46,120.18,168.57,81.42,4.16747933333333,484.21,718.13,200.23,126.08,154.63,77.5,3.659402,483.05,603.98,360.76,482.08
2026-01-15 00:23:59,XPQ-01 Main,2026-01-15 00:23:00,771.89,78.82,4.088995,482.81,758.43,209.68,126.48,166.69,79.66,4.67003866666667,482.86,786.32,221.29,131.05,176.92,80.36,4.20081266666667,483.64,770.92,214.6,137.89,163.42,76.43,3.39273533333333,481.93,645.57,395.42,507.03
2026-01-15 00:24:59,XPQ-01 Main,2026-01-15 00:24:00,734.67,80.25,4.198995,483.47,720.11,199.36,116.47,161.39,81.09,4.77003866666667,483.44,749.48,211.17,120.76,172.18,81.87,4.20081266666667,484.29,734.42,204.76,128.35,158.83,77.78,3.62606866666667,482.69,615.29,365.58,492.4
2026-01-15 00:25:59,XPQ-01 Main,2026-01-15 00:25:00,623.27,84.67,4.14566166666667,485.25,608.88,169.2,86.13,144.42,85.88,4.803372,485.23,640.72,181.19,91.47,154.75,86.09,4.00081266666667,486.04,620.22,173.54,98.49,141.33,82.04,3.6260686666666704,484.47,523.93,276.1,440.5
2026-01-15 00:26:59,XPQ-01 Main,2026-01-15 00:26:00,622.73,84.34,4.408995,484.81,608.35,169.03,86.69,144.41,85.74,5.103372,484.88,641.05,181.02,93.06,154.15,85.61,4.234146,485.23,618.79,172.95,99.04,140.21,81.68,3.89273533333333,484.3,523.0,278.79,438.77
2026-01-15 00:27:59,XPQ-01 Main,2026-01-15 00:27:00,625.37,84.54,4.52232833333333,485.11,611.07,169.88,86.36,145.52,86.0,5.203372,485.59,644.37,182.22,93.05,156.01,85.88,4.06747933333333,485.53,620.67,173.44,99.6,141.31,81.74,4.29273533333333,484.2,525.54,279.01,442.85
2026-01-15 00:28:59,XPQ-01 Main,2026-01-15 00:28:00,638.48,84.64,4.218995,485.07,624.12,173.38,88.75,148.23,85.8,4.87003866666667,485.21,655.27,185.29,93.89,158.96,86.1,4.134146,485.86,636.03,177.84,101.43,145.42,82.02,3.659402,484.16,536.51,284.07,452.61
2026-01-15 00:29:59,XPQ-01 Main,2026-01-15 00:29:00,644.7,84.6,4.23232833333333,485.19,630.76,175.43,89.77,149.93,85.8,4.93670533333333,485.42,660.19,186.59,95.17,159.58,85.89,4.20081266666667,485.51,643.15,179.85,101.71,146.41,82.13,3.559402,484.64,541.87,286.65,455.91
2026-01-15 00:30:59,XPQ-01 Main,2026-01-15 00:30:00,635.33,84.73,4.208995,484.84,619.84,172.12,87.6,147.6,86.0,4.93670533333333,484.85,654.36,184.89,93.31,158.17,86.13,4.034146,485.59,631.78,176.62,100.4,144.25,82.08,3.659402,484.09,533.62,281.3,450.02
2026-01-15 00:31:59,XPQ-01 Main,2026-01-15 00:31:00,633.69,84.19,4.24232833333333,484.69,619.52,172.14,88.56,146.53,85.58,4.77003866666667,485.0,651.81,184.04,94.95,156.2,85.45,4.234146,484.96,629.74,175.89,100.9,142.12,81.54,3.7260686666666705,484.11,532.07,284.41,444.85
2026-01-15 00:32:59,XPQ-01 Main,2026-01-15 00:32:00,639.69,84.43,4.25232833333333,484.5,625.98,173.71,89.33,148.44,85.68,4.93670533333333,484.55,657.38,185.61,95.02,158.65,85.79,4.06747933333333,485.22,635.71,177.58,101.8,144.87,81.82,3.759402,483.74,536.9,286.14,451.97
2026-01-15 00:33:59,XPQ-01 Main,2026-01-15 00:33:00,676.07,82.73,4.37566166666667,483.71,661.36,183.36,99.03,153.64,84.05,5.13670533333333,484.04,694.39,195.71,105.51,163.76,84.06,4.16747933333333,484.07,672.47,187.43,111.65,149.18,80.06,3.8260686666666706,483.02,566.51,316.18,466.58
2026-01-15 00:34:59,XPQ-01 Main,2026-01-15 00:34:00,653.49,83.53,4.56566166666667,483.85,641.02,177.76,93.68,150.33,84.87,5.203372,484.01,670.71,189.04,99.98,159.47,84.72,4.40081266666667,484.27,648.74,180.94,105.46,145.7,81.01,4.09273533333333,483.28,547.74,299.13,455.5
2026-01-15 00:35:59,XPQ-01 Main,2026-01-15 00:35:00,621.27,82.98,4.56566166666667,484.31,608.14,168.77,90.2,141.78,84.37,5.17003866666667,484.67,638.49,180.24,96.46,151.53,84.36,4.40081266666667,484.81,617.17,172.22,102.46,137.67,80.22,4.12606866666667,483.45,521.23,289.12,430.98
2026-01-15 00:36:59,XPQ-01 Main,2026-01-15 00:36:00,646.32,82.65,4.18566166666667,484.24,631.14,175.12,94.47,146.31,84.01,4.83670533333333,484.59,664.51,187.56,100.86,157.15,84.16,4.16747933333333,484.74,643.3,179.49,107.77,142.55,79.77,3.559402,483.39,542.18,303.1,446.01
2026-01-15 00:37:59,XPQ-01 Main,2026-01-15 00:37:00,654.3,82.91,4.17566166666667,484.06,643.36,178.37,96.85,149.11,83.86,4.83670533333333,483.93,667.29,188.17,101.08,157.76,84.2,3.96747933333333,484.79,652.26,182.1,107.09,146.14,80.66,3.72606866666667,483.47,548.65,305.01,453.01
2026-01-15 00:38:59,XPQ-01 Main,2026-01-15 00:38:00,559.75,79.08,4.37566166666667,484.8,547.77,152.2,90.72,121.28,80.07,4.83670533333333,484.96,571.99,161.54,94.66,129.69,80.77,4.40081266666667,485.21,559.5,156.35,100.36,118.76,76.38,3.89273533333333,484.22,470.08,285.75,369.73
2026-01-15 00:39:59,XPQ-01 Main,2026-01-15 00:39:00,551.8,76.94,4.43232833333333,484.63,541.06,150.29,93.78,116.75,77.96,4.93670533333333,484.88,562.56,158.84,97.81,124.06,78.53,4.30081266666667,485.01,551.78,154.11,102.35,113.73,74.33,4.059402,483.98,463.24,293.95,354.54
2026-01-15 00:40:59,XPQ-01 Main,2026-01-15 00:40:00,502.42,79.99,4.47566166666667,485.7,492.43,137.06,79.37,110.61,81.25,5.13670533333333,486.07,513.95,145.5,83.9,118.2,81.54,4.36747933333333,486.17,500.9,140.17,88.59,107.56,77.19,3.92606866666667,484.85,422.72,251.86,336.37
2026-01-15 00:41:59,XPQ-01 Main,2026-01-15 00:41:00,508.24,81.48,4.27566166666667,485.71,496.59,138.12,77.38,113.5,82.62,4.83670533333333,485.69,520.84,147.44,81.46,121.45,83.05,4.334146,486.53,507.3,142.08,86.79,111.01,78.78,3.659402,484.91,427.64,245.63,345.96
2026-01-15 00:42:59,XPQ-01 Main,2026-01-15 00:42:00,515.31,80.85,4.498995,485.74,503.47,140.1,80.06,114.39,81.93,5.003372,485.65,528.75,149.61,83.91,121.93,82.38,4.434146,486.38,513.72,143.91,88.98,111.87,78.26,4.059402,485.19,433.61,252.96,348.18
2026-01-15 00:43:59,XPQ-01 Main,2026-01-15 00:43:00,502.33,82.54,4.61232833333333,485.26,492.17,136.88,74.04,114.5,83.97,5.17003866666667,485.43,516.24,145.94,79.23,121.96,83.86,4.60081266666667,485.67,498.58,139.45,83.71,110.85,79.8,4.059402,484.67,422.27,236.98,347.31
2026-01-15 00:44:59,XPQ-01 Main,2026-01-15 00:44:00,498.78,80.39,4.488995,485.26,487.74,135.54,78.2,110.06,81.52,5.003372,485.45,511.31,144.67,82.26,117.82,82.0,4.434146,486.08,497.31,139.09,87.26,107.6,77.67,4.02606866666667,484.26,419.29,247.72,335.48
2026-01-15 00:45:59,XPQ-01 Main,2026-01-15 00:45:00,492.08,81.98,4.56566166666667,485.37,480.23,133.49,73.68,110.42,83.18,4.87003866666667,485.27,505.03,142.83,77.89,118.37,83.54,4.434146,486.15,490.99,137.44,83.15,107.92,79.21,4.39273533333333,484.69,413.75,234.72,336.71
2026-01-15 00:46:59,XPQ-01 Main,2026-01-15 00:46:00,548.84,79.51,4.598995,484.55,535.35,148.58,87.53,119.41,80.65,5.37003866666667,484.82,562.32,158.86,92.08,128.72,81.33,4.56747933333333,485.27,548.86,153.26,98.27,116.92,76.55,3.859402,483.56,460.7,277.88,365.06
2026-01-15 00:47:59,XPQ-01 Main,2026-01-15 00:47:00,552.65,80.06,4.26566166666667,484.55,539.89,149.91,86.86,121.25,81.29,4.903372,484.55,567.82,160.25,91.75,129.86,81.67,4.30081266666667,485.03,550.23,153.72,97.16,118.11,77.23,3.59273533333333,484.05,463.88,275.76,369.21
2026-01-15 00:48:59,XPQ-01 Main,2026-01-15 00:48:00,526.81,81.03,4.698995,484.9,512.24,142.35,79.79,116.93,82.6,5.23670533333333,485.32,544.13,153.79,85.91,126.57,82.74,4.534146,485.33,524.04,146.39,91.68,113.32,77.74,4.32606866666667,484.06,442.53,257.38,356.82
2026-01-15 00:49:59,XPQ-01 Main,2026-01-15 00:49:00,502.09,82.49,4.56566166666667,485.48,487.88,135.65,73.85,113.38,83.79,5.203372,485.62,517.28,146.39,78.62,122.47,84.15,4.50081266666667,486.25,501.11,140.23,84.57,110.89,79.51,3.9927353333333295,484.58,422.28,237.04,346.75
2026-01-15 00:50:59,XPQ-01 Main,2026-01-15 00:50:00,575.88,80.8,4.46566166666667,484.56,559.99,155.44,88.53,126.78,81.99,5.07003866666667,484.54,592.01,167.13,93.53,137.22,82.63,4.234146,485.21,575.65,160.84,100.51,124.33,77.77,4.09273533333333,483.93,483.41,282.57,388.33
2026-01-15 00:51:59,XPQ-01 Main,2026-01-15 00:51:00,587.47,82.77,4.318995,484.56,573.29,159.15,85.39,133.53,84.25,5.003372,484.9,605.51,171.04,91.79,143.58,84.25,4.16747933333333,485.15,583.61,162.95,97.9,129.67,79.81,3.79273533333333,483.64,493.15,275.08,406.79
2026-01-15 00:52:59,XPQ-01 Main,2026-01-15 00:52:00,567.14,82.05,4.56566166666667,484.51,551.62,153.17,83.81,127.36,83.54,5.203372,484.68,585.58,165.28,89.97,137.3,83.64,4.46747933333333,484.93,564.21,157.57,96.07,123.65,78.97,4.02606866666667,483.92,476.02,269.85,388.3
2026-01-15 00:53:59,XPQ-01 Main,2026-01-15 00:53:00,578.48,81.43,4.67566166666667,484.38,563.97,156.42,87.4,128.88,82.76,5.43670533333333,484.45,595.27,168.08,93.06,139.22,83.14,4.66747933333333,485.23,576.2,160.91,99.62,125.79,78.39,3.92606866666667,483.47,485.41,280.08,393.89
2026-01-15 00:54:59,XPQ-01 Main,2026-01-15 00:54:00,580.21,82.43,4.418995,484.96,564.92,156.98,85.55,130.99,83.73,4.97003866666667,485.0,597.38,168.76,91.01,141.2,84.05,4.434146,485.49,578.34,161.71,97.59,127.99,79.52,3.859402,484.39,487.45,274.15,400.19
2026-01-15 00:55:59,XPQ-01 Main,2026-01-15 00:55:00,581.19,82.3,4.588995,485.47,565.77,157.4,85.62,131.37,83.78,5.103372,485.65,599.52,169.56,92.0,141.68,83.87,4.50081266666667,485.91,578.28,161.82,98.29,127.7,79.24,4.159402,484.85,488.78,275.91,400.75
2026-01-15 00:56:59,XPQ-01 Main,2026-01-15 00:56:00,564.08,81.79,4.72232833333333,484.56,549.73,152.63,84.62,126.26,83.07,5.47003866666667,484.67,580.12,163.77,89.89,135.72,83.37,4.50081266666667,485.07,562.38,157.09,95.87,123.18,78.91,4.19273533333333,483.93,473.49,270.38,385.16
2026-01-15 00:57:59,XPQ-01 Main,2026-01-15 00:57:00,565.81,81.65,4.53232833333333,485.4,546.86,152.14,83.46,126.19,83.41,5.03670533333333,485.6,588.52,166.42,90.91,136.83,83.29,4.50081266666667,485.79,562.06,157.25,96.92,121.8,78.25,4.059402,484.81,475.8,271.29,384.82
2026-01-15 00:58:59,XPQ-01 Main,2026-01-15 00:58:00,573.74,81.91,4.688995,485.43,560.5,155.86,85.84,129.46,83.34,5.403372,485.74,590.13,167.01,91.97,138.85,83.37,4.56747933333333,486.08,570.6,159.61,97.41,125.57,79.01,4.09273533333333,484.47,482.47,275.22,393.89
2026-01-15 00:59:59,XPQ-01 Main,2026-01-15 00:59:00,567.79,82.9,4.498995,485.33,552.84,153.68,81.72,129.22,84.52,5.23670533333333,485.47,586.53,165.92,88.46,139.57,84.47,4.40081266666667,486.03,564.01,157.79,94.78,125.17,79.72,3.859402,484.48,477.38,264.95,393.96
2026-01-15 01:00:59,XPQ-01 Main,2026-01-15 01:00:00,557.66,82.06,4.598995,485.58,542.7,150.97,82.57,125.62,83.56,5.303372,485.81,575.74,162.95,88.75,135.73,83.7,4.36747933333333,486.2,554.54,155.19,94.97,122.07,78.93,4.12606866666667,484.73,469.11,266.29,383.42
2026-01-15 01:01:59,XPQ-01 Main,2026-01-15 01:01:00,536.3,82.39,4.708995,485.99,521.55,145.21,78.21,121.65,84.11,5.37003866666667,486.17,555.2,157.25,85.06,131.04,83.88,4.66747933333333,486.6,532.15,149.07,90.42,117.22,79.18,4.09273533333333,485.21,451.53,253.7,369.91
2026-01-15 01:02:59,XPQ-01 Main,2026-01-15 01:02:00,530.01,82.3,4.57566166666667,486.47,516.95,144.08,78.58,120.02,83.67,5.203372,486.76,545.34,154.64,83.73,128.58,83.8,4.60081266666667,487.06,527.75,147.95,89.22,116.68,79.44,3.92606866666667,485.6,446.66,251.53,365.28
2026-01-15 01:03:59,XPQ-01 Main,2026-01-15 01:03:00,544.69,82.38,4.54232833333333,486.34,532.35,148.29,80.41,123.94,83.89,4.97003866666667,486.47,561.46,159.15,86.51,132.2,83.68,4.534146,487.06,540.25,151.46,91.13,119.7,79.57,4.12606866666667,485.5,458.91,258.04,375.85
2026-01-15 01:04:59,XPQ-01 Main,2026-01-15 01:04:00,564.79,80.48,4.708995,486.61,553.22,154.18,88.96,125.43,81.57,5.203372,486.66,577.54,163.8,93.4,133.9,82.02,4.76747933333333,487.39,563.6,158.12,98.92,122.67,77.84,4.159402,485.79,476.09,281.28,382.0
2026-01-15 01:05:59,XPQ-01 Main,2026-01-15 01:05:00,594.01,77.43,4.63232833333333,486.02,579.72,161.37,99.83,125.72,78.31,5.23670533333333,486.13,605.57,171.54,103.7,135.2,79.35,4.60081266666667,486.75,596.74,167.19,110.28,123.69,74.64,4.059402,485.17,500.11,313.81,384.61
2026-01-15 01:06:59,XPQ-01 Main,2026-01-15 01:06:00,586.46,78.75,4.508995,486.33,577.69,160.92,96.71,127.81,79.74,4.87003866666667,486.32,596.38,168.99,100.73,134.92,80.13,4.56747933333333,487.03,585.3,164.14,105.26,124.48,76.36,4.09273533333333,485.64,494.05,302.69,387.21
2026-01-15 01:07:59,XPQ-01 Main,2026-01-15 01:07:00,623.47,80.42,4.488995,486.15,616.01,171.49,99.7,138.68,81.19,5.103372,486.13,632.24,179.12,102.89,145.97,81.74,4.46747933333333,486.95,622.16,174.41,108.02,136.05,78.32,3.89273533333333,485.36,525.03,310.61,420.7
2026-01-15 01:08:59,XPQ-01 Main,2026-01-15 01:08:00,645.82,77.77,4.85566166666667,485.99,635.32,176.89,109.29,138.7,78.55,5.603372,486.21,656.09,185.84,112.75,146.73,79.29,4.70081266666667,486.62,646.05,180.96,118.25,136.05,75.48,4.259402,485.15,543.68,340.28,421.48
2026-01-15 01:09:59,XPQ-01 Main,2026-01-15 01:09:00,597.99,77.88,4.57566166666667,486.46,588.27,163.9,100.68,128.79,78.78,5.27003866666667,486.64,609.15,172.73,104.44,136.09,79.33,4.60081266666667,487.19,596.55,167.27,109.12,125.75,75.53,3.859402,485.54,503.91,314.24,390.63
2026-01-15 01:10:59,XPQ-01 Main,2026-01-15 01:10:00,586.46,77.94,4.58566166666667,486.4,572.7,159.49,98.34,125.0,78.59,5.203372,486.44,597.0,169.28,101.1,134.54,79.95,4.56747933333333,487.29,589.67,165.37,108.35,123.92,75.28,3.9927353333333295,485.49,494.14,307.79,383.47
2026-01-15 01:11:59,XPQ-01 Main,2026-01-15 01:11:00,623.53,76.45,4.24232833333333,485.79,610.55,169.87,107.76,130.79,77.18,4.803372,485.78,634.45,179.6,111.25,140.14,78.32,4.30081266666667,486.55,625.59,175.23,117.74,128.93,73.84,3.6260686666666704,485.04,524.71,336.76,399.86
2026-01-15 01:12:59,XPQ-01 Main,2026-01-15 01:12:00,694.54,83.0,4.26566166666667,485.8,681.22,189.47,102.88,158.19,83.83,4.77003866666667,485.8,707.96,200.48,106.58,168.37,84.49,4.20081266666667,486.71,694.43,194.53,114.31,156.12,80.68,3.8260686666666706,484.9,584.48,323.76,482.67
2026-01-15 01:13:59,XPQ-01 Main,2026-01-15 01:13:00,567.33,80.16,4.84232833333333,486.94,554.39,154.65,90.91,124.33,80.72,5.47003866666667,486.91,577.08,163.7,93.07,133.59,82.05,4.734146,487.59,570.51,160.19,100.39,123.9,77.7,4.32606866666667,486.32,478.54,284.36,381.82
2026-01-15 01:14:59,XPQ-01 Main,2026-01-15 01:14:00,527.55,82.52,4.47566166666667,487.39,511.93,142.98,76.26,120.02,84.4,5.07003866666667,487.45,548.18,155.63,83.71,130.22,84.12,4.36747933333333,487.86,522.53,146.83,89.55,115.49,79.03,3.9927353333333295,486.86,445.44,249.51,365.72
2026-01-15 01:15:59,XPQ-01 Main,2026-01-15 01:15:00,644.48,76.46,4.43232833333333,486.33,627.03,174.65,111.25,133.64,76.86,5.03670533333333,486.35,655.65,185.82,113.55,145.55,78.84,4.36747933333333,487.1,650.75,182.48,122.83,133.91,73.69,3.89273533333333,485.54,542.95,347.63,413.1
2026-01-15 01:16:59,XPQ-01 Main,2026-01-15 01:16:00,535.32,82.1,4.32232833333333,484.84,520.35,144.53,78.77,120.46,83.69,4.83670533333333,485.08,552.98,156.27,85.03,130.25,83.73,4.234146,485.45,532.63,148.83,91.02,116.76,78.87,3.89273533333333,484.0,449.63,254.83,367.47
2026-01-15 01:17:59,XPQ-01 Main,2026-01-15 01:17:00,534.51,82.2,4.488995,484.3,520.17,144.38,78.76,120.24,83.65,5.13670533333333,484.42,550.63,155.33,84.37,129.79,83.84,4.234146,484.72,532.73,148.73,90.42,116.98,79.12,4.09273533333333,483.77,448.44,253.55,367.01
2026-01-15 01:18:59,XPQ-01 Main,2026-01-15 01:18:00,525.76,81.08,4.66566166666667,484.65,507.91,141.1,78.73,116.33,82.82,5.33670533333333,484.94,545.77,154.1,85.44,126.4,82.85,4.76747933333333,484.97,523.61,146.23,91.4,112.41,77.59,3.89273533333333,484.04,441.43,255.57,355.14
2026-01-15 01:19:59,XPQ-01 Main,2026-01-15 01:19:00,534.78,81.02,4.398995,484.04,520.39,144.39,80.46,118.13,82.65,5.103372,484.39,552.44,155.8,86.86,128.26,82.8,4.334146,484.34,531.51,148.23,93.02,114.52,77.62,3.759402,483.38,448.43,260.35,360.91
2026-01-15 01:20:59,XPQ-01 Main,2026-01-15 01:20:00,539.11,81.05,4.45566166666667,484.29,524.98,145.62,82.5,119.31,82.25,4.87003866666667,484.24,553.35,156.13,87.16,128.66,82.79,4.46747933333333,484.99,538.98,150.52,93.4,116.8,78.1,4.02606866666667,483.63,452.28,263.07,364.76
2026-01-15 01:21:59,XPQ-01 Main,2026-01-15 01:21:00,560.38,80.92,4.478995,483.87,543.8,150.77,84.98,123.8,82.44,5.003372,483.92,578.45,163.04,91.37,134.48,82.72,4.36747933333333,484.39,558.91,155.92,97.87,120.37,77.59,4.059402,483.29,469.73,274.22,378.65
2026-01-15 01:22:59,XPQ-01 Main,2026-01-15 01:22:00,547.79,81.66,4.46566166666667,484.22,533.94,148.15,82.34,122.23,82.94,5.103372,484.24,562.6,158.68,87.4,131.55,83.29,4.46747933333333,484.72,546.84,152.68,93.41,119.31,78.74,3.8260686666666706,483.7,459.5,263.15,373.09
2026-01-15 01:23:59,XPQ-01 Main,2026-01-15 01:23:00,542.7,80.98,4.43232833333333,484.33,529.23,146.8,82.16,119.92,82.49,5.17003866666667,484.29,559.44,157.89,88.23,129.99,82.74,4.334146,485.09,539.43,150.66,94.42,116.53,77.7,3.79273533333333,483.6,455.34,264.81,366.44
2026-01-15 01:24:59,XPQ-01 Main,2026-01-15 01:24:00,541.6,80.26,4.55232833333333,484.27,523.99,145.44,83.69,118.46,81.67,5.203372,484.43,558.62,157.58,89.4,129.27,82.25,4.46747933333333,484.65,542.19,151.35,96.38,115.78,76.86,3.9927353333333295,483.73,454.37,269.47,363.51
2026-01-15 01:25:59,XPQ-01 Main,2026-01-15 01:25:00,556.62,80.86,4.52232833333333,484.17,539.42,149.64,85.05,122.42,82.13,5.07003866666667,484.12,573.74,161.79,90.2,132.77,82.72,4.66747933333333,484.72,556.71,155.44,97.03,119.91,77.74,3.8260686666666706,483.67,466.88,272.28,375.1
2026-01-15 01:26:59,XPQ-01 Main,2026-01-15 01:26:00,568.92,81.03,4.65232833333333,483.92,554.33,153.76,86.86,126.15,82.36,5.43670533333333,484.27,585.32,165.06,92.33,135.74,82.69,4.434146,484.29,567.12,158.13,98.5,122.88,78.03,4.09273533333333,483.2,476.94,277.69,384.78
2026-01-15 01:27:59,XPQ-01 Main,2026-01-15 01:27:00,576.07,80.0,4.608995,483.81,559.41,155.04,90.61,125.41,81.06,5.27003866666667,483.91,591.39,166.74,95.05,136.07,81.98,4.56747933333333,484.48,577.42,161.04,102.5,123.61,76.98,3.9927353333333295,483.05,482.82,288.16,385.1
2026-01-15 01:28:59,XPQ-01 Main,2026-01-15 01:28:00,544.79,81.05,4.47566166666667,484.8,532.81,147.92,84.46,120.55,81.9,5.103372,484.86,555.84,157.07,87.52,128.99,82.75,4.534146,485.6,545.73,152.53,93.81,118.92,78.51,3.79273533333333,483.92,457.52,265.79,368.46
2026-01-15 01:29:59,XPQ-01 Main,2026-01-15 01:29:00,569.95,80.98,4.53232833333333,484.71,558.37,155.02,89.23,125.99,81.61,5.203372,484.58,578.55,163.36,91.48,134.36,82.66,4.434146,485.44,572.95,160.17,98.12,125.02,78.67,3.959402,484.12,478.56,278.83,385.38
2026-01-15 01:30:59,XPQ-01 Main,2026-01-15 01:30:00,598.35,81.6,4.708995,484.22,584.03,162.05,91.78,132.52,82.21,5.17003866666667,484.5,609.56,172.02,94.06,142.42,83.45,4.70081266666667,484.74,601.45,167.83,102.04,132.17,79.16,4.259402,483.42,501.89,287.88,407.12
2026-01-15 01:31:59,XPQ-01 Main,2026-01-15 01:31:00,579.11,81.23,4.44566166666667,484.32,564.47,156.56,89.99,127.47,81.7,5.07003866666667,484.16,588.65,166.1,91.53,137.02,83.15,4.36747933333333,485.13,584.21,163.2,99.6,127.66,78.84,3.89273533333333,483.67,485.86,281.12,392.16
2026-01-15 01:32:59,XPQ-01 Main,2026-01-15 01:32:00,550.46,82.24,4.44232833333333,484.68,542.53,150.69,82.92,125.0,83.33,5.203372,484.86,561.28,158.49,86.99,131.75,83.45,4.26747933333333,485.12,547.57,152.97,91.47,121.68,79.93,3.859402,484.05,462.15,261.38,378.42
2026-01-15 01:33:59,XPQ-01 Main,2026-01-15 01:33:00,565.4,82.73,4.65566166666667,484.68,555.6,154.28,84.06,128.7,83.73,5.27003866666667,484.89,576.5,162.84,87.84,136.23,84.04,4.70081266666667,485.28,564.09,157.58,93.12,126.06,80.43,3.9927353333333295,483.88,474.7,265.02,390.99
2026-01-15 01:34:59,XPQ-01 Main,2026-01-15 01:34:00,575.52,81.18,4.488995,484.22,562.41,155.97,88.71,127.59,82.11,5.07003866666667,484.23,587.84,165.88,92.43,136.93,82.89,4.50081266666667,485.0,576.31,160.9,99.14,125.89,78.56,3.89273533333333,483.43,482.75,280.28,390.41
2026-01-15 01:35:59,XPQ-01 Main,2026-01-15 01:35:00,618.95,75.75,4.67566166666667,483.04,604.32,167.22,106.25,128.13,76.98,5.47003866666667,483.12,634.19,178.49,111.95,137.75,77.61,4.434146,483.67,618.33,172.2,117.7,124.48,72.66,4.12606866666667,482.32,517.91,335.9,390.37
2026-01-15 01:36:59,XPQ-01 Main,2026-01-15 01:36:00,707.04,77.76,4.418995,482.15,692.09,191.15,117.16,150.48,78.9,5.03670533333333,482.17,722.64,203.0,123.11,161.12,79.46,4.40081266666667,482.81,706.38,196.38,129.86,146.82,74.9,3.8260686666666706,481.48,590.53,370.13,458.41
2026-01-15 01:37:59,XPQ-01 Main,2026-01-15 01:37:00,687.08,76.96,4.55232833333333,481.93,674.24,186.07,116.91,144.22,77.68,5.203372,481.74,697.85,195.93,120.54,153.84,78.71,4.434146,482.76,689.13,191.58,127.35,142.18,74.49,4.02606866666667,481.29,573.58,364.81,440.24
2026-01-15 01:38:59,XPQ-01 Main,2026-01-15 01:38:00,700.39,76.93,4.65566166666667,481.59,685.3,188.95,117.79,146.77,77.99,5.303372,481.39,715.55,200.8,123.27,157.01,78.66,4.50081266666667,482.52,700.31,194.55,129.75,143.41,74.16,4.159402,480.87,584.3,370.81,447.19
2026-01-15 01:39:59,XPQ-01 Main,2026-01-15 01:39:00,694.83,77.25,4.698995,481.8,679.71,187.61,117.08,146.24,78.06,5.43670533333333,481.87,707.54,198.61,121.29,156.89,79.11,4.56747933333333,482.42,697.24,193.68,128.75,144.14,74.58,4.09273533333333,481.11,579.91,367.13,447.26
2026-01-15 01:40:59,XPQ-01 Main,2026-01-15 01:40:00,704.01,77.33,4.678995,481.54,685.81,189.25,116.22,148.77,78.8,5.43670533333333,481.74,723.79,203.06,123.97,160.2,79.08,4.60081266666667,482.02,702.43,194.96,130.44,143.89,74.09,3.9927353333333295,480.87,587.28,370.63,452.85
2026-01-15 01:41:59,XPQ-01 Main,2026-01-15 01:41:00,690.74,77.5,4.798995,481.61,674.51,186.14,114.92,145.66,78.51,5.403372,481.79,705.35,197.93,120.12,156.81,79.39,4.66747933333333,482.12,692.37,192.2,127.52,142.83,74.6,4.32606866666667,480.92,576.27,362.56,445.31
2026-01-15 01:42:59,XPQ-01 Main,2026-01-15 01:42:00,732.39,78.37,4.86566166666667,481.57,711.34,196.22,118.23,156.09,79.71,5.63670533333333,481.74,753.86,211.59,125.72,169.41,80.3,4.70081266666667,482.27,731.98,203.19,133.89,152.27,75.1,4.259402,480.71,611.0,377.84,477.77
2026-01-15 01:43:59,XPQ-01 Main,2026-01-15 01:43:00,702.07,76.45,4.608995,481.9,684.18,188.9,118.12,146.65,77.88,5.17003866666667,482.15,721.26,202.57,125.76,158.31,78.3,4.634146,482.47,700.76,194.62,132.24,142.02,73.18,4.02606866666667,481.07,586.09,376.13,446.98
2026-01-15 01:44:59,XPQ-01 Main,2026-01-15 01:44:00,713.32,77.06,4.73232833333333,481.39,697.79,192.45,119.18,150.69,78.43,5.503372,481.36,731.64,205.16,126.39,161.03,78.66,4.56747933333333,482.0,710.51,197.23,132.13,145.74,74.08,4.12606866666667,480.81,594.84,377.71,457.46
2026-01-15 01:45:59,XPQ-01 Main,2026-01-15 01:45:00,708.2,76.03,4.76566166666667,481.59,690.74,190.49,120.63,146.97,77.3,5.43670533333333,481.55,726.62,203.93,127.45,158.16,77.87,4.50081266666667,482.42,707.25,196.41,133.94,142.79,72.93,4.359402,480.8,590.83,382.02,447.92
2026-01-15 01:46:59,XPQ-01 Main,2026-01-15 01:46:00,709.88,76.98,4.75566166666667,481.58,691.76,190.87,118.06,149.44,78.47,5.303372,481.7,730.26,204.91,126.03,160.95,78.73,4.76747933333333,482.16,707.62,196.45,132.32,144.44,73.74,4.19273533333333,480.89,592.23,376.42,454.83
2026-01-15 01:47:59,XPQ-01 Main,2026-01-15 01:47:00,636.76,77.63,5.06566166666667,482.69,620.01,171.42,104.96,134.9,78.92,5.703372,482.73,653.82,183.9,111.11,145.67,79.51,4.834146,483.41,636.47,177.13,117.79,131.4,74.46,4.659402,481.94,532.45,333.86,411.97
2026-01-15 01:48:59,XPQ-01 Main,2026-01-15 01:48:00,659.66,78.24,5.06566166666667,482.2,643.57,177.81,106.86,141.76,79.85,5.63670533333333,482.2,679.35,190.81,114.74,152.02,79.82,4.96747933333333,482.76,656.07,182.41,120.13,136.47,75.06,4.59273533333333,481.63,551.03,341.73,430.25
2026-01-15 01:49:59,XPQ-01 Main,2026-01-15 01:49:00,530.6,72.99,5.298995,483.08,512.26,141.82,93.34,105.81,74.99,5.97003866666667,483.15,550.02,154.76,101.5,115.94,75.24,5.10081266666667,483.51,529.54,147.48,106.42,100.72,68.74,4.82606866666667,482.58,444.06,301.26,322.46
2026-01-15 01:50:59,XPQ-01 Main,2026-01-15 01:50:00,631.51,77.55,5.488995,482.6,614.38,169.77,103.52,133.78,79.09,6.003372,482.55,650.65,183.01,110.85,144.78,79.4,5.334146,483.48,629.5,175.19,117.1,129.41,74.15,5.12606866666667,481.77,527.97,331.46,407.97
2026-01-15 01:51:59,XPQ-01 Main,2026-01-15 01:51:00,622.61,69.26,5.42232833333333,481.85,603.81,166.71,117.98,116.88,70.38,6.17003866666667,482.06,637.45,178.98,124.17,127.95,71.76,5.26747933333333,482.39,626.58,174.01,130.56,113.63,65.65,4.82606866666667,481.1,519.71,372.71,358.45
2026-01-15 01:52:59,XPQ-01 Main,2026-01-15 01:52:00,632.0,78.08,6.198995,482.54,615.88,170.24,103.37,134.69,79.33,6.83670533333333,482.44,648.89,182.38,109.24,144.89,79.85,5.834146,483.2,631.24,175.68,115.52,131.19,75.05,5.92606866666667,481.99,528.3,328.13,410.76
2026-01-15 01:53:59,XPQ-01 Main,2026-01-15 01:53:00,707.99,77.5,6.04566166666667,481.9,692.69,191.2,119.14,149.1,78.12,6.57003866666667,481.98,719.49,202.05,122.62,160.23,79.41,5.80081266666667,482.62,711.8,197.76,130.65,147.95,74.96,5.759402,481.09,591.01,372.41,457.28
2026-01-15 01:54:59,XPQ-01 Main,2026-01-15 01:54:00,658.43,77.63,5.94232833333333,482.0,643.97,177.81,110.06,138.81,78.36,6.63670533333333,482.11,670.24,188.25,113.59,149.11,79.55,5.76747933333333,482.62,661.09,183.7,121.12,137.28,74.99,5.42606866666667,481.26,549.76,344.77,425.2
2026-01-15 01:55:59,XPQ-01 Main,2026-01-15 01:55:00,648.71,77.35,6.02232833333333,482.15,633.65,174.92,109.17,136.19,78.03,6.63670533333333,481.98,660.49,185.57,112.46,146.43,79.31,5.834146,483.05,651.99,181.33,119.96,134.89,74.73,5.59273533333333,481.41,541.81,341.59,417.51
2026-01-15 01:56:59,XPQ-01 Main,2026-01-15 01:56:00,643.55,74.97,6.54232833333333,481.8,628.23,173.33,112.74,130.93,75.78,7.07003866666667,482.03,655.6,184.18,116.96,141.47,77.07,6.36747933333334,482.61,646.82,179.6,124.13,129.04,72.07,6.19273533333333,480.76,537.11,353.84,401.43
2026-01-15 01:57:59,XPQ-01 Main,2026-01-15 01:57:00,663.96,76.96,6.45566166666667,481.71,651.89,179.73,112.74,138.73,77.6,7.003372,481.73,673.58,189.21,115.93,148.47,78.82,6.334146,482.78,666.4,185.09,123.04,137.28,74.47,6.02606866666667,480.62,554.03,351.72,424.49
2026-01-15 01:58:59,XPQ-01 Main,2026-01-15 01:58:00,693.98,75.33,6.188995,481.53,680.83,187.8,121.88,142.49,75.99,6.93670533333333,481.67,704.27,197.63,125.39,151.97,77.13,5.96747933333333,482.2,696.85,193.43,132.05,140.49,72.87,5.659402,480.71,578.86,379.32,434.95
2026-01-15 01:59:59,XPQ-01 Main,2026-01-15 01:59:00,674.63,75.67,6.198995,481.85,657.22,181.43,116.32,138.76,76.63,7.07003866666667,481.91,690.1,193.74,121.4,149.39,77.61,6.034146,482.46,676.57,187.95,128.26,136.02,72.76,5.49273533333333,481.17,563.12,365.97,424.16
2026-01-15 02:00:59,XPQ-01 Main,2026-01-15 02:00:00,674.27,77.51,6.07566166666667,482.13,661.08,182.5,114.01,141.99,77.97,6.67003866666667,482.19,683.29,192.03,116.39,152.02,79.4,5.834146,483.01,678.44,188.59,124.03,141.34,75.16,5.72606866666667,481.19,563.13,354.44,435.34
2026-01-15 02:01:59,XPQ-01 Main,2026-01-15 02:01:00,737.74,72.78,5.46566166666667,480.83,722.9,198.96,135.42,145.23,73.14,5.93670533333333,480.71,746.61,209.25,138.15,156.43,74.96,5.334146,481.87,743.72,206.27,146.41,144.51,70.25,5.12606866666667,479.93,614.48,419.98,446.17
2026-01-15 02:02:59,XPQ-01 Main,2026-01-15 02:02:00,765.79,74.78,4.908995,480.29,749.93,206.15,134.77,155.5,75.57,5.67003866666667,480.13,779.15,218.13,139.44,166.65,76.69,4.56747933333333,481.33,768.29,212.85,147.07,152.88,72.07,4.49273533333333,479.39,637.12,421.28,475.04
2026-01-15 02:03:59,XPQ-01 Main,2026-01-15 02:03:00,776.7,74.05,4.818995,480.5,759.55,208.9,137.99,156.23,74.95,5.43670533333333,480.55,791.73,221.82,143.68,168.2,76.03,4.634146,481.52,778.81,215.76,151.29,153.21,71.15,4.39273533333333,479.42,646.49,432.96,477.64
2026-01-15 02:04:59,XPQ-01 Main,2026-01-15 02:04:00,759.1,73.21,4.67566166666667,480.34,742.97,204.35,136.46,151.46,74.29,5.23670533333333,480.53,775.09,217.08,142.85,162.14,75.03,4.70081266666667,481.21,759.23,210.21,148.99,147.27,70.3,4.09273533333333,479.28,631.64,428.29,460.86
2026-01-15 02:05:59,XPQ-01 Main,2026-01-15 02:05:00,800.44,74.24,5.03232833333333,480.1,780.61,214.55,140.85,161.15,75.29,5.53670533333333,480.22,818.83,229.23,147.57,174.09,76.28,5.00081266666667,481.06,801.89,221.94,155.46,157.45,71.16,4.559402,479.02,665.72,443.88,492.69
2026-01-15 02:06:59,XPQ-01 Main,2026-01-15 02:06:00,785.38,72.38,4.988995,479.63,765.22,210.25,142.37,154.16,73.46,5.47003866666667,479.87,802.9,224.46,149.3,166.89,74.53,5.134146,480.26,788.01,217.83,156.96,150.26,69.15,4.359402,478.77,652.55,448.64,471.31
2026-01-15 02:07:59,XPQ-01 Main,2026-01-15 02:07:00,803.6,73.57,4.91232833333333,480.01,784.67,215.79,143.29,160.66,74.63,5.603372,480.28,820.97,229.68,150.06,173.24,75.59,4.834146,480.6,805.16,222.74,157.68,156.74,70.5,4.29273533333333,479.16,668.21,451.04,490.64
2026-01-15 02:08:59,XPQ-01 Main,2026-01-15 02:08:00,813.8,73.15,4.76566166666667,479.9,793.94,218.24,146.52,161.22,74.0,5.23670533333333,480.06,829.44,231.99,152.37,174.16,75.26,4.70081266666667,480.6,818.01,226.3,160.64,158.27,70.18,4.359402,479.05,676.53,459.53,493.65
2026-01-15 02:09:59,XPQ-01 Main,2026-01-15 02:09:00,826.43,73.81,5.15566166666667,480.03,805.79,221.56,146.63,164.99,74.75,5.703372,480.28,844.08,236.18,153.04,178.77,75.97,5.134146,480.69,829.43,229.47,161.8,161.82,70.72,4.62606866666667,479.1,687.22,461.47,505.58
2026-01-15 02:10:59,XPQ-01 Main,2026-01-15 02:10:00,821.08,74.78,4.778995,479.79,800.44,219.92,143.59,165.59,75.55,5.403372,480.02,837.32,234.22,148.73,178.68,76.86,4.76747933333333,480.58,825.47,228.28,157.7,163.28,71.93,4.159402,478.77,682.43,450.01,507.56
2026-01-15 02:11:59,XPQ-01 Main,2026-01-15 02:11:00,809.19,74.35,4.83232833333333,479.8,790.4,217.22,143.14,162.87,75.11,5.403372,479.72,824.95,230.57,148.08,174.81,76.3,4.934146,480.5,812.21,224.76,156.13,160.23,71.62,4.159402,479.19,672.56,447.36,497.91
2026-01-15 02:12:59,XPQ-01 Main,2026-01-15 02:12:00,809.84,73.08,4.908995,479.67,787.87,216.36,144.55,160.27,74.26,5.67003866666667,479.76,829.92,232.1,152.29,174.07,75.26,4.734146,480.6,811.74,224.48,160.55,156.16,69.72,4.32606866666667,478.65,672.94,457.38,490.51
2026-01-15 02:13:59,XPQ-01 Main,2026-01-15 02:13:00,812.54,75.07,4.808995,480.04,796.6,218.93,142.77,165.56,75.73,5.303372,479.82,825.27,230.81,146.99,177.03,76.94,4.76747933333333,480.96,815.75,225.92,155.04,163.37,72.54,4.359402,479.34,675.66,444.8,505.96
2026-01-15 02:14:59,XPQ-01 Main,2026-01-15 02:14:00,814.2,73.9,4.86566166666667,479.82,796.0,218.78,144.27,163.81,75.04,5.33670533333333,480.03,832.62,232.85,151.48,175.96,75.79,4.934146,480.49,813.99,225.13,158.55,159.31,70.88,4.32606866666667,478.96,676.76,454.31,499.08
2026-01-15 02:15:59,XPQ-01 Main,2026-01-15 02:15:00,799.25,73.8,4.35566166666667,480.02,784.45,215.72,143.42,160.63,74.59,4.87003866666667,480.12,812.06,227.12,148.32,171.24,75.59,4.36747933333333,480.63,801.25,221.74,155.21,157.41,71.21,3.8260686666666706,479.29,664.58,446.95,489.29
2026-01-15 02:16:59,XPQ-01 Main,2026-01-15 02:16:00,823.28,74.53,5.05232833333333,480.14,805.49,221.41,145.63,166.11,75.19,5.73670533333333,479.95,837.45,234.3,150.09,178.39,76.52,4.834146,481.1,826.9,229.04,158.64,163.95,71.87,4.59273533333333,479.38,684.75,454.37,508.45
2026-01-15 02:17:59,XPQ-01 Main,2026-01-15 02:17:00,805.55,74.61,4.65566166666667,479.84,788.14,216.62,140.93,164.02,75.85,5.103372,479.81,824.05,230.37,148.43,175.78,76.4,4.56747933333333,480.52,804.48,222.6,155.18,159.05,71.58,4.29273533333333,479.17,669.59,444.54,498.85
2026-01-15 02:18:59,XPQ-01 Main,2026-01-15 02:18:00,807.05,73.12,4.96566166666667,479.64,785.11,215.65,144.05,159.67,74.25,5.47003866666667,479.5,827.2,231.15,151.48,173.42,75.32,4.86747933333333,480.45,808.84,223.77,159.79,155.77,69.8,4.559402,478.98,670.57,455.32,488.86
2026-01-15 02:19:59,XPQ-01 Main,2026-01-15 02:19:00,873.06,76.15,4.81232833333333,479.34,859.32,235.8,150.99,180.95,76.78,5.37003866666667,479.39,884.47,247.18,155.1,192.15,77.81,4.90081266666667,480.32,875.38,241.94,162.96,178.56,73.86,4.159402,478.32,724.92,469.05,551.66
2026-01-15 02:20:59,XPQ-01 Main,2026-01-15 02:20:00,683.73,74.98,6.37566166666667,481.14,668.3,184.04,119.93,138.04,75.49,6.903372,480.97,692.98,194.35,122.83,148.64,77.08,6.20081266666667,482.18,689.91,191.47,130.78,137.18,72.38,6.02606866666667,480.26,569.85,373.54,423.85
2026-01-15 02:21:59,XPQ-01 Main,2026-01-15 02:21:00,729.76,76.12,6.57566166666667,480.86,714.47,196.81,125.99,150.54,76.69,7.07003866666667,480.9,739.81,207.27,129.2,161.58,78.1,6.334146,481.5,734.99,203.78,137.49,149.41,73.58,6.32606866666667,480.19,607.86,392.69,461.54
2026-01-15 02:22:59,XPQ-01 Main,2026-01-15 02:22:00,733.52,75.51,5.95566166666667,480.99,719.45,198.12,128.57,150.41,76.01,6.73670533333333,480.76,743.22,208.28,131.53,160.94,77.43,5.634146,481.91,737.88,204.74,139.41,149.27,73.08,5.49273533333333,480.28,611.15,399.51,460.62
2026-01-15 02:23:59,XPQ-01 Main,2026-01-15 02:23:00,707.29,76.6,5.998995,481.63,694.55,191.59,121.87,147.41,77.07,6.67003866666667,481.58,715.71,200.84,124.4,157.26,78.43,5.80081266666667,482.39,711.6,197.65,131.92,146.47,74.31,5.52606866666667,480.93,590.08,378.19,451.15
2026-01-15 02:24:59,XPQ-01 Main,2026-01-15 02:24:00,688.16,75.23,5.888995,481.15,672.82,185.41,120.2,140.25,75.93,6.503372,481.34,699.39,196.17,124.01,150.86,77.25,5.50081266666667,481.91,692.28,191.99,131.56,138.56,72.52,5.659402,480.21,573.57,375.77,429.66
2026-01-15 02:25:59,XPQ-01 Main,2026-01-15 02:25:00,739.08,76.33,6.32232833333333,480.62,723.56,199.15,126.87,152.99,76.97,6.903372,480.49,750.78,210.23,130.61,164.17,78.25,6.16747933333333,481.44,742.89,205.94,138.63,151.44,73.76,5.89273533333333,479.93,615.32,396.12,468.59
2026-01-15 02:26:59,XPQ-01 Main,2026-01-15 02:26:00,682.63,78.77,5.778995,481.61,668.79,184.39,112.19,145.63,79.22,6.17003866666667,481.66,691.8,194.24,114.22,156.21,80.72,5.56747933333333,482.54,687.29,190.85,122.87,145.35,76.37,5.59273533333333,480.61,569.49,349.29,447.19
2026-01-15 02:27:59,XPQ-01 Main,2026-01-15 02:27:00,686.12,78.52,5.478995,481.65,672.36,185.4,113.73,145.83,78.86,6.13670533333333,481.77,694.33,194.99,115.29,156.34,80.48,5.06747933333333,482.58,691.66,192.05,123.99,146.03,76.23,5.22606866666667,480.62,572.45,353.01,448.2
2026-01-15 02:28:59,XPQ-01 Main,2026-01-15 02:28:00,681.56,77.02,5.54232833333333,481.77,665.38,183.6,115.88,141.44,77.35,6.03670533333333,481.67,690.68,193.84,117.62,151.93,79.07,5.36747933333333,482.49,688.61,191.33,126.15,141.53,74.65,5.22606866666667,481.14,568.78,359.65,434.89
2026-01-15 02:29:59,XPQ-01 Main,2026-01-15 02:29:00,690.59,74.12,6.24232833333333,481.38,673.88,185.72,123.05,138.56,74.77,6.77003866666667,481.51,702.62,197.22,127.01,149.93,76.3,5.90081266666667,482.32,695.28,192.93,134.96,137.14,71.28,6.059402,480.3,575.87,385.02,425.63
2026-01-15 02:30:59,XPQ-01 Main,2026-01-15 02:30:00,682.54,76.77,5.998995,481.92,664.71,183.37,117.35,140.54,76.76,6.503372,481.85,689.78,193.78,117.85,153.05,79.23,5.80081266666667,482.94,693.12,192.64,128.47,142.71,74.32,5.69273533333333,480.97,569.79,363.68,436.3
2026-01-15 02:31:59,XPQ-01 Main,2026-01-15 02:31:00,709.01,73.84,5.75566166666667,481.26,689.27,189.94,126.11,141.89,74.74,6.303372,481.26,724.59,203.26,131.59,154.52,76.13,5.434146,482.14,713.18,197.9,139.87,139.64,70.65,5.52606866666667,480.37,591.1,397.58,436.06
2026-01-15 02:32:59,XPQ-01 Main,2026-01-15 02:32:00,682.38,77.41,6.02232833333333,481.97,663.88,183.27,113.59,143.14,78.33,6.903372,482.14,698.18,196.13,118.55,155.39,79.51,5.50081266666667,482.7,685.08,190.34,126.92,141.28,74.39,5.659402,481.09,569.74,359.05,439.81
2026-01-15 02:33:59,XPQ-01 Main,2026-01-15 02:33:00,746.72,75.67,6.208995,480.84,724.68,199.63,127.36,153.09,76.88,6.93670533333333,481.02,767.22,214.99,134.45,166.63,77.82,5.86747933333333,481.47,748.27,207.39,142.97,149.6,72.3,5.82606866666667,480.05,622.01,404.78,469.32
2026-01-15 02:34:59,XPQ-01 Main,2026-01-15 02:34:00,687.77,75.53,5.97566166666667,481.57,666.9,183.99,117.42,140.92,76.83,6.63670533333333,481.74,706.67,198.32,124.5,153.8,77.73,5.634146,482.2,689.75,191.46,132.42,137.48,72.03,5.659402,480.78,573.78,374.33,432.2
2026-01-15 02:35:59,XPQ-01 Main,2026-01-15 02:35:00,700.5,75.87,5.57566166666667,481.39,678.43,187.1,119.67,143.4,76.78,6.103372,481.43,717.38,201.2,124.88,156.56,78.18,5.434146,482.04,705.69,195.87,133.95,141.68,72.66,5.19273533333333,480.7,584.16,378.5,441.63
2026-01-15 02:36:59,XPQ-01 Main,2026-01-15 02:36:00,697.07,79.87,5.698995,481.86,680.13,187.65,111.63,150.4,80.3,6.47003866666667,481.86,708.22,198.9,113.61,162.33,81.93,5.30081266666667,482.74,702.86,195.3,123.38,150.81,77.4,5.32606866666667,480.97,581.85,348.62,463.53
2026-01-15 02:37:59,XPQ-01 Main,2026-01-15 02:37:00,699.26,76.18,5.64232833333333,481.22,677.66,186.82,118.32,144.17,77.3,6.17003866666667,481.22,717.51,201.15,124.56,157.49,78.43,5.334146,481.85,702.61,194.96,133.36,141.6,72.8,5.42606866666667,480.59,582.93,376.24,443.26
2026-01-15 02:38:59,XPQ-01 Main,2026-01-15 02:38:00,677.6,77.17,5.45232833333333,481.27,657.21,181.12,113.82,140.56,77.72,6.07003866666667,481.17,690.51,193.63,116.86,153.64,79.59,5.234146,482.09,685.09,190.16,127.16,140.73,74.2,5.059402,480.54,564.91,357.83,434.93
2026-01-15 02:39:59,XPQ-01 Main,2026-01-15 02:39:00,667.5,75.62,6.14566166666667,481.51,645.51,178.04,114.66,135.42,76.32,6.703372,481.6,681.46,191.22,118.71,148.85,78.18,5.80081266666667,482.19,675.54,187.53,128.69,134.95,72.37,5.92606866666667,480.73,556.78,362.06,419.22
2026-01-15 02:40:59,XPQ-01 Main,2026-01-15 02:40:00,702.78,78.79,5.94566166666667,481.81,683.3,188.53,114.08,149.17,79.43,6.503372,481.66,715.96,200.97,117.52,162.02,80.95,5.734146,482.65,709.09,197.07,127.36,148.83,75.98,5.59273533333333,481.12,586.56,358.96,460.02
2026-01-15 02:41:59,XPQ-01 Main,2026-01-15 02:41:00,714.09,76.36,5.85566166666667,481.51,692.82,191.11,120.92,147.7,77.38,6.503372,481.48,731.54,205.2,126.76,160.96,78.56,5.56747933333333,482.17,717.9,199.34,135.64,145.45,73.13,5.49273533333333,480.87,595.64,383.32,454.12
2026-01-15 02:42:59,XPQ-01 Main,2026-01-15 02:42:00,691.42,77.07,5.83232833333333,481.37,671.4,185.06,116.07,143.67,77.79,6.57003866666667,481.33,705.57,197.94,119.98,156.52,79.36,5.66747933333333,482.24,697.3,193.56,129.66,142.9,74.06,5.259402,480.55,576.56,365.71,443.09
2026-01-15 02:43:59,XPQ-01 Main,2026-01-15 02:43:00,677.93,74.95,5.75566166666667,481.8,658.26,181.71,117.42,138.1,76.18,6.503372,481.91,695.76,195.31,124.11,150.38,77.13,5.56747933333333,482.38,679.78,188.81,131.67,134.76,71.53,5.19273533333333,481.11,565.83,373.2,423.24
2026-01-15 02:44:59,XPQ-01 Main,2026-01-15 02:44:00,698.73,74.97,6.63232833333333,481.62,677.73,186.96,121.29,141.89,76.01,7.303372,481.67,715.72,200.88,127.27,154.86,77.26,6.234146,482.34,702.72,195.13,135.84,139.47,71.64,6.359402,480.84,582.96,384.4,436.22
2026-01-15 02:45:59,XPQ-01 Main,2026-01-15 02:45:00,644.48,77.57,6.05566166666667,481.91,632.03,174.37,109.39,135.08,77.72,6.63670533333333,481.78,650.15,182.59,109.99,144.92,79.65,5.734146,482.85,651.27,181.03,118.64,135.89,75.33,5.79273533333333,481.08,537.99,338.02,415.89
2026-01-15 02:46:59,XPQ-01 Main,2026-01-15 02:46:00,676.19,73.11,6.05566166666667,481.74,660.58,182.22,122.9,134.19,73.74,6.57003866666667,481.68,687.34,192.97,126.68,145.07,75.32,5.834146,482.63,680.63,189.08,134.36,132.68,70.27,5.759402,480.9,564.27,383.94,411.95
2026-01-15 02:47:59,XPQ-01 Main,2026-01-15 02:47:00,645.65,75.75,5.85566166666667,482.05,630.19,174.02,112.63,131.73,76.01,6.57003866666667,482.27,653.37,183.57,114.26,142.84,78.09,5.66747933333333,482.69,653.39,181.54,123.3,132.27,73.15,5.32606866666667,481.18,539.13,350.19,406.84
2026-01-15 02:48:59,XPQ-01 Main,2026-01-15 02:48:00,636.77,75.07,6.078995,482.21,622.93,172.01,112.58,129.41,75.45,6.77003866666667,482.28,645.13,181.32,114.81,139.62,77.24,5.66747933333333,483.04,642.27,178.56,122.62,129.17,72.53,5.79273533333333,481.29,531.89,350.01,398.2
2026-01-15 02:49:59,XPQ-01 Main,2026-01-15 02:49:00,648.92,73.12,5.798995,481.9,631.72,174.38,117.81,127.97,73.57,6.27003866666667,481.88,659.34,185.12,120.9,139.49,75.57,5.634146,482.62,655.7,182.21,129.38,127.59,70.22,5.49273533333333,481.2,541.7,368.09,395.05
2026-01-15 02:50:59,XPQ-01 Main,2026-01-15 02:50:00,632.26,73.7,6.03232833333333,482.55,616.94,170.41,114.11,125.57,74.01,6.603372,482.41,639.53,179.88,116.32,136.35,76.08,5.90081266666667,483.59,640.3,178.21,124.55,125.65,71.02,5.59273533333333,481.65,528.5,354.97,387.57
2026-01-15 02:51:59,XPQ-01 Main,2026-01-15 02:51:00,621.17,73.94,5.71232833333333,482.4,604.86,167.04,110.78,124.26,74.64,6.203372,482.3,633.23,178.04,114.69,134.87,76.18,5.56747933333333,483.39,625.42,174.01,121.92,122.91,71.0,5.359402,481.51,519.09,347.39,382.04
2026-01-15 02:52:59,XPQ-01 Main,2026-01-15 02:52:00,655.44,68.84,5.198995,481.43,637.72,175.73,125.81,122.05,69.63,5.73670533333333,481.44,668.5,187.66,130.81,133.08,71.31,5.00081266666667,482.49,660.1,183.24,137.75,119.68,65.59,4.859402,480.36,546.62,394.38,374.81
2026-01-15 02:53:59,XPQ-01 Main,2026-01-15 02:53:00,691.19,70.59,5.06566166666667,481.08,673.59,185.5,129.55,132.19,71.42,5.57003866666667,481.08,705.34,197.84,134.8,143.69,72.93,5.00081266666667,482.1,694.64,192.69,142.1,129.73,67.42,4.62606866666667,480.07,576.02,406.45,405.61
2026-01-15 02:54:59,XPQ-01 Main,2026-01-15 02:54:00,694.91,73.31,5.03232833333333,481.48,679.33,187.23,126.1,138.04,73.83,5.83670533333333,481.31,706.22,198.17,129.37,148.39,75.38,5.034146,482.49,699.18,194.18,136.69,136.68,70.71,4.22606866666667,480.63,579.58,392.16,423.11
2026-01-15 02:55:59,XPQ-01 Main,2026-01-15 02:55:00,692.01,73.57,4.708995,481.21,676.77,186.41,124.86,137.69,74.08,5.37003866666667,481.24,701.61,196.86,127.93,148.32,75.72,4.70081266666667,482.25,697.66,193.58,135.77,136.54,70.91,4.059402,480.15,576.85,388.56,422.54
2026-01-15 02:56:59,XPQ-01 Main,2026-01-15 02:56:00,749.36,75.52,4.84566166666667,481.02,731.4,201.44,129.99,153.55,76.32,5.53670533333333,481.11,764.14,214.28,135.0,165.82,77.55,4.634146,481.94,752.54,208.69,143.1,151.42,72.68,4.359402,480.01,624.41,408.1,470.79
2026-01-15 02:57:59,XPQ-01 Main,2026-01-15 02:57:00,728.72,76.07,4.678995,481.24,711.34,196.06,126.42,149.21,76.3,5.23670533333333,481.24,737.68,206.85,128.0,161.49,78.37,4.56747933333333,481.97,737.13,204.55,138.18,149.92,73.53,4.22606866666667,480.49,607.47,392.6,460.61
2026-01-15 02:58:59,XPQ-01 Main,2026-01-15 02:58:00,766.43,76.43,4.47566166666667,481.06,745.66,205.42,130.45,158.24,77.16,5.07003866666667,480.92,782.22,219.23,135.02,171.88,78.64,4.534146,481.88,771.41,214.06,144.8,156.91,73.49,3.8260686666666706,480.4,638.7,410.27,487.03
2026-01-15 02:59:59,XPQ-01 Main,2026-01-15 02:59:00,727.33,75.58,4.608995,480.98,707.8,194.98,125.67,148.73,76.38,5.17003866666667,481.1,741.82,207.96,130.4,161.48,77.8,4.56747933333333,481.71,732.37,203.07,139.38,146.94,72.55,4.09273533333333,480.12,606.01,395.46,457.16
2026-01-15 03:00:59,XPQ-01 Main,2026-01-15 03:00:00,754.54,74.2,4.96566166666667,481.0,734.73,202.46,133.47,151.89,75.12,5.603372,481.14,770.65,216.01,139.27,164.74,76.37,4.90081266666667,481.65,758.24,210.24,147.54,149.25,71.12,4.39273533333333,480.2,628.7,420.28,465.89
2026-01-15 03:01:59,XPQ-01 Main,2026-01-15 03:01:00,746.54,77.02,4.518995,481.25,727.96,200.7,125.62,155.79,77.85,5.13670533333333,481.28,761.6,213.52,130.46,168.32,79.04,4.50081266666667,481.89,750.05,208.14,139.09,153.81,74.17,3.92606866666667,480.58,622.36,395.17,477.93
2026-01-15 03:02:59,XPQ-01 Main,2026-01-15 03:02:00,755.36,73.49,4.71232833333333,480.78,733.2,201.87,134.41,150.21,74.52,5.503372,480.83,773.75,216.82,140.95,163.92,75.83,4.534146,481.58,759.13,210.42,149.73,147.22,70.11,4.09273533333333,479.93,629.12,425.08,461.36
2026-01-15 03:03:59,XPQ-01 Main,2026-01-15 03:03:00,728.81,73.74,4.608995,481.11,705.62,194.43,128.62,145.35,74.89,5.23670533333333,481.06,748.35,209.78,135.55,159.13,76.13,4.66747933333333,481.86,732.47,203.22,144.22,142.19,70.21,3.92606866666667,480.39,607.43,408.39,446.67
2026-01-15 03:04:59,XPQ-01 Main,2026-01-15 03:04:00,717.66,75.12,4.718995,481.84,701.3,193.55,124.97,146.61,76.1,5.403372,482.02,732.14,205.62,130.54,158.06,77.1,4.46747933333333,482.55,719.54,199.85,137.8,143.64,72.16,4.29273533333333,480.94,599.02,393.3,448.31
2026-01-15 03:05:59,XPQ-01 Main,2026-01-15 03:05:00,707.42,71.9,4.76566166666667,481.6,684.26,188.81,128.43,137.68,73.13,5.47003866666667,481.79,726.73,203.95,135.79,151.14,74.39,4.70081266666667,482.16,711.27,197.44,143.87,134.13,68.19,4.12606866666667,480.84,590.2,408.09,422.95
2026-01-15 03:06:59,XPQ-01 Main,2026-01-15 03:06:00,731.52,77.46,4.798995,481.5,713.93,196.89,122.4,153.6,78.21,5.57003866666667,481.43,746.08,209.28,126.6,165.5,79.43,4.70081266666667,482.24,734.55,203.99,135.07,151.98,74.75,4.12606866666667,480.84,610.16,384.07,471.08
2026-01-15 03:07:59,XPQ-01 Main,2026-01-15 03:07:00,745.01,74.98,4.698995,481.14,727.0,200.33,130.42,151.4,75.76,5.33670533333333,480.93,759.38,212.81,135.11,163.09,77.01,4.70081266666667,481.91,748.64,207.8,143.17,149.21,72.16,4.059402,480.58,620.94,408.7,463.69
2026-01-15 03:08:59,XPQ-01 Main,2026-01-15 03:08:00,729.31,73.77,4.71232833333333,481.05,711.77,195.98,130.43,145.94,74.56,5.303372,480.98,743.55,208.52,135.35,157.8,75.9,4.50081266666667,482.1,732.6,203.24,143.22,143.72,70.83,4.32606866666667,480.07,607.74,409.0,447.45
2026-01-15 03:09:59,XPQ-01 Main,2026-01-15 03:09:00,713.23,74.67,4.798995,481.18,695.28,191.53,126.1,143.39,75.09,5.57003866666667,481.09,724.01,203.04,129.06,156.13,77.08,4.66747933333333,482.13,720.38,199.92,138.76,143.36,71.85,4.159402,480.33,594.5,393.92,442.88
2026-01-15 03:10:59,XPQ-01 Main,2026-01-15 03:10:00,741.53,71.88,4.83232833333333,481.37,726.9,200.41,137.23,145.68,72.79,5.303372,481.27,755.43,211.86,142.58,155.44,73.69,4.86747933333333,482.14,742.27,206.07,148.36,142.03,69.15,4.32606866666667,480.69,618.33,428.17,443.14
2026-01-15 03:11:59,XPQ-01 Main,2026-01-15 03:11:00,746.08,73.59,4.66566166666667,481.21,729.94,201.16,134.81,148.46,74.03,5.27003866666667,481.44,756.22,212.16,137.88,159.77,75.71,4.534146,482.01,752.07,208.58,146.11,147.5,71.05,4.19273533333333,480.17,621.9,418.8,455.73
2026-01-15 03:12:59,XPQ-01 Main,2026-01-15 03:12:00,747.61,75.82,4.598995,480.59,730.75,200.99,131.56,151.4,75.48,5.27003866666667,480.47,751.25,210.47,130.39,164.34,78.34,4.60081266666667,481.69,760.84,210.9,142.21,154.85,73.65,3.92606866666667,479.59,622.36,404.16,470.59
2026-01-15 03:13:59,XPQ-01 Main,2026-01-15 03:13:00,778.78,71.61,5.08566166666667,480.31,763.3,209.91,144.77,151.59,72.32,5.57003866666667,480.19,791.48,221.54,149.47,162.53,73.61,5.16747933333333,481.24,781.57,216.52,156.59,148.9,68.91,4.52606866666667,479.5,647.96,450.84,463.02
2026-01-15 03:14:59,XPQ-01 Main,2026-01-15 03:14:00,779.21,72.62,4.76566166666667,480.11,764.18,210.07,142.27,153.91,73.43,5.37003866666667,480.13,792.54,221.8,147.39,164.83,74.54,4.86747933333333,481.01,780.92,216.19,154.34,150.83,69.89,4.059402,479.2,648.06,444.01,469.58
2026-01-15 03:15:59,XPQ-01 Main,2026-01-15 03:15:00,784.49,72.86,4.51232833333333,480.36,773.93,212.85,144.17,156.11,73.46,5.07003866666667,480.18,793.5,222.09,147.82,165.25,74.53,4.46747933333333,481.29,786.03,217.81,153.96,153.43,70.59,3.9927353333333295,479.62,652.76,445.95,474.79
2026-01-15 03:16:59,XPQ-01 Main,2026-01-15 03:16:00,846.51,75.81,4.68566166666667,480.0,834.34,229.34,147.49,175.28,76.52,5.17003866666667,479.92,857.57,239.84,151.83,185.43,77.37,4.60081266666667,480.82,847.63,234.65,158.65,172.24,73.55,4.29273533333333,479.25,703.84,457.98,532.95
2026-01-15 03:17:59,XPQ-01 Main,2026-01-15 03:17:00,831.07,75.58,4.55566166666667,480.06,813.93,223.74,143.82,170.89,76.51,5.103372,480.13,846.87,236.98,149.75,183.15,77.42,4.26747933333333,480.88,832.43,230.4,157.72,167.52,72.81,4.29273533333333,479.16,691.11,451.28,521.56
2026-01-15 03:18:59,XPQ-01 Main,2026-01-15 03:18:00,870.98,76.56,4.74232833333333,479.98,857.06,235.44,148.8,181.89,77.4,5.33670533333333,479.98,885.29,247.76,154.2,193.21,78.16,4.734146,481.05,870.61,240.96,161.55,178.42,74.13,4.159402,478.9,724.16,464.56,553.52
2026-01-15 03:19:59,XPQ-01 Main,2026-01-15 03:19:00,767.85,80.76,4.598995,481.47,748.04,206.24,117.74,168.85,82.03,5.17003866666667,481.6,788.72,221.38,124.92,182.22,82.48,4.40081266666667,482.28,766.8,212.83,133.52,165.19,77.77,4.22606866666667,480.53,640.44,376.18,516.27
2026-01-15 03:20:59,XPQ-01 Main,2026-01-15 03:20:00,732.48,81.6,4.57566166666667,482.02,714.85,197.3,111.87,162.0,82.29,5.23670533333333,482.08,746.12,209.64,115.11,174.35,83.45,4.50081266666667,482.87,736.48,204.68,124.97,161.36,79.06,3.9927353333333295,481.12,611.62,351.95,497.72
2026-01-15 03:21:59,XPQ-01 Main,2026-01-15 03:21:00,684.97,79.37,4.56566166666667,482.69,671.04,185.5,110.33,148.42,80.25,5.003372,482.52,698.87,196.5,114.7,158.51,81.01,4.50081266666667,483.48,685.0,190.73,121.63,146.11,76.86,4.19273533333333,482.07,572.73,346.66,453.04
2026-01-15 03:22:59,XPQ-01 Main,2026-01-15 03:22:00,661.58,75.41,4.52232833333333,482.26,646.84,178.59,114.82,135.97,76.4,5.203372,482.21,674.92,189.73,119.85,146.41,77.38,4.36747933333333,483.21,662.97,184.37,126.74,133.26,72.46,3.9927353333333295,481.35,552.69,361.41,415.64
2026-01-15 03:23:59,XPQ-01 Main,2026-01-15 03:23:00,694.17,77.25,4.85566166666667,482.52,677.45,187.2,115.96,146.75,78.46,5.57003866666667,482.36,711.26,199.95,122.23,157.8,79.06,4.56747933333333,483.32,693.79,193.08,129.19,143.12,74.23,4.42606866666667,481.86,580.23,367.38,447.67
2026-01-15 03:24:59,XPQ-01 Main,2026-01-15 03:24:00,684.91,82.64,4.55566166666667,482.96,660.94,182.77,98.79,153.17,84.04,5.23670533333333,483.07,708.22,199.4,105.87,168.39,84.66,4.30081266666667,483.81,685.57,190.88,116.22,150.83,79.21,4.12606866666667,481.99,573.06,320.89,472.39
2026-01-15 03:25:59,XPQ-01 Main,2026-01-15 03:25:00,716.94,80.72,4.38566166666667,481.86,695.01,191.8,108.34,157.91,82.46,4.87003866666667,481.78,743.4,208.71,117.79,171.33,82.4,4.30081266666667,482.63,712.4,197.98,125.3,152.6,77.28,3.9927353333333295,481.18,598.49,351.43,481.84
2026-01-15 03:26:59,XPQ-01 Main,2026-01-15 03:26:00,779.3,81.89,4.66566166666667,481.26,761.11,209.8,116.02,174.5,83.27,5.303372,481.22,801.19,224.66,123.99,187.07,83.35,4.534146,482.01,775.58,215.24,131.63,169.8,79.03,4.159402,480.56,649.7,371.64,531.37
2026-01-15 03:27:59,XPQ-01 Main,2026-01-15 03:27:00,754.89,84.24,4.62232833333333,482.02,735.15,202.85,104.91,172.67,85.46,5.27003866666667,481.87,777.52,218.42,111.47,186.5,85.84,4.46747933333333,482.97,752.01,209.09,121.11,169.78,81.41,4.12606866666667,481.21,630.36,337.49,528.95
2026-01-15 03:28:59,XPQ-01 Main,2026-01-15 03:28:00,791.16,81.62,4.498995,481.49,770.82,212.52,118.61,176.12,82.95,5.303372,481.45,813.44,228.26,126.43,189.39,83.17,4.234146,482.37,789.21,219.13,134.6,171.88,78.73,3.959402,480.65,659.91,379.64,537.4
2026-01-15 03:29:59,XPQ-01 Main,2026-01-15 03:29:00,619.23,88.92,4.46566166666667,484.09,599.22,166.12,71.02,149.64,90.34,5.17003866666667,484.01,642.39,181.19,77.42,163.13,90.34,4.334146,484.86,616.07,172.0,87.15,147.43,86.08,3.89273533333333,483.4,519.31,235.59,460.2
2026-01-15 03:30:59,XPQ-01 Main,2026-01-15 03:30:00,700.16,79.94,4.83232833333333,482.14,680.44,187.88,108.56,153.19,81.59,5.53670533333333,482.03,723.56,203.25,117.3,165.62,81.61,4.80081266666667,482.95,696.47,193.67,124.24,148.13,76.62,4.159402,481.45,584.81,350.1,466.94
2026-01-15 03:31:59,XPQ-01 Main,2026-01-15 03:31:00,757.54,82.05,4.26566166666667,481.74,736.43,203.17,110.75,169.87,83.77,4.83670533333333,481.64,784.56,220.21,120.51,183.65,83.61,4.20081266666667,482.52,751.62,208.83,128.4,164.26,78.79,3.759402,481.05,632.21,359.67,517.78
2026-01-15 03:32:59,XPQ-01 Main,2026-01-15 03:32:00,741.51,84.57,5.018995,481.87,724.37,199.89,102.72,170.79,85.7,5.703372,481.71,761.37,213.73,108.52,183.19,86.04,4.80081266666667,482.66,738.77,205.36,117.41,167.99,81.97,4.559402,481.26,618.98,328.64,521.98
2026-01-15 03:33:59,XPQ-01 Main,2026-01-15 03:33:00,756.84,84.77,4.398995,482.21,739.23,204.11,105.02,174.69,85.7,5.203372,482.05,774.65,217.64,109.78,187.36,86.28,4.10081266666667,483.09,756.63,210.47,119.23,172.94,82.33,3.89273533333333,481.51,632.22,334.04,534.99
2026-01-15 03:34:59,XPQ-01 Main,2026-01-15 03:34:00,742.1,83.07,4.698995,482.15,723.06,199.69,106.67,168.34,84.47,5.503372,482.14,764.97,214.89,114.25,180.97,84.56,4.36747933333333,482.85,738.28,205.27,122.27,164.08,80.19,4.22606866666667,481.46,619.84,343.2,513.39
2026-01-15 03:35:59,XPQ-01 Main,2026-01-15 03:35:00,767.76,81.29,4.588995,481.59,748.26,206.43,116.09,170.43,82.65,5.303372,481.73,789.65,221.61,123.77,183.61,82.92,4.434146,482.25,765.38,212.49,132.01,166.26,78.31,4.02606866666667,480.8,640.53,371.87,520.3
2026-01-15 03:36:59,XPQ-01 Main,2026-01-15 03:36:00,758.34,83.38,4.908995,481.93,744.17,205.41,110.7,172.8,84.2,5.53670533333333,481.81,772.8,216.96,114.85,183.53,84.77,4.66747933333333,482.69,758.06,210.72,122.8,170.68,81.17,4.52606866666667,481.3,633.09,348.35,527.0
2026-01-15 03:37:59,XPQ-01 Main,2026-01-15 03:37:00,756.5,82.24,4.53232833333333,482.2,742.29,204.93,113.3,170.14,83.23,5.103372,482.24,772.19,217.06,118.58,181.06,83.66,4.30081266666667,483.13,755.01,209.92,126.09,167.05,79.82,4.19273533333333,481.25,631.91,357.97,518.26
2026-01-15 03:38:59,XPQ-01 Main,2026-01-15 03:38:00,725.19,82.57,4.35232833333333,482.39,708.25,195.58,106.8,163.3,83.69,5.07003866666667,482.34,743.38,209.04,112.55,175.49,84.18,4.10081266666667,483.37,723.93,201.39,121.02,160.52,79.85,3.89273533333333,481.46,606.0,340.37,499.3
2026-01-15 03:39:59,XPQ-01 Main,2026-01-15 03:39:00,753.61,83.25,4.178995,482.21,736.48,203.36,109.46,170.96,84.22,4.83670533333333,481.94,770.93,216.54,114.53,183.23,84.8,4.06747933333333,483.06,753.43,209.62,123.39,168.75,80.72,3.6260686666666704,481.64,629.52,347.39,522.94
2026-01-15 03:40:59,XPQ-01 Main,2026-01-15 03:40:00,712.0,81.99,4.72232833333333,482.4,694.3,191.76,106.76,158.7,82.97,5.43670533333333,482.12,728.93,204.85,111.66,170.55,83.66,4.56747933333333,483.32,712.77,198.39,120.15,156.61,79.34,4.159402,481.76,595.0,338.57,485.87
2026-01-15 03:41:59,XPQ-01 Main,2026-01-15 03:41:00,670.64,80.16,5.178995,482.48,655.62,181.13,105.27,146.31,81.17,5.83670533333333,482.19,685.92,192.78,110.14,157.12,81.89,4.834146,483.37,670.39,186.62,117.62,143.91,77.43,4.859402,481.88,560.52,333.03,447.34
2026-01-15 03:42:59,XPQ-01 Main,2026-01-15 03:42:00,500.13,81.3,6.108995,484.3,481.2,133.52,76.0,108.99,82.03,6.67003866666667,484.52,512.83,144.74,78.54,120.8,83.84,5.86747933333333,484.9,506.38,141.35,87.93,109.78,78.05,5.79273533333333,483.49,419.61,242.47,339.57
2026-01-15 03:43:59,XPQ-01 Main,2026-01-15 03:43:00,495.94,79.35,5.63232833333333,484.07,479.47,132.89,79.63,105.83,79.91,6.203372,483.99,506.86,142.99,81.65,116.24,81.83,5.40081266666667,484.97,501.48,140.0,90.12,106.4,76.31,5.29273533333333,483.26,415.88,251.4,328.48
2026-01-15 03:44:59,XPQ-01 Main,2026-01-15 03:44:00,535.46,77.98,5.898995,484.02,520.85,144.42,88.29,113.61,78.96,6.63670533333333,483.82,548.73,154.68,92.22,123.04,80.02,5.40081266666667,484.7,536.81,149.88,98.83,111.94,74.97,5.659402,483.55,448.98,279.33,348.59
2026-01-15 03:45:59,XPQ-01 Main,2026-01-15 03:45:00,518.54,79.07,5.53232833333333,483.72,502.6,139.28,83.29,110.6,79.88,6.13670533333333,483.64,530.73,149.53,86.38,120.98,81.38,5.26747933333333,484.33,522.3,145.7,94.31,110.11,75.95,5.19273533333333,483.19,434.52,263.98,341.68
2026-01-15 03:46:59,XPQ-01 Main,2026-01-15 03:46:00,530.28,78.15,5.718995,484.02,513.96,142.54,86.76,112.63,79.22,6.17003866666667,484.23,544.19,153.48,91.05,122.28,80.21,5.534146,484.58,532.68,148.61,97.58,110.74,75.03,5.459402,483.27,444.63,275.38,345.65
2026-01-15 03:47:59,XPQ-01 Main,2026-01-15 03:47:00,542.41,77.49,5.93232833333333,483.88,528.82,146.63,90.62,114.2,78.33,6.73670533333333,484.03,554.24,156.25,94.04,123.49,79.56,5.50081266666667,484.41,544.17,151.78,100.76,112.81,74.58,5.559402,483.19,454.66,285.43,350.5
2026-01-15 03:48:59,XPQ-01 Main,2026-01-15 03:48:00,515.21,77.79,5.76566166666667,483.6,496.26,137.49,83.94,107.83,78.91,6.53670533333333,483.52,530.88,149.54,88.41,119.39,80.36,5.50081266666667,484.23,518.48,144.6,96.68,106.69,74.1,5.259402,483.05,431.63,269.03,333.9
2026-01-15 03:49:59,XPQ-01 Main,2026-01-15 03:49:00,540.01,76.18,5.908995,483.37,522.21,144.66,91.33,111.73,77.43,6.73670533333333,483.36,556.05,156.52,96.63,122.4,78.49,5.50081266666667,483.85,541.78,151.0,103.53,109.42,72.64,5.49273533333333,482.9,452.19,291.49,343.55
2026-01-15 03:50:59,XPQ-01 Main,2026-01-15 03:50:00,512.13,80.86,5.678995,483.79,493.62,136.85,77.95,111.42,81.94,6.37003866666667,483.68,528.03,148.74,81.98,122.55,83.12,5.30081266666667,484.29,514.75,143.63,90.09,110.53,77.51,5.359402,483.41,429.23,250.02,344.49
2026-01-15 03:51:59,XPQ-01 Main,2026-01-15 03:51:00,515.3,78.3,5.63232833333333,483.81,498.9,138.33,83.89,109.38,79.35,6.37003866666667,483.71,528.87,148.98,87.96,119.35,80.5,5.434146,484.28,518.13,144.57,94.96,107.85,75.05,5.09273533333333,483.44,431.89,266.81,336.59
2026-01-15 03:52:59,XPQ-01 Main,2026-01-15 03:52:00,513.54,79.45,5.83232833333333,483.89,496.09,137.56,81.27,109.98,80.42,6.403372,483.81,527.66,148.68,84.99,120.58,81.74,5.66747933333333,484.4,516.87,144.24,92.69,109.07,76.2,5.42606866666667,483.47,430.48,258.95,339.63
2026-01-15 03:53:59,XPQ-01 Main,2026-01-15 03:53:00,501.06,79.53,5.708995,483.18,483.69,133.89,78.9,107.15,80.53,6.47003866666667,483.07,515.07,144.95,82.48,117.88,81.94,5.30081266666667,483.79,504.42,140.57,90.61,106.39,76.13,5.359402,482.67,419.4,252.0,331.43
2026-01-15 03:54:59,XPQ-01 Main,2026-01-15 03:54:00,553.86,76.76,5.17566166666667,482.7,537.51,148.63,92.7,114.54,77.73,5.77003866666667,482.61,568.17,159.75,96.87,125.46,79.15,4.934146,483.35,555.9,154.76,104.65,113.06,73.39,4.82606866666667,482.14,463.13,294.23,353.07
2026-01-15 03:55:59,XPQ-01 Main,2026-01-15 03:55:00,560.55,75.03,4.78566166666667,482.34,542.23,149.81,96.84,113.57,76.1,5.47003866666667,482.29,574.7,161.5,101.56,124.65,77.53,4.634146,483.03,564.72,157.07,109.29,111.66,71.46,4.259402,481.69,468.38,307.68,349.89
2026-01-15 03:56:59,XPQ-01 Main,2026-01-15 03:56:00,635.41,76.09,4.708995,481.66,617.57,170.46,107.87,131.57,77.33,5.13670533333333,481.79,652.25,183.02,113.89,142.78,78.18,4.70081266666667,482.18,636.41,176.71,121.0,128.37,72.77,4.29273533333333,481.03,530.19,342.76,402.72
2026-01-15 03:57:59,XPQ-01 Main,2026-01-15 03:57:00,614.91,79.2,4.54232833333333,481.8,598.57,165.24,98.03,132.27,80.34,5.17003866666667,481.68,629.85,176.71,103.02,142.99,81.14,4.60081266666667,482.34,616.31,171.26,110.49,129.72,76.13,3.859402,481.37,513.22,311.54,404.99
2026-01-15 03:58:59,XPQ-01 Main,2026-01-15 03:58:00,618.55,76.41,4.75566166666667,481.77,600.86,165.9,103.47,128.83,77.97,5.37003866666667,482.0,637.54,178.96,110.7,139.91,78.42,4.60081266666667,482.23,617.25,171.39,117.17,124.6,72.85,4.29273533333333,481.1,516.25,331.33,393.34
2026-01-15 03:59:59,XPQ-01 Main,2026-01-15 03:59:00,672.32,78.6,4.65232833333333,481.14,653.11,179.97,107.34,143.8,80.14,5.503372,481.0,693.43,194.37,114.98,155.8,80.46,4.46747933333333,481.93,670.41,186.05,122.24,139.46,75.2,3.9927353333333295,480.49,560.39,344.56,439.05
2026-01-15 04:00:59,XPQ-01 Main,2026-01-15 04:00:00,664.86,81.15,4.398995,481.41,647.9,178.62,102.1,146.26,82.0,5.03670533333333,481.26,679.51,190.57,105.98,157.81,83.02,4.30081266666667,482.22,667.19,185.27,114.7,144.99,78.43,3.859402,480.76,554.46,322.78,449.05
2026-01-15 04:01:59,XPQ-01 Main,2026-01-15 04:01:00,627.05,80.35,4.78566166666667,481.25,611.18,168.55,98.14,136.62,81.22,5.47003866666667,481.38,640.5,179.57,101.88,147.39,82.26,4.60081266666667,481.75,629.47,174.63,109.93,135.15,77.58,4.29273533333333,480.62,522.75,309.96,419.16
2026-01-15 04:02:59,XPQ-01 Main,2026-01-15 04:02:00,574.25,75.61,5.33232833333333,481.65,562.64,155.3,100.46,117.89,76.11,5.93670533333333,481.78,582.18,163.35,102.61,126.44,77.65,5.26747933333333,482.14,577.93,160.46,109.29,116.95,73.06,4.79273533333333,481.01,479.11,312.36,361.28
2026-01-15 04:03:59,XPQ-01 Main,2026-01-15 04:03:00,498.51,76.26,5.65232833333333,482.13,488.07,134.88,84.96,104.15,77.49,6.303372,482.17,509.43,143.03,89.24,111.32,78.02,5.434146,482.51,498.03,138.44,93.82,101.0,73.26,5.22606866666667,481.71,416.35,268.02,316.46
2026-01-15 04:04:59,XPQ-01 Main,2026-01-15 04:04:00,525.82,74.27,6.078995,481.85,514.38,142.07,93.27,106.13,75.11,6.803372,481.88,534.94,150.1,96.65,114.13,76.31,5.834146,482.23,528.14,146.72,102.24,104.21,71.38,5.59273533333333,481.42,438.89,292.17,324.47
2026-01-15 04:05:59,XPQ-01 Main,2026-01-15 04:05:00,520.15,80.64,5.84232833333333,482.26,507.79,140.33,81.93,113.26,81.02,6.53670533333333,482.17,527.9,148.25,82.98,121.49,82.57,5.46747933333333,482.78,524.76,145.95,90.09,113.46,78.31,5.52606866666667,481.82,434.52,255.0,348.2
2026-01-15 04:06:59,XPQ-01 Main,2026-01-15 04:06:00,526.25,79.84,5.81232833333333,481.6,512.81,141.49,84.23,113.26,80.24,6.503372,481.46,534.21,149.83,85.51,122.42,81.98,5.50081266666667,482.24,531.75,147.71,93.33,113.7,77.29,5.42606866666667,481.12,439.03,263.07,349.38
2026-01-15 04:07:59,XPQ-01 Main,2026-01-15 04:07:00,488.13,81.09,5.93232833333333,481.9,473.94,130.9,75.03,106.28,81.69,6.57003866666667,481.9,498.1,139.77,76.87,115.74,83.3,5.66747933333333,482.31,492.36,136.81,84.65,106.52,78.29,5.559402,481.49,407.49,236.55,328.54
2026-01-15 04:08:59,XPQ-01 Main,2026-01-15 04:08:00,497.92,79.8,5.67566166666667,484.16,483.53,134.15,79.46,107.57,80.44,6.43670533333333,483.99,507.95,143.19,81.54,116.77,81.99,5.36747933333333,484.68,502.29,140.28,89.06,107.38,76.97,5.22606866666667,483.81,417.61,250.07,331.72
2026-01-15 04:10:59,XPQ-01 Main,2026-01-15 04:10:00,528.91,76.61,5.588995,483.62,515.67,142.87,90.4,110.0,77.26,6.17003866666667,483.45,538.18,151.59,92.93,119.08,78.83,5.434146,484.28,532.89,148.65,100.05,109.26,73.75,5.159402,483.14,443.1,283.39,338.34
2026-01-15 04:11:59,XPQ-01 Main,2026-01-15 04:11:00,504.86,80.76,5.84232833333333,484.31,491.41,136.33,78.8,110.77,81.48,6.63670533333333,484.22,515.41,145.41,81.21,119.78,82.77,5.36747933333333,485.0,507.76,141.83,88.34,110.2,78.02,5.52606866666667,483.72,423.57,248.35,340.75
2026-01-15 04:12:59,XPQ-01 Main,2026-01-15 04:12:00,493.52,78.53,5.86566166666667,484.31,481.05,133.55,81.39,105.14,79.08,6.47003866666667,484.35,502.06,141.59,83.14,113.48,80.67,5.70081266666667,484.66,497.44,138.9,90.04,104.79,75.84,5.42606866666667,483.92,414.04,254.57,323.4
2026-01-15 04:13:59,XPQ-01 Main,2026-01-15 04:13:00,538.82,74.81,5.508995,483.45,527.31,146.12,95.71,109.96,75.43,6.13670533333333,483.56,547.15,154.06,98.28,118.07,76.86,5.20081266666667,483.84,542.02,151.05,104.36,108.72,72.14,5.19273533333333,482.95,451.24,298.35,336.75
2026-01-15 04:14:59,XPQ-01 Main,2026-01-15 04:14:00,541.06,79.62,5.698995,483.59,530.46,146.94,87.47,117.53,80.22,6.403372,483.42,549.44,154.76,89.51,125.28,81.37,5.46747933333333,484.32,543.27,151.54,95.76,116.59,77.28,5.22606866666667,483.04,453.24,272.74,359.41
2026-01-15 04:15:59,XPQ-01 Main,2026-01-15 04:15:00,442.56,79.55,5.84232833333333,484.52,428.07,118.88,69.45,95.63,80.91,6.63670533333333,484.65,456.12,128.73,73.81,104.62,81.71,5.46747933333333,484.91,443.47,123.86,80.07,93.68,76.02,5.42606866666667,483.99,371.46,223.33,293.92
2026-01-15 04:16:59,XPQ-01 Main,2026-01-15 04:16:00,465.73,81.24,5.908995,484.44,451.26,125.26,70.96,102.14,82.13,6.67003866666667,484.54,477.65,134.81,73.81,111.4,83.36,5.634146,484.99,468.27,130.77,80.92,101.62,78.23,5.42606866666667,483.79,390.84,225.7,315.16
2026-01-15 04:17:59,XPQ-01 Main,2026-01-15 04:17:00,476.43,81.32,5.82232833333333,484.37,462.69,128.49,71.75,105.15,82.6,6.53670533333333,484.55,489.26,138.01,76.06,113.94,83.17,5.60081266666667,484.64,477.33,133.26,82.17,103.04,78.19,5.32606866666667,483.91,399.76,229.98,322.13
2026-01-15 04:18:59,XPQ-01 Main,2026-01-15 04:18:00,453.28,80.52,5.87566166666667,484.52,435.93,121.03,68.28,98.72,82.24,6.57003866666667,484.57,470.55,132.81,73.97,108.58,82.65,5.634146,485.04,453.36,126.64,80.39,95.98,76.66,5.42606866666667,483.94,380.48,222.64,303.28
2026-01-15 04:19:59,XPQ-01 Main,2026-01-15 04:19:00,481.84,78.3,5.64232833333333,484.34,467.89,129.9,78.84,102.4,79.24,6.203372,484.28,492.54,138.89,82.1,110.84,80.36,5.56747933333333,484.71,485.1,135.48,88.27,101.01,75.3,5.159402,484.01,404.27,249.2,314.24
2026-01-15 04:20:59,XPQ-01 Main,2026-01-15 04:20:00,462.58,77.99,5.788995,484.13,446.47,123.85,74.54,97.81,79.54,6.603372,484.2,478.47,134.95,79.88,107.42,80.25,5.434146,484.68,462.79,129.17,86.03,95.2,74.19,5.32606866666667,483.51,387.97,240.45,300.43
2026-01-15 04:21:59,XPQ-01 Main,2026-01-15 04:21:00,456.93,81.43,5.98566166666667,484.23,441.4,122.49,69.13,100.34,82.35,6.603372,484.41,468.93,132.28,71.99,109.98,83.67,5.734146,484.67,460.46,128.52,79.5,99.93,78.26,5.62606866666667,483.59,383.29,220.61,310.25
2026-01-15 04:22:59,XPQ-01 Main,2026-01-15 04:22:00,478.25,79.04,6.198995,483.99,466.96,129.54,77.69,102.58,79.72,7.203372,483.88,486.69,137.14,79.89,110.72,81.09,5.80081266666667,484.41,481.1,134.28,86.35,101.95,76.31,5.59273533333333,483.66,400.96,243.93,315.26
2026-01-15 04:23:59,XPQ-01 Main,2026-01-15 04:23:00,468.33,78.96,6.12232833333333,484.07,453.73,125.93,74.96,100.5,80.16,6.77003866666667,484.3,481.17,135.66,79.08,109.65,81.11,5.734146,484.35,470.09,131.15,85.46,98.73,75.61,5.859402,483.58,392.73,239.49,308.88
2026-01-15 04:24:59,XPQ-01 Main,2026-01-15 04:24:00,431.32,82.83,6.24566166666667,484.52,415.95,115.54,62.19,96.55,84.07,6.93670533333333,484.75,445.0,125.58,65.93,106.18,84.95,6.034146,484.8,433.0,120.91,72.95,95.51,79.47,5.759402,484.01,362.03,201.08,298.24
2026-01-15 04:25:59,XPQ-01 Main,2026-01-15 04:25:00,464.66,81.08,5.918995,484.47,451.83,125.53,70.47,102.7,82.45,6.63670533333333,484.7,478.33,134.94,75.06,111.29,82.91,5.76747933333333,484.64,463.81,129.5,80.72,100.24,77.89,5.359402,484.08,389.97,226.25,314.23
2026-01-15 04:26:59,XPQ-01 Main,2026-01-15 04:26:00,462.02,79.9,6.06566166666667,483.84,445.96,123.69,71.41,100.32,81.47,6.93670533333333,484.17,478.0,134.75,76.73,110.11,82.04,5.80081266666667,484.19,462.1,128.83,83.12,97.79,76.2,5.459402,483.17,387.27,231.25,308.23
2026-01-15 04:27:59,XPQ-01 Main,2026-01-15 04:27:00,457.05,79.65,6.05232833333333,483.86,443.34,122.93,71.69,98.98,80.99,6.703372,483.76,471.38,132.81,76.13,107.68,81.65,5.90081266666667,484.37,456.44,127.37,81.95,96.76,76.31,5.559402,483.45,383.11,229.77,303.43
2026-01-15 04:28:59,XPQ-01 Main,2026-01-15 04:28:00,436.12,80.41,6.06566166666667,484.23,422.44,117.25,67.2,95.09,81.66,6.37003866666667,484.18,449.1,126.61,71.1,103.75,82.49,5.90081266666667,484.6,436.82,121.97,77.21,93.38,77.07,5.92606866666667,483.91,365.84,215.51,292.22
2026-01-15 04:29:59,XPQ-01 Main,2026-01-15 04:29:00,432.91,82.84,5.92232833333333,484.14,415.95,115.4,61.89,96.53,84.18,6.53670533333333,484.22,448.99,126.63,65.98,106.82,85.08,5.76747933333333,484.64,433.78,121.07,73.44,95.46,79.26,5.459402,483.56,363.1,201.31,298.8
2026-01-15 04:30:59,XPQ-01 Main,2026-01-15 04:30:00,463.37,79.19,6.198995,483.74,453.85,125.86,75.82,99.69,79.6,6.83670533333333,483.77,470.09,132.4,76.91,106.61,81.1,5.86747933333333,484.08,466.16,130.02,82.78,99.48,76.87,5.89273533333333,483.38,388.28,235.5,305.78
2026-01-15 04:31:59,XPQ-01 Main,2026-01-15 04:31:00,417.28,80.73,5.85566166666667,484.3,401.49,111.45,63.41,90.03,81.76,6.57003866666667,484.54,429.4,121.15,66.4,99.7,83.23,5.734146,484.65,420.95,117.49,73.84,89.66,77.19,5.259402,483.7,350.09,203.65,279.39
2026-01-15 04:32:59,XPQ-01 Main,2026-01-15 04:32:00,456.48,80.79,5.86566166666667,484.12,446.95,124.01,71.65,99.83,81.24,6.603372,484.26,463.07,130.59,72.72,106.65,82.62,5.70081266666667,484.58,459.42,128.2,78.63,99.63,78.5,5.29273533333333,483.51,382.8,223.01,306.12
2026-01-15 04:33:59,XPQ-01 Main,2026-01-15 04:33:00,456.8,81.61,6.15232833333333,483.83,443.76,123.06,67.79,100.8,82.98,6.73670533333333,483.72,470.07,132.41,72.16,109.35,83.47,6.034146,484.23,456.58,127.41,78.07,98.57,78.39,5.69273533333333,483.54,382.87,218.01,308.71
2026-01-15 04:34:59,XPQ-01 Main,2026-01-15 04:34:00,448.33,81.46,6.13232833333333,484.42,438.57,121.73,69.6,99.13,81.84,6.87003866666667,484.26,453.9,128.03,70.37,106.29,83.38,5.86747933333333,484.97,452.53,126.44,76.75,99.4,79.15,5.659402,484.02,376.21,216.72,304.82
2026-01-15 04:35:59,XPQ-01 Main,2026-01-15 04:35:00,422.15,81.52,6.21232833333333,484.38,404.21,112.26,62.72,92.22,82.69,7.003372,484.48,436.66,123.15,66.15,102.52,84.03,5.96747933333333,484.61,425.57,118.84,73.98,91.77,77.85,5.659402,484.06,354.24,202.85,286.5
2026-01-15 04:36:59,XPQ-01 Main,2026-01-15 04:36:00,424.52,81.69,6.08566166666667,484.47,407.21,113.05,63.75,92.55,82.35,7.003372,484.64,434.95,122.77,65.6,102.78,84.29,5.834146,484.98,431.41,120.47,73.97,93.5,78.43,5.42606866666667,483.78,356.29,203.33,288.84
2026-01-15 04:37:59,XPQ-01 Main,2026-01-15 04:37:00,467.06,78.07,5.978995,483.91,456.64,126.66,78.13,98.77,78.43,6.53670533333333,483.84,472.43,133.1,79.17,106.13,80.15,5.66747933333333,484.33,472.09,131.74,85.48,98.76,75.61,5.72606866666667,483.58,391.51,242.78,303.66
2026-01-15 04:38:59,XPQ-01 Main,2026-01-15 04:38:00,456.78,82.31,5.76566166666667,484.29,442.37,122.74,67.54,100.82,83.08,6.53670533333333,484.25,469.28,132.39,69.74,110.24,84.51,5.50081266666667,484.91,458.69,128.1,77.4,100.85,79.33,5.259402,483.72,383.22,214.68,311.91
2026-01-15 04:39:59,XPQ-01 Main,2026-01-15 04:39:00,463.29,79.12,6.24232833333333,484.31,452.39,125.55,75.88,99.2,79.43,6.77003866666667,484.49,468.88,132.31,76.66,106.92,81.27,6.06747933333333,484.83,468.61,130.81,83.43,99.61,76.66,5.89273533333333,483.59,388.67,235.96,305.73
2026-01-15 04:40:59,XPQ-01 Main,2026-01-15 04:40:00,428.99,79.1,6.06566166666667,484.1,414.28,114.9,68.66,91.04,79.84,6.87003866666667,484.1,439.87,124.05,70.98,100.44,81.67,5.634146,484.71,432.81,120.81,78.37,91.06,75.8,5.69273533333333,483.49,359.76,218.0,282.54
2026-01-15 04:41:59,XPQ-01 Main,2026-01-15 04:41:00,432.04,80.99,6.12232833333333,484.29,411.69,114.3,64.11,93.46,82.46,6.87003866666667,484.38,449.98,126.89,68.85,105.03,83.63,5.90081266666667,484.57,434.45,121.3,76.88,92.43,76.88,5.59273533333333,483.91,362.49,209.83,290.92
2026-01-15 04:42:59,XPQ-01 Main,2026-01-15 04:42:00,453.43,78.09,6.12232833333333,483.97,438.69,121.69,72.83,96.63,79.86,7.03670533333333,483.93,469.35,132.27,78.7,105.07,80.04,5.66747933333333,484.41,452.26,126.22,83.59,93.02,74.38,5.659402,483.58,380.17,235.12,294.73
2026-01-15 04:43:59,XPQ-01 Main,2026-01-15 04:43:00,448.23,78.96,6.03232833333333,484.12,433.3,120.26,71.37,95.95,80.24,6.83670533333333,484.5,461.45,130.16,75.65,105.23,81.2,5.56747933333333,484.41,449.94,125.5,81.92,94.16,75.44,5.69273533333333,483.45,375.92,228.94,295.34
2026-01-15 04:44:59,XPQ-01 Main,2026-01-15 04:44:00,430.46,80.36,6.098995,484.7,407.69,113.32,64.69,91.92,81.78,6.803372,485.09,448.99,126.76,69.28,103.92,83.21,5.834146,484.85,434.72,121.4,77.78,91.26,76.11,5.659402,484.14,361.47,211.75,287.1
2026-01-15 04:45:59,XPQ-01 Main,2026-01-15 04:45:00,425.68,80.89,6.25566166666667,484.85,403.43,112.09,62.81,92.13,82.63,6.97003866666667,484.93,444.99,125.68,68.36,104.58,83.7,5.96747933333333,485.35,428.64,119.82,76.85,90.85,76.35,5.82606866666667,484.28,357.58,208.02,287.56
2026-01-15 04:46:59,XPQ-01 Main,2026-01-15 04:46:00,438.92,78.43,6.008995,484.53,420.89,116.94,69.69,92.84,79.97,6.77003866666667,484.95,455.34,128.53,74.83,103.14,80.94,5.66747933333333,484.73,440.52,122.97,81.65,90.81,74.36,5.59273533333333,483.92,368.44,226.17,286.79
2026-01-15 04:47:59,XPQ-01 Main,2026-01-15 04:47:00,434.94,79.56,6.06566166666667,484.71,415.35,115.43,66.93,92.47,81.01,6.77003866666667,485.15,452.08,127.67,71.72,103.83,82.28,5.834146,484.93,437.39,122.13,79.58,91.29,75.38,5.59273533333333,484.04,365.23,218.23,287.59
2026-01-15 04:48:59,XPQ-01 Main,2026-01-15 04:48:00,423.61,81.7,6.02232833333333,484.67,400.9,111.41,60.72,92.26,83.53,6.73670533333333,485.08,443.82,125.31,66.54,105.14,84.5,5.834146,484.86,426.12,118.99,75.23,90.97,77.06,5.49273533333333,484.07,355.71,202.48,288.37
2026-01-15 04:49:59,XPQ-01 Main,2026-01-15 04:49:00,416.28,81.72,5.998995,484.8,393.33,109.3,59.95,90.55,83.38,6.803372,484.91,435.6,122.99,65.07,103.41,84.64,5.70081266666667,485.17,419.92,117.36,74.17,89.89,77.14,5.49273533333333,484.32,349.65,199.19,283.85
2026-01-15 04:50:59,XPQ-01 Main,2026-01-15 04:50:00,446.91,77.4,6.098995,484.45,433.63,120.4,74.67,93.73,78.22,6.83670533333333,484.4,457.27,128.99,77.4,102.27,79.74,5.834146,484.9,449.83,125.66,83.79,92.92,74.26,5.62606866666667,484.05,375.05,235.87,288.92
2026-01-15 04:51:59,XPQ-01 Main,2026-01-15 04:51:00,420.5,80.83,6.26566166666667,485.05,401.08,111.56,63.31,91.02,82.09,6.97003866666667,485.21,436.55,123.28,67.21,101.94,83.49,5.86747933333333,485.19,423.86,118.51,75.16,90.45,76.91,5.959402,484.74,353.35,205.68,283.41
2026-01-15 04:52:59,XPQ-01 Main,2026-01-15 04:52:00,444.71,78.29,6.108995,484.62,430.62,119.64,72.08,93.59,79.23,6.77003866666667,484.89,454.15,128.2,75.16,102.66,80.69,5.934146,484.9,449.36,125.5,81.94,92.78,74.95,5.62606866666667,484.08,373.34,229.18,289.03
2026-01-15 04:53:59,XPQ-01 Main,2026-01-15 04:53:00,433.88,78.82,6.42232833333333,484.83,418.75,116.37,70.06,91.25,79.32,6.93670533333333,485.17,442.44,124.99,71.7,101.0,81.54,6.26747933333333,485.2,440.46,123.05,79.69,92.08,75.61,6.059402,484.12,364.41,221.45,284.33
2026-01-15 04:54:59,XPQ-01 Main,2026-01-15 04:54:00,421.62,77.72,5.988995,484.78,408.07,113.38,68.78,88.72,79.03,6.503372,484.64,434.82,122.72,72.9,97.05,79.95,5.76747933333333,485.22,421.96,117.98,78.45,86.79,74.18,5.69273533333333,484.48,354.08,220.14,272.56
2026-01-15 04:55:59,XPQ-01 Main,2026-01-15 04:55:00,429.36,78.47,6.36566166666667,485.29,414.89,115.44,69.38,90.83,79.47,6.903372,485.53,440.49,124.5,72.53,99.79,80.89,6.134146,485.54,432.69,121.02,79.19,89.97,75.07,6.059402,484.82,360.96,221.1,280.58
2026-01-15 04:56:59,XPQ-01 Main,2026-01-15 04:56:00,419.39,78.53,6.25566166666667,485.42,403.54,112.23,67.47,88.41,79.49,7.003372,485.26,429.94,121.54,70.5,97.51,81.04,6.00081266666667,486.01,424.68,118.91,77.3,87.8,75.06,5.759402,484.99,352.67,215.26,273.72
2026-01-15 04:57:59,XPQ-01 Main,2026-01-15 04:57:00,447.73,75.49,6.108995,484.86,438.12,121.73,78.33,92.12,76.18,6.67003866666667,484.97,455.93,128.79,80.54,98.46,77.4,5.80081266666667,485.41,449.14,125.54,85.26,90.73,72.87,5.859402,484.21,376.05,244.13,281.31
2026-01-15 04:58:59,XPQ-01 Main,2026-01-15 04:58:00,430.32,76.75,6.198995,485.4,421.87,117.37,74.47,89.99,77.04,6.87003866666667,485.29,434.95,122.92,75.22,95.97,78.71,6.034146,485.84,434.14,121.54,80.37,89.73,74.49,5.69273533333333,485.07,361.82,230.06,275.69
2026-01-15 04:59:59,XPQ-01 Main,2026-01-15 04:59:00,419.93,76.55,5.93232833333333,485.37,408.29,113.56,71.1,87.44,77.59,6.67003866666667,485.45,429.97,121.57,74.29,95.06,78.8,5.534146,485.9,421.54,117.95,79.79,85.93,73.28,5.59273533333333,484.77,353.08,225.18,268.44
2026-01-15 05:00:59,XPQ-01 Main,2026-01-15 05:00:00,386.04,73.03,6.33232833333333,485.79,375.76,104.64,71.26,75.63,72.78,6.93670533333333,485.76,388.86,109.98,71.07,82.78,75.88,6.20081266666667,486.15,393.49,110.23,77.57,76.99,70.44,5.859402,485.47,324.85,219.89,235.4
2026-01-15 05:01:59,XPQ-01 Main,2026-01-15 05:01:00,381.14,72.69,6.12232833333333,485.69,368.25,102.52,69.44,74.6,73.2,6.603372,485.73,388.31,109.83,71.4,82.26,75.52,5.96747933333333,486.11,386.86,108.33,77.29,74.39,69.35,5.79273533333333,485.23,320.67,218.13,231.25
2026-01-15 05:02:59,XPQ-01 Main,2026-01-15 05:02:00,300.83,86.9,6.63232833333333,487.51,288.48,80.63,37.88,69.26,87.74,7.33670533333333,487.54,310.82,88.23,39.1,77.0,89.16,6.30081266666667,487.83,303.18,85.22,45.74,70.27,83.81,6.259402,487.17,254.07,122.72,216.54
2026-01-15 05:03:59,XPQ-01 Main,2026-01-15 05:03:00,300.02,88.5,6.14232833333333,487.54,286.05,79.95,35.09,70.53,89.53,6.63670533333333,487.53,311.17,88.32,36.72,78.85,90.65,6.06747933333333,487.83,302.85,85.14,43.72,71.51,85.32,5.72606866666667,487.25,253.41,115.53,220.9
2026-01-15 05:04:59,XPQ-01 Main,2026-01-15 05:04:00,289.05,86.91,5.598995,487.34,274.14,76.57,35.92,66.14,87.88,6.203372,487.39,300.57,85.32,37.31,75.07,89.55,5.434146,487.81,292.44,82.17,44.93,67.67,83.31,5.159402,486.83,244.05,118.17,208.88
2026-01-15 05:05:59,XPQ-01 Main,2026-01-15 05:05:00,305.15,87.73,6.32232833333333,487.99,290.12,81.17,36.55,71.5,89.04,7.07003866666667,488.06,317.58,90.23,39.1,80.24,89.9,6.16747933333333,488.28,307.75,86.58,45.94,71.83,84.24,5.72606866666667,487.63,257.98,121.58,223.58
2026-01-15 05:06:59,XPQ-01 Main,2026-01-15 05:06:00,320.77,85.66,6.24232833333333,487.03,308.84,86.21,42.67,73.61,86.52,6.73670533333333,487.01,329.89,93.56,44.22,81.22,87.83,6.20081266666667,487.46,323.59,90.87,50.59,74.2,82.62,5.79273533333333,486.61,270.64,137.48,229.03
2026-01-15 05:07:59,XPQ-01 Main,2026-01-15 05:07:00,301.25,89.7,6.488995,487.53,284.09,79.41,31.58,71.59,91.49,7.27003866666667,487.61,317.86,90.23,35.31,81.68,91.79,6.26747933333333,487.81,301.82,84.83,42.83,71.64,85.83,5.92606866666667,487.16,254.46,109.73,224.9
2026-01-15 05:08:59,XPQ-01 Main,2026-01-15 05:08:00,300.2,89.57,6.54566166666667,487.25,282.02,78.78,30.84,70.27,91.57,7.33670533333333,487.3,316.73,89.86,35.11,80.12,91.59,6.134146,487.56,301.84,84.79,42.21,69.76,85.56,6.159402,486.89,253.43,108.16,220.15
2026-01-15 05:09:59,XPQ-01 Main,2026-01-15 05:09:00,313.2,87.19,5.98566166666667,486.72,295.45,82.44,37.1,72.42,89.0,6.57003866666667,486.72,328.94,93.21,41.08,82.02,89.41,5.76747933333333,487.01,315.21,88.46,48.05,71.94,83.15,5.62606866666667,486.43,264.11,126.23,226.38
2026-01-15 05:10:59,XPQ-01 Main,2026-01-15 05:10:00,304.94,87.32,6.278995,486.88,288.75,80.6,36.15,69.95,88.84,6.903372,486.88,319.46,90.55,39.13,80.11,89.85,6.10081266666667,487.15,306.61,86.07,46.97,70.63,83.27,5.82606866666667,486.6,257.22,122.24,220.68
2026-01-15 05:11:59,XPQ-01 Main,2026-01-15 05:11:00,305.35,87.91,6.098995,487.02,289.23,80.78,33.88,70.18,90.06,6.67003866666667,487.18,320.09,90.76,38.55,80.26,90.14,5.96747933333333,487.19,306.74,86.11,45.61,69.33,83.54,5.659402,486.68,257.65,118.04,219.77
2026-01-15 05:12:59,XPQ-01 Main,2026-01-15 05:12:00,312.63,84.51,6.108995,486.9,294.95,82.35,41.98,69.81,85.7,6.836705333333329,486.88,324.71,92.03,44.41,79.78,87.37,5.90081266666667,487.14,318.22,89.34,52.24,70.81,80.47,5.59273533333333,486.67,263.71,138.64,220.4
2026-01-15 05:13:59,XPQ-01 Main,2026-01-15 05:13:00,293.8,89.4,5.98566166666667,486.98,277.36,77.47,30.12,69.71,91.8,6.703372,487.31,313.69,88.95,35.47,79.9,91.4,5.834146,487.04,290.35,81.48,42.35,68.36,85.01,5.42606866666667,486.6,247.9,107.95,217.97
2026-01-15 05:14:59,XPQ-01 Main,2026-01-15 05:14:00,315.34,88.01,6.198995,486.9,300.25,83.84,36.95,73.81,89.42,6.93670533333333,486.93,329.03,93.24,39.78,83.31,90.24,6.034146,487.04,316.74,88.91,47.23,74.17,84.35,5.62606866666667,486.73,266.0,123.96,231.3
2026-01-15 05:15:59,XPQ-01 Main,2026-01-15 05:15:00,313.53,84.51,6.28566166666667,486.66,297.56,83.06,41.94,70.48,85.94,7.003372,486.74,327.42,92.75,44.95,79.36,87.01,6.10081266666667,486.75,315.6,88.54,51.69,70.37,80.59,5.759402,486.47,264.34,138.58,220.2
2026-01-15 05:16:59,XPQ-01 Main,2026-01-15 05:16:00,280.86,92.7,6.37566166666667,487.04,263.47,73.57,22.54,68.54,94.99,7.27003866666667,487.01,302.06,85.64,27.81,78.69,94.29,5.90081266666667,487.33,277.05,77.81,34.86,67.38,88.82,5.959402,486.79,237.02,85.21,214.62
2026-01-15 05:17:59,XPQ-01 Main,2026-01-15 05:17:00,294.12,88.43,6.63232833333333,486.79,279.94,78.15,33.3,69.94,90.28,7.403372,486.94,309.25,87.64,37.28,78.37,90.3,6.334146,486.92,293.18,82.26,43.29,68.95,84.69,6.159402,486.5,248.05,113.88,217.25
2026-01-15 05:18:59,XPQ-01 Main,2026-01-15 05:18:00,303.78,88.41,6.318995,486.7,288.64,80.54,35.15,71.21,89.67,7.13670533333333,486.89,315.87,89.54,37.41,80.16,90.62,6.034146,486.99,306.85,86.07,44.7,71.95,84.94,5.79273533333333,486.21,256.15,117.25,223.32
2026-01-15 05:19:59,XPQ-01 Main,2026-01-15 05:19:00,283.51,89.84,6.488995,486.66,270.3,75.43,30.05,67.72,91.41,7.003372,486.84,296.56,84.03,33.06,75.43,91.59,6.30081266666667,486.82,283.68,79.57,38.99,67.28,86.52,6.159402,486.31,239.04,102.1,210.43
2026-01-15 05:20:59,XPQ-01 Main,2026-01-15 05:20:00,298.8,86.42,6.64232833333333,486.62,290.6,81.08,39.65,69.16,86.76,7.37003866666667,486.64,303.99,86.12,39.62,75.07,88.44,6.434146,486.91,301.81,84.68,45.33,70.36,84.07,6.12606866666667,486.32,251.88,124.6,214.6
2026-01-15 05:21:59,XPQ-01 Main,2026-01-15 05:21:00,297.48,90.88,6.36566166666667,486.71,285.7,79.72,30.16,71.6,92.16,7.07003866666667,486.68,309.84,87.78,32.32,80.08,92.73,6.26747933333333,486.96,296.89,83.32,39.43,72.2,87.76,5.759402,486.48,250.83,101.91,223.88
2026-01-15 05:22:59,XPQ-01 Main,2026-01-15 05:22:00,291.1,91.04,6.43232833333333,486.37,276.52,77.1,28.16,69.98,92.77,7.003372,486.52,308.28,87.32,31.75,78.55,92.71,6.06747933333333,486.65,288.52,80.89,38.17,69.4,87.62,6.22606866666667,485.94,245.31,98.07,217.93
2026-01-15 05:23:59,XPQ-01 Main,2026-01-15 05:23:00,289.74,91.14,6.298995,486.69,279.87,78.11,29.23,71.04,92.48,6.97003866666667,486.78,300.93,85.26,31.94,77.66,92.48,6.134146,486.84,288.41,80.92,37.03,70.25,88.47,5.79273533333333,486.46,244.29,98.2,218.95
2026-01-15 05:24:59,XPQ-01 Main,2026-01-15 05:24:00,299.01,90.58,6.188995,486.68,289.67,80.84,30.6,71.78,91.99,6.803372,486.71,308.67,87.44,33.41,79.3,92.15,6.10081266666667,486.87,298.69,83.81,39.27,71.34,87.6,5.659402,486.45,252.09,103.28,222.42
2026-01-15 05:25:59,XPQ-01 Main,2026-01-15 05:25:00,277.35,88.16,6.188995,485.99,264.72,73.74,32.06,64.79,89.63,6.903372,485.95,288.25,81.57,34.71,72.75,90.25,5.90081266666667,486.37,279.07,78.21,40.86,64.83,84.6,5.759402,485.65,233.52,107.63,202.37
2026-01-15 05:26:59,XPQ-01 Main,2026-01-15 05:26:00,291.64,90.1,6.308995,486.47,277.28,77.33,29.75,70.0,92.03,7.003372,486.44,307.81,87.17,33.85,79.09,91.94,5.96747933333333,486.78,289.85,81.31,40.47,69.26,86.34,5.959402,486.19,245.81,104.07,218.35
2026-01-15 05:27:59,XPQ-01 Main,2026-01-15 05:27:00,293.02,91.1,6.46566166666667,487.08,282.17,78.8,28.68,70.94,92.71,7.27003866666667,487.13,308.59,87.51,32.11,78.61,92.57,6.16747933333333,487.34,288.29,80.96,37.8,70.09,88.02,5.959402,486.76,247.26,98.59,219.64
2026-01-15 05:28:59,XPQ-01 Main,2026-01-15 05:28:00,302.91,86.48,6.16566166666667,486.25,291.18,81.18,38.88,69.94,87.4,6.87003866666667,486.34,312.39,88.44,40.39,77.28,88.63,5.76747933333333,486.51,305.15,85.54,46.66,70.53,83.4,5.859402,485.9,255.16,125.93,217.76
2026-01-15 05:29:59,XPQ-01 Main,2026-01-15 05:29:00,285.3,93.82,6.42232833333333,486.52,272.64,76.03,21.87,71.13,95.59,7.07003866666667,486.42,301.42,85.37,25.96,80.08,95.13,6.134146,486.86,281.83,79.08,32.61,70.43,90.74,6.059402,486.28,240.48,80.44,221.64
2026-01-15 05:30:59,XPQ-01 Main,2026-01-15 05:30:00,269.0,92.63,6.598995,485.75,260.73,72.6,24.67,65.59,93.6,7.103372,485.74,276.98,78.33,25.97,71.8,94.04,6.60081266666667,486.05,269.31,75.43,31.48,66.0,90.26,6.09273533333333,485.46,226.36,82.13,203.39
2026-01-15 05:31:59,XPQ-01 Main,2026-01-15 05:31:00,285.04,90.95,6.698995,485.55,273.86,76.26,29.13,68.19,91.96,7.33670533333333,485.72,295.33,83.48,30.49,75.65,92.75,6.36747933333333,485.67,285.93,80.02,36.98,69.01,88.14,6.39273533333333,485.27,239.77,96.6,212.86
2026-01-15 05:32:59,XPQ-01 Main,2026-01-15 05:32:00,330.02,86.47,6.888995,485.48,320.95,89.34,42.34,77.33,87.71,7.67003866666667,485.54,340.11,96.13,45.11,83.55,87.99,6.434146,485.73,329.0,92.08,49.76,76.11,83.7,6.559402,485.15,277.55,137.21,236.99
2026-01-15 05:33:59,XPQ-01 Main,2026-01-15 05:33:00,326.69,87.71,6.75566166666667,485.41,313.61,87.28,38.55,77.58,89.55,7.37003866666667,485.63,341.38,96.51,43.01,85.57,89.35,6.634146,485.69,325.07,90.94,48.45,75.75,84.24,6.259402,484.92,274.73,130.02,238.91
2026-01-15 05:34:59,XPQ-01 Main,2026-01-15 05:34:00,275.19,92.28,6.85566166666667,485.82,263.8,73.48,25.09,67.47,93.73,7.63670533333333,485.81,287.33,81.26,27.87,75.04,93.74,6.40081266666667,486.04,274.45,76.88,33.76,67.22,89.36,6.52606866666667,485.6,231.62,86.72,209.73
2026-01-15 05:35:59,XPQ-01 Main,2026-01-15 05:35:00,262.88,92.27,6.83232833333333,485.91,251.65,70.11,24.74,63.95,93.26,7.403372,486.09,272.72,77.17,25.93,71.07,93.94,6.36747933333333,486.15,264.29,74.02,32.16,64.9,89.6,6.72606866666667,485.5,221.3,82.83,199.92
2026-01-15 05:36:59,XPQ-01 Main,2026-01-15 05:36:00,267.81,91.45,6.65232833333333,485.97,256.18,71.39,27.38,64.21,91.99,7.17003866666667,486.14,275.22,77.88,27.26,71.01,93.36,6.36747933333333,486.17,272.02,76.2,33.87,66.1,88.99,6.42606866666667,485.61,225.46,88.51,201.32
2026-01-15 05:37:59,XPQ-01 Main,2026-01-15 05:37:00,285.48,89.78,6.698995,484.98,275.79,76.67,30.19,66.43,91.04,7.47003866666667,484.94,295.49,83.44,32.32,73.55,91.55,6.26747933333333,485.33,285.15,79.74,38.1,66.45,86.75,6.359402,484.66,239.85,100.62,206.42
2026-01-15 05:38:59,XPQ-01 Main,2026-01-15 05:38:00,244.98,92.12,6.62232833333333,485.2,235.38,65.45,24.97,59.14,92.13,7.303372,485.25,248.5,70.23,23.34,64.78,94.08,6.30081266666667,485.67,251.07,70.23,29.68,61.85,90.16,6.259402,484.67,205.91,77.98,185.77
2026-01-15 05:39:59,XPQ-01 Main,2026-01-15 05:39:00,274.4,90.8,6.78566166666667,484.83,260.88,72.51,27.75,64.49,91.86,7.53670533333333,484.98,284.96,80.46,29.01,72.66,92.87,6.30081266666667,485.13,277.38,77.52,36.09,65.82,87.68,6.52606866666667,484.38,230.48,92.85,202.97
2026-01-15 05:40:59,XPQ-01 Main,2026-01-15 05:40:00,246.58,92.93,6.778995,484.51,228.05,63.34,22.1,57.41,93.32,7.403372,484.44,256.24,72.27,20.51,67.2,95.64,6.30081266666667,484.82,255.46,71.38,30.42,62.19,89.83,6.62606866666667,484.29,206.99,73.03,186.8
2026-01-15 05:41:59,XPQ-01 Main,2026-01-15 05:41:00,367.67,86.49,6.73232833333333,484.39,354.57,98.49,43.52,87.33,89.5,7.27003866666667,484.34,390.14,109.98,52.64,95.66,87.61,6.40081266666667,484.58,358.31,100.09,56.13,81.49,82.35,6.52606866666667,484.24,308.55,152.29,264.49
2026-01-15 05:42:59,XPQ-01 Main,2026-01-15 05:42:00,335.23,86.63,6.85566166666667,484.6,320.11,88.97,38.96,78.38,89.55,7.63670533333333,484.64,357.84,100.92,46.81,87.22,88.12,6.534146,484.73,327.75,91.58,51.23,74.05,82.24,6.39273533333333,484.44,281.47,136.99,239.65
2026-01-15 05:43:59,XPQ-01 Main,2026-01-15 05:43:00,374.95,86.11,6.36566166666667,483.69,362.82,100.65,45.9,88.75,88.83,7.103372,483.57,395.42,111.28,54.12,96.38,87.19,6.134146,483.83,366.6,102.27,57.51,83.37,82.32,5.859402,483.67,314.2,157.52,268.5
2026-01-15 05:44:59,XPQ-01 Main,2026-01-15 05:44:00,363.33,84.73,6.588995,484.03,351.8,97.6,47.9,84.66,87.03,6.83670533333333,483.86,380.69,107.26,54.4,91.88,86.05,6.36747933333333,484.45,357.51,99.81,58.13,80.58,81.1,6.559402,483.78,304.67,160.43,257.13
2026-01-15 05:45:59,XPQ-01 Main,2026-01-15 05:45:00,383.98,83.83,6.298995,483.85,374.88,104.03,52.51,88.79,86.07,6.803372,483.98,399.84,112.62,59.09,95.22,84.97,6.06747933333333,484.02,377.23,105.21,62.12,84.11,80.44,6.02606866666667,483.56,321.86,173.72,268.12
2026-01-15 05:46:59,XPQ-01 Main,2026-01-15 05:46:00,244.38,88.63,5.94232833333333,484.28,234.4,65.06,30.54,56.14,87.85,6.57003866666667,484.38,245.69,69.3,27.49,62.07,91.43,5.66747933333333,484.69,253.04,70.64,34.7,60.11,86.61,5.59273533333333,483.76,205.0,92.72,178.32
2026-01-15 05:47:59,XPQ-01 Main,2026-01-15 05:47:00,357.53,81.31,5.988995,482.18,349.44,96.57,52.94,77.77,82.66,6.57003866666667,482.08,368.22,103.37,56.15,82.93,82.81,5.80081266666667,482.65,354.94,98.7,59.57,75.41,78.47,5.59273533333333,481.81,298.64,168.65,236.11
2026-01-15 05:48:59,XPQ-01 Main,2026-01-15 05:48:00,276.41,85.73,6.26566166666667,483.04,264.41,73.23,38.22,61.03,84.76,6.73670533333333,483.32,277.22,77.99,34.97,68.44,89.05,6.034146,483.28,287.6,80.06,43.52,65.73,83.38,6.02606866666667,482.53,231.28,116.7,195.2
2026-01-15 05:49:59,XPQ-01 Main,2026-01-15 05:49:00,341.31,82.67,6.05566166666667,483.01,334.13,92.54,49.81,75.7,83.54,6.63670533333333,483.06,349.02,98.14,51.51,80.74,84.3,5.734146,483.25,340.76,94.89,55.63,74.65,80.18,5.79273533333333,482.71,285.57,156.95,231.09
2026-01-15 05:50:59,XPQ-01 Main,2026-01-15 05:50:00,296.83,84.85,6.34232833333333,481.48,289.6,79.95,40.38,64.51,84.76,6.803372,481.64,301.96,84.66,39.37,69.58,87.03,6.06747933333333,481.72,298.92,82.96,44.81,66.07,82.76,6.159402,481.1,247.57,124.57,200.16
2026-01-15 05:51:59,XPQ-01 Main,2026-01-15 05:51:00,333.17,81.9,6.46566166666667,481.01,323.06,89.09,48.88,73.48,83.26,7.07003866666667,481.03,343.27,96.13,51.95,79.38,83.67,6.16747933333333,481.32,333.17,92.4,56.06,71.71,78.78,6.159402,480.68,277.62,156.9,224.57
2026-01-15 05:52:59,XPQ-01 Main,2026-01-15 05:52:00,349.4,80.53,5.798995,481.12,339.08,93.52,52.66,76.41,82.34,6.27003866666667,481.0,361.81,101.33,57.14,82.8,82.3,5.56747933333333,481.49,347.3,96.37,61.04,73.57,76.96,5.559402,480.87,291.22,170.85,232.77
2026-01-15 05:53:59,XPQ-01 Main,2026-01-15 05:53:00,323.4,82.49,5.688995,480.86,311.61,85.93,49.36,69.35,81.47,6.23670533333333,481.02,324.29,90.79,46.15,76.56,85.64,5.46747933333333,481.05,334.3,92.66,54.54,73.63,80.36,5.359402,480.52,269.38,150.04,219.54
2026-01-15 05:54:59,XPQ-01 Main,2026-01-15 05:54:00,393.8,77.96,5.62232833333333,480.41,383.57,105.63,64.43,82.25,78.72,6.103372,480.51,402.02,112.47,66.45,88.74,80.05,5.434146,480.77,395.82,109.62,71.48,81.32,75.11,5.32606866666667,479.95,327.72,202.36,252.31
2026-01-15 05:55:59,XPQ-01 Main,2026-01-15 05:55:00,395.51,76.74,5.84232833333333,481.01,387.78,106.94,67.05,82.51,77.61,6.43670533333333,481.04,402.62,112.75,69.25,87.88,78.54,5.634146,481.32,396.12,109.86,73.31,80.79,74.06,5.459402,480.68,329.55,209.61,251.18
2026-01-15 05:56:59,XPQ-01 Main,2026-01-15 05:56:00,374.23,77.12,6.03232833333333,480.53,368.7,101.58,63.6,78.1,77.56,6.53670533333333,480.52,377.54,105.6,64.44,82.84,78.94,5.86747933333333,480.81,376.44,104.31,68.58,77.39,74.85,5.69273533333333,480.27,311.49,196.62,238.33
2026-01-15 05:57:59,XPQ-01 Main,2026-01-15 05:57:00,387.03,77.41,5.85566166666667,480.08,373.45,102.78,64.04,79.56,77.9,6.43670533333333,480.11,395.29,110.49,65.56,88.13,80.24,5.60081266666667,480.42,392.36,108.61,72.59,80.08,74.09,5.52606866666667,479.7,321.87,202.18,247.77
2026-01-15 05:58:59,XPQ-01 Main,2026-01-15 05:58:00,375.66,78.23,5.75232833333333,480.58,364.73,100.45,62.07,78.21,78.33,6.27003866666667,480.55,380.52,106.49,62.19,85.12,80.75,5.434146,481.07,381.73,105.78,68.52,79.18,75.62,5.559402,480.11,312.73,192.78,242.51
2026-01-15 05:59:59,XPQ-01 Main,2026-01-15 05:59:00,387.18,77.44,6.07566166666667,480.52,380.56,104.84,65.16,81.07,77.94,6.703372,480.64,391.93,109.67,66.23,86.24,79.31,5.734146,480.84,389.06,107.77,70.67,80.3,75.07,5.79273533333333,480.08,322.27,202.06,247.6
2026-01-15 06:00:59,XPQ-01 Main,2026-01-15 06:00:00,401.58,78.88,5.95566166666667,480.48,382.08,105.29,62.95,83.77,79.94,6.53670533333333,480.65,415.55,116.23,66.27,94.59,81.9,5.60081266666667,480.63,407.11,112.76,74.38,83.8,74.79,5.72606866666667,480.17,334.28,203.6,262.15
2026-01-15 06:01:59,XPQ-01 Main,2026-01-15 06:01:00,452.33,80.36,5.588995,479.88,438.21,120.54,69.93,97.27,81.19,6.23670533333333,479.9,462.21,129.14,72.43,105.9,82.54,5.00081266666667,480.26,456.57,126.34,79.25,96.71,77.35,5.52606866666667,479.49,376.02,221.61,299.88
2026-01-15 06:02:59,XPQ-01 Main,2026-01-15 06:02:00,453.79,79.72,5.61232833333333,480.72,441.12,121.55,71.84,97.11,80.39,6.13670533333333,480.76,462.76,129.54,73.82,105.02,81.81,5.30081266666667,481.14,457.5,126.8,80.23,96.67,76.95,5.39273533333333,480.25,377.89,225.89,298.8
2026-01-15 06:03:59,XPQ-01 Main,2026-01-15 06:03:00,459.83,79.55,5.718995,480.61,445.55,122.76,72.83,97.96,80.25,6.57003866666667,480.66,470.26,131.59,74.88,105.94,81.66,5.134146,480.95,463.67,128.48,81.4,97.39,76.73,5.459402,480.23,382.84,229.1,301.29
2026-01-15 06:04:59,XPQ-01 Main,2026-01-15 06:04:00,444.41,81.2,5.888995,479.82,431.27,118.66,67.68,96.28,81.81,6.53670533333333,479.89,454.16,126.85,69.13,103.4,83.13,5.70081266666667,480.03,447.79,123.87,75.25,95.87,78.66,5.42606866666667,479.52,369.38,212.05,295.54
2026-01-15 06:05:59,XPQ-01 Main,2026-01-15 06:05:00,453.2,78.67,5.84232833333333,483.34,444.04,123.09,74.41,96.27,79.12,6.37003866666667,483.61,459.09,129.2,75.46,102.56,80.55,5.634146,483.49,456.45,127.15,80.92,95.61,76.33,5.52606866666667,482.92,379.44,230.79,294.44
2026-01-15 06:06:59,XPQ-01 Main,2026-01-15 06:06:00,471.02,78.18,5.84232833333333,483.55,460.26,127.64,78.56,99.2,78.39,6.47003866666667,483.8,476.85,134.26,78.98,106.77,80.39,5.40081266666667,483.72,475.94,132.63,85.83,99.57,75.74,5.659402,483.13,394.53,243.37,305.54
2026-01-15 06:07:59,XPQ-01 Main,2026-01-15 06:07:00,464.62,79.19,6.04232833333333,483.24,454.75,126.0,75.5,99.57,79.68,6.63670533333333,483.39,471.46,132.65,76.7,106.02,81.02,5.80081266666667,483.5,467.66,130.27,82.29,98.86,76.86,5.69273533333333,482.84,388.93,234.49,304.45
2026-01-15 06:08:59,XPQ-01 Main,2026-01-15 06:08:00,463.61,77.68,5.978995,483.22,456.81,126.56,78.49,97.83,78.0,6.603372,483.3,466.97,131.38,79.12,103.83,79.54,5.80081266666667,483.51,467.04,130.11,84.56,97.37,75.5,5.52606866666667,482.84,388.04,242.17,299.04
2026-01-15 06:09:59,XPQ-01 Main,2026-01-15 06:09:00,465.51,79.5,6.23232833333333,483.21,456.21,126.41,75.25,100.54,80.06,6.803372,483.36,472.19,132.84,76.62,106.76,81.24,6.10081266666667,483.42,468.12,130.39,82.0,99.57,77.19,5.79273533333333,482.84,389.64,233.87,306.86
2026-01-15 06:10:59,XPQ-01 Main,2026-01-15 06:10:00,481.6,80.29,5.74232833333333,483.14,472.05,130.77,76.68,104.54,80.63,6.47003866666667,483.33,487.45,137.14,77.33,111.5,82.17,5.46747933333333,483.38,485.3,135.14,83.67,104.49,78.06,5.29273533333333,482.69,403.05,237.68,320.53
2026-01-15 06:11:59,XPQ-01 Main,2026-01-15 06:11:00,446.2,81.4,5.94566166666667,482.06,437.98,121.02,69.82,97.84,81.4,6.73670533333333,482.11,449.33,126.13,69.02,104.05,83.33,5.434146,482.45,451.3,125.44,75.48,98.85,79.48,5.659402,481.63,372.59,214.32,300.73
2026-01-15 06:12:59,XPQ-01 Main,2026-01-15 06:12:00,495.42,78.89,6.16566166666667,482.02,492.51,136.13,83.02,106.85,78.97,6.703372,482.14,495.72,139.11,82.43,110.98,80.28,5.96747933333333,482.24,498.02,138.38,86.97,106.41,77.43,5.82606866666667,481.67,413.62,252.41,324.24
2026-01-15 06:13:59,XPQ-01 Main,2026-01-15 06:13:00,473.41,80.95,6.118995,482.36,468.01,129.42,75.16,103.76,80.98,6.73670533333333,482.4,475.37,133.5,74.38,108.7,82.53,5.70081266666667,482.69,476.85,132.62,79.79,104.0,79.34,5.92606866666667,481.99,395.54,229.34,316.46
2026-01-15 06:14:59,XPQ-01 Main,2026-01-15 06:14:00,457.32,81.5,6.098995,482.11,450.21,124.46,70.27,101.42,82.2,6.503372,482.3,464.5,130.39,71.99,107.14,83.0,5.96747933333333,482.32,457.24,127.06,76.78,99.95,79.3,5.82606866666667,481.7,381.91,219.04,308.5
2026-01-15 06:15:59,XPQ-01 Main,2026-01-15 06:15:00,452.86,80.73,5.86566166666667,482.2,445.25,123.08,72.23,98.51,80.64,6.43670533333333,482.24,455.41,127.86,71.19,104.34,82.61,5.634146,482.55,457.91,127.31,77.44,99.56,78.93,5.52606866666667,481.81,378.25,220.86,302.41
2026-01-15 06:16:59,XPQ-01 Main,2026-01-15 06:16:00,436.3,77.15,6.14232833333333,482.1,432.42,119.55,75.21,91.14,77.13,6.77003866666667,482.24,437.32,122.73,74.5,95.3,78.78,5.80081266666667,482.27,439.15,122.04,78.98,91.08,75.55,5.859402,481.78,364.33,228.7,277.52
2026-01-15 06:17:59,XPQ-01 Main,2026-01-15 06:17:00,474.44,79.25,5.888995,481.28,470.48,129.82,79.35,101.75,78.86,6.57003866666667,481.45,472.3,132.37,77.17,106.4,80.95,5.70081266666667,481.57,480.54,133.31,82.88,103.12,77.94,5.39273533333333,480.8,395.5,239.4,311.28
2026-01-15 06:18:59,XPQ-01 Main,2026-01-15 06:18:00,458.92,80.92,6.16566166666667,481.13,447.89,123.51,71.83,99.37,81.04,6.803372,481.22,464.19,130.07,71.59,107.24,83.17,5.90081266666667,481.6,464.68,128.9,79.21,100.58,78.56,5.79273533333333,480.56,382.47,222.63,307.18
2026-01-15 06:19:59,XPQ-01 Main,2026-01-15 06:19:00,509.1,78.56,6.07566166666667,480.37,503.7,138.72,85.2,108.62,78.68,6.87003866666667,480.43,511.5,143.06,84.98,113.79,80.12,5.76747933333333,480.72,512.1,141.83,90.16,108.34,76.87,5.59273533333333,479.97,423.61,260.33,330.75
2026-01-15 06:20:59,XPQ-01 Main,2026-01-15 06:20:00,459.92,80.19,5.86566166666667,481.02,447.73,123.44,73.12,98.51,80.3,6.43670533333333,481.03,465.67,130.43,72.98,106.79,82.56,5.634146,481.48,466.36,129.35,80.88,99.87,77.71,5.52606866666667,480.55,383.22,226.98,305.17
2026-01-15 06:21:59,XPQ-01 Main,2026-01-15 06:21:00,567.78,76.17,6.008995,479.34,566.03,155.47,101.51,117.26,75.6,6.67003866666667,479.32,563.46,157.3,98.43,121.85,77.79,5.734146,479.9,573.85,158.62,104.42,118.84,75.12,5.62606866666667,478.79,471.39,304.36,357.95
2026-01-15 06:22:59,XPQ-01 Main,2026-01-15 06:22:00,534.03,75.01,5.82232833333333,479.85,525.34,144.44,95.56,107.02,74.59,6.33670533333333,479.86,534.6,149.42,93.8,114.15,77.26,5.734146,480.46,542.15,150.01,101.3,108.82,73.19,5.39273533333333,479.23,443.87,290.67,329.99
2026-01-15 06:23:59,XPQ-01 Main,2026-01-15 06:23:00,559.1,77.23,5.698995,479.78,554.94,152.55,98.15,116.33,76.43,6.203372,479.83,554.08,154.86,94.22,122.18,79.19,5.70081266666667,480.39,568.29,157.2,101.75,119.25,76.07,5.19273533333333,479.12,464.61,294.13,357.76
2026-01-15 06:24:59,XPQ-01 Main,2026-01-15 06:24:00,604.49,74.2,5.75566166666667,479.29,599.63,164.77,110.33,121.78,74.11,6.23670533333333,479.34,604.67,168.73,109.47,127.24,75.81,5.46747933333333,479.65,609.17,168.34,114.97,121.73,72.7,5.559402,478.87,501.83,334.78,370.74
2026-01-15 06:25:59,XPQ-01 Main,2026-01-15 06:25:00,590.05,77.04,5.76566166666667,479.07,583.78,160.27,102.06,122.7,76.88,6.47003866666667,479.31,590.8,164.91,100.77,128.76,78.75,5.50081266666667,479.61,595.58,164.44,107.17,123.31,75.48,5.32606866666667,478.27,489.62,310.0,374.77
2026-01-15 06:26:59,XPQ-01 Main,2026-01-15 06:26:00,600.21,76.92,5.74232833333333,478.67,590.12,162.01,102.1,123.73,77.13,6.37003866666667,478.96,605.19,168.67,102.54,130.7,78.68,5.50081266666667,478.81,605.34,166.98,108.81,123.2,74.95,5.359402,478.22,497.65,313.45,377.62
2026-01-15 06:27:59,XPQ-01 Main,2026-01-15 06:27:00,573.92,77.51,5.708995,479.78,564.95,155.47,97.69,120.38,77.65,6.37003866666667,480.01,577.57,161.31,97.68,127.0,79.27,5.534146,479.89,579.23,160.17,103.99,120.14,75.61,5.22606866666667,479.44,476.96,299.36,367.52
2026-01-15 06:28:59,XPQ-01 Main,2026-01-15 06:28:00,551.03,75.43,5.64232833333333,479.58,540.96,148.68,97.38,111.56,75.34,6.23670533333333,479.65,554.47,154.87,96.86,119.18,77.6,5.50081266666667,480.08,557.66,154.19,104.14,112.36,73.34,5.19273533333333,479.0,457.75,298.39,343.1
2026-01-15 06:29:59,XPQ-01 Main,2026-01-15 06:29:00,573.16,76.6,5.54566166666667,478.54,564.34,154.86,99.66,117.9,76.37,6.303372,478.62,575.03,160.18,98.18,124.47,78.51,5.26747933333333,478.77,580.11,160.05,105.09,118.87,74.92,5.059402,478.23,475.09,302.94,361.24
2026-01-15 06:30:59,XPQ-01 Main,2026-01-15 06:30:00,567.48,76.44,5.608995,478.48,561.1,153.91,99.91,116.8,75.99,6.17003866666667,478.54,565.7,157.61,97.54,123.23,78.41,5.50081266666667,478.86,575.65,158.81,104.84,118.56,74.91,5.159402,478.05,470.32,302.29,358.59
2026-01-15 06:31:59,XPQ-01 Main,2026-01-15 06:31:00,581.31,77.56,5.56566166666667,479.51,573.95,157.7,100.06,121.31,77.14,6.303372,479.63,580.14,162.06,97.67,128.02,79.51,5.234146,480.09,589.85,163.06,105.28,123.2,76.02,5.159402,478.82,482.82,303.0,372.53
2026-01-15 06:32:59,XPQ-01 Main,2026-01-15 06:32:00,574.97,77.79,5.67566166666667,479.1,565.25,155.22,97.72,119.88,77.51,6.37003866666667,479.38,575.66,160.68,96.04,127.7,79.92,5.56747933333333,479.55,584.01,161.25,104.23,121.64,75.94,5.09273533333333,478.38,477.15,297.99,369.21
2026-01-15 06:33:59,XPQ-01 Main,2026-01-15 06:33:00,593.88,77.43,5.56566166666667,477.81,585.46,160.36,102.73,122.42,76.6,6.13670533333333,477.98,589.88,164.15,98.64,130.33,79.74,5.46747933333333,478.19,606.29,166.98,108.2,126.38,75.96,5.09273533333333,477.25,491.49,309.57,379.13
2026-01-15 06:34:59,XPQ-01 Main,2026-01-15 06:34:00,594.6,78.11,5.64232833333333,477.48,582.38,159.37,100.04,123.52,77.71,6.03670533333333,477.57,596.56,165.9,97.74,132.13,80.39,5.534146,477.97,604.84,166.5,107.06,126.1,76.23,5.359402,476.9,491.77,304.84,381.75
2026-01-15 06:35:59,XPQ-01 Main,2026-01-15 06:35:00,589.15,79.12,5.35566166666667,478.19,575.12,157.68,94.51,124.92,79.75,5.97003866666667,478.42,599.73,167.01,96.83,134.91,81.24,5.26747933333333,478.48,592.61,163.33,105.11,124.3,76.36,4.82606866666667,477.66,488.02,296.45,384.13
2026-01-15 06:36:59,XPQ-01 Main,2026-01-15 06:36:00,566.71,76.36,6.07566166666667,478.61,556.07,152.57,98.98,115.04,75.8,6.67003866666667,478.76,566.44,157.87,96.64,123.89,78.85,5.90081266666667,478.96,577.64,159.37,105.93,118.07,74.43,5.659402,478.1,469.81,301.55,357.0
2026-01-15 06:37:59,XPQ-01 Main,2026-01-15 06:37:00,568.77,77.47,5.92232833333333,479.02,559.27,153.64,96.71,118.31,77.42,6.47003866666667,479.08,572.93,159.73,95.94,125.9,79.54,5.834146,479.19,574.11,158.56,103.68,119.17,75.44,5.459402,478.78,471.93,296.33,363.38
2026-01-15 06:38:59,XPQ-01 Main,2026-01-15 06:38:00,578.97,75.62,5.95566166666667,478.38,571.08,156.62,104.19,116.11,74.43,6.77003866666667,478.63,572.72,159.58,99.13,124.01,78.11,5.70081266666667,478.72,593.11,163.52,108.9,120.94,74.31,5.39273533333333,477.78,479.72,312.22,361.06
2026-01-15 06:39:59,XPQ-01 Main,2026-01-15 06:39:00,545.29,74.57,6.04232833333333,478.21,536.97,147.16,99.0,108.14,73.76,6.47003866666667,478.21,541.94,150.93,95.87,115.55,76.96,5.834146,478.75,556.94,153.57,104.27,111.3,72.98,5.82606866666667,477.66,451.66,299.14,334.99
2026-01-15 06:40:59,XPQ-01 Main,2026-01-15 06:40:00,552.71,78.09,5.83232833333333,478.33,541.47,148.51,92.3,115.45,78.11,6.47003866666667,478.5,556.44,154.97,91.87,123.63,80.26,5.734146,478.61,560.22,154.47,99.9,116.5,75.91,5.29273533333333,477.89,457.95,284.08,355.57
2026-01-15 06:41:59,XPQ-01 Main,2026-01-15 06:41:00,536.08,76.13,6.05566166666667,477.41,529.98,145.09,94.55,109.19,75.6,6.67003866666667,477.55,533.66,148.32,92.06,115.51,78.2,5.86747933333333,477.65,544.58,149.88,99.34,111.21,74.58,5.62606866666667,477.04,443.29,285.95,335.91
2026-01-15 06:42:59,XPQ-01 Main,2026-01-15 06:42:00,536.17,75.37,6.17566166666667,477.52,527.86,144.51,95.98,107.34,74.54,6.803372,477.61,532.65,148.1,92.57,114.07,77.65,5.86747933333333,477.88,547.98,150.86,100.61,110.39,73.91,5.859402,477.06,443.46,289.17,331.8
2026-01-15 06:43:59,XPQ-01 Main,2026-01-15 06:43:00,523.38,74.95,5.74566166666667,478.41,515.22,141.3,94.15,104.62,74.33,6.303372,478.54,521.89,145.4,91.7,111.71,77.29,5.70081266666667,478.79,533.04,147.01,99.51,107.03,73.24,5.22606866666667,477.9,433.7,285.36,323.37
2026-01-15 06:44:59,XPQ-01 Main,2026-01-15 06:44:00,525.86,73.76,5.788995,478.04,518.96,142.21,96.88,103.31,72.95,6.303372,478.19,522.25,145.4,93.74,109.49,75.96,5.76747933333333,478.46,536.38,147.8,101.0,105.91,72.37,5.29273533333333,477.48,435.42,291.62,318.71
2026-01-15 06:45:59,XPQ-01 Main,2026-01-15 06:45:00,510.0,74.38,5.87566166666667,479.6,500.75,137.7,92.38,100.87,73.75,6.57003866666667,479.74,509.91,142.39,90.07,108.1,76.83,5.534146,479.89,519.34,143.58,97.91,103.28,72.57,5.52606866666667,479.17,423.67,280.35,312.24
2026-01-15 06:46:59,XPQ-01 Main,2026-01-15 06:46:00,527.66,75.17,6.02232833333333,478.04,519.84,142.5,94.28,105.82,74.67,6.47003866666667,478.22,526.92,146.66,92.06,112.31,77.34,5.96747933333333,478.27,536.22,147.76,99.27,107.62,73.5,5.62606866666667,477.64,436.91,285.61,325.75
2026-01-15 06:47:59,XPQ-01 Main,2026-01-15 06:47:00,510.78,76.88,5.87566166666667,481.61,497.99,137.53,88.79,103.67,75.95,6.57003866666667,481.77,509.39,142.83,85.13,111.94,79.6,5.80081266666667,481.84,524.95,145.74,94.69,107.7,75.1,5.259402,481.24,426.1,268.6,323.31
2026-01-15 06:48:59,XPQ-01 Main,2026-01-15 06:48:00,511.07,77.23,6.118995,481.41,500.05,138.04,87.9,105.27,76.76,6.63670533333333,481.6,512.42,143.63,85.73,112.26,79.47,6.034146,481.63,520.74,144.5,93.43,107.41,75.45,5.69273533333333,480.99,426.17,267.06,324.94
2026-01-15 06:49:59,XPQ-01 Main,2026-01-15 06:49:00,529.12,76.7,5.81232833333333,482.95,527.18,146.01,94.49,110.3,75.94,6.33670533333333,483.25,524.03,147.37,90.74,114.87,78.47,5.734146,483.14,536.14,149.22,97.1,112.48,75.7,5.359402,482.46,442.6,282.33,337.65
2026-01-15 06:50:59,XPQ-01 Main,2026-01-15 06:50:00,518.79,77.15,5.66566166666667,482.44,510.21,141.2,89.86,108.16,76.92,6.17003866666667,482.7,520.88,146.28,88.44,115.0,79.27,5.56747933333333,482.47,525.28,146.05,95.64,109.35,75.27,5.259402,482.14,433.53,273.94,332.52
2026-01-15 06:51:59,XPQ-01 Main,2026-01-15 06:51:00,518.43,77.21,6.02232833333333,481.86,509.28,140.77,89.54,107.97,76.97,6.57003866666667,482.09,520.46,145.98,88.12,115.04,79.39,5.96747933333333,481.9,525.55,145.96,95.6,109.25,75.26,5.52606866666667,481.59,432.71,273.26,332.26
2026-01-15 06:52:59,XPQ-01 Main,2026-01-15 06:52:00,527.52,76.25,5.84566166666667,481.81,520.4,143.82,93.01,108.76,76.0,6.53670533333333,482.07,527.87,148.06,91.53,115.04,78.25,5.734146,481.9,534.29,148.36,98.25,109.7,74.49,5.259402,481.47,440.25,282.79,333.5
2026-01-15 06:53:59,XPQ-01 Main,2026-01-15 06:53:00,829.55,58.1,5.76566166666667,478.11,831.36,227.84,177.39,126.44,58.04,6.43670533333333,478.47,827.06,230.37,176.86,131.06,59.54,5.56747933333333,478.49,830.22,228.74,180.5,124.33,56.73,5.29273533333333,477.38,686.96,534.75,381.83
2026-01-15 06:54:59,XPQ-01 Main,2026-01-15 06:54:00,528.95,77.32,5.32232833333333,483.46,522.32,144.77,92.34,110.93,76.86,5.83670533333333,483.54,528.4,148.74,89.96,117.32,79.36,5.26747933333333,483.82,536.12,149.43,97.26,112.79,75.73,4.859402,483.0,442.94,279.55,341.04
2026-01-15 06:55:59,XPQ-01 Main,2026-01-15 06:55:00,612.59,71.8,5.03232833333333,481.59,603.19,166.62,115.2,119.53,72.0,5.703372,481.57,617.5,173.03,115.9,127.01,73.87,4.80081266666667,481.69,617.07,171.36,122.62,118.61,69.53,4.59273533333333,481.5,511.01,353.72,365.14
2026-01-15 06:56:59,XPQ-01 Main,2026-01-15 06:56:00,523.79,77.79,5.798995,481.02,514.27,141.97,88.93,109.6,77.65,6.403372,481.3,526.65,147.41,87.8,116.78,79.93,5.534146,480.86,530.45,147.05,95.29,110.71,75.79,5.459402,480.91,436.43,272.02,337.09
2026-01-15 06:57:59,XPQ-01 Main,2026-01-15 06:57:00,523.1,77.23,5.808995,480.49,513.77,141.68,90.24,108.24,76.81,6.43670533333333,480.75,523.29,146.29,88.09,115.51,79.52,5.46747933333333,480.3,532.25,147.39,96.2,110.29,75.36,5.52606866666667,480.42,435.36,274.52,334.04
2026-01-15 06:58:59,XPQ-01 Main,2026-01-15 06:58:00,488.61,78.35,5.75566166666667,480.03,480.22,132.26,82.36,101.48,77.64,6.37003866666667,480.21,486.93,136.01,79.17,108.01,80.65,5.40081266666667,479.97,498.68,137.99,87.12,104.32,76.76,5.49273533333333,479.92,406.27,248.65,313.81
2026-01-15 06:59:59,XPQ-01 Main,2026-01-15 06:59:00,499.48,78.34,5.508995,480.52,489.88,135.03,84.76,103.83,77.46,6.003372,480.85,498.42,139.44,80.95,111.03,80.8,5.234146,480.57,510.15,141.26,89.71,107.44,76.76,5.29273533333333,480.13,415.72,255.43,322.3
2026-01-15 07:00:59,XPQ-01 Main,2026-01-15 07:00:00,546.36,77.61,5.618995,480.63,538.41,148.4,93.49,114.36,77.42,6.27003866666667,480.77,547.81,153.28,92.1,121.48,79.69,5.234146,480.82,552.86,153.18,99.73,115.59,75.71,5.359402,480.31,454.86,285.32,351.43
2026-01-15 07:01:59,XPQ-01 Main,2026-01-15 07:01:00,576.49,75.6,5.398995,479.34,568.14,156.19,102.06,116.94,75.34,6.003372,479.49,577.99,161.27,100.58,124.24,77.72,5.16747933333333,479.48,583.33,161.18,108.27,118.15,73.73,5.02606866666667,479.04,478.65,310.9,359.33
2026-01-15 07:02:59,XPQ-01 Main,2026-01-15 07:02:00,515.26,76.63,5.588995,479.66,507.55,139.61,90.05,105.21,75.97,6.27003866666667,479.78,513.85,143.47,87.18,112.33,79.0,5.434146,479.84,524.4,145.01,95.43,107.96,74.92,5.059402,479.36,428.09,272.66,325.5
2026-01-15 07:03:59,XPQ-01 Main,2026-01-15 07:03:00,516.93,76.49,5.678995,478.93,506.87,139.2,90.37,104.98,75.79,6.33670533333333,479.02,515.55,143.74,87.38,112.09,78.87,5.30081266666667,479.19,528.36,145.89,95.63,107.87,74.83,5.39273533333333,478.58,428.83,273.38,324.93
2026-01-15 07:04:59,XPQ-01 Main,2026-01-15 07:04:00,530.94,76.72,5.588995,479.18,520.22,142.97,91.15,109.32,76.81,6.17003866666667,479.29,535.21,149.28,91.07,116.94,78.9,5.36747933333333,479.34,537.37,148.45,98.45,109.81,74.46,5.22606866666667,478.92,440.7,280.67,336.07
2026-01-15 07:05:59,XPQ-01 Main,2026-01-15 07:05:00,511.16,76.66,5.56566166666667,479.32,504.92,138.77,89.25,105.38,76.31,6.103372,479.52,511.11,142.66,87.43,111.08,78.58,5.50081266666667,479.61,517.46,142.96,93.75,106.6,75.09,5.09273533333333,478.83,424.39,270.42,323.06
2026-01-15 07:06:59,XPQ-01 Main,2026-01-15 07:06:00,495.25,76.79,5.698995,477.86,490.09,134.29,87.02,101.35,75.87,6.203372,478.05,491.29,136.7,83.1,106.5,78.84,5.50081266666667,478.1,504.36,138.92,90.05,104.16,75.65,5.39273533333333,477.43,409.91,260.17,312.0
2026-01-15 07:07:59,XPQ-01 Main,2026-01-15 07:07:00,510.98,76.41,5.47566166666667,481.14,505.92,139.59,90.44,105.21,75.83,6.17003866666667,481.33,508.76,142.51,87.7,110.84,78.42,5.40081266666667,481.33,518.28,143.73,94.56,107.1,74.97,4.859402,480.75,425.84,272.69,323.16
2026-01-15 07:08:59,XPQ-01 Main,2026-01-15 07:08:00,503.21,76.84,5.698995,480.58,497.69,137.16,88.61,103.73,76.03,6.13670533333333,480.79,499.68,139.81,85.0,109.14,78.9,5.76747933333333,480.78,512.25,141.89,92.04,106.3,75.6,5.19273533333333,480.17,418.87,265.66,319.17
2026-01-15 07:09:59,XPQ-01 Main,2026-01-15 07:09:00,512.18,76.34,5.54232833333333,480.43,506.83,139.63,90.9,105.03,75.61,5.97003866666667,480.59,509.3,142.46,87.6,110.6,78.39,5.50081266666667,480.67,520.42,144.13,94.64,107.39,75.02,5.159402,480.04,426.21,273.15,323.02
2026-01-15 07:10:59,XPQ-01 Main,2026-01-15 07:10:00,536.34,76.35,5.65232833333333,480.29,530.34,146.06,94.68,110.53,75.95,6.303372,480.42,535.7,149.79,92.46,116.11,78.23,5.434146,480.51,542.97,150.33,98.99,111.84,74.88,5.22606866666667,479.93,446.18,286.13,338.48
2026-01-15 07:11:59,XPQ-01 Main,2026-01-15 07:11:00,514.16,77.79,5.808995,478.95,509.78,140.01,88.6,107.66,77.21,6.303372,479.06,511.85,142.71,85.57,112.44,79.58,5.56747933333333,479.16,520.85,143.81,91.87,109.41,76.58,5.559402,478.61,426.53,266.04,329.51
2026-01-15 07:12:59,XPQ-01 Main,2026-01-15 07:12:00,536.82,77.59,5.64566166666667,478.88,532.03,146.11,92.65,112.25,77.12,6.27003866666667,479.07,535.31,149.24,89.94,117.14,79.31,5.334146,479.06,543.11,149.91,96.2,113.64,76.32,5.32606866666667,478.51,445.27,278.8,343.03
2026-01-15 07:13:59,XPQ-01 Main,2026-01-15 07:13:00,510.24,76.55,6.178995,479.69,508.22,139.82,90.66,105.6,75.87,6.67003866666667,479.93,505.04,141.04,87.28,109.79,78.28,6.034146,479.83,517.48,143.06,93.19,107.3,75.5,5.82606866666667,479.31,423.93,271.14,322.69
2026-01-15 07:14:59,XPQ-01 Main,2026-01-15 07:14:00,542.65,76.64,6.24566166666667,479.25,536.98,147.6,94.72,112.34,76.45,6.836705333333329,479.37,542.59,151.35,93.25,117.97,78.45,5.934146,479.38,548.39,151.51,99.55,112.94,75.02,5.959402,479.0,450.46,287.52,343.25
2026-01-15 07:15:59,XPQ-01 Main,2026-01-15 07:15:00,469.3,79.62,5.94232833333333,481.99,459.53,127.0,76.51,100.07,79.44,6.57003866666667,482.05,469.37,131.69,75.14,105.61,81.48,5.60081266666667,482.23,479.01,133.11,81.33,101.12,77.92,5.659402,481.68,391.8,232.98,306.8
2026-01-15 07:16:59,XPQ-01 Main,2026-01-15 07:16:00,470.88,78.49,5.53232833333333,482.53,465.99,128.95,79.67,100.01,78.22,6.17003866666667,482.53,470.66,132.17,77.86,104.86,80.29,5.434146,482.73,476.0,132.44,83.76,100.97,76.96,4.99273533333333,482.34,393.56,241.29,305.85
2026-01-15 07:17:59,XPQ-01 Main,2026-01-15 07:17:00,455.08,79.15,6.178995,482.89,452.43,125.29,77.44,97.65,78.35,6.63670533333333,483.08,449.43,126.36,73.64,101.02,80.81,5.76747933333333,483.09,463.37,128.97,79.15,99.66,78.31,6.12606866666667,482.48,380.61,230.24,298.32
2026-01-15 07:18:59,XPQ-01 Main,2026-01-15 07:18:00,462.35,77.7,5.95566166666667,483.25,461.68,127.97,80.86,97.98,77.13,6.503372,483.54,458.03,128.87,77.96,101.39,79.27,5.76747933333333,483.37,467.35,130.15,82.99,99.18,76.69,5.59273533333333,482.85,386.99,241.81,298.55
2026-01-15 07:19:59,XPQ-01 Main,2026-01-15 07:19:00,445.25,78.34,6.07566166666667,483.7,444.73,123.35,77.34,95.22,77.62,6.703372,483.68,441.3,124.23,73.88,97.81,79.79,5.96747933333333,483.92,449.73,125.44,78.5,96.6,77.61,5.559402,483.5,373.02,229.72,289.64
2026-01-15 07:20:59,XPQ-01 Main,2026-01-15 07:20:00,465.79,77.62,5.94232833333333,483.38,462.78,128.3,80.82,98.25,77.23,6.63670533333333,483.53,463.21,130.34,78.66,102.5,79.33,5.60081266666667,483.54,471.37,131.34,84.05,99.22,76.3,5.59273533333333,483.07,389.98,243.54,299.98
2026-01-15 07:21:59,XPQ-01 Main,2026-01-15 07:21:00,450.23,78.84,6.04566166666667,483.37,446.62,123.8,76.1,96.86,78.63,6.903372,483.44,449.8,126.55,74.54,101.1,80.49,5.86747933333333,483.57,454.26,126.59,79.67,97.41,77.41,5.359402,483.11,376.95,230.31,295.38
2026-01-15 07:22:59,XPQ-01 Main,2026-01-15 07:22:00,472.23,79.97,5.888995,483.65,464.95,128.99,77.42,102.27,79.73,6.403372,483.74,473.4,133.25,75.72,108.5,82.0,5.76747933333333,483.73,478.33,133.37,82.78,103.77,78.17,5.49273533333333,483.49,395.61,235.93,314.54
2026-01-15 07:23:59,XPQ-01 Main,2026-01-15 07:23:00,473.54,78.43,6.008995,483.21,458.08,126.97,77.13,99.22,78.95,6.703372,483.56,483.14,135.93,78.82,109.29,81.11,5.60081266666667,483.25,479.4,133.48,87.3,99.7,75.23,5.72606866666667,482.82,396.38,243.25,308.21
2026-01-15 07:24:59,XPQ-01 Main,2026-01-15 07:24:00,462.06,80.99,5.84232833333333,480.91,448.9,123.88,71.41,100.29,81.46,6.57003866666667,481.32,470.33,131.67,72.38,108.45,83.18,5.50081266666667,480.81,466.94,129.38,79.74,100.51,78.34,5.459402,480.61,384.92,223.53,309.25
2026-01-15 07:25:59,XPQ-01 Main,2026-01-15 07:25:00,463.15,79.43,5.74232833333333,480.68,454.61,125.36,75.4,99.43,79.68,6.403372,481.01,467.63,130.86,75.61,105.79,81.36,5.334146,480.67,467.21,129.41,81.71,99.41,77.25,5.49273533333333,480.34,385.63,232.72,304.63
2026-01-15 07:26:59,XPQ-01 Main,2026-01-15 07:26:00,488.2,79.64,5.16566166666667,480.47,477.15,131.56,77.59,105.54,80.57,5.903372,480.77,498.21,139.31,80.4,112.85,81.45,4.634146,480.34,489.23,135.46,86.06,103.57,76.91,4.959402,480.29,406.32,244.05,321.96
2026-01-15 07:27:59,XPQ-01 Main,2026-01-15 07:27:00,472.77,79.81,5.84566166666667,480.62,459.78,126.76,74.76,101.46,80.51,6.33670533333333,480.96,481.78,134.82,76.7,109.96,82.02,5.50081266666667,480.67,476.75,132.03,83.82,100.85,76.9,5.69273533333333,480.21,393.61,235.28,312.27
2026-01-15 07:28:59,XPQ-01 Main,2026-01-15 07:28:00,408.47,83.96,6.008995,480.9,397.26,109.57,58.25,91.99,84.49,6.503372,481.05,416.35,116.55,58.98,99.44,86.01,5.734146,481.0,411.79,114.16,65.92,92.3,81.38,5.79273533333333,480.66,340.27,183.14,283.73
2026-01-15 07:29:59,XPQ-01 Main,2026-01-15 07:29:00,453.35,81.25,5.83232833333333,481.26,443.38,122.44,69.97,99.35,81.76,6.47003866666667,481.51,460.42,128.94,70.93,106.55,83.24,5.534146,481.14,456.26,126.55,77.54,99.11,78.76,5.49273533333333,481.13,377.94,218.44,305.01
2026-01-15 07:30:59,XPQ-01 Main,2026-01-15 07:30:00,452.03,82.75,5.86566166666667,481.49,440.64,121.67,66.87,100.71,83.31,6.57003866666667,481.71,460.21,129.02,67.96,108.33,84.71,5.40081266666667,481.67,455.23,126.33,74.88,100.61,80.22,5.62606866666667,481.08,377.02,209.71,309.66
2026-01-15 07:31:59,XPQ-01 Main,2026-01-15 07:31:00,431.44,81.18,5.74232833333333,483.46,424.83,117.83,68.81,94.93,80.97,6.47003866666667,483.8,431.66,121.5,67.16,100.72,83.2,5.434146,483.47,437.83,121.97,73.87,96.4,79.37,5.32606866666667,483.1,361.29,209.85,292.05
2026-01-15 07:32:59,XPQ-01 Main,2026-01-15 07:32:00,437.85,81.21,5.82232833333333,482.63,436.27,120.82,70.54,96.53,80.74,6.503372,482.86,434.66,122.08,67.87,100.13,82.78,5.46747933333333,482.52,442.61,123.11,73.04,97.73,80.1,5.49273533333333,482.49,366.01,211.45,294.4
2026-01-15 07:33:59,XPQ-01 Main,2026-01-15 07:33:00,435.24,81.59,5.55566166666667,483.2,427.48,118.51,68.14,96.01,81.55,6.203372,483.56,437.51,123.07,67.12,102.14,83.57,5.434146,483.16,440.73,122.71,73.7,97.09,79.65,5.02606866666667,482.88,364.29,208.96,295.25
2026-01-15 07:34:59,XPQ-01 Main,2026-01-15 07:34:00,455.07,81.11,5.55232833333333,483.01,446.44,123.71,71.45,99.65,81.27,6.13670533333333,483.35,458.56,128.94,71.23,106.94,83.23,5.26747933333333,483.02,460.23,128.09,78.48,100.53,78.82,5.259402,482.68,380.74,221.15,307.11
2026-01-15 07:35:59,XPQ-01 Main,2026-01-15 07:35:00,454.8,78.91,5.808995,482.72,444.66,123.15,74.93,96.77,79.07,6.33670533333333,482.82,461.21,129.54,74.84,103.34,80.99,5.36747933333333,482.69,458.53,127.61,81.27,97.09,76.68,5.72606866666667,482.66,380.3,231.04,297.19
2026-01-15 07:36:59,XPQ-01 Main,2026-01-15 07:36:00,448.4,79.41,6.02232833333333,483.07,444.37,123.23,74.74,96.6,79.09,6.73670533333333,483.55,447.14,125.71,72.72,101.08,81.18,5.50081266666667,482.8,453.69,126.25,78.31,97.5,77.97,5.82606866666667,482.87,375.19,225.77,295.18
2026-01-15 07:37:59,XPQ-01 Main,2026-01-15 07:37:00,436.73,77.54,6.07566166666667,482.29,436.66,120.77,77.4,91.89,76.49,6.57003866666667,482.26,429.52,120.55,72.99,94.69,79.2,5.80081266666667,482.46,444.02,123.49,78.22,94.16,76.92,5.859402,482.15,364.81,228.6,280.74
2026-01-15 07:38:59,XPQ-01 Main,2026-01-15 07:38:00,425.43,81.39,5.96566166666667,482.43,422.64,116.95,69.11,93.55,80.43,6.53670533333333,482.68,420.45,118.08,64.78,97.53,83.3,5.76747933333333,482.49,433.19,120.44,71.18,96.41,80.45,5.59273533333333,482.12,355.48,205.07,287.49
2026-01-15 07:39:59,XPQ-01 Main,2026-01-15 07:39:00,441.03,79.86,5.83232833333333,482.6,438.22,121.27,73.33,95.82,79.42,6.37003866666667,482.76,438.66,123.25,70.9,99.93,81.56,5.534146,482.8,446.2,124.13,76.36,97.12,78.61,5.59273533333333,482.25,368.65,220.59,292.88
2026-01-15 07:40:59,XPQ-01 Main,2026-01-15 07:40:00,500.65,77.36,6.15232833333333,481.86,492.04,136.05,85.65,104.75,77.42,6.803372,482.22,503.53,141.23,85.26,111.4,79.41,5.96747933333333,481.78,506.4,140.6,91.97,105.09,75.25,5.69273533333333,481.59,417.88,262.87,321.23
2026-01-15 07:41:59,XPQ-01 Main,2026-01-15 07:41:00,501.49,77.63,5.788995,482.35,492.27,136.24,85.26,105.69,77.83,6.503372,482.49,505.91,141.98,85.47,112.7,79.68,5.46747933333333,482.28,506.3,140.78,92.18,105.71,75.37,5.39273533333333,482.28,419.0,262.92,324.1
2026-01-15 07:42:59,XPQ-01 Main,2026-01-15 07:42:00,508.73,78.61,5.86566166666667,482.58,498.85,138.16,84.98,106.86,78.27,6.503372,482.93,510.24,143.29,83.02,114.22,80.89,5.634146,482.39,517.08,143.79,91.16,108.85,76.66,5.459402,482.42,425.24,259.17,329.93
2026-01-15 07:43:59,XPQ-01 Main,2026-01-15 07:43:00,470.97,78.31,6.06566166666667,482.48,466.72,129.15,80.8,99.79,77.72,6.63670533333333,482.54,469.22,131.76,77.84,104.71,80.25,5.76747933333333,482.61,476.96,132.68,84.31,101.65,76.97,5.79273533333333,482.29,393.59,242.96,306.16
2026-01-15 07:44:59,XPQ-01 Main,2026-01-15 07:44:00,454.89,80.37,5.51232833333333,482.7,451.05,124.86,74.69,99.0,79.83,6.07003866666667,482.91,452.4,127.14,71.75,103.35,82.15,5.30081266666667,482.88,461.23,128.32,77.81,100.69,79.13,5.159402,482.33,380.33,224.25,303.04
2026-01-15 07:45:59,XPQ-01 Main,2026-01-15 07:45:00,481.46,80.19,5.74232833333333,481.26,475.48,131.24,77.53,103.45,80.02,6.403372,481.2,483.58,135.41,75.93,108.61,81.96,5.46747933333333,481.39,485.33,134.7,82.06,104.28,78.59,5.359402,481.19,401.35,235.52,316.34
2026-01-15 07:46:59,XPQ-01 Main,2026-01-15 07:46:00,428.31,80.7,5.78566166666667,481.48,428.16,118.22,70.03,93.29,79.98,6.27003866666667,481.68,423.8,118.81,66.46,95.45,82.07,5.434146,481.66,432.97,120.16,70.92,94.71,80.05,5.659402,481.12,357.18,207.41,283.45
2026-01-15 07:47:59,XPQ-01 Main,2026-01-15 07:47:00,498.72,80.49,5.798995,481.19,484.58,133.79,77.59,108.47,81.33,6.43670533333333,481.32,509.91,142.76,80.16,117.53,82.61,5.434146,481.15,501.67,139.16,87.6,107.47,77.51,5.52606866666667,481.11,415.71,245.35,333.47
2026-01-15 07:48:59,XPQ-01 Main,2026-01-15 07:48:00,468.05,80.08,5.388995,480.7,453.98,125.22,74.19,100.22,80.37,5.903372,480.91,475.76,133.07,74.68,109.17,82.53,5.16747933333333,480.6,474.41,131.45,82.93,101.18,77.34,5.09273533333333,480.59,389.74,231.8,310.57
2026-01-15 07:49:59,XPQ-01 Main,2026-01-15 07:49:00,549.8,76.96,5.598995,479.97,542.26,149.3,93.8,113.79,77.16,6.17003866666667,480.21,553.26,154.58,93.96,120.23,78.79,5.234146,480.04,553.88,153.21,100.24,113.37,74.91,5.39273533333333,479.67,457.1,288.01,347.4
2026-01-15 07:50:59,XPQ-01 Main,2026-01-15 07:50:00,426.47,81.35,5.67566166666667,480.29,419.25,115.4,68.19,91.91,80.31,6.203372,480.31,423.37,118.42,63.97,97.95,83.73,5.334146,480.78,436.8,120.97,71.92,95.9,80.0,5.49273533333333,479.78,354.79,204.08,285.77
2026-01-15 07:51:59,XPQ-01 Main,2026-01-15 07:51:00,410.11,81.1,5.46566166666667,481.25,402.22,111.01,65.34,88.73,80.52,6.17003866666667,481.33,410.02,114.85,62.67,94.59,83.36,5.034146,481.37,418.09,116.0,69.81,91.21,79.41,5.19273533333333,481.04,341.86,197.82,274.53
2026-01-15 07:52:59,XPQ-01 Main,2026-01-15 07:52:00,557.4,75.39,5.67566166666667,479.96,549.59,151.31,98.22,114.54,75.91,6.33670533333333,480.19,563.52,157.44,99.79,121.0,77.15,5.36747933333333,480.04,559.09,154.65,105.19,112.7,73.11,5.32606866666667,479.64,463.41,303.2,348.24
2026-01-15 07:53:59,XPQ-01 Main,2026-01-15 07:53:00,460.05,77.53,5.72232833333333,480.58,453.89,125.1,79.01,95.11,76.92,6.303372,480.81,458.85,128.39,76.45,101.3,79.82,5.56747933333333,480.73,467.41,129.47,83.64,97.36,75.85,5.29273533333333,480.2,382.95,239.1,293.78
2026-01-15 07:54:59,XPQ-01 Main,2026-01-15 07:54:00,507.33,76.89,5.53232833333333,479.72,504.67,138.86,89.03,105.67,76.48,6.17003866666667,480.02,504.68,140.97,86.61,109.84,78.53,5.134146,479.84,512.65,141.72,92.09,106.57,75.66,5.29273533333333,479.3,421.54,267.72,322.08
2026-01-15 07:55:59,XPQ-01 Main,2026-01-15 07:55:00,502.52,76.4,5.46566166666667,480.33,485.98,133.9,85.5,102.42,76.77,5.97003866666667,480.54,511.61,143.05,86.93,112.75,79.19,5.434146,480.44,509.98,141.19,95.78,103.03,73.24,4.99273533333333,480.02,418.13,268.22,318.2
2026-01-15 07:56:59,XPQ-01 Main,2026-01-15 07:56:00,479.53,79.65,5.598995,480.75,467.31,128.86,77.3,102.69,79.89,6.03670533333333,480.88,485.87,135.95,77.62,110.92,81.93,5.56747933333333,480.84,485.4,134.52,85.34,103.39,77.12,5.19273533333333,480.52,399.33,240.26,317.0
2026-01-15 07:57:59,XPQ-01 Main,2026-01-15 07:57:00,462.27,79.31,5.498995,480.24,460.38,126.79,78.23,98.66,78.36,5.97003866666667,480.34,456.1,127.5,73.91,102.59,81.14,5.40081266666667,480.4,470.33,130.22,80.13,101.36,78.45,5.12606866666667,479.98,384.5,232.27,302.62
2026-01-15 07:58:59,XPQ-01 Main,2026-01-15 07:58:00,533.45,75.78,5.85232833333333,480.02,528.89,145.6,94.63,110.06,75.82,6.23670533333333,480.25,535.0,149.52,94.11,115.24,77.45,5.634146,480.18,536.47,148.42,99.45,109.64,74.07,5.69273533333333,479.64,443.54,288.19,334.93
2026-01-15 07:59:59,XPQ-01 Main,2026-01-15 07:59:00,519.38,77.45,5.86566166666667,480.46,516.79,142.41,90.66,108.75,76.81,6.37003866666667,480.75,514.73,143.99,87.27,113.22,79.2,5.634146,480.56,526.62,145.81,93.52,110.54,76.34,5.59273533333333,480.05,432.21,271.45,332.51
2026-01-15 08:00:59,XPQ-01 Main,2026-01-15 08:00:00,478.63,76.35,5.518995,480.5,475.45,131.03,84.73,98.41,75.78,6.103372,480.69,475.5,133.0,82.01,102.87,78.19,5.134146,480.6,484.93,134.3,87.82,99.85,75.09,5.32606866666667,480.2,398.34,254.56,301.13
2026-01-15 08:01:59,XPQ-01 Main,2026-01-15 08:01:00,479.7,78.15,5.818995,479.91,474.7,130.68,81.33,100.35,77.69,6.53670533333333,480.15,477.73,133.46,78.74,104.15,79.77,5.66747933333333,479.97,486.67,134.6,83.98,101.32,76.99,5.259402,479.59,398.74,244.06,305.82
2026-01-15 08:02:59,XPQ-01 Main,2026-01-15 08:02:00,449.58,77.43,5.78566166666667,479.55,447.85,123.17,78.79,92.9,76.27,6.603372,479.65,442.48,123.51,74.0,96.12,79.24,5.60081266666667,479.71,458.42,126.74,79.84,95.71,76.79,5.159402,479.29,373.42,232.63,284.73
2026-01-15 08:03:59,XPQ-01 Main,2026-01-15 08:03:00,458.37,77.12,5.54566166666667,479.6,454.56,125.03,79.82,94.44,76.37,6.03670533333333,479.77,455.32,127.12,76.62,99.02,79.09,5.40081266666667,479.74,465.22,128.61,82.78,96.48,75.89,5.19273533333333,479.3,380.77,239.22,289.93
2026-01-15 08:04:59,XPQ-01 Main,2026-01-15 08:04:00,471.83,77.71,5.33232833333333,480.33,468.97,129.2,80.8,98.46,77.3,6.03670533333333,480.52,469.89,131.38,78.49,102.18,79.3,5.034146,480.42,476.62,131.96,83.51,99.25,76.52,4.92606866666667,480.05,392.55,242.79,299.9
2026-01-15 08:05:59,XPQ-01 Main,2026-01-15 08:05:00,446.21,79.04,5.46566166666667,480.91,441.34,121.72,75.07,94.2,78.21,5.87003866666667,481.13,443.87,124.28,71.5,99.01,81.07,5.36747933333333,481.07,453.42,125.68,78.03,96.73,77.83,5.159402,480.53,371.68,224.6,289.95
2026-01-15 08:06:59,XPQ-01 Main,2026-01-15 08:06:00,475.83,77.18,5.55232833333333,480.45,473.44,130.47,82.6,98.99,76.78,6.003372,480.68,473.81,132.52,80.33,102.94,78.84,5.40081266666667,480.54,480.23,132.98,85.51,99.8,75.94,5.259402,480.12,395.97,248.44,301.72
2026-01-15 08:07:59,XPQ-01 Main,2026-01-15 08:07:00,461.38,76.98,5.508995,480.57,460.77,127.0,80.61,95.76,76.5,6.003372,480.74,458.24,128.19,78.03,98.5,78.38,5.334146,480.69,465.12,128.84,82.3,96.36,76.04,5.19273533333333,480.28,384.03,240.94,290.62
2026-01-15 08:08:59,XPQ-01 Main,2026-01-15 08:08:00,467.63,75.77,5.25232833333333,479.92,468.67,129.0,84.5,96.21,75.13,5.93670533333333,479.87,462.39,129.12,81.3,98.68,77.18,4.934146,480.04,471.84,130.58,85.79,97.26,74.99,4.89273533333333,479.85,388.71,251.59,292.14
2026-01-15 08:09:59,XPQ-01 Main,2026-01-15 08:09:00,495.67,76.62,5.388995,479.82,497.22,136.85,87.95,104.24,76.43,5.87003866666667,479.96,492.07,137.42,86.06,106.49,77.78,5.06747933333333,479.87,497.71,137.66,89.76,103.81,75.64,5.22606866666667,479.63,411.93,263.76,314.54
2026-01-15 08:10:59,XPQ-01 Main,2026-01-15 08:10:00,516.37,78.81,5.14232833333333,479.42,510.38,140.35,85.58,110.17,78.97,5.57003866666667,479.64,519.33,144.93,85.36,115.89,80.52,4.934146,479.52,519.39,143.52,91.21,109.92,76.95,4.92606866666667,479.11,428.8,262.15,335.98
2026-01-15 08:11:59,XPQ-01 Main,2026-01-15 08:11:00,511.14,77.32,5.43232833333333,480.13,505.3,139.17,87.88,107.08,77.3,6.103372,480.27,512.04,143.09,87.0,112.48,79.1,5.234146,480.2,516.09,142.83,92.89,107.2,75.57,4.959402,479.91,425.09,267.78,326.75
2026-01-15 08:12:59,XPQ-01 Main,2026-01-15 08:12:00,530.33,77.73,5.008995,480.06,521.22,143.54,89.68,111.64,77.96,5.67003866666667,480.2,534.95,149.46,89.95,118.7,79.7,4.834146,480.12,534.82,148.0,96.73,111.5,75.54,4.52606866666667,479.86,440.99,276.36,341.84
2026-01-15 08:13:59,XPQ-01 Main,2026-01-15 08:13:00,412.27,81.13,4.98566166666667,480.61,409.1,112.76,67.62,89.36,79.74,5.37003866666667,480.64,404.91,113.25,62.13,93.59,83.31,4.80081266666667,480.73,422.79,117.17,69.28,93.44,80.33,4.79273533333333,480.47,343.18,199.03,276.39
2026-01-15 08:14:59,XPQ-01 Main,2026-01-15 08:14:00,452.34,81.55,5.43232833333333,480.61,440.59,121.45,72.11,96.98,80.25,5.97003866666667,480.81,449.0,125.62,66.68,105.63,84.56,5.234146,480.7,467.42,129.49,77.54,102.87,79.85,5.09273533333333,480.3,376.55,216.34,305.48
2026-01-15 08:15:59,XPQ-01 Main,2026-01-15 08:15:00,518.64,77.37,5.188995,479.71,506.64,139.41,88.02,107.02,77.23,5.67003866666667,479.94,522.34,145.85,87.19,115.76,79.88,4.934146,479.76,526.93,145.69,95.8,108.66,75.01,4.959402,479.42,430.95,271.01,331.44
2026-01-15 08:16:59,XPQ-01 Main,2026-01-15 08:16:00,522.09,78.24,5.098995,480.17,514.15,141.63,87.26,109.73,78.27,5.703372,480.36,525.66,146.89,86.64,116.29,80.19,4.80081266666667,480.16,526.45,145.7,93.42,110.09,76.25,4.79273533333333,479.98,434.23,267.31,336.11
2026-01-15 08:17:59,XPQ-01 Main,2026-01-15 08:17:00,503.5,76.52,4.998995,480.48,498.42,137.35,88.85,103.68,75.93,5.57003866666667,480.62,501.13,140.16,86.01,109.3,78.59,4.76747933333333,480.61,510.95,141.52,92.98,105.54,75.03,4.659402,480.21,419.03,267.85,318.53
2026-01-15 08:18:59,XPQ-01 Main,2026-01-15 08:18:00,529.99,77.79,5.14566166666667,480.39,523.83,144.35,89.48,111.77,78.06,5.67003866666667,480.72,533.96,149.34,89.83,117.55,79.46,5.06747933333333,480.44,532.16,147.31,95.29,110.89,75.84,4.69273533333333,480.0,441.0,274.6,340.21
2026-01-15 08:19:59,XPQ-01 Main,2026-01-15 08:19:00,526.0,77.17,4.87566166666667,480.53,516.79,142.45,89.33,109.76,77.56,5.303372,480.76,531.94,148.8,90.33,116.66,79.07,4.60081266666667,480.62,529.26,146.58,96.44,108.93,74.87,4.72606866666667,480.22,437.83,276.11,335.35
2026-01-15 08:20:59,XPQ-01 Main,2026-01-15 08:20:00,470.66,77.84,5.198995,481.32,464.93,128.36,80.6,98.17,77.29,5.803372,481.58,468.82,131.37,78.08,103.96,79.96,5.134146,481.4,478.22,132.66,84.9,100.08,76.26,4.659402,480.99,392.39,243.58,302.21
2026-01-15 08:21:59,XPQ-01 Main,2026-01-15 08:21:00,512.34,77.41,5.17566166666667,482.11,505.92,139.93,88.06,107.65,77.4,5.73670533333333,482.38,514.8,144.47,87.31,113.42,79.24,4.96747933333333,482.11,516.31,143.45,93.36,107.75,75.58,4.82606866666667,481.84,427.85,268.74,328.82
2026-01-15 08:22:59,XPQ-01 Main,2026-01-15 08:22:00,585.79,74.83,5.14566166666667,481.04,580.76,160.25,105.44,120.36,75.22,5.63670533333333,481.22,589.43,165.03,106.29,125.67,76.35,5.034146,481.12,587.17,162.81,111.09,118.42,72.93,4.759402,480.79,488.1,322.83,364.45
2026-01-15 08:23:59,XPQ-01 Main,2026-01-15 08:23:00,524.63,74.61,4.86566166666667,481.3,519.6,143.45,95.95,105.43,73.96,5.403372,481.51,522.3,146.33,92.97,111.07,76.68,4.734146,481.38,532.01,147.59,99.89,107.32,73.2,4.459402,481.03,437.37,288.81,323.82
2026-01-15 08:24:59,XPQ-01 Main,2026-01-15 08:24:00,572.43,75.0,4.64232833333333,481.77,562.62,155.46,102.49,116.42,75.06,5.303372,482.05,576.14,161.61,102.52,124.43,77.18,4.334146,481.9,578.54,160.63,109.96,116.63,72.76,4.29273533333333,481.36,477.7,314.97,357.48
2026-01-15 08:25:59,XPQ-01 Main,2026-01-15 08:25:00,542.59,75.07,4.86566166666667,482.08,535.42,148.0,98.42,109.79,74.46,5.37003866666667,482.4,541.34,151.99,95.67,116.65,77.32,4.70081266666667,482.33,551.01,153.08,103.47,111.95,73.44,4.52606866666667,481.52,453.07,297.55,338.38
2026-01-15 08:26:59,XPQ-01 Main,2026-01-15 08:26:00,500.94,72.71,4.788995,482.25,498.02,137.74,95.93,97.99,71.46,5.303372,482.58,493.68,138.64,91.19,103.2,74.94,4.70081266666667,482.39,511.11,142.04,98.42,101.31,71.73,4.359402,481.8,418.42,285.54,302.5
2026-01-15 08:27:59,XPQ-01 Main,2026-01-15 08:27:00,530.86,72.43,5.078995,483.33,527.57,146.26,101.75,104.67,71.7,5.53670533333333,483.65,526.75,148.23,98.68,110.07,74.46,5.134146,483.41,538.27,149.92,105.22,106.43,71.11,4.559402,482.94,444.42,305.64,321.16
2026-01-15 08:28:59,XPQ-01 Main,2026-01-15 08:28:00,540.36,73.59,5.388995,482.06,538.17,148.81,101.85,107.78,72.68,5.97003866666667,482.35,533.69,149.78,97.79,112.93,75.6,5.40081266666667,482.11,549.22,152.57,104.8,110.3,72.5,4.79273533333333,481.7,451.16,304.44,331.01
2026-01-15 08:29:59,XPQ-01 Main,2026-01-15 08:29:00,570.91,70.36,4.988995,481.41,567.73,156.7,111.2,109.97,70.32,5.403372,481.69,571.03,160.12,110.62,114.94,72.05,4.96747933333333,481.72,573.96,159.23,115.48,109.21,68.71,4.59273533333333,480.82,476.05,337.29,334.12
2026-01-15 08:30:59,XPQ-01 Main,2026-01-15 08:30:00,537.68,72.76,4.988995,482.36,533.93,147.65,102.12,105.91,71.99,5.43670533333333,482.59,533.97,150.02,98.77,111.12,74.74,4.834146,482.72,545.13,151.55,105.26,107.83,71.56,4.69273533333333,481.79,449.22,306.15,324.86
2026-01-15 08:31:59,XPQ-01 Main,2026-01-15 08:31:00,497.31,72.87,4.898995,482.76,495.51,137.19,95.42,97.82,71.58,5.403372,483.07,489.45,137.6,90.45,102.52,74.99,4.80081266666667,482.92,506.97,141.04,97.33,101.13,72.05,4.49273533333333,482.3,415.82,283.2,301.47
2026-01-15 08:32:59,XPQ-01 Main,2026-01-15 08:32:00,523.76,75.99,4.798995,483.01,515.72,142.94,93.15,107.66,75.62,5.37003866666667,483.39,524.31,147.4,91.3,114.33,78.14,4.40081266666667,482.88,531.24,147.85,98.52,109.09,74.22,4.62606866666667,482.77,438.19,282.97,331.09
2026-01-15 08:33:59,XPQ-01 Main,2026-01-15 08:33:00,538.54,77.23,4.95566166666667,482.77,533.6,147.73,94.11,113.22,76.9,5.53670533333333,482.71,537.85,151.09,91.96,118.5,79.0,4.634146,482.95,544.16,151.5,98.32,114.17,75.78,4.69273533333333,482.65,450.33,284.39,345.89
2026-01-15 08:34:59,XPQ-01 Main,2026-01-15 08:34:00,555.63,76.02,4.888995,482.82,550.08,152.39,99.18,115.02,75.73,5.23670533333333,482.96,555.63,156.09,97.25,120.4,77.79,4.70081266666667,482.76,561.18,156.19,103.53,115.71,74.52,4.72606866666667,482.73,464.67,299.96,351.13
2026-01-15 08:35:59,XPQ-01 Main,2026-01-15 08:35:00,531.7,77.37,4.978995,482.62,527.28,145.88,93.51,111.16,76.52,5.47003866666667,482.62,527.24,148.14,89.26,116.15,79.29,4.70081266666667,482.98,540.59,150.45,96.44,113.83,76.3,4.759402,482.28,444.47,279.2,341.13
2026-01-15 08:36:59,XPQ-01 Main,2026-01-15 08:36:00,513.88,77.04,4.75566166666667,482.43,510.88,141.39,91.49,107.11,76.04,5.403372,482.65,507.43,142.48,86.79,111.48,78.91,4.56747933333333,482.41,523.34,145.52,93.5,109.93,76.17,4.29273533333333,482.22,429.39,271.79,328.53
2026-01-15 08:37:59,XPQ-01 Main,2026-01-15 08:37:00,500.47,77.0,4.93232833333333,482.63,499.26,138.14,89.48,104.42,75.93,5.403372,482.92,493.7,138.8,84.64,108.31,78.79,4.76747933333333,482.95,508.45,141.42,90.98,107.27,76.26,4.62606866666667,482.02,418.35,265.1,320.0
2026-01-15 08:38:59,XPQ-01 Main,2026-01-15 08:38:00,542.64,76.54,4.76566166666667,481.63,538.55,148.76,96.14,112.96,76.15,5.27003866666667,481.68,540.82,151.6,93.72,117.48,78.17,4.60081266666667,481.81,548.54,152.33,99.4,113.77,75.31,4.42606866666667,481.42,452.68,289.26,344.22
2026-01-15 08:39:59,XPQ-01 Main,2026-01-15 08:39:00,537.93,77.2,4.698995,481.33,535.29,147.81,94.67,112.99,76.65,5.203372,481.47,534.29,149.66,91.55,117.26,78.82,4.56747933333333,481.37,544.21,151.0,97.43,114.36,76.12,4.32606866666667,481.16,448.47,283.65,344.61
2026-01-15 08:40:59,XPQ-01 Main,2026-01-15 08:40:00,532.81,76.08,4.808995,480.89,527.17,145.36,95.72,109.07,75.16,5.303372,481.08,528.18,147.91,91.67,115.47,78.32,4.66747933333333,481.16,543.06,150.52,99.71,112.19,74.75,4.459402,480.41,443.78,287.09,336.73
2026-01-15 08:41:59,XPQ-01 Main,2026-01-15 08:41:00,562.11,76.6,5.14232833333333,480.68,552.87,152.48,98.07,116.26,76.44,5.63670533333333,481.12,563.82,157.78,96.89,123.67,78.72,4.96747933333333,480.62,569.63,157.75,104.56,117.29,74.65,4.82606866666667,480.31,468.02,299.52,357.22
2026-01-15 08:42:59,XPQ-01 Main,2026-01-15 08:42:00,556.88,76.32,4.87566166666667,480.13,549.55,151.35,98.69,114.07,75.63,5.603372,480.59,554.77,155.13,95.34,120.89,78.52,4.66747933333333,480.21,566.33,156.64,103.46,116.7,74.83,4.359402,479.59,463.12,297.5,351.66
2026-01-15 08:43:59,XPQ-01 Main,2026-01-15 08:43:00,485.58,77.16,5.03232833333333,481.37,479.64,132.43,84.95,101.06,76.55,5.603372,481.83,483.74,135.63,82.13,107.03,79.33,4.80081266666667,481.48,493.37,136.81,89.26,103.13,75.61,4.69273533333333,480.8,404.87,256.34,311.22
2026-01-15 08:44:59,XPQ-01 Main,2026-01-15 08:44:00,506.06,77.17,5.198995,481.25,498.84,137.69,88.13,105.2,76.66,5.63670533333333,481.28,505.52,141.58,85.64,111.33,79.26,5.10081266666667,481.38,513.81,142.57,92.75,107.07,75.58,4.859402,481.09,421.84,266.52,323.6
2026-01-15 08:45:59,XPQ-01 Main,2026-01-15 08:45:00,512.41,77.29,5.16566166666667,481.22,507.92,140.28,89.53,107.15,76.74,5.73670533333333,481.55,509.72,142.74,86.63,112.37,79.2,4.86747933333333,481.03,519.58,144.07,93.25,108.82,75.93,4.89273533333333,481.06,427.09,269.42,328.34
2026-01-15 08:46:59,XPQ-01 Main,2026-01-15 08:46:00,495.12,76.97,4.94232833333333,481.32,489.72,135.2,86.36,103.12,76.67,5.37003866666667,481.84,495.29,138.87,84.61,108.69,78.91,4.70081266666667,481.42,500.35,138.72,90.87,104.05,75.32,4.759402,480.7,412.78,261.84,315.86
2026-01-15 08:47:59,XPQ-01 Main,2026-01-15 08:47:00,506.83,78.54,5.17566166666667,480.67,500.79,138.17,84.65,107.86,78.67,5.803372,481.15,509.77,142.62,84.39,113.59,80.27,5.034146,480.44,509.92,141.19,90.08,107.57,76.67,4.69273533333333,480.42,421.98,259.11,329.02
2026-01-15 08:48:59,XPQ-01 Main,2026-01-15 08:48:00,488.69,79.42,5.218995,479.49,480.98,132.23,79.58,104.92,79.67,5.703372,479.74,492.73,137.6,79.78,111.1,81.23,5.10081266666667,479.79,492.36,136.06,85.69,104.59,77.35,4.859402,478.95,405.89,245.05,320.61
2026-01-15 08:49:59,XPQ-01 Main,2026-01-15 08:49:00,513.68,78.64,5.23232833333333,479.73,507.52,139.59,85.65,109.54,78.78,5.703372,479.77,516.14,144.15,85.37,115.18,80.34,4.86747933333333,480.05,517.4,143.11,91.1,109.21,76.79,5.12606866666667,479.36,426.85,262.12,333.93
2026-01-15 08:50:59,XPQ-01 Main,2026-01-15 08:50:00,537.38,79.92,5.298995,479.94,533.76,146.88,87.99,117.05,79.93,5.83670533333333,480.02,538.34,150.42,86.97,121.73,81.37,5.034146,480.23,540.03,149.43,92.29,116.74,78.45,5.02606866666667,479.58,446.72,267.25,355.52
2026-01-15 08:51:59,XPQ-01 Main,2026-01-15 08:51:00,518.92,80.15,5.26566166666667,479.91,513.59,141.43,84.58,112.75,79.99,5.87003866666667,480.09,519.4,145.04,82.94,118.1,81.83,4.934146,479.82,523.78,144.89,89.15,113.41,78.62,4.99273533333333,479.8,431.35,256.66,344.26
2026-01-15 08:52:59,XPQ-01 Main,2026-01-15 08:52:00,522.14,80.27,5.14566166666667,480.25,517.01,142.51,84.93,113.68,80.11,5.603372,480.69,522.58,146.07,83.22,118.87,81.92,5.00081266666667,480.04,526.82,145.76,89.35,114.28,78.78,4.82606866666667,480.03,434.34,257.5,346.82
2026-01-15 08:53:59,XPQ-01 Main,2026-01-15 08:53:00,538.76,79.14,5.32232833333333,480.75,531.83,146.62,89.47,114.71,78.85,5.83670533333333,480.76,539.15,150.85,87.38,120.77,81.02,5.234146,480.95,545.31,151.17,94.46,116.0,77.54,4.89273533333333,480.54,448.64,271.31,351.49
2026-01-15 08:54:59,XPQ-01 Main,2026-01-15 08:54:00,527.65,76.57,4.998995,480.68,522.24,144.07,93.1,109.25,76.11,5.503372,481.17,525.85,147.15,90.58,114.6,78.45,4.834146,480.53,534.85,148.1,97.08,110.54,75.14,4.659402,480.35,439.31,280.76,334.39
2026-01-15 08:55:59,XPQ-01 Main,2026-01-15 08:55:00,451.58,82.56,5.26566166666667,482.06,444.65,123.0,69.39,100.81,82.37,5.73670533333333,482.23,452.96,127.04,67.62,106.44,84.41,5.00081266666667,481.94,457.12,127.02,74.19,102.12,80.9,5.059402,481.99,377.06,211.2,309.38
2026-01-15 08:56:59,XPQ-01 Main,2026-01-15 08:56:00,434.5,81.02,6.408995,481.39,429.57,118.62,69.28,95.84,81.05,7.07003866666667,481.57,435.89,122.13,68.51,100.64,82.67,6.06747933333333,481.44,438.05,121.55,73.73,96.1,79.34,6.09273533333333,481.16,362.3,211.51,292.59
2026-01-15 08:57:59,XPQ-01 Main,2026-01-15 08:57:00,481.74,84.57,6.06566166666667,481.38,470.7,130.02,68.85,109.82,84.73,6.53670533333333,481.61,486.79,136.36,68.14,117.59,86.53,5.90081266666667,481.26,487.72,135.31,76.26,111.12,82.45,5.759402,481.26,401.7,213.24,338.53
2026-01-15 08:58:59,XPQ-01 Main,2026-01-15 08:58:00,451.4,83.16,6.185661666666671,481.5,451.21,124.62,71.15,101.84,81.98,6.603372,481.62,442.4,123.98,65.43,104.69,84.8,5.934146,481.58,460.6,127.85,71.52,105.23,82.7,6.02606866666667,481.31,376.45,208.1,311.76
2026-01-15 08:59:59,XPQ-01 Main,2026-01-15 08:59:00,424.41,82.99,6.37566166666667,481.98,422.6,116.84,66.78,95.36,81.91,6.97003866666667,482.15,417.38,117.09,61.82,98.9,84.8,6.00081266666667,482.03,433.24,120.36,68.14,98.57,82.26,6.159402,481.75,354.29,196.74,292.84
2026-01-15 09:00:59,XPQ-01 Main,2026-01-15 09:00:00,409.16,82.0,6.52232833333333,482.33,403.86,111.76,65.38,89.99,80.9,7.07003866666667,482.66,404.23,113.5,60.79,95.07,84.25,6.434146,482.28,419.39,116.56,68.2,93.73,80.86,6.059402,482.06,341.82,194.38,278.79
2026-01-15 09:01:59,XPQ-01 Main,2026-01-15 09:01:00,444.26,83.04,6.93232833333333,481.79,433.41,119.78,67.5,98.21,82.41,7.603372,482.19,445.1,124.88,64.2,105.96,85.53,6.60081266666667,481.87,454.26,126.09,73.33,101.99,81.19,6.59273533333333,481.3,370.74,205.04,306.17
2026-01-15 09:02:59,XPQ-01 Main,2026-01-15 09:02:00,398.43,85.99,7.16566166666667,482.57,397.59,110.07,57.61,93.09,85.03,7.503372,482.67,391.8,110.02,52.86,95.67,87.53,7.00081266666667,482.58,405.9,112.92,58.35,95.84,85.41,6.99273533333333,482.47,333.01,168.82,284.59
2026-01-15 09:03:59,XPQ-01 Main,2026-01-15 09:03:00,400.9,86.26,7.05232833333333,482.26,397.08,109.87,56.02,93.54,85.79,7.47003866666667,482.68,399.47,112.16,53.0,97.35,87.83,6.834146,482.2,406.16,112.85,58.75,95.44,85.16,6.859402,481.9,334.88,167.78,286.33
2026-01-15 09:04:59,XPQ-01 Main,2026-01-15 09:04:00,394.7,86.02,7.03232833333333,482.17,386.71,107.0,54.61,91.19,85.79,7.63670533333333,482.57,396.58,111.31,52.54,96.55,87.84,6.76747933333333,482.05,400.8,111.34,59.13,93.12,84.42,6.69273533333333,481.88,329.65,166.28,280.86
2026-01-15 09:05:59,XPQ-01 Main,2026-01-15 09:05:00,417.8,85.24,7.24232833333333,482.12,411.0,113.62,59.66,95.85,84.9,7.836705333333329,482.13,418.5,117.45,57.13,101.17,87.08,6.80081266666667,482.38,423.89,117.84,63.93,97.98,83.75,7.09273533333333,481.85,348.9,180.71,295.0
2026-01-15 09:06:59,XPQ-01 Main,2026-01-15 09:06:00,383.46,85.84,7.188995,481.33,374.69,103.46,54.04,86.98,84.94,7.603372,481.69,382.36,107.15,49.82,91.64,87.86,6.934146,481.34,393.35,109.09,56.76,90.55,84.73,7.02606866666667,480.96,319.7,160.62,269.18
2026-01-15 09:07:59,XPQ-01 Main,2026-01-15 09:07:00,391.93,86.38,7.288995,481.37,383.92,106.05,53.07,89.81,86.09,7.83670533333333,481.53,391.67,109.69,50.74,95.64,88.34,6.96747933333333,481.24,400.22,111.05,57.85,92.27,84.72,7.059402,481.34,326.79,161.67,277.73
2026-01-15 09:08:59,XPQ-01 Main,2026-01-15 09:08:00,422.68,87.34,6.73232833333333,480.91,413.18,113.91,54.39,98.58,87.56,7.503372,480.87,428.38,119.93,53.73,105.22,89.06,6.10081266666667,481.26,426.48,118.28,60.84,99.84,85.39,6.59273533333333,480.61,352.11,168.96,303.65
2026-01-15 09:09:59,XPQ-01 Main,2026-01-15 09:09:00,398.98,86.17,7.17566166666667,481.21,383.74,105.93,52.44,90.48,86.52,8.07003866666667,481.64,407.95,114.31,52.31,98.74,88.37,6.60081266666667,481.24,405.24,112.34,60.43,92.19,83.63,6.859402,480.75,332.59,165.18,281.41
2026-01-15 09:10:59,XPQ-01 Main,2026-01-15 09:10:00,401.9,85.7,7.13232833333333,481.45,388.74,107.39,53.89,91.2,86.09,7.603372,481.85,409.37,114.74,53.97,99.09,87.82,6.734146,481.38,407.59,113.06,61.71,92.52,83.19,7.059402,481.13,335.19,169.57,282.81
2026-01-15 09:11:59,XPQ-01 Main,2026-01-15 09:11:00,385.0,85.7,7.48566166666667,482.32,369.96,102.39,52.11,86.63,85.69,8.13670533333333,482.42,391.89,109.96,50.89,94.48,88.04,6.934146,482.23,393.17,109.32,59.12,89.18,83.35,7.39273533333333,482.31,321.68,162.11,270.3
2026-01-15 09:12:59,XPQ-01 Main,2026-01-15 09:12:00,406.87,85.73,7.23232833333333,481.84,392.89,108.54,54.32,92.21,86.16,7.73670533333333,481.77,414.72,116.31,54.55,100.46,87.88,6.76747933333333,482.16,412.99,114.76,62.52,93.56,83.15,7.19273533333333,481.59,339.61,171.39,286.23
2026-01-15 09:13:59,XPQ-01 Main,2026-01-15 09:13:00,426.61,87.08,6.798995,481.97,415.91,114.98,55.49,99.06,87.25,7.203372,482.3,432.38,121.34,54.6,106.03,88.9,6.60081266666667,482.03,431.54,119.84,62.14,100.65,85.09,6.59273533333333,481.57,356.17,172.23,305.74
2026-01-15 09:14:59,XPQ-01 Main,2026-01-15 09:14:00,421.55,86.33,6.718995,481.92,407.68,112.78,55.82,96.44,86.55,7.53670533333333,482.3,428.74,120.22,55.2,104.33,88.39,6.26747933333333,481.62,428.24,118.91,63.29,98.17,84.05,6.359402,481.85,351.92,174.31,298.94
2026-01-15 09:15:59,XPQ-01 Main,2026-01-15 09:15:00,432.24,86.66,7.108995,482.5,420.61,116.45,56.46,100.29,87.14,7.703372,482.62,440.61,123.68,56.88,107.39,88.37,6.734146,482.38,435.49,121.13,63.77,100.65,84.47,6.89273533333333,482.49,361.27,177.12,308.33
2026-01-15 09:16:59,XPQ-01 Main,2026-01-15 09:16:00,397.01,88.51,7.36566166666667,481.42,384.79,106.2,47.92,93.24,88.94,8.07003866666667,481.42,404.32,113.31,47.91,100.93,90.34,6.90081266666667,481.74,401.93,111.58,55.52,94.62,86.25,7.12606866666667,481.11,331.09,151.34,288.79
2026-01-15 09:17:59,XPQ-01 Main,2026-01-15 09:17:00,402.37,88.83,7.298995,481.92,387.78,107.14,47.24,94.16,89.38,7.703372,481.98,412.18,115.65,47.66,102.03,90.6,6.934146,482.24,407.15,113.12,55.22,95.22,86.51,7.259402,481.53,335.91,150.12,291.4
2026-01-15 09:18:59,XPQ-01 Main,2026-01-15 09:18:00,411.06,88.99,7.64232833333333,481.57,399.24,110.27,49.11,96.52,89.13,8.17003866666667,481.96,415.69,116.58,47.96,103.13,90.67,7.234146,481.67,418.24,116.04,55.28,98.32,87.17,7.52606866666667,481.09,342.9,152.35,297.97
2026-01-15 09:19:59,XPQ-01 Main,2026-01-15 09:19:00,416.3,88.57,7.398995,480.8,405.54,111.88,50.03,98.87,89.23,8.07003866666667,481.01,425.26,118.98,51.01,106.03,90.11,7.00081266666667,480.74,418.1,115.86,57.79,99.05,86.37,7.12606866666667,480.65,346.73,158.83,303.95
2026-01-15 09:20:59,XPQ-01 Main,2026-01-15 09:20:00,377.72,87.19,8.098995,481.34,373.85,103.19,51.17,88.16,86.49,8.87003866666667,481.29,374.8,105.0,47.42,92.06,88.9,7.56747933333333,481.57,384.5,106.73,53.53,90.96,86.18,7.859402,481.17,314.91,152.11,271.17
2026-01-15 09:21:59,XPQ-01 Main,2026-01-15 09:21:00,402.64,85.12,7.78566166666667,481.19,396.64,109.53,55.91,92.47,85.57,8.43670533333333,481.35,407.98,114.21,56.34,97.34,86.55,7.26747933333333,481.04,403.31,111.86,61.2,91.93,83.24,7.659402,481.18,335.61,173.45,281.75
2026-01-15 09:22:59,XPQ-01 Main,2026-01-15 09:22:00,364.12,89.12,8.28566166666667,481.21,358.46,98.95,44.74,85.67,88.64,9.003372,481.3,363.65,101.83,41.54,90.22,90.84,7.70081266666667,481.21,370.26,102.72,47.99,88.46,87.9,8.159402,481.11,303.5,134.27,264.35
2026-01-15 09:23:59,XPQ-01 Main,2026-01-15 09:23:00,449.19,87.96,7.65566166666667,481.77,440.19,121.65,57.62,105.75,87.81,8.27003866666667,482.1,451.59,126.67,55.25,112.22,89.72,7.16747933333333,481.81,455.78,126.53,63.2,108.21,86.35,7.52606866666667,481.4,374.85,176.07,326.18
2026-01-15 09:24:59,XPQ-01 Main,2026-01-15 09:24:00,364.94,90.86,7.518995,481.52,362.33,100.07,43.67,88.75,89.73,8.07003866666667,481.79,358.19,100.42,37.63,91.35,92.46,7.20081266666667,481.6,374.3,103.86,43.93,92.87,90.4,7.29273533333333,481.15,304.35,125.24,272.97
2026-01-15 09:25:59,XPQ-01 Main,2026-01-15 09:25:00,407.05,87.4,7.63232833333333,481.12,398.84,110.09,52.59,95.25,87.54,8.203372,481.38,411.42,115.22,51.65,101.23,89.08,7.134146,481.12,410.88,113.92,58.28,96.46,85.59,7.559402,480.87,339.23,162.52,292.94
2026-01-15 09:26:59,XPQ-01 Main,2026-01-15 09:26:00,337.46,90.24,7.83232833333333,481.18,333.19,91.99,41.08,81.08,89.21,8.503372,481.43,332.49,93.11,35.97,83.9,91.91,7.36747933333333,481.09,346.71,96.15,41.94,84.68,89.61,7.62606866666667,481.02,281.25,118.99,249.66
2026-01-15 09:27:59,XPQ-01 Main,2026-01-15 09:27:00,430.16,84.24,7.72232833333333,481.08,420.12,115.95,61.85,97.38,84.41,8.37003866666667,481.41,435.21,121.89,61.3,104.35,86.22,7.40081266666667,481.09,435.14,120.62,68.54,98.51,82.08,7.39273533333333,480.74,358.46,191.7,300.24
2026-01-15 09:28:59,XPQ-01 Main,2026-01-15 09:28:00,432.51,84.48,7.35566166666667,480.77,421.99,116.46,60.96,98.37,85.0,8.003372,481.31,439.67,123.04,61.69,105.41,86.31,6.934146,480.51,435.87,120.69,68.37,98.42,82.13,7.12606866666667,480.48,360.19,191.02,302.2
2026-01-15 09:29:59,XPQ-01 Main,2026-01-15 09:29:00,466.44,87.1,6.108995,480.84,460.55,127.07,62.42,109.27,86.83,6.703372,481.31,467.24,130.81,59.7,114.12,88.61,5.70081266666667,480.74,471.54,130.61,66.33,111.06,85.85,5.92606866666667,480.46,388.48,188.45,334.46
2026-01-15 09:30:59,XPQ-01 Main,2026-01-15 09:30:00,502.58,87.02,5.818995,479.02,494.55,135.92,63.92,119.36,88.16,6.43670533333333,479.39,514.82,143.57,67.67,126.0,88.1,5.46747933333333,479.01,498.37,137.55,72.72,116.3,84.79,5.559402,478.67,417.04,204.3,361.66
2026-01-15 09:31:59,XPQ-01 Main,2026-01-15 09:31:00,422.55,89.2,5.818995,481.0,420.8,116.05,54.31,101.72,88.21,6.53670533333333,481.24,415.25,116.33,48.6,104.67,90.7,5.46747933333333,481.25,431.61,119.65,54.96,105.44,88.68,5.459402,480.51,352.02,157.87,311.82
2026-01-15 09:32:59,XPQ-01 Main,2026-01-15 09:32:00,477.49,86.43,5.45232833333333,480.1,469.65,129.42,62.33,112.7,87.51,6.03670533333333,480.56,487.96,136.35,65.59,118.94,87.57,5.234146,479.88,474.86,131.34,70.5,110.04,84.2,5.09273533333333,479.87,397.11,198.42,341.68
2026-01-15 09:33:59,XPQ-01 Main,2026-01-15 09:33:00,400.47,85.58,7.94566166666667,481.24,392.96,108.49,54.52,93.15,86.3,8.503372,481.47,407.79,114.23,55.89,98.79,87.04,7.50081266666667,481.27,400.67,111.13,61.04,92.21,83.39,7.82606866666667,480.98,333.84,171.45,284.15
2026-01-15 09:34:59,XPQ-01 Main,2026-01-15 09:34:00,323.37,88.96,7.908995,482.85,320.0,88.65,41.92,77.24,87.89,8.67003866666667,483.03,318.39,89.46,37.18,80.09,90.7,7.30081266666667,482.79,331.72,92.32,42.87,80.59,88.29,7.759402,482.72,270.43,121.97,237.92
2026-01-15 09:35:59,XPQ-01 Main,2026-01-15 09:35:00,311.6,90.12,7.688995,482.78,305.91,84.72,37.71,74.99,89.34,8.53670533333333,482.94,309.5,86.96,33.75,79.08,91.97,6.96747933333333,482.78,319.4,88.89,40.04,78.32,89.04,7.559402,482.63,260.57,111.5,232.39
2026-01-15 09:36:59,XPQ-01 Main,2026-01-15 09:36:00,374.98,85.45,7.608995,481.84,363.47,100.53,51.81,85.46,85.51,8.303372,482.28,379.89,106.53,50.78,92.94,87.76,7.00081266666667,481.57,381.59,105.92,58.69,87.6,83.07,7.52606866666667,481.68,312.98,161.28,266.0
2026-01-15 09:37:59,XPQ-01 Main,2026-01-15 09:37:00,386.77,86.05,7.218995,481.44,376.95,104.16,52.17,89.59,86.42,8.13670533333333,481.86,392.65,110.02,52.17,96.17,87.9,6.634146,481.23,390.73,108.37,58.78,90.35,83.82,6.89273533333333,481.22,322.55,163.12,276.11
2026-01-15 09:38:59,XPQ-01 Main,2026-01-15 09:38:00,336.95,89.43,7.685661666666671,481.38,328.65,90.79,41.12,80.13,88.97,8.43670533333333,481.78,337.4,94.54,37.98,85.46,91.38,7.20081266666667,481.19,344.8,95.63,45.08,83.27,87.94,7.42606866666667,481.16,280.96,124.18,248.86
2026-01-15 09:39:59,XPQ-01 Main,2026-01-15 09:39:00,319.83,88.79,7.54232833333333,481.79,312.77,86.48,40.18,75.49,88.27,8.103372,482.25,319.61,89.64,37.17,80.4,90.77,7.134146,481.62,327.11,90.78,43.74,78.39,87.33,7.39273533333333,481.49,266.9,121.09,234.28
2026-01-15 09:40:59,XPQ-01 Main,2026-01-15 09:40:00,400.04,86.47,7.16566166666667,481.0,392.21,108.21,53.43,93.59,86.84,7.97003866666667,481.09,405.21,113.43,53.45,99.42,88.08,6.56747933333333,481.06,402.7,111.67,59.47,93.92,84.49,6.959402,480.83,333.31,166.36,286.93
2026-01-15 09:41:59,XPQ-01 Main,2026-01-15 09:41:00,384.26,88.01,7.48566166666667,480.81,374.62,103.33,48.02,90.11,88.25,8.303372,481.17,390.01,109.18,47.34,96.64,89.8,7.034146,480.82,388.15,107.53,54.33,91.46,85.98,7.12606866666667,480.45,320.04,149.69,278.21
2026-01-15 09:42:59,XPQ-01 Main,2026-01-15 09:42:00,348.22,88.34,7.418995,480.36,337.18,92.9,43.6,80.94,88.04,8.07003866666667,480.42,352.05,98.42,41.05,87.66,90.56,7.00081266666667,480.48,355.43,98.44,49.02,84.21,86.43,7.19273533333333,480.17,289.75,133.66,252.82
2026-01-15 09:43:59,XPQ-01 Main,2026-01-15 09:43:00,333.41,87.75,7.56566166666667,479.99,323.85,89.17,43.56,76.84,86.99,8.27003866666667,480.29,333.57,93.22,39.73,83.05,90.21,7.06747933333333,480.05,342.82,94.82,47.91,80.91,86.05,7.359402,479.64,277.21,131.21,240.79
2026-01-15 09:44:59,XPQ-01 Main,2026-01-15 09:44:00,375.33,87.9,7.678995,479.55,372.44,102.51,47.37,90.13,88.52,8.43670533333333,479.9,379.98,106.04,48.36,93.54,88.83,7.234146,479.36,373.55,103.22,51.77,88.65,86.35,7.359402,479.4,311.77,147.5,272.32
2026-01-15 09:45:59,XPQ-01 Main,2026-01-15 09:45:00,353.25,87.95,8.01232833333333,479.72,347.72,95.7,45.9,82.86,87.47,8.603372,480.03,353.25,98.65,42.96,87.02,89.67,7.70081266666667,479.7,358.79,99.18,48.93,85.18,86.71,7.72606866666667,479.44,293.53,137.79,255.06
2026-01-15 09:46:59,XPQ-01 Main,2026-01-15 09:46:00,315.39,88.79,7.878995,480.71,306.83,84.64,38.98,73.87,88.44,8.43670533333333,481.12,317.61,88.88,36.48,79.57,90.9,7.66747933333333,480.59,321.72,89.1,43.43,76.76,87.03,7.52606866666667,480.42,262.62,118.88,230.19
2026-01-15 09:47:59,XPQ-01 Main,2026-01-15 09:47:00,375.88,84.57,7.898995,480.47,375.53,103.52,54.9,86.58,84.45,8.503372,480.64,374.8,104.8,53.34,88.99,85.77,7.50081266666667,480.45,377.31,104.49,57.13,86.63,83.48,7.69273533333333,480.32,312.81,165.37,262.21
2026-01-15 09:48:59,XPQ-01 Main,2026-01-15 09:48:00,353.83,89.06,8.03232833333333,479.87,345.81,95.19,42.69,84.27,89.21,8.63670533333333,480.05,357.57,99.86,41.73,89.93,90.71,7.800812666666671,479.89,358.13,99.06,47.99,85.73,87.26,7.659402,479.66,294.12,132.41,259.94
2026-01-15 09:49:59,XPQ-01 Main,2026-01-15 09:49:00,355.6,90.0,7.84232833333333,479.98,346.76,95.46,41.1,85.54,90.14,8.53670533333333,480.26,359.85,100.56,39.96,91.44,91.63,7.434146,480.08,360.2,99.64,46.56,87.34,88.24,7.559402,479.6,295.66,127.62,264.32
2026-01-15 09:50:59,XPQ-01 Main,2026-01-15 09:50:00,320.16,87.3,8.06566166666667,479.57,312.45,85.95,44.18,72.93,85.53,8.67003866666667,479.9,314.15,87.72,37.75,77.75,89.96,7.634146,479.65,333.89,92.26,45.88,78.75,86.41,7.89273533333333,479.16,265.94,127.81,229.43
2026-01-15 09:51:59,XPQ-01 Main,2026-01-15 09:51:00,337.97,88.37,8.04232833333333,479.01,329.07,90.41,43.72,78.35,87.33,8.73670533333334,479.2,336.4,93.8,38.96,83.7,90.66,7.60081266666667,479.1,348.46,96.2,46.76,82.96,87.11,7.79273533333333,478.73,280.42,129.44,245.02
2026-01-15 09:52:59,XPQ-01 Main,2026-01-15 09:52:00,344.4,86.69,7.84232833333333,480.45,334.86,92.31,46.25,79.22,86.36,8.603372,480.78,346.33,96.86,43.95,85.54,88.94,7.40081266666667,480.43,352.02,97.45,51.42,82.14,84.76,7.52606866666667,480.15,286.62,141.63,246.9
2026-01-15 09:53:59,XPQ-01 Main,2026-01-15 09:53:00,338.66,86.83,7.73232833333333,480.82,333.58,92.04,46.72,78.63,85.97,8.303372,480.95,335.7,93.91,42.83,82.76,88.81,7.40081266666667,480.72,346.69,96.09,49.19,81.8,85.7,7.49273533333333,480.79,282.04,138.74,243.2
2026-01-15 09:54:59,XPQ-01 Main,2026-01-15 09:54:00,364.1,88.31,7.63232833333333,480.29,355.26,97.87,47.17,84.91,87.42,8.43670533333333,480.34,362.69,101.37,42.54,90.84,90.56,7.20081266666667,480.37,374.36,103.67,50.86,89.54,86.95,7.259402,480.17,302.91,140.57,265.29
2026-01-15 09:55:59,XPQ-01 Main,2026-01-15 09:55:00,364.36,87.99,7.588995,480.34,354.75,97.71,48.25,84.18,86.76,8.303372,480.77,362.94,101.08,42.51,90.68,90.55,6.96747933333333,480.15,375.38,104.55,51.81,89.97,86.66,7.49273533333333,480.11,303.35,142.57,264.84
2026-01-15 09:56:59,XPQ-01 Main,2026-01-15 09:56:00,364.25,88.0,7.56566166666667,480.29,358.81,98.86,46.02,86.9,88.38,8.203372,480.64,368.73,103.11,46.06,91.27,89.27,7.134146,480.31,365.2,101.07,50.71,86.8,86.34,7.359402,479.92,303.03,142.79,264.97
2026-01-15 09:57:59,XPQ-01 Main,2026-01-15 09:57:00,361.51,87.1,7.63232833333333,480.69,356.36,98.3,48.29,84.8,86.87,8.303372,480.94,361.26,101.06,46.32,89.03,88.73,7.134146,480.59,366.91,101.65,51.87,86.31,85.71,7.459402,480.55,301.01,146.48,260.14
2026-01-15 09:58:59,XPQ-01 Main,2026-01-15 09:58:00,350.07,85.84,7.68566166666667,480.32,338.48,93.29,48.35,78.85,85.25,8.37003866666667,480.47,351.71,98.29,45.32,86.24,88.52,7.26747933333333,480.2,360.03,99.68,54.08,82.87,83.74,7.42606866666667,480.27,291.26,147.75,247.97
2026-01-15 09:59:59,XPQ-01 Main,2026-01-15 09:59:00,350.76,88.65,8.02232833333333,480.21,343.19,94.54,43.99,83.17,88.4,8.73670533333333,480.24,352.64,98.53,41.73,88.16,90.38,7.534146,480.23,356.46,98.7,48.02,85.4,87.17,7.79273533333333,480.16,291.76,133.75,256.73
2026-01-15 10:00:59,XPQ-01 Main,2026-01-15 10:00:00,389.15,87.49,7.35232833333333,480.03,379.43,104.53,50.24,90.83,87.51,8.03670533333333,480.22,393.01,109.76,48.74,97.39,89.43,7.00081266666667,479.88,395.02,109.3,56.26,92.92,85.54,7.02606866666667,480.0,323.59,155.24,281.15
2026-01-15 10:01:59,XPQ-01 Main,2026-01-15 10:01:00,362.84,89.48,7.76566166666667,479.15,350.25,96.29,44.23,84.52,88.6,8.43670533333333,479.36,362.2,101.0,39.19,92.08,92.01,7.20081266666667,479.1,376.06,103.85,49.13,90.29,87.84,7.659402,478.98,301.14,132.54,266.89
2026-01-15 10:02:59,XPQ-01 Main,2026-01-15 10:02:00,362.91,91.47,7.388995,479.26,349.62,96.15,36.81,88.15,92.28,8.13670533333333,479.73,374.39,104.45,37.85,96.46,93.09,6.734146,479.1,364.72,100.69,45.53,89.13,89.05,7.29273533333333,478.94,301.3,120.19,273.74
2026-01-15 10:03:59,XPQ-01 Main,2026-01-15 10:03:00,377.32,86.67,7.75566166666667,479.06,364.24,100.14,49.8,85.71,86.47,8.503372,479.4,381.95,106.49,47.67,93.52,89.09,7.20081266666667,478.91,385.78,106.49,56.41,88.93,84.45,7.559402,478.87,313.12,153.88,268.16
2026-01-15 10:04:59,XPQ-01 Main,2026-01-15 10:04:00,367.96,88.56,7.598995,478.83,356.97,98.13,43.96,86.51,89.15,8.37003866666667,479.27,376.92,105.02,44.53,92.94,90.18,7.10081266666667,478.48,369.99,102.06,50.74,86.86,86.35,7.32606866666667,478.73,305.21,139.23,266.31
2026-01-15 10:05:59,XPQ-01 Main,2026-01-15 10:05:00,350.64,89.65,7.28566166666667,479.02,340.26,93.54,41.18,82.9,89.56,8.03670533333333,479.24,354.58,98.83,39.12,89.62,91.65,6.66747933333333,478.85,357.09,98.59,46.88,85.76,87.74,7.159402,478.96,290.95,127.19,258.27
2026-01-15 10:06:59,XPQ-01 Main,2026-01-15 10:06:00,424.89,85.79,7.46566166666667,478.88,415.27,114.1,56.82,98.52,86.63,8.37003866666667,479.19,433.83,120.93,58.64,105.23,87.35,6.80081266666667,478.87,425.58,117.44,64.59,97.59,83.39,7.22606866666667,478.59,352.47,180.04,301.34
2026-01-15 10:07:59,XPQ-01 Main,2026-01-15 10:07:00,389.82,90.09,7.62232833333333,479.09,378.67,104.12,42.03,94.61,91.39,8.53670533333333,479.23,403.63,112.48,45.45,102.02,91.34,6.834146,478.87,387.17,106.93,51.31,92.94,87.54,7.49273533333333,479.16,323.53,138.79,289.57
2026-01-15 10:08:59,XPQ-01 Main,2026-01-15 10:08:00,342.97,89.35,7.36566166666667,479.05,330.81,90.94,41.02,80.23,89.04,8.13670533333333,479.48,346.21,96.54,38.22,87.53,91.65,6.76747933333333,478.89,351.9,97.12,46.8,84.06,87.37,7.19273533333333,478.78,284.6,126.04,251.82
2026-01-15 10:09:59,XPQ-01 Main,2026-01-15 10:09:00,354.23,89.84,7.608995,479.5,341.64,94.03,39.07,84.88,90.84,8.303372,479.84,365.59,102.0,40.89,92.8,91.51,7.10081266666667,479.26,355.44,98.21,47.8,85.04,87.17,7.42606866666667,479.41,294.24,127.76,262.72
2026-01-15 10:10:59,XPQ-01 Main,2026-01-15 10:10:00,378.57,86.87,7.35566166666667,478.52,367.2,100.8,50.25,86.17,86.38,8.17003866666667,478.68,381.0,106.1,47.19,93.16,89.21,6.90081266666667,478.52,387.52,106.89,55.62,89.85,85.03,6.99273533333333,478.35,313.79,153.07,269.18
2026-01-15 10:11:59,XPQ-01 Main,2026-01-15 10:11:00,441.35,83.0,7.318995,478.22,434.32,119.14,66.28,98.49,82.96,8.07003866666667,478.45,443.26,123.4,65.05,104.1,84.8,6.70081266666667,478.3,446.47,123.05,71.44,99.55,81.24,7.19273533333333,477.9,365.59,202.78,302.14
2026-01-15 10:12:59,XPQ-01 Main,2026-01-15 10:12:00,446.83,82.55,7.07566166666667,478.61,440.53,120.92,67.51,99.62,82.78,7.73670533333333,478.72,450.55,125.52,67.32,104.91,84.16,6.60081266666667,478.8,449.41,124.0,72.89,99.59,80.7,6.89273533333333,478.32,370.44,207.71,304.12
2026-01-15 10:13:59,XPQ-01 Main,2026-01-15 10:13:00,397.12,85.74,7.278995,478.62,388.98,106.84,53.53,90.9,86.17,7.93670533333333,478.84,403.29,112.31,53.83,96.58,87.35,6.80081266666667,478.47,399.1,110.1,59.45,90.97,83.71,7.09273533333333,478.56,329.25,166.81,278.45
2026-01-15 10:14:59,XPQ-01 Main,2026-01-15 10:14:00,461.27,84.86,6.94232833333333,478.31,453.64,124.46,63.59,106.44,85.85,7.37003866666667,478.48,470.42,130.97,66.29,112.31,86.12,6.60081266666667,478.4,459.74,126.75,71.05,104.2,82.62,6.859402,478.04,382.18,200.94,322.95
2026-01-15 10:15:59,XPQ-01 Main,2026-01-15 10:15:00,491.99,84.99,6.75566166666667,478.15,485.4,133.15,67.89,114.05,85.93,7.27003866666667,478.27,501.2,139.46,70.62,119.58,86.1,6.46747933333333,478.19,489.37,134.89,75.09,111.42,82.92,6.52606866666667,478.0,407.5,213.61,345.04
2026-01-15 10:17:59,XPQ-01 Main,2026-01-15 10:17:00,404.77,87.23,6.498995,478.17,398.56,109.31,54.41,93.43,86.41,6.87003866666667,478.54,401.8,111.88,49.96,98.44,89.17,6.40081266666667,478.25,413.95,114.04,57.45,97.21,86.09,6.22606866666667,477.7,335.24,161.83,289.08
2026-01-15 10:18:59,XPQ-01 Main,2026-01-15 10:18:00,437.5,86.45,6.398995,478.95,428.41,117.73,58.45,100.76,86.5,7.03670533333333,479.05,441.42,123.0,57.22,106.24,88.04,6.234146,478.88,442.68,122.23,63.59,101.79,84.81,5.92606866666667,478.92,362.97,179.27,308.79
2026-01-15 10:19:59,XPQ-01 Main,2026-01-15 10:19:00,396.99,87.59,6.72232833333333,479.06,392.3,107.78,52.58,92.98,87.05,7.403372,479.21,395.31,110.25,49.12,97.05,89.22,6.534146,479.24,403.36,111.39,55.33,95.38,86.5,6.22606866666667,478.74,329.41,157.03,285.41
2026-01-15 10:20:59,XPQ-01 Main,2026-01-15 10:20:00,401.98,85.25,6.818995,479.23,398.83,109.66,56.57,92.36,85.28,7.43670533333333,479.37,403.35,112.48,55.43,95.88,86.57,6.50081266666667,479.19,403.77,111.54,59.94,92.43,83.9,6.52606866666667,479.14,333.68,171.94,280.67
2026-01-15 10:21:59,XPQ-01 Main,2026-01-15 10:21:00,393.31,86.45,7.408995,478.66,387.11,106.34,53.93,90.46,85.89,7.97003866666667,478.92,392.51,109.32,50.63,94.93,88.24,7.034146,478.48,400.3,110.42,57.06,92.96,85.23,7.22606866666667,478.57,326.08,161.62,278.35
2026-01-15 10:22:59,XPQ-01 Main,2026-01-15 10:22:00,600.39,80.6,6.598995,476.06,597.71,163.26,94.36,129.98,80.92,7.13670533333333,476.51,602.78,167.07,94.52,134.25,81.77,6.36747933333333,476.01,600.68,164.74,99.12,128.24,79.12,6.29273533333333,475.67,495.08,288.0,392.48
2026-01-15 10:23:59,XPQ-01 Main,2026-01-15 10:23:00,439.01,84.13,6.34232833333333,477.78,436.89,119.77,64.97,99.59,83.75,6.903372,478.21,436.79,121.5,62.34,102.92,85.53,6.06747933333333,477.71,443.34,122.03,67.45,100.73,83.09,6.059402,477.43,363.3,194.76,303.23
2026-01-15 10:24:59,XPQ-01 Main,2026-01-15 10:24:00,443.16,84.27,6.74232833333333,480.76,438.02,120.83,64.12,101.28,84.49,7.103372,481.28,446.67,125.04,63.74,105.88,85.67,6.634146,480.68,444.78,123.17,68.81,100.99,82.64,6.49273533333333,480.32,369.04,196.66,308.14
2026-01-15 10:25:59,XPQ-01 Main,2026-01-15 10:25:00,435.22,83.42,6.72232833333333,480.99,430.95,118.99,65.54,98.23,83.18,7.203372,481.29,434.89,121.7,63.43,102.56,85.05,6.634146,480.72,439.82,121.91,69.34,99.39,82.01,6.32606866666667,480.98,362.6,198.31,300.18
2026-01-15 10:26:59,XPQ-01 Main,2026-01-15 10:26:00,371.28,85.29,7.46566166666667,481.45,365.36,100.97,53.76,83.82,84.17,8.03670533333333,481.82,366.83,102.77,48.97,88.63,87.53,7.16747933333333,481.16,381.64,105.87,56.4,87.87,84.16,7.19273533333333,481.38,309.61,159.13,260.32
2026-01-15 10:27:59,XPQ-01 Main,2026-01-15 10:27:00,424.83,84.53,7.488995,481.28,420.22,116.03,61.68,97.15,84.42,7.903372,481.29,425.55,119.15,60.06,101.53,86.07,7.26747933333333,481.27,428.73,118.98,65.63,98.0,83.09,7.29273533333333,481.28,354.15,187.37,296.68
2026-01-15 10:28:59,XPQ-01 Main,2026-01-15 10:28:00,430.36,86.89,6.588995,481.23,427.34,117.97,58.05,101.11,86.72,7.103372,481.68,430.34,120.6,55.95,104.99,88.25,6.30081266666667,481.27,433.42,120.16,61.41,102.06,85.68,6.359402,480.74,358.72,175.42,308.16
2026-01-15 10:29:59,XPQ-01 Main,2026-01-15 10:29:00,427.85,87.35,6.82232833333333,480.62,423.06,116.65,56.67,100.64,87.14,7.33670533333333,481.02,427.72,119.69,54.3,104.9,88.81,6.46747933333333,480.61,432.76,119.83,60.25,102.1,86.12,6.659402,480.22,356.17,171.23,307.63
2026-01-15 10:30:59,XPQ-01 Main,2026-01-15 10:30:00,427.66,88.36,6.54232833333333,480.73,421.66,116.36,53.78,101.16,88.3,7.33670533333333,481.11,429.5,120.14,51.83,106.6,89.93,6.10081266666667,480.43,431.83,119.61,58.69,102.83,86.85,6.19273533333333,480.64,356.11,164.3,310.59
2026-01-15 10:31:59,XPQ-01 Main,2026-01-15 10:31:00,451.59,84.85,6.62232833333333,480.6,447.32,123.34,63.53,104.72,85.5,7.203372,480.78,457.11,127.85,64.75,109.21,86.02,6.26747933333333,480.61,450.33,124.75,69.08,102.96,83.04,6.39273533333333,480.41,375.94,197.36,316.89
2026-01-15 10:32:59,XPQ-01 Main,2026-01-15 10:32:00,381.58,87.89,7.74232833333333,480.74,372.4,102.71,49.59,88.65,87.27,8.403372,481.08,381.49,106.76,45.76,94.92,90.08,7.16747933333333,480.7,390.86,108.28,54.15,92.57,86.32,7.659402,480.46,317.75,149.51,276.14
2026-01-15 10:33:59,XPQ-01 Main,2026-01-15 10:33:00,395.62,88.33,6.47566166666667,481.03,385.43,106.35,49.53,92.93,88.25,7.203372,481.43,399.7,111.96,47.55,99.88,90.29,5.96747933333333,481.07,401.73,111.34,55.53,95.55,86.46,6.259402,480.59,329.65,152.61,288.37
2026-01-15 10:34:59,XPQ-01 Main,2026-01-15 10:34:00,501.97,86.52,6.55232833333333,480.23,496.37,136.81,67.02,118.28,87.0,7.23670533333333,480.41,507.32,141.73,67.66,123.25,87.66,6.334146,480.06,502.22,139.02,72.84,117.07,84.91,6.09273533333333,480.23,417.56,207.53,358.6
2026-01-15 10:35:59,XPQ-01 Main,2026-01-15 10:35:00,477.83,88.36,6.78566166666667,479.07,466.15,128.06,58.28,113.11,88.89,7.43670533333333,479.27,487.19,135.89,58.85,121.12,89.95,6.300812666666671,479.25,480.17,132.59,66.7,113.68,86.25,6.62606866666667,478.68,396.54,183.82,347.92
2026-01-15 10:36:59,XPQ-01 Main,2026-01-15 10:36:00,461.3,87.57,6.23232833333333,479.44,452.56,124.51,58.42,109.16,88.17,6.73670533333333,479.76,468.93,130.85,59.3,115.73,89.0,5.90081266666667,479.34,462.39,127.75,65.79,108.72,85.55,6.059402,479.23,383.11,183.51,333.61
2026-01-15 10:37:59,XPQ-01 Main,2026-01-15 10:37:00,439.47,85.1,6.42232833333333,479.13,432.45,118.87,61.99,100.14,85.02,7.103372,479.22,441.84,123.18,60.32,105.9,86.89,6.10081266666667,479.13,444.13,122.68,67.21,101.53,83.38,6.059402,479.04,364.73,189.53,307.57
2026-01-15 10:38:59,XPQ-01 Main,2026-01-15 10:38:00,427.85,87.16,6.878995,479.2,417.59,114.89,54.4,100.61,87.97,7.53670533333333,479.44,437.48,121.93,56.02,107.03,88.6,6.334146,478.83,428.48,118.34,61.93,99.63,84.93,6.759402,479.34,355.16,172.35,307.27
2026-01-15 10:39:59,XPQ-01 Main,2026-01-15 10:39:00,370.17,86.18,7.08566166666667,481.34,361.83,99.96,52.51,84.1,84.82,7.77003866666667,481.67,365.3,102.32,46.67,90.04,88.78,6.50081266666667,481.12,383.36,106.33,55.62,89.52,84.94,6.99273533333333,481.24,308.61,154.81,263.66
2026-01-15 10:40:59,XPQ-01 Main,2026-01-15 10:40:00,454.47,84.48,6.63232833333333,480.64,448.89,123.83,65.54,103.91,84.58,7.103372,480.81,456.6,127.66,64.56,108.55,85.95,6.46747933333333,480.46,457.93,126.87,70.22,104.12,82.91,6.32606866666667,480.66,378.36,200.32,316.58
2026-01-15 10:41:59,XPQ-01 Main,2026-01-15 10:41:00,380.53,88.43,6.74232833333333,479.92,375.56,103.39,49.19,89.63,87.66,7.403372,479.96,378.16,105.6,44.82,93.77,90.22,6.334146,479.96,387.85,107.33,51.68,92.95,87.4,6.49273533333333,479.85,316.32,145.69,276.34
2026-01-15 10:42:59,XPQ-01 Main,2026-01-15 10:42:00,429.75,86.48,7.03232833333333,479.88,425.99,117.3,57.88,101.34,86.83,7.603372,479.93,433.06,120.89,57.81,105.27,87.65,6.60081266666667,479.79,430.19,119.03,62.43,100.59,84.97,6.89273533333333,479.91,357.21,178.13,307.2
2026-01-15 10:43:59,XPQ-01 Main,2026-01-15 10:43:00,412.78,84.57,7.14232833333333,479.88,407.95,112.4,59.26,94.61,84.75,7.836705333333329,480.17,415.11,115.87,58.62,98.42,85.92,6.534146,479.54,415.29,114.84,63.26,94.37,83.06,7.059402,479.94,343.11,181.14,287.4
2026-01-15 10:44:59,XPQ-01 Main,2026-01-15 10:44:00,395.27,86.79,6.73232833333333,479.55,387.55,106.65,52.75,92.04,86.76,7.27003866666667,479.82,397.59,110.96,51.17,97.64,88.57,6.434146,479.45,400.66,110.73,57.94,93.63,85.04,6.49273533333333,479.37,328.33,161.86,283.31
2026-01-15 10:45:59,XPQ-01 Main,2026-01-15 10:45:00,446.68,82.72,7.178995,478.25,443.38,121.69,67.16,100.77,83.21,7.73670533333333,478.61,450.14,125.29,67.79,104.81,83.97,6.80081266666667,478.1,446.51,123.04,71.94,99.28,80.98,6.99273533333333,478.04,370.03,206.89,304.86
2026-01-15 10:46:59,XPQ-01 Main,2026-01-15 10:46:00,429.98,84.05,6.75566166666667,478.8,423.78,116.47,62.17,97.69,84.37,7.33670533333333,479.0,433.78,120.82,62.07,102.35,85.5,6.30081266666667,478.56,432.39,119.33,67.21,97.27,82.27,6.62606866666667,478.85,356.61,191.46,297.31
2026-01-15 10:47:59,XPQ-01 Main,2026-01-15 10:47:00,424.63,83.11,7.178995,478.89,422.57,116.13,63.92,96.35,83.33,7.803372,478.95,425.83,118.62,63.44,99.58,84.34,6.834146,478.79,425.49,117.48,67.55,95.56,81.66,6.89273533333333,478.95,352.23,194.91,291.5
2026-01-15 10:48:59,XPQ-01 Main,2026-01-15 10:48:00,436.32,82.44,7.73232833333333,478.71,433.5,119.1,66.78,97.95,82.62,8.23670533333333,478.98,437.17,121.77,66.25,101.63,83.77,7.26747933333333,478.55,438.3,120.91,70.71,97.4,80.92,7.69273533333333,478.59,361.79,203.73,296.97
2026-01-15 10:49:59,XPQ-01 Main,2026-01-15 10:49:00,342.07,91.16,7.388995,479.58,336.07,92.51,39.04,83.01,90.49,8.03670533333333,479.86,339.71,94.79,34.87,87.04,92.83,6.86747933333333,479.33,350.42,96.85,41.51,86.47,90.15,7.259402,479.56,284.15,115.42,256.52
2026-01-15 10:50:59,XPQ-01 Main,2026-01-15 10:50:00,329.95,90.59,7.608995,480.42,322.04,88.72,38.83,78.57,89.65,8.37003866666667,480.39,327.55,91.58,33.87,83.73,92.7,7.034146,480.6,340.26,94.26,41.76,83.36,89.41,7.42606866666667,480.28,274.57,114.47,245.66
2026-01-15 10:51:59,XPQ-01 Main,2026-01-15 10:51:00,429.75,84.58,7.378995,478.35,425.03,116.62,64.36,96.57,83.21,8.07003866666667,478.54,421.76,117.44,58.0,101.24,86.77,6.934146,478.47,442.47,122.0,66.25,101.59,83.76,7.12606866666667,478.05,356.05,188.62,299.4
2026-01-15 10:52:59,XPQ-01 Main,2026-01-15 10:52:00,396.59,85.69,7.478995,479.22,395.93,108.93,55.13,93.33,86.1,8.07003866666667,479.69,398.43,111.11,55.37,95.74,86.57,6.96747933333333,478.88,395.42,109.16,58.28,91.68,84.39,7.39273533333333,479.1,329.2,168.78,280.76
2026-01-15 10:53:59,XPQ-01 Main,2026-01-15 10:53:00,405.74,84.96,7.26566166666667,479.37,405.14,111.5,58.55,94.28,84.95,8.003372,479.66,404.76,112.87,57.19,96.67,86.07,6.834146,479.03,407.33,112.52,60.97,93.91,83.87,6.959402,479.43,336.89,176.71,284.86
2026-01-15 10:54:59,XPQ-01 Main,2026-01-15 10:54:00,305.25,92.24,7.37566166666667,479.83,300.3,82.7,33.98,74.41,90.97,8.03670533333333,479.95,299.06,83.47,27.79,77.6,94.14,7.034146,479.62,316.38,87.51,34.69,79.32,91.62,7.059402,479.92,253.68,96.46,231.34
2026-01-15 10:55:59,XPQ-01 Main,2026-01-15 10:55:00,381.62,87.44,7.388995,480.75,375.4,103.61,49.72,89.35,87.38,7.93670533333333,481.07,383.52,107.26,47.99,94.5,89.16,7.10081266666667,480.42,385.94,106.91,54.46,90.86,85.77,7.12606866666667,480.75,317.79,152.17,274.72
2026-01-15 10:56:59,XPQ-01 Main,2026-01-15 10:56:00,405.93,87.46,7.55566166666667,480.89,399.55,110.3,52.98,95.88,87.53,8.203372,481.1,408.77,114.34,51.63,101.19,89.08,7.10081266666667,480.63,409.47,113.5,58.13,97.0,85.77,7.359402,480.95,338.13,162.74,294.07
2026-01-15 10:57:59,XPQ-01 Main,2026-01-15 10:57:00,343.63,89.82,7.208995,481.08,338.15,93.39,40.82,82.96,89.73,7.87003866666667,481.21,344.99,96.52,38.93,86.95,91.27,6.76747933333333,480.78,347.75,96.44,44.46,84.41,88.48,6.99273533333333,481.26,286.35,124.21,254.31
2026-01-15 10:58:59,XPQ-01 Main,2026-01-15 10:58:00,393.4,87.58,7.078995,481.42,383.88,106.1,49.58,93.04,88.25,7.93670533333333,481.59,401.26,112.35,50.51,99.63,89.19,6.56747933333333,481.11,395.07,109.63,56.91,92.96,85.29,6.72606866666667,481.56,328.07,156.99,285.63
2026-01-15 10:59:59,XPQ-01 Main,2026-01-15 10:59:00,338.93,90.14,7.04566166666667,482.04,330.41,91.41,40.62,80.5,89.28,7.703372,482.24,337.17,94.56,35.8,85.85,92.29,6.76747933333333,481.84,349.2,97.02,43.92,85.1,88.86,6.659402,482.03,282.98,120.35,251.45
2026-01-15 11:00:59,XPQ-01 Main,2026-01-15 11:00:00,323.0,92.38,6.998995,482.01,315.77,87.37,34.76,79.13,91.56,7.77003866666667,482.24,320.38,89.83,29.72,83.42,94.2,6.50081266666667,481.71,332.85,92.47,37.12,83.57,91.39,6.72606866666667,482.07,269.67,101.61,246.13
2026-01-15 11:01:59,XPQ-01 Main,2026-01-15 11:01:00,294.61,92.07,7.25566166666667,482.38,288.15,79.78,32.54,71.81,91.08,8.07003866666667,482.56,291.25,81.72,27.48,75.6,93.98,6.834146,482.1,304.43,84.65,34.35,76.07,91.14,6.859402,482.48,246.15,94.38,223.47
2026-01-15 11:02:59,XPQ-01 Main,2026-01-15 11:02:00,403.79,88.02,7.34566166666667,481.9,393.77,108.93,50.27,96.16,88.62,8.13670533333333,482.08,411.71,115.4,50.83,103.01,89.68,7.00081266666667,481.63,405.89,112.75,57.77,96.35,85.76,6.89273533333333,482.0,337.08,158.87,295.52
2026-01-15 11:03:59,XPQ-01 Main,2026-01-15 11:03:00,366.89,86.0,6.84232833333333,482.42,357.79,99.13,50.55,84.61,85.85,7.603372,482.76,369.31,103.62,48.67,90.78,88.13,6.26747933333333,481.9,373.59,103.84,56.0,86.75,84.01,6.659402,482.59,306.59,155.22,262.14
2026-01-15 11:04:59,XPQ-01 Main,2026-01-15 11:04:00,305.26,92.04,7.16566166666667,482.98,295.86,82.04,33.5,73.93,91.09,7.67003866666667,483.41,302.95,85.14,28.14,79.2,94.23,6.80081266666667,482.6,316.97,88.2,36.47,79.11,90.82,7.02606866666667,482.93,255.37,98.11,232.24
2026-01-15 11:05:59,XPQ-01 Main,2026-01-15 11:05:00,345.24,88.99,7.008995,482.11,337.75,93.46,42.91,81.13,88.4,7.67003866666667,482.36,345.23,96.83,39.35,85.97,90.93,6.66747933333333,481.85,352.73,98.0,46.32,84.32,87.65,6.69273533333333,482.12,288.3,128.57,251.41
2026-01-15 11:06:59,XPQ-01 Main,2026-01-15 11:06:00,405.51,85.14,7.108995,481.96,398.1,110.18,57.1,93.69,85.39,7.83670533333333,482.36,409.29,114.75,56.62,99.25,86.86,6.86747933333333,481.53,409.14,113.61,62.83,94.15,83.18,6.62606866666667,482.0,338.54,176.54,287.09
2026-01-15 11:07:59,XPQ-01 Main,2026-01-15 11:07:00,421.37,85.39,7.01232833333333,481.88,411.78,113.97,57.95,97.55,85.97,7.603372,482.16,428.47,120.05,58.66,103.88,87.08,6.634146,481.34,423.85,117.7,65.02,97.23,83.12,6.79273533333333,482.15,351.73,181.64,298.66
2026-01-15 11:08:59,XPQ-01 Main,2026-01-15 11:08:00,290.77,92.3,7.64232833333333,481.33,281.41,77.75,32.54,69.35,90.53,8.27003866666667,481.7,284.24,79.61,24.6,74.46,94.95,7.46747933333333,480.99,306.66,85.04,34.02,76.8,91.43,7.19273533333333,481.29,242.4,91.16,220.61
2026-01-15 11:09:59,XPQ-01 Main,2026-01-15 11:09:00,434.7,86.62,6.498995,480.76,429.82,118.6,59.0,102.24,86.62,6.97003866666667,480.86,435.78,121.86,57.38,106.8,88.09,6.334146,480.58,438.51,121.54,63.45,103.1,85.16,6.19273533333333,480.85,362.0,179.83,312.14
2026-01-15 11:10:59,XPQ-01 Main,2026-01-15 11:10:00,396.71,84.31,7.38566166666667,479.87,392.02,107.97,58.87,88.02,83.12,8.13670533333333,480.1,391.65,109.34,53.68,92.55,86.5,7.034146,479.65,406.45,112.41,61.18,92.08,83.29,6.99273533333333,479.86,329.73,173.72,272.65
2026-01-15 11:11:59,XPQ-01 Main,2026-01-15 11:11:00,398.62,84.07,7.208995,481.33,396.23,109.49,59.26,90.0,83.52,7.77003866666667,481.64,396.48,111.02,56.14,93.33,85.69,6.96747933333333,481.02,403.15,111.82,61.59,91.64,83.0,6.89273533333333,481.34,332.33,176.99,274.97
2026-01-15 11:12:59,XPQ-01 Main,2026-01-15 11:12:00,444.76,83.21,7.26566166666667,480.56,442.62,122.14,66.49,101.9,83.75,7.903372,480.89,447.8,125.17,67.15,104.96,84.24,6.66747933333333,480.13,443.85,122.9,70.63,99.88,81.65,7.22606866666667,480.66,370.21,204.27,306.75
2026-01-15 11:13:59,XPQ-01 Main,2026-01-15 11:13:00,436.24,86.38,6.988995,480.63,433.9,119.71,59.72,102.78,86.46,7.53670533333333,480.82,436.51,122.03,58.52,106.08,87.56,6.66747933333333,480.38,438.32,121.43,63.28,102.59,85.11,6.759402,480.7,363.17,181.52,311.45
2026-01-15 11:14:59,XPQ-01 Main,2026-01-15 11:14:00,377.51,91.1,6.92232833333333,480.96,369.09,101.87,44.52,90.12,89.66,7.57003866666667,481.24,370.48,103.7,36.54,95.19,93.36,6.66747933333333,480.81,392.96,108.92,46.18,97.01,90.29,6.52606866666667,480.83,314.48,127.24,282.32
2026-01-15 11:15:59,XPQ-01 Main,2026-01-15 11:15:00,445.53,87.93,6.698995,480.82,441.99,122.0,57.49,106.08,87.92,7.33670533333333,481.02,446.6,124.9,55.77,109.91,89.18,6.334146,480.52,448.0,124.16,61.33,106.65,86.69,6.42606866666667,480.9,371.05,174.59,322.64
2026-01-15 11:16:59,XPQ-01 Main,2026-01-15 11:16:00,386.76,88.32,6.598995,480.23,379.54,104.62,49.86,89.6,87.38,7.336705333333329,480.44,384.36,107.38,44.74,94.63,90.4,6.10081266666667,479.96,396.37,109.71,52.81,93.98,87.18,6.359402,480.28,321.7,147.42,278.2
2026-01-15 11:17:59,XPQ-01 Main,2026-01-15 11:17:00,453.24,86.29,6.85232833333333,479.98,448.75,123.63,60.83,106.95,86.92,7.67003866666667,480.24,458.36,127.99,61.91,111.29,87.39,6.56747933333333,479.76,452.61,125.2,66.41,105.24,84.57,6.32606866666667,479.96,376.83,189.15,323.48
2026-01-15 11:18:59,XPQ-01 Main,2026-01-15 11:18:00,396.07,89.22,6.86566166666667,479.3,391.3,107.65,48.66,94.29,88.88,7.43670533333333,479.61,395.62,110.34,45.65,98.36,90.72,6.60081266666667,479.07,401.28,110.83,51.88,96.33,88.06,6.559402,479.22,328.82,146.19,288.98
2026-01-15 11:19:59,XPQ-01 Main,2026-01-15 11:19:00,395.92,88.56,6.76566166666667,479.66,388.19,106.91,49.84,94.02,88.35,7.43670533333333,480.07,396.91,110.76,47.33,99.3,90.27,6.434146,479.27,402.66,111.28,54.35,96.23,87.07,6.42606866666667,479.64,328.94,151.52,289.54
2026-01-15 11:20:59,XPQ-01 Main,2026-01-15 11:20:00,426.85,85.73,7.408995,479.23,421.67,116.0,60.13,98.17,85.27,7.97003866666667,479.61,425.3,118.59,56.99,102.75,87.45,7.20081266666667,478.95,433.59,119.72,63.63,100.39,84.46,7.059402,479.13,354.32,180.76,301.31
2026-01-15 11:21:59,XPQ-01 Main,2026-01-15 11:21:00,377.28,89.6,6.698995,479.26,372.07,102.35,46.7,90.43,88.85,7.403372,479.64,373.31,104.12,42.09,94.48,91.35,6.36747933333333,479.03,386.47,106.72,49.14,93.98,88.62,6.32606866666667,479.12,313.18,137.93,278.89
2026-01-15 11:22:59,XPQ-01 Main,2026-01-15 11:22:00,404.36,88.44,6.718995,478.98,396.09,108.88,51.05,94.82,88.05,7.43670533333333,479.2,405.31,112.96,47.79,100.49,90.31,6.26747933333333,478.83,411.68,113.65,55.54,97.83,86.96,6.459402,478.92,335.49,154.38,293.14
2026-01-15 11:23:59,XPQ-01 Main,2026-01-15 11:23:00,384.78,88.6,6.54232833333333,482.01,379.05,104.85,50.06,90.9,87.59,7.17003866666667,482.25,380.53,106.73,44.63,95.44,90.58,6.36747933333333,481.84,394.76,109.67,52.36,95.22,87.63,6.09273533333333,481.94,321.24,147.06,281.56
2026-01-15 11:24:59,XPQ-01 Main,2026-01-15 11:24:00,446.0,85.16,6.908995,481.75,442.29,122.31,64.07,102.87,84.88,7.47003866666667,482.05,444.61,124.61,61.52,106.8,86.65,6.634146,481.47,451.1,125.23,67.39,104.14,83.96,6.62606866666667,481.72,372.15,192.98,313.81
2026-01-15 11:25:59,XPQ-01 Main,2026-01-15 11:25:00,401.33,86.1,6.62232833333333,482.77,396.51,109.85,55.97,93.3,85.75,7.27003866666667,482.87,401.3,112.69,53.35,97.37,87.7,6.30081266666667,482.62,406.18,113.05,59.23,94.98,84.85,6.29273533333333,482.83,335.6,168.56,285.66
2026-01-15 11:26:59,XPQ-01 Main,2026-01-15 11:26:00,384.39,85.63,7.04232833333333,482.39,378.95,104.88,54.85,87.5,84.73,7.57003866666667,482.41,381.09,106.95,50.42,92.23,87.74,6.634146,482.36,393.13,109.35,57.8,91.07,84.43,6.92606866666667,482.4,321.17,163.08,270.8
2026-01-15 11:27:59,XPQ-01 Main,2026-01-15 11:27:00,465.35,83.85,6.57566166666667,481.84,464.76,128.6,70.02,107.39,83.77,7.17003866666667,482.19,463.57,129.92,68.23,110.0,84.98,6.40081266666667,481.39,467.7,129.85,72.54,107.12,82.8,6.159402,481.93,388.37,210.8,324.51
2026-01-15 11:28:59,XPQ-01 Main,2026-01-15 11:28:00,438.72,85.89,6.67566166666667,481.31,432.47,119.42,60.1,101.6,86.07,7.103372,481.59,442.96,124.1,59.37,106.87,87.42,6.534146,481.3,440.74,122.25,65.37,101.99,84.19,6.39273533333333,481.04,365.77,184.84,310.45
2026-01-15 11:29:59,XPQ-01 Main,2026-01-15 11:29:00,413.02,87.77,6.46566166666667,481.3,406.94,112.38,53.22,96.81,87.63,7.17003866666667,481.6,415.27,116.33,51.05,101.98,89.42,6.034146,481.21,416.83,115.61,57.73,98.49,86.27,6.19273533333333,481.08,344.32,162.0,297.28
2026-01-15 11:30:59,XPQ-01 Main,2026-01-15 11:30:00,444.02,84.82,6.998995,481.3,438.59,121.18,63.35,102.34,85.03,7.63670533333333,481.77,447.55,125.35,62.73,107.4,86.35,6.60081266666667,480.99,445.93,123.64,68.58,102.33,83.07,6.759402,481.13,370.17,194.66,312.06
2026-01-15 11:31:59,XPQ-01 Main,2026-01-15 11:31:00,384.33,82.36,7.01232833333333,480.76,375.01,103.48,58.56,84.49,82.19,7.67003866666667,480.97,387.2,108.29,57.08,90.81,84.67,6.46747933333333,480.53,390.78,108.28,64.18,86.22,80.22,6.89273533333333,480.79,320.06,179.82,261.52
2026-01-15 11:32:59,XPQ-01 Main,2026-01-15 11:32:00,380.02,83.69,7.35232833333333,480.87,373.4,103.05,55.62,85.13,83.72,7.97003866666667,481.33,383.03,107.22,54.6,90.34,85.58,6.90081266666667,480.69,383.62,106.27,60.5,85.94,81.77,7.19273533333333,480.59,316.53,170.72,261.41
2026-01-15 11:33:59,XPQ-01 Main,2026-01-15 11:33:00,406.76,85.49,6.898995,480.16,401.36,110.63,57.38,92.79,85.05,7.57003866666667,480.36,406.4,113.5,54.44,97.52,87.31,6.60081266666667,479.84,412.51,114.16,61.0,94.85,84.11,6.52606866666667,480.26,338.29,172.82,285.16
2026-01-15 11:34:59,XPQ-01 Main,2026-01-15 11:34:00,440.61,83.72,6.86566166666667,479.47,433.73,119.32,66.81,97.71,82.55,7.47003866666667,479.74,435.36,121.5,61.2,103.8,86.14,6.60081266666667,479.41,452.75,125.1,70.29,102.54,82.48,6.52606866666667,479.25,365.91,198.31,304.04
2026-01-15 11:35:59,XPQ-01 Main,2026-01-15 11:35:00,399.39,84.61,6.688995,479.22,393.71,108.25,59.3,89.65,83.41,7.303372,479.45,394.43,110.0,53.95,94.73,86.89,6.40081266666667,479.16,410.05,113.25,61.85,93.98,83.53,6.359402,479.03,331.51,175.11,278.37
2026-01-15 11:36:59,XPQ-01 Main,2026-01-15 11:36:00,436.92,83.69,6.86566166666667,478.47,433.78,119.11,65.77,98.77,83.24,7.503372,478.81,434.07,120.87,62.79,102.2,85.2,6.46747933333333,478.33,442.91,122.11,68.23,100.06,82.62,6.62606866666667,478.27,362.09,196.79,301.02
2026-01-15 11:37:59,XPQ-01 Main,2026-01-15 11:37:00,407.63,82.83,6.92232833333333,478.22,407.99,111.98,63.7,91.48,82.06,7.53670533333333,478.44,402.06,111.86,59.92,93.68,84.24,6.36747933333333,478.03,412.84,113.79,64.5,93.0,82.17,6.859402,478.18,337.63,188.13,278.17
2026-01-15 11:38:59,XPQ-01 Main,2026-01-15 11:38:00,408.18,84.77,6.55232833333333,478.89,402.84,110.74,59.02,92.54,84.31,7.003372,479.24,406.41,113.24,56.08,96.87,86.54,6.30081266666667,478.6,415.29,114.59,62.3,94.43,83.47,6.359402,478.82,338.57,177.4,283.84
2026-01-15 11:39:59,XPQ-01 Main,2026-01-15 11:39:00,377.07,82.38,7.33232833333333,479.06,371.14,102.06,57.99,82.55,81.83,7.803372,479.58,376.99,105.12,55.31,86.86,84.35,6.86747933333333,478.8,383.07,105.7,61.17,84.37,80.96,7.32606866666667,478.8,312.88,174.46,253.78
2026-01-15 11:40:59,XPQ-01 Main,2026-01-15 11:40:00,409.39,81.95,7.45232833333333,479.07,407.76,112.15,64.81,90.12,81.19,8.003372,479.42,404.39,112.71,61.17,93.13,83.59,6.96747933333333,478.74,416.04,114.84,66.41,92.0,81.08,7.39273533333333,479.05,339.7,192.38,275.26
2026-01-15 11:41:59,XPQ-01 Main,2026-01-15 11:41:00,419.29,81.33,7.24566166666667,479.63,420.14,115.63,67.93,93.03,80.76,7.67003866666667,479.81,414.23,115.61,64.78,94.7,82.54,6.834146,479.56,423.5,117.08,68.64,93.75,80.69,7.22606866666667,479.52,348.31,201.34,281.48
2026-01-15 11:42:59,XPQ-01 Main,2026-01-15 11:42:00,412.24,83.64,7.26566166666667,478.72,407.87,112.08,61.92,92.73,83.17,7.83670533333333,479.0,410.35,114.28,59.08,97.14,85.44,6.96747933333333,478.44,418.5,115.46,65.24,94.59,82.32,6.99273533333333,478.72,341.82,186.24,284.46
2026-01-15 11:43:59,XPQ-01 Main,2026-01-15 11:43:00,402.92,83.33,6.97566166666667,479.54,395.92,108.92,60.69,89.41,82.74,7.53670533333333,479.87,403.09,112.53,57.62,94.28,85.33,6.634146,479.55,409.75,113.22,64.26,91.77,81.91,6.759402,479.19,334.67,182.56,275.46
2026-01-15 11:44:59,XPQ-01 Main,2026-01-15 11:44:00,410.88,83.36,7.498995,480.02,403.1,111.02,62.1,91.11,82.63,8.03670533333333,480.16,409.69,114.43,58.43,96.6,85.56,6.96747933333333,479.95,419.86,116.18,65.98,94.13,81.89,7.49273533333333,479.94,341.63,186.5,281.84
2026-01-15 11:45:59,XPQ-01 Main,2026-01-15 11:45:00,404.11,81.31,6.888995,480.0,406.36,111.93,66.33,89.32,80.29,7.403372,480.39,395.79,110.59,61.78,90.85,82.69,6.70081266666667,479.9,410.18,113.43,66.19,91.24,80.94,6.559402,479.7,335.95,194.29,271.41
2026-01-15 11:46:59,XPQ-01 Main,2026-01-15 11:46:00,402.58,82.35,7.08566166666667,480.82,399.07,110.13,63.11,89.48,81.72,7.47003866666667,480.95,400.37,111.97,59.91,93.05,84.08,6.80081266666667,480.61,408.31,113.17,65.43,91.22,81.26,6.99273533333333,480.92,335.28,188.45,273.75
2026-01-15 11:47:59,XPQ-01 Main,2026-01-15 11:47:00,401.46,82.88,6.978995,480.58,397.75,109.7,62.27,89.63,82.13,7.43670533333333,480.59,398.03,111.25,58.56,93.18,84.67,6.80081266666667,480.42,408.61,113.23,64.47,91.81,81.83,6.69273533333333,480.74,334.18,185.3,274.62
2026-01-15 11:48:59,XPQ-01 Main,2026-01-15 11:48:00,404.57,82.87,6.84566166666667,480.64,397.13,109.6,62.6,88.85,81.75,7.37003866666667,481.09,400.39,111.97,57.74,94.29,85.28,6.46747933333333,480.24,416.19,115.24,65.88,92.97,81.59,6.69273533333333,480.59,336.8,186.21,276.1
2026-01-15 11:49:59,XPQ-01 Main,2026-01-15 11:49:00,403.48,83.63,7.198995,480.16,396.19,109.17,60.63,89.65,82.83,7.67003866666667,480.32,403.6,112.74,56.71,94.23,85.68,6.76747933333333,480.02,410.64,113.66,63.67,92.5,82.37,7.159402,480.15,335.57,181.01,276.38
2026-01-15 11:50:59,XPQ-01 Main,2026-01-15 11:50:00,402.22,83.04,7.008995,480.21,395.04,108.93,61.78,88.72,82.07,7.63670533333333,480.61,399.97,111.73,57.46,93.99,85.32,6.76747933333333,479.78,411.64,113.89,65.03,92.28,81.74,6.62606866666667,480.23,334.55,184.27,275.0
2026-01-15 11:51:59,XPQ-01 Main,2026-01-15 11:51:00,406.85,82.57,6.918995,479.78,401.23,110.53,62.59,89.63,81.99,7.23670533333333,480.23,406.66,113.52,59.55,94.08,84.5,6.66747933333333,479.38,412.68,114.06,65.85,91.69,81.22,6.859402,479.73,338.11,187.99,275.4
2026-01-15 11:52:59,XPQ-01 Main,2026-01-15 11:52:00,412.64,81.68,6.92232833333333,479.77,407.76,112.31,65.62,90.28,80.89,7.503372,479.96,409.75,114.34,61.97,94.8,83.7,6.70081266666667,479.47,420.42,116.26,68.58,92.87,80.44,6.559402,479.9,342.91,196.17,277.95
2026-01-15 11:53:59,XPQ-01 Main,2026-01-15 11:53:00,411.66,82.91,7.14566166666667,480.36,408.79,112.73,63.62,92.04,82.26,7.53670533333333,480.78,407.98,114.03,60.19,95.9,84.7,6.76747933333333,480.03,418.21,115.73,66.22,94.03,81.76,7.12606866666667,480.26,342.5,190.04,281.97
2026-01-15 11:54:59,XPQ-01 Main,2026-01-15 11:54:00,403.82,84.2,7.04566166666667,480.41,394.96,108.95,59.12,90.26,83.65,7.503372,480.83,404.48,113.04,56.02,96.22,86.42,6.86747933333333,479.97,412.03,114.04,63.72,93.1,82.52,6.759402,480.43,336.03,178.85,279.58
2026-01-15 11:55:59,XPQ-01 Main,2026-01-15 11:55:00,394.43,84.03,7.108995,481.49,390.6,107.95,59.29,89.23,83.29,7.73670533333333,481.65,391.56,109.66,55.54,93.08,85.87,6.734146,481.24,401.12,111.33,61.74,91.61,82.92,6.859402,481.59,328.94,176.57,273.92
2026-01-15 11:56:59,XPQ-01 Main,2026-01-15 11:56:00,443.44,82.21,6.908995,480.39,436.29,120.3,68.86,97.91,81.8,7.47003866666667,480.64,443.56,123.97,66.18,103.36,84.21,6.50081266666667,480.15,450.46,124.71,73.31,99.91,80.62,6.759402,480.37,368.98,208.35,301.17
2026-01-15 11:57:59,XPQ-01 Main,2026-01-15 11:57:00,423.37,84.5,6.998995,481.14,414.1,114.35,61.95,95.28,83.84,7.43670533333333,481.32,422.34,118.21,58.16,101.93,86.85,6.66747933333333,480.94,433.67,120.27,66.97,98.98,82.82,6.89273533333333,481.15,352.83,187.09,296.19
2026-01-15 11:58:59,XPQ-01 Main,2026-01-15 11:58:00,418.9,84.95,6.83232833333333,481.59,411.29,113.66,60.9,95.12,84.22,7.43670533333333,481.79,416.97,116.84,56.88,100.98,87.13,6.50081266666667,481.47,428.44,118.93,65.05,98.69,83.49,6.559402,481.52,349.43,182.83,294.8
2026-01-15 11:59:59,XPQ-01 Main,2026-01-15 11:59:00,377.79,82.16,7.23232833333333,481.31,375.08,103.64,60.42,83.1,80.88,7.87003866666667,481.57,371.4,103.98,55.37,86.37,84.18,7.00081266666667,480.98,386.88,107.31,61.61,86.41,81.42,6.82606866666667,481.39,314.94,177.41,255.87
2026-01-15 12:00:59,XPQ-01 Main,2026-01-15 12:00:00,346.99,84.54,7.33232833333333,481.25,341.2,94.26,50.81,78.55,83.96,8.03670533333333,481.58,345.36,96.69,47.95,83.09,86.61,6.634146,480.94,354.41,98.28,54.23,80.87,83.06,7.32606866666667,481.24,289.24,152.99,242.51
2026-01-15 12:01:59,XPQ-01 Main,2026-01-15 12:01:00,366.31,84.51,7.55232833333333,481.83,360.33,99.63,54.04,82.82,83.75,8.37003866666667,481.99,363.94,102.03,50.5,87.6,86.64,7.034146,481.7,374.65,104.05,57.24,85.69,83.15,7.259402,481.81,305.71,161.79,256.11
2026-01-15 12:02:59,XPQ-01 Main,2026-01-15 12:02:00,328.02,86.53,7.55566166666667,482.89,318.53,88.31,46.63,74.06,84.62,8.303372,483.08,321.66,90.34,39.63,80.23,89.66,7.234146,482.53,343.86,95.71,49.53,80.94,85.3,7.12606866666667,483.06,274.35,135.79,235.23
2026-01-15 12:03:59,XPQ-01 Main,2026-01-15 12:03:00,367.11,84.64,7.54566166666667,482.84,359.17,99.57,53.14,83.43,84.34,8.37003866666667,482.94,369.01,103.6,51.0,88.21,86.57,7.00081266666667,482.49,373.15,103.86,57.23,85.16,83.0,7.259402,483.07,307.03,161.37,256.81
2026-01-15 12:04:59,XPQ-01 Main,2026-01-15 12:04:00,367.97,83.84,7.26566166666667,482.97,352.63,97.8,52.42,81.72,84.17,8.13670533333333,483.34,376.25,105.7,52.35,90.71,86.61,6.76747933333333,482.53,375.03,104.36,61.19,83.74,80.74,6.89273533333333,483.04,307.86,165.96,256.17
2026-01-15 12:05:59,XPQ-01 Main,2026-01-15 12:05:00,372.0,86.91,7.36566166666667,482.68,368.21,102.0,51.57,86.38,85.86,8.17003866666667,482.82,368.14,103.37,46.55,89.86,88.79,6.70081266666667,482.48,379.64,105.63,53.18,89.92,86.07,7.22606866666667,482.73,311.0,151.29,266.16
2026-01-15 12:06:59,XPQ-01 Main,2026-01-15 12:06:00,368.58,87.3,7.68566166666667,482.28,356.22,98.64,48.53,85.23,86.9,8.33670533333333,482.66,371.15,104.13,45.46,92.86,89.82,7.40081266666667,481.87,378.37,105.14,54.73,89.05,85.19,7.32606866666667,482.3,307.91,148.72,267.14
2026-01-15 12:07:59,XPQ-01 Main,2026-01-15 12:07:00,395.1,86.46,7.43232833333333,482.15,382.35,105.91,52.13,91.07,86.79,8.17003866666667,482.52,402.21,112.75,51.65,99.3,88.72,6.90081266666667,481.49,400.74,111.33,60.26,92.82,83.87,7.22606866666667,482.44,329.99,164.04,283.19
2026-01-15 12:08:59,XPQ-01 Main,2026-01-15 12:08:00,395.51,86.69,7.818995,482.03,384.56,106.48,52.77,91.57,86.64,8.43670533333333,482.48,400.0,112.13,50.94,98.55,88.83,7.46747933333333,481.42,401.98,111.63,59.19,93.84,84.58,7.559402,482.2,330.24,162.9,283.96
2026-01-15 12:09:59,XPQ-01 Main,2026-01-15 12:09:00,428.66,85.75,7.498995,481.86,425.27,117.71,60.08,100.49,85.83,8.23670533333334,482.04,429.64,120.34,58.8,104.14,87.08,6.96747933333333,481.28,431.08,119.73,63.96,100.41,84.34,7.29273533333333,482.25,357.78,182.85,305.03
2026-01-15 12:10:59,XPQ-01 Main,2026-01-15 12:10:00,444.69,82.71,7.188995,480.6,438.79,121.13,67.92,99.75,82.66,7.73670533333333,481.08,446.2,124.73,66.43,104.59,84.41,6.834146,480.07,449.07,124.32,72.46,100.29,81.06,6.99273533333333,480.66,370.19,206.81,304.63
2026-01-15 12:11:59,XPQ-01 Main,2026-01-15 12:11:00,393.54,83.97,7.088995,480.34,387.22,106.86,58.01,88.46,83.62,7.67003866666667,480.73,394.15,110.08,55.57,93.3,85.92,6.800812666666671,479.68,399.24,110.49,62.08,90.21,82.38,6.79273533333333,480.62,327.43,175.65,271.97
2026-01-15 12:12:59,XPQ-01 Main,2026-01-15 12:12:00,391.66,84.98,7.04232833333333,480.46,387.4,106.92,57.06,88.74,84.11,7.57003866666667,480.91,388.74,108.63,52.75,92.86,86.95,6.534146,479.85,398.83,110.39,59.53,91.74,83.89,7.02606866666667,480.61,325.93,169.34,273.34
2026-01-15 12:13:59,XPQ-01 Main,2026-01-15 12:13:00,398.61,87.2,6.988995,479.76,394.48,108.7,53.45,93.46,86.81,7.37003866666667,480.25,397.51,110.93,50.42,97.47,88.82,6.634146,479.2,403.84,111.61,56.63,95.26,85.96,6.959402,479.83,331.24,160.5,286.19
2026-01-15 12:14:59,XPQ-01 Main,2026-01-15 12:14:00,375.44,86.3,7.11232833333333,479.59,373.22,102.8,52.37,87.24,85.74,7.403372,479.97,371.69,103.67,48.99,90.35,87.91,7.10081266666667,479.06,381.41,105.4,54.56,89.02,85.26,6.82606866666667,479.75,311.87,155.92,266.61
2026-01-15 12:15:59,XPQ-01 Main,2026-01-15 12:15:00,418.82,82.89,7.308995,479.93,418.27,115.29,65.4,94.06,82.1,7.87003866666667,480.31,414.17,115.61,61.27,95.94,84.28,7.06747933333333,479.42,424.01,117.24,66.01,95.6,82.29,6.99273533333333,480.05,348.14,192.68,285.6
2026-01-15 12:16:59,XPQ-01 Main,2026-01-15 12:16:00,386.7,84.55,7.18566166666667,480.63,383.88,105.95,57.6,87.65,83.57,7.903372,481.05,382.06,106.82,53.02,90.6,86.31,6.86747933333333,480.17,394.18,109.15,58.86,90.28,83.77,6.79273533333333,480.68,321.92,169.49,268.54
2026-01-15 12:17:59,XPQ-01 Main,2026-01-15 12:17:00,403.63,84.46,7.13232833333333,481.19,400.49,110.65,60.4,91.52,83.46,7.67003866666667,481.47,399.44,111.79,55.53,93.8,86.05,6.76747933333333,480.77,410.97,113.96,61.07,94.08,83.87,6.959402,481.31,336.4,177.0,279.39
2026-01-15 12:18:59,XPQ-01 Main,2026-01-15 12:18:00,383.28,85.04,7.278995,481.14,381.45,105.37,55.79,87.71,84.38,7.803372,481.46,380.42,106.48,52.2,90.46,86.61,6.96747933333333,480.79,387.98,107.57,57.47,89.44,84.13,7.059402,481.18,319.41,165.45,267.62
2026-01-15 12:19:59,XPQ-01 Main,2026-01-15 12:19:00,397.46,84.57,7.208995,480.74,395.65,109.21,58.89,90.98,83.95,7.803372,481.12,393.73,110.11,55.42,93.66,86.06,6.90081266666667,480.33,403.0,111.63,60.5,92.5,83.69,6.92606866666667,480.77,330.95,174.81,277.14
2026-01-15 12:20:59,XPQ-01 Main,2026-01-15 12:20:00,443.9,84.73,7.06566166666667,480.5,443.48,122.34,65.76,102.15,84.08,7.67003866666667,480.8,439.11,122.74,61.74,104.22,86.04,6.86747933333333,480.16,449.12,124.36,66.69,103.6,84.08,6.659402,480.55,369.43,194.19,309.97
2026-01-15 12:21:59,XPQ-01 Main,2026-01-15 12:21:00,434.78,83.84,6.96566166666667,480.48,433.93,119.69,66.09,99.16,83.21,7.37003866666667,480.68,430.04,120.18,62.39,101.83,85.27,6.834146,480.17,440.37,121.95,67.6,100.71,83.03,6.69273533333333,480.57,361.82,196.07,301.69
2026-01-15 12:22:59,XPQ-01 Main,2026-01-15 12:22:00,423.34,83.89,6.92232833333333,481.02,424.87,117.33,65.49,96.77,82.82,7.37003866666667,481.27,414.46,115.96,60.18,98.33,85.29,6.66747933333333,480.69,430.68,119.39,65.24,99.24,83.56,6.72606866666667,481.11,352.69,190.92,294.34
2026-01-15 12:23:59,XPQ-01 Main,2026-01-15 12:23:00,416.03,83.47,7.34566166666667,481.52,414.58,114.67,62.9,94.74,83.31,7.87003866666667,481.92,414.78,116.15,61.04,97.85,84.84,7.06747933333333,480.95,418.73,116.16,65.63,94.92,82.25,7.09273533333333,481.69,346.98,189.57,287.5
2026-01-15 12:24:59,XPQ-01 Main,2026-01-15 12:24:00,398.62,84.3,7.14566166666667,482.33,394.08,109.13,59.07,90.46,83.73,7.503372,482.72,397.33,111.49,55.84,94.43,86.08,6.90081266666667,481.96,404.46,112.4,61.87,92.35,83.08,7.02606866666667,482.31,333.03,176.78,277.24
2026-01-15 12:25:59,XPQ-01 Main,2026-01-15 12:25:00,387.73,86.64,7.11232833333333,482.56,379.95,105.26,53.74,89.32,85.69,7.53670533333333,482.87,384.84,108.03,48.77,95.11,88.98,6.90081266666667,482.23,398.41,110.79,57.42,93.67,85.26,6.89273533333333,482.59,324.08,159.93,278.09
2026-01-15 12:26:59,XPQ-01 Main,2026-01-15 12:26:00,433.35,84.22,7.078995,481.92,434.18,120.11,65.25,99.87,83.71,7.603372,482.36,429.16,120.36,61.94,101.65,85.4,6.76747933333333,481.65,436.69,121.24,66.17,100.59,83.54,6.859402,481.75,361.71,193.36,302.11
2026-01-15 12:27:59,XPQ-01 Main,2026-01-15 12:27:00,416.22,83.45,7.198995,484.08,415.74,115.6,63.42,95.53,83.31,7.73670533333333,484.65,413.67,116.5,61.6,98.18,84.71,6.934146,483.52,419.25,116.89,65.75,95.39,82.34,6.92606866666667,484.07,348.98,190.77,289.1
2026-01-15 12:28:59,XPQ-01 Main,2026-01-15 12:28:00,401.94,83.55,7.23232833333333,481.91,405.57,112.21,63.59,91.62,82.15,7.83670533333333,482.29,390.7,109.55,57.38,92.27,84.92,6.90081266666667,481.58,409.54,113.71,62.06,94.47,83.58,6.959402,481.85,335.46,183.03,278.37
2026-01-15 12:29:59,XPQ-01 Main,2026-01-15 12:29:00,394.4,83.24,7.22232833333333,482.35,399.3,110.55,62.86,90.05,82.0,7.87003866666667,482.59,383.74,107.69,57.27,89.79,84.31,6.80081266666667,482.13,400.15,111.24,60.84,92.0,83.41,6.99273533333333,482.31,329.47,180.97,271.84
2026-01-15 12:30:59,XPQ-01 Main,2026-01-15 12:30:00,394.01,84.23,7.33232833333333,482.37,395.24,109.47,59.91,90.7,83.44,7.83670533333333,482.84,387.22,108.67,55.86,92.35,85.56,7.10081266666667,481.94,399.58,111.03,60.34,92.19,83.67,7.059402,482.33,329.18,176.11,275.24
2026-01-15 12:31:59,XPQ-01 Main,2026-01-15 12:31:00,386.29,84.99,6.918995,483.69,379.42,105.36,54.8,88.32,84.97,7.503372,484.29,389.54,109.67,53.45,93.75,86.87,6.46747933333333,483.34,389.92,108.61,59.79,89.4,83.12,6.79273533333333,483.42,323.65,168.05,271.48
2026-01-15 12:32:59,XPQ-01 Main,2026-01-15 12:32:00,383.27,84.36,7.198995,483.59,378.01,104.94,56.7,87.01,83.78,7.87003866666667,483.96,381.28,107.28,53.54,91.91,86.41,6.80081266666667,483.3,390.53,108.82,60.36,89.42,82.89,6.92606866666667,483.52,321.04,170.59,268.34
2026-01-15 12:33:59,XPQ-01 Main,2026-01-15 12:33:00,397.57,83.77,7.26566166666667,484.77,394.9,109.94,61.33,90.56,82.8,7.77003866666667,485.19,391.9,110.5,56.74,94.12,85.64,6.734146,484.26,405.92,113.37,63.07,93.41,82.88,7.29273533333333,484.85,333.81,181.14,278.09
2026-01-15 12:34:59,XPQ-01 Main,2026-01-15 12:34:00,345.91,83.81,7.15232833333333,481.7,341.06,94.37,51.17,77.09,83.32,7.836705333333329,482.38,343.98,96.41,48.58,81.87,86.0,6.60081266666667,481.07,352.69,97.82,54.94,79.1,82.13,7.02606866666667,481.65,288.6,154.69,238.05
2026-01-15 12:35:59,XPQ-01 Main,2026-01-15 12:35:00,419.58,82.9,7.288995,480.4,416.29,114.86,64.49,93.84,82.41,7.93670533333333,480.73,418.11,116.81,61.57,97.37,84.52,6.834146,479.88,424.33,117.46,67.05,95.19,81.75,7.09273533333333,480.59,349.13,193.11,286.4
2026-01-15 12:36:59,XPQ-01 Main,2026-01-15 12:36:00,394.91,84.22,6.97566166666667,480.28,387.37,106.84,57.54,89.41,84.09,7.83670533333333,480.59,397.04,110.9,55.95,94.89,86.14,6.434146,479.81,400.32,110.8,62.36,90.73,82.41,6.659402,480.45,328.54,175.84,275.03
2026-01-15 12:37:59,XPQ-01 Main,2026-01-15 12:37:00,421.8,81.18,6.998995,479.65,417.21,114.9,66.96,91.86,80.81,7.73670533333333,480.0,422.17,117.79,64.64,96.05,82.96,6.76747933333333,479.25,426.02,117.74,70.35,93.03,79.77,6.49273533333333,479.7,350.43,201.95,280.94
2026-01-15 12:38:59,XPQ-01 Main,2026-01-15 12:38:00,413.69,82.13,6.92232833333333,479.49,409.36,112.71,64.41,91.31,81.72,7.63670533333333,480.06,412.77,115.18,61.86,95.38,83.9,6.46747933333333,479.08,418.93,115.69,67.58,92.62,80.78,6.659402,479.34,343.58,193.85,279.32
2026-01-15 12:39:59,XPQ-01 Main,2026-01-15 12:39:00,409.42,80.25,6.998995,479.3,410.71,113.04,68.83,88.74,79.02,7.503372,479.56,400.68,111.69,63.62,90.46,81.8,6.634146,478.88,416.86,115.15,68.53,91.19,79.95,6.859402,479.46,339.87,200.98,270.4
2026-01-15 12:40:59,XPQ-01 Main,2026-01-15 12:40:00,529.4,77.53,7.098995,478.66,533.4,146.59,94.58,111.43,76.45,7.63670533333333,479.0,520.35,144.89,89.98,113.12,78.84,7.06747933333333,478.32,534.46,147.41,94.51,112.63,77.32,6.59273533333333,478.67,438.89,279.07,337.18
2026-01-15 12:41:59,XPQ-01 Main,2026-01-15 12:41:00,513.27,79.49,7.04232833333333,479.2,508.8,139.91,85.76,109.91,78.84,7.53670533333333,479.57,509.97,142.24,82.19,115.25,81.42,6.834146,479.12,521.03,143.86,89.38,112.14,78.2,6.759402,478.92,426.01,257.32,337.31
2026-01-15 12:42:59,XPQ-01 Main,2026-01-15 12:42:00,567.0,79.93,7.17566166666667,478.06,566.44,155.37,94.34,122.82,79.3,7.83670533333333,478.29,561.28,156.16,90.19,126.66,81.46,6.90081266666667,478.03,573.27,157.95,96.59,124.54,79.02,6.79273533333333,477.87,469.48,281.12,374.02
2026-01-15 12:43:59,XPQ-01 Main,2026-01-15 12:43:00,557.2,80.29,7.188995,478.03,557.74,153.03,92.23,121.27,79.59,7.87003866666667,478.4,551.51,153.42,87.64,123.96,81.65,6.66747933333333,477.82,562.35,154.89,93.28,122.8,79.63,7.02606866666667,477.88,461.34,273.16,368.03
2026-01-15 12:44:59,XPQ-01 Main,2026-01-15 12:44:00,518.78,81.84,7.11232833333333,478.34,519.61,142.59,84.11,114.42,80.57,7.67003866666667,478.41,507.05,141.13,77.27,117.16,83.48,6.834146,478.34,529.67,146.08,84.21,118.26,81.46,6.82606866666667,478.28,429.79,245.6,349.84
2026-01-15 12:45:59,XPQ-01 Main,2026-01-15 12:45:00,506.81,83.31,7.108995,476.6,503.62,137.75,78.59,112.58,82.0,7.53670533333333,476.75,497.02,137.8,71.53,116.68,85.26,6.96747933333333,476.43,519.79,142.8,79.82,117.32,82.68,6.82606866666667,476.63,418.35,229.94,346.59
2026-01-15 12:46:59,XPQ-01 Main,2026-01-15 12:46:00,511.91,82.16,7.22232833333333,479.03,509.17,140.01,81.23,113.29,81.27,7.703372,479.26,505.17,140.76,76.02,117.68,84.0,6.96747933333333,478.74,521.39,143.96,83.64,116.44,81.22,6.99273533333333,479.11,424.73,240.89,347.41
2026-01-15 12:47:59,XPQ-01 Main,2026-01-15 12:47:00,458.98,84.27,10.408995,480.91,453.9,125.32,69.0,103.69,83.25,11.1700386666667,481.29,453.53,126.9,63.6,108.63,86.3,9.80081266666667,480.58,469.51,130.1,71.61,107.64,83.26,10.259402,480.87,382.31,204.2,319.96
2026-01-15 12:48:59,XPQ-01 Main,2026-01-15 12:48:00,470.36,83.17,10.9323283333333,480.86,469.44,129.58,73.44,105.75,82.13,11.6700386666667,481.19,462.81,129.48,67.91,108.91,84.86,10.2674793333333,480.6,478.83,132.68,74.52,108.82,82.51,10.859402,480.79,391.74,215.87,323.48
2026-01-15 12:49:59,XPQ-01 Main,2026-01-15 12:49:00,445.36,83.85,10.2423283333333,481.42,442.73,122.34,68.5,100.73,82.69,10.9367053333333,481.72,438.25,122.75,62.7,104.42,85.73,9.634146,481.18,455.08,126.25,69.83,104.39,83.12,10.159402,481.37,371.35,201.03,309.54
2026-01-15 12:50:59,XPQ-01 Main,2026-01-15 12:50:00,471.66,81.94,10.9423283333333,481.66,473.89,131.03,76.64,105.68,80.95,11.4700386666667,481.99,462.67,129.65,71.25,107.19,83.28,10.5674793333333,481.38,478.43,132.79,76.36,107.78,81.6,10.7927353333333,481.62,393.47,224.25,320.65
2026-01-15 12:51:59,XPQ-01 Main,2026-01-15 12:51:00,482.55,81.37,10.498995,481.39,482.28,133.25,79.02,106.52,80.32,11.4367053333333,481.8,474.12,132.84,73.57,109.81,83.08,9.76747933333333,481.2,491.26,136.25,80.11,109.53,80.71,10.2927353333333,481.17,402.33,232.7,325.86
2026-01-15 12:52:59,XPQ-01 Main,2026-01-15 12:52:00,453.29,82.04,10.6123283333333,481.78,452.81,125.25,73.34,99.94,80.62,11.3367053333333,482.15,444.47,124.58,66.7,102.41,83.8,9.934146,481.42,462.58,128.41,73.17,103.65,81.69,10.559402,481.77,378.24,213.22,306.01
2026-01-15 12:53:59,XPQ-01 Main,2026-01-15 12:53:00,442.94,84.61,9.64566166666667,481.35,439.26,121.33,66.54,100.29,83.33,10.3367053333333,481.65,435.77,122.08,60.12,104.74,86.73,9.06747933333333,481.23,453.8,125.88,68.35,104.91,83.79,9.52606866666667,481.18,369.29,195.02,309.93
2026-01-15 12:54:59,XPQ-01 Main,2026-01-15 12:54:00,449.64,84.3,10.1423283333333,480.57,446.25,123.16,67.71,101.66,83.23,10.7700386666667,480.91,443.05,123.83,62.13,105.44,86.16,9.66747933333333,480.09,459.61,127.28,69.31,105.26,83.52,9.99273533333333,480.73,374.26,199.15,312.35
2026-01-15 12:55:59,XPQ-01 Main,2026-01-15 12:55:00,481.51,83.2,10.1223283333333,480.41,479.71,132.27,75.5,107.78,81.9,10.8700386666667,480.35,472.74,132.05,68.73,111.15,85.05,9.80081266666667,480.21,492.08,136.33,76.35,112.06,82.64,9.69273533333333,480.67,400.65,220.58,330.99
2026-01-15 12:56:59,XPQ-01 Main,2026-01-15 12:56:00,476.49,83.2,10.1456616666667,479.75,474.34,130.6,74.45,106.35,81.92,10.8700386666667,479.99,467.48,130.49,67.88,110.05,85.11,9.80081266666667,479.58,487.66,134.84,75.66,110.69,82.56,9.759402,479.67,395.93,217.99,327.09
2026-01-15 12:57:59,XPQ-01 Main,2026-01-15 12:57:00,476.64,84.08,10.0223283333333,479.46,472.44,130.02,71.87,107.1,83.04,10.703372,479.89,471.17,131.47,66.2,111.55,86.0,9.36747933333333,479.18,486.29,134.32,74.06,111.04,83.19,9.99273533333333,479.3,395.81,212.13,329.7
2026-01-15 12:58:59,XPQ-01 Main,2026-01-15 12:58:00,445.48,84.31,9.798995,480.32,442.87,122.13,68.48,99.71,82.43,10.5700386666667,480.57,433.51,121.1,59.82,103.43,86.57,9.40081266666667,479.92,460.06,127.36,68.6,105.95,83.94,9.42606866666667,480.47,370.59,196.9,309.1
2026-01-15 12:59:59,XPQ-01 Main,2026-01-15 12:59:00,463.77,82.79,10.2656616666667,480.18,463.4,127.71,73.8,102.41,81.13,10.7367053333333,480.29,452.8,126.46,65.93,105.37,84.77,9.96747933333333,479.96,475.11,131.52,73.69,107.51,82.48,10.0927353333333,480.31,385.7,213.42,315.28
2026-01-15 13:00:59,XPQ-01 Main,2026-01-15 13:00:00,510.94,82.33,10.308995,479.52,510.29,140.47,81.76,113.54,81.15,11.0700386666667,479.79,500.1,139.51,75.24,116.83,84.07,9.90081266666667,479.24,522.41,144.36,82.74,117.47,81.76,9.959402,479.53,424.34,239.74,347.84
2026-01-15 13:01:59,XPQ-01 Main,2026-01-15 13:01:00,442.31,82.09,9.998995,479.5,438.98,120.85,70.13,96.4,80.86,10.703372,479.72,436.82,121.82,64.51,100.66,84.19,9.434146,479.15,451.12,124.68,72.11,100.34,81.21,9.859402,479.64,367.34,206.75,297.4
2026-01-15 13:02:59,XPQ-01 Main,2026-01-15 13:02:00,405.67,81.66,10.488995,479.31,404.58,111.33,66.37,87.61,79.71,11.103372,479.64,395.44,110.26,58.84,90.69,83.89,9.96747933333333,478.95,417.0,115.17,66.25,92.74,81.37,10.3927353333333,479.34,336.77,191.46,271.04
2026-01-15 13:03:59,XPQ-01 Main,2026-01-15 13:03:00,352.61,82.69,10.188995,479.39,347.57,95.68,56.73,75.23,79.84,11.1700386666667,479.86,339.19,94.6,47.57,80.07,85.97,9.26747933333333,478.9,371.06,102.48,57.32,82.94,82.26,10.1260686666667,479.43,292.76,161.63,238.24
2026-01-15 13:04:59,XPQ-01 Main,2026-01-15 13:04:00,424.76,79.03,10.5656616666667,478.52,421.6,115.86,71.51,90.09,78.32,11.4700386666667,478.88,421.96,117.43,68.24,93.97,80.92,9.70081266666667,478.04,430.73,118.76,73.97,91.76,77.85,10.5260686666667,478.64,352.06,213.72,275.82
2026-01-15 13:05:59,XPQ-01 Main,2026-01-15 13:05:00,383.5,81.82,10.0423283333333,478.61,375.6,103.2,60.8,82.43,80.47,10.8367053333333,478.98,379.41,105.65,55.81,88.37,84.55,9.534146,478.28,395.5,109.06,64.18,86.91,80.44,9.759402,478.56,317.92,180.8,257.7
2026-01-15 13:06:59,XPQ-01 Main,2026-01-15 13:06:00,397.13,79.79,9.798995,478.11,399.28,109.63,67.97,85.14,78.15,10.3367053333333,478.52,386.02,107.35,61.64,86.85,81.55,9.30081266666667,477.59,406.09,111.86,67.06,88.45,79.69,9.759402,478.22,328.84,196.68,260.44
2026-01-15 13:07:59,XPQ-01 Main,2026-01-15 13:07:00,397.33,79.65,10.7656616666667,480.01,393.96,108.58,66.31,83.35,78.26,11.603372,480.42,392.21,109.52,61.18,87.91,82.08,9.76747933333333,479.6,405.82,112.23,68.48,87.13,78.62,10.9260686666667,480.02,330.34,195.97,258.38
2026-01-15 13:08:59,XPQ-01 Main,2026-01-15 13:08:00,387.85,80.57,10.298995,478.88,383.56,105.45,64.25,81.66,78.59,11.103372,479.39,379.85,105.86,57.39,86.53,83.34,9.60081266666667,478.53,400.14,110.38,65.85,87.13,79.78,10.1927353333333,478.73,321.69,187.49,255.32
2026-01-15 13:09:59,XPQ-01 Main,2026-01-15 13:09:00,356.32,81.25,10.3323283333333,479.84,351.58,96.85,58.77,75.94,79.08,10.7367053333333,480.26,347.71,97.08,51.82,80.71,84.15,10.0674793333333,479.49,369.68,102.2,60.08,81.55,80.51,10.1927353333333,479.76,296.13,170.66,238.2
2026-01-15 13:10:59,XPQ-01 Main,2026-01-15 13:10:00,353.53,85.15,11.3323283333333,480.17,346.82,95.65,52.25,78.91,83.38,11.7700386666667,480.7,346.27,96.72,45.62,84.18,87.92,11.134146,479.6,367.52,101.65,54.34,84.63,84.15,11.0927353333333,480.22,294.02,152.21,247.72
2026-01-15 13:11:59,XPQ-01 Main,2026-01-15 13:11:00,383.0,83.28,10.308995,479.31,375.66,103.4,59.15,83.86,81.72,10.9367053333333,479.69,377.01,105.1,53.15,89.65,86.02,9.80081266666667,478.85,396.34,109.46,61.97,89.15,82.11,10.1927353333333,479.4,317.96,174.28,262.66
2026-01-15 13:12:59,XPQ-01 Main,2026-01-15 13:12:00,428.26,79.04,10.378995,477.75,432.87,118.74,73.66,92.15,78.11,10.903372,478.07,419.54,116.59,69.19,92.92,80.21,10.0674793333333,477.35,432.37,119.03,72.91,93.34,78.81,10.159402,477.83,354.36,215.76,278.4
2026-01-15 13:13:59,XPQ-01 Main,2026-01-15 13:13:00,432.73,79.87,10.8656616666667,480.22,434.92,119.92,73.31,92.63,78.41,11.5367053333333,480.64,423.65,118.37,67.09,94.5,81.54,10.4674793333333,479.83,439.61,121.63,72.72,95.82,79.66,10.5927353333333,480.19,359.91,213.12,282.95
2026-01-15 13:14:59,XPQ-01 Main,2026-01-15 13:14:00,421.27,82.47,9.61232833333333,479.93,418.18,115.23,66.75,91.32,80.73,10.3700386666667,480.07,413.48,115.39,59.53,95.25,84.8,9.06747933333333,479.56,432.15,119.56,67.72,96.59,81.88,9.39273533333333,480.17,350.18,194.0,283.16
2026-01-15 13:15:59,XPQ-01 Main,2026-01-15 13:15:00,432.32,81.93,9.74232833333333,480.33,429.45,118.46,69.94,93.35,80.03,10.4700386666667,480.65,422.78,118.1,62.03,96.89,84.22,9.50081266666667,479.84,444.71,123.09,70.16,98.83,81.54,9.259402,480.49,359.65,202.13,289.08
2026-01-15 13:16:59,XPQ-01 Main,2026-01-15 13:16:00,424.08,81.19,9.26566166666667,480.27,424.27,117.01,70.38,90.8,79.03,10.0367053333333,480.74,412.1,115.15,61.9,93.71,83.44,8.86747933333333,479.83,435.87,120.59,69.57,96.47,81.11,8.89273533333333,480.25,352.75,201.86,280.98
2026-01-15 13:17:59,XPQ-01 Main,2026-01-15 13:17:00,403.91,82.66,9.488995,480.98,403.01,111.31,64.01,88.8,81.12,10.203372,481.38,396.42,110.91,57.62,91.45,84.6,9.00081266666667,480.52,412.3,114.26,64.1,92.7,82.25,9.259402,481.04,336.48,185.73,272.95
2026-01-15 13:18:59,XPQ-01 Main,2026-01-15 13:18:00,367.49,84.08,9.78566166666667,481.15,364.54,100.72,57.19,81.02,81.7,10.4700386666667,481.61,354.8,99.31,48.55,84.64,86.74,9.40081266666667,480.66,383.12,106.19,57.03,87.58,83.8,9.49273533333333,481.17,306.23,162.77,253.23
2026-01-15 13:19:59,XPQ-01 Main,2026-01-15 13:19:00,395.25,83.43,9.608995,480.97,390.86,107.92,60.94,87.53,82.07,9.87003866666667,481.29,389.53,109.0,55.27,91.89,85.7,9.534146,480.68,405.36,112.35,62.76,91.69,82.52,9.42606866666667,480.96,329.27,178.96,271.11
2026-01-15 13:20:59,XPQ-01 Main,2026-01-15 13:20:00,421.08,81.34,9.388995,480.76,422.4,116.62,68.3,91.09,80.01,10.1367053333333,481.24,413.64,115.69,62.59,93.51,83.1,9.16747933333333,480.29,427.19,118.31,68.45,94.23,80.91,8.859402,480.76,350.62,199.34,278.83
2026-01-15 13:21:59,XPQ-01 Main,2026-01-15 13:21:00,430.43,80.13,9.688995,481.49,434.3,120.07,73.56,93.45,78.58,10.3700386666667,481.85,419.12,117.4,66.82,94.6,81.68,9.40081266666667,481.1,437.86,121.47,72.17,96.69,80.14,9.29273533333333,481.53,358.93,212.55,284.74
2026-01-15 13:22:59,XPQ-01 Main,2026-01-15 13:22:00,383.14,83.28,9.62232833333333,481.99,380.05,105.2,61.0,84.01,80.92,10.5700386666667,482.33,371.3,104.08,52.26,88.08,86.0,9.16747933333333,481.47,398.08,110.56,61.14,90.71,82.92,9.12606866666667,482.19,319.84,174.4,262.81
2026-01-15 13:23:59,XPQ-01 Main,2026-01-15 13:23:00,456.85,80.63,10.9556616666667,481.61,463.11,128.09,77.76,101.27,79.31,11.3700386666667,481.89,443.81,124.29,71.28,101.22,81.76,10.6008126666667,481.11,463.63,128.68,75.5,103.55,80.8,10.8927353333333,481.83,381.06,224.54,306.03
2026-01-15 13:24:59,XPQ-01 Main,2026-01-15 13:24:00,438.7,76.45,11.388995,482.56,448.25,124.22,81.52,92.94,75.18,12.0367053333333,482.95,425.04,119.3,75.6,91.82,77.2,11.0674793333333,482.1,442.81,123.11,78.26,94.32,76.96,11.059402,482.63,366.63,235.38,279.08
2026-01-15 13:25:59,XPQ-01 Main,2026-01-15 13:25:00,373.87,80.6,11.4656616666667,481.94,375.77,103.99,62.55,81.84,79.45,12.0700386666667,482.6,366.46,102.79,57.94,83.47,82.15,11.2674793333333,481.48,379.4,105.29,62.4,83.77,80.19,11.059402,481.73,312.07,182.89,249.08
2026-01-15 13:26:59,XPQ-01 Main,2026-01-15 13:26:00,322.37,87.7,9.97566166666667,483.02,321.0,89.1,43.55,76.14,86.8,10.6700386666667,483.76,317.49,89.2,39.52,77.56,89.1,9.634146,482.21,328.62,91.39,43.79,77.98,87.19,9.62606866666667,483.08,269.69,126.87,231.67
2026-01-15 13:27:59,XPQ-01 Main,2026-01-15 13:27:00,340.46,86.12,9.808995,482.96,339.14,94.06,49.7,78.22,84.4,10.4367053333333,483.45,331.5,93.15,43.1,80.88,88.25,9.36747933333333,482.46,350.74,97.57,49.74,82.71,85.7,9.62606866666667,482.96,284.78,142.55,241.81
2026-01-15 13:28:59,XPQ-01 Main,2026-01-15 13:28:00,323.79,91.57,10.318995,484.09,321.29,89.33,35.7,80.33,91.38,11.103372,484.64,323.13,91.0,33.54,82.78,92.68,9.934146,483.53,326.96,91.17,37.83,81.16,90.64,9.92606866666667,484.09,271.49,107.07,244.27
2026-01-15 13:29:59,XPQ-01 Main,2026-01-15 13:29:00,374.02,86.46,9.64232833333333,481.55,372.38,102.98,52.77,86.77,85.44,10.4367053333333,481.96,368.36,103.18,47.87,88.86,88.04,9.034146,481.07,381.33,105.79,53.24,89.39,85.92,9.459402,481.62,311.95,153.88,265.02
2026-01-15 13:30:59,XPQ-01 Main,2026-01-15 13:30:00,370.37,87.73,9.13232833333333,482.86,366.86,101.73,49.01,87.43,87.23,10.1367053333333,483.2,368.69,103.54,45.76,90.87,89.32,8.234146,482.4,375.54,104.49,51.53,89.39,86.64,9.02606866666667,482.99,309.76,146.3,267.68
2026-01-15 13:31:59,XPQ-01 Main,2026-01-15 13:31:00,343.61,86.38,8.24566166666667,482.85,337.01,93.45,47.74,78.8,85.53,8.93670533333333,483.2,342.91,96.3,43.73,83.23,88.53,7.834146,482.34,350.9,97.63,50.62,81.99,85.09,7.959402,483.01,287.38,142.08,244.02
2026-01-15 13:32:59,XPQ-01 Main,2026-01-15 13:32:00,405.6,85.0,8.088995,482.79,401.01,111.19,58.36,93.64,84.87,8.903372,483.36,406.51,114.19,56.48,97.67,86.57,7.634146,482.28,409.29,113.81,61.99,94.3,83.56,7.72606866666667,482.74,339.19,176.83,285.62
2026-01-15 13:33:59,XPQ-01 Main,2026-01-15 13:33:00,389.1,85.71,7.43232833333333,482.53,389.05,107.83,55.39,90.27,85.23,8.13670533333333,482.98,386.82,108.56,52.33,92.82,87.11,7.26747933333333,481.97,391.43,108.81,57.16,91.39,84.78,6.89273533333333,482.65,325.2,164.88,274.48
2026-01-15 13:34:59,XPQ-01 Main,2026-01-15 13:34:00,375.12,85.76,8.718995,482.13,374.88,103.83,53.83,87.14,85.08,9.23670533333333,482.68,371.21,104.1,50.13,88.93,87.11,8.234146,481.47,379.28,105.32,54.62,88.47,85.09,8.69273533333333,482.22,313.25,158.57,264.54
2026-01-15 13:35:59,XPQ-01 Main,2026-01-15 13:35:00,373.43,86.62,8.42232833333333,481.04,369.05,101.98,50.92,86.97,86.3,8.803372,481.46,373.78,104.56,48.36,90.6,88.22,8.134146,480.4,377.47,104.61,53.93,88.28,85.34,8.32606866666667,481.25,311.15,153.21,265.86
2026-01-15 13:36:59,XPQ-01 Main,2026-01-15 13:36:00,366.58,85.67,7.808995,482.89,362.56,100.57,51.71,84.87,85.4,8.53670533333333,483.4,366.39,102.91,49.48,88.54,87.3,7.334146,482.26,370.8,103.14,54.8,85.92,84.31,7.559402,483.0,306.62,155.98,259.34
2026-01-15 13:37:59,XPQ-01 Main,2026-01-15 13:37:00,372.46,84.03,8.63232833333333,482.28,364.71,101.03,55.17,83.25,83.35,9.37003866666667,482.74,374.58,105.07,51.8,87.42,86.03,8.034146,481.69,378.08,105.04,58.08,85.49,82.72,8.49273533333333,482.4,311.14,165.06,256.16
2026-01-15 13:38:59,XPQ-01 Main,2026-01-15 13:38:00,362.83,84.11,8.86566166666667,482.66,358.74,99.45,54.09,81.56,83.34,9.63670533333333,483.08,361.49,101.48,50.48,85.41,86.09,8.10081266666667,482.11,368.26,102.4,56.6,83.93,82.91,8.859402,482.8,303.33,161.18,250.91
2026-01-15 13:39:59,XPQ-01 Main,2026-01-15 13:39:00,348.74,85.23,9.288995,483.27,346.84,96.26,51.04,79.82,84.25,9.803372,483.76,344.57,96.87,46.79,82.47,86.98,8.834146,482.75,354.82,98.78,52.15,82.25,84.45,9.22606866666667,483.3,291.91,149.98,244.53
2026-01-15 13:40:59,XPQ-01 Main,2026-01-15 13:40:00,355.95,84.34,11.0656616666667,483.27,353.54,98.11,53.84,79.98,82.95,11.603372,483.67,350.96,98.67,48.44,83.4,86.47,10.5674793333333,482.82,363.35,101.17,55.01,83.74,83.58,11.0260686666667,483.3,297.94,157.29,247.12
2026-01-15 13:41:59,XPQ-01 Main,2026-01-15 13:41:00,343.67,83.25,10.8556616666667,482.96,338.39,93.84,52.33,76.17,82.42,11.3367053333333,483.28,343.27,96.43,48.94,80.21,85.37,10.534146,482.52,349.35,97.22,54.96,78.64,81.96,10.6927353333333,483.06,287.49,156.23,235.02
2026-01-15 13:42:59,XPQ-01 Main,2026-01-15 13:42:00,316.39,84.71,10.888995,482.72,315.67,87.48,47.2,72.03,83.64,11.5367053333333,483.04,311.16,87.38,43.17,73.6,86.26,10.3674793333333,482.4,322.33,89.66,47.38,74.05,84.24,10.759402,482.73,264.52,137.74,219.68
2026-01-15 13:43:59,XPQ-01 Main,2026-01-15 13:43:00,312.84,85.17,10.7656616666667,482.37,307.95,85.31,45.38,69.96,83.9,11.4367053333333,482.7,308.95,86.67,40.82,74.02,87.57,10.234146,481.87,321.62,89.4,47.49,73.64,84.04,10.6260686666667,482.54,261.38,133.69,217.62
2026-01-15 13:44:59,XPQ-01 Main,2026-01-15 13:44:00,353.26,83.76,10.4223283333333,482.55,350.07,96.99,52.69,78.47,83.02,11.0367053333333,482.85,350.15,98.28,49.39,82.63,85.84,10.0008126666667,482.14,359.57,99.99,55.56,80.89,82.43,10.2260686666667,482.66,295.26,157.63,241.99
2026-01-15 13:45:59,XPQ-01 Main,2026-01-15 13:45:00,340.88,85.73,10.0423283333333,482.72,334.15,92.57,48.68,76.19,84.27,10.4700386666667,483.0,337.57,94.82,43.15,80.47,88.13,9.60081266666667,482.53,350.91,97.62,50.45,80.69,84.79,10.059402,482.63,285.01,142.28,237.35
2026-01-15 13:46:59,XPQ-01 Main,2026-01-15 13:46:00,331.07,87.07,10.5656616666667,482.88,328.54,91.1,45.35,77.25,86.24,11.2367053333333,483.35,327.55,92.02,41.57,79.88,88.71,10.1008126666667,482.44,337.11,93.77,46.63,79.53,86.27,10.359402,482.87,276.89,133.55,236.66
2026-01-15 13:47:59,XPQ-01 Main,2026-01-15 13:47:00,308.01,87.7,10.5223283333333,484.25,305.71,84.95,41.79,72.22,86.56,11.003372,484.51,304.09,85.69,37.27,74.22,89.36,10.2674793333333,484.1,314.23,87.69,42.12,74.92,87.17,10.2927353333333,484.15,258.34,121.18,221.36
2026-01-15 13:48:59,XPQ-01 Main,2026-01-15 13:48:00,353.24,88.92,9.03232833333333,483.72,351.8,97.73,45.54,84.79,88.1,9.47003866666667,484.24,348.34,98.03,41.2,86.59,90.3,8.46747933333333,483.2,359.6,100.19,46.05,86.95,88.37,9.159402,483.72,295.95,132.79,258.33
2026-01-15 13:49:59,XPQ-01 Main,2026-01-15 13:49:00,377.42,81.59,9.098995,483.17,372.02,103.17,59.82,82.35,80.91,9.703372,483.63,377.7,106.22,56.75,86.24,83.54,8.634146,482.95,382.53,106.47,62.48,84.27,80.33,8.959402,482.92,315.86,179.05,252.86
2026-01-15 13:50:59,XPQ-01 Main,2026-01-15 13:50:00,372.29,80.79,8.16566166666667,482.72,369.79,102.49,60.74,81.72,80.26,8.503372,483.02,369.74,103.82,58.14,84.26,82.31,7.76747933333333,482.36,377.33,104.96,62.46,82.68,79.79,8.22606866666667,482.76,311.27,181.33,248.66
2026-01-15 13:51:59,XPQ-01 Main,2026-01-15 13:51:00,352.03,86.21,9.21232833333333,483.34,347.79,96.49,48.64,81.05,85.75,9.803372,483.54,351.62,98.86,45.9,84.53,87.88,9.00081266666667,483.05,356.67,99.36,51.25,82.68,85.0,8.82606866666667,483.44,294.71,145.79,248.27
2026-01-15 13:52:59,XPQ-01 Main,2026-01-15 13:52:00,278.84,91.64,9.188995,483.79,281.07,78.07,32.57,68.89,90.41,9.73670533333333,484.17,270.38,76.1,27.59,68.8,92.82,8.634146,483.39,285.05,79.46,30.96,71.11,91.69,9.19273533333333,483.79,233.63,91.11,208.8
2026-01-15 13:53:59,XPQ-01 Main,2026-01-15 13:53:00,355.48,84.43,9.35566166666667,483.71,355.95,98.91,53.72,81.85,83.6,10.103372,484.09,350.8,98.66,49.89,82.39,85.54,8.86747933333333,483.07,359.7,100.25,53.28,82.95,84.14,9.09273533333333,483.97,297.82,156.89,247.19
2026-01-15 13:54:59,XPQ-01 Main,2026-01-15 13:54:00,323.92,87.06,9.62232833333333,482.31,324.95,89.97,46.21,76.15,85.49,10.4367053333333,482.48,313.33,87.9,40.21,76.47,88.51,9.06747933333333,482.01,333.46,92.7,44.52,79.25,87.18,9.359402,482.44,270.57,130.94,231.86
2026-01-15 13:55:59,XPQ-01 Main,2026-01-15 13:55:00,323.23,85.51,10.0656616666667,482.77,320.01,88.68,47.17,73.71,84.23,10.5700386666667,483.14,317.65,89.23,42.29,77.2,87.7,9.46747933333333,482.47,332.03,92.35,48.7,77.29,84.61,10.159402,482.69,270.27,138.16,228.2
2026-01-15 13:56:59,XPQ-01 Main,2026-01-15 13:56:00,332.7,86.94,9.288995,482.76,322.41,89.35,45.13,75.84,85.93,9.93670533333333,483.23,331.43,93.12,40.61,82.64,89.75,8.50081266666667,482.46,344.27,95.74,49.73,80.71,85.13,9.42606866666667,482.6,278.21,135.47,239.19
2026-01-15 13:57:59,XPQ-01 Main,2026-01-15 13:57:00,329.47,87.87,9.53232833333333,482.94,327.34,90.78,44.13,77.28,86.84,10.203372,483.13,325.96,91.53,39.59,79.79,89.58,9.034146,482.46,335.1,93.28,45.02,80.16,87.19,9.359402,483.23,275.59,128.75,237.22
2026-01-15 13:58:59,XPQ-01 Main,2026-01-15 13:58:00,336.53,85.96,9.408995,483.23,333.87,92.66,47.92,77.94,85.19,10.203372,483.68,332.98,93.6,44.37,80.57,87.6,8.70081266666667,482.7,342.76,95.41,49.34,79.95,85.1,9.32606866666667,483.31,281.67,141.63,238.46
2026-01-15 13:59:59,XPQ-01 Main,2026-01-15 13:59:00,318.46,87.8,10.588995,483.91,310.1,86.16,40.55,73.7,87.61,11.2367053333333,484.19,320.53,90.21,38.5,79.26,89.95,9.80081266666667,483.5,324.76,90.57,45.37,75.95,85.85,10.7260686666667,484.06,266.94,124.42,228.92
2026-01-15 14:00:59,XPQ-01 Main,2026-01-15 14:00:00,337.61,86.24,9.27566166666667,483.16,336.22,93.27,48.16,78.84,85.34,9.97003866666667,483.64,332.92,93.6,44.18,80.9,87.77,8.76747933333333,482.8,343.68,95.65,48.81,80.88,85.62,9.09273533333333,483.04,282.52,141.14,240.63
2026-01-15 14:01:59,XPQ-01 Main,2026-01-15 14:01:00,354.67,87.58,9.618995,483.52,344.03,95.52,46.06,82.21,87.24,10.403372,484.09,356.62,100.34,43.35,89.26,89.95,9.06747933333333,483.06,363.38,101.19,51.8,85.55,85.54,9.39273533333333,483.41,297.05,141.21,257.03
2026-01-15 14:02:59,XPQ-01 Main,2026-01-15 14:02:00,337.41,86.28,9.23232833333333,484.71,332.04,92.43,47.48,78.53,85.57,9.87003866666667,485.09,335.11,94.48,44.02,82.78,88.29,8.66747933333333,484.21,345.08,96.37,50.39,81.22,84.97,9.159402,484.82,283.27,141.89,242.52
2026-01-15 14:03:59,XPQ-01 Main,2026-01-15 14:03:00,329.22,87.81,8.84232833333333,482.63,325.6,90.24,42.81,77.88,87.63,9.47003866666667,482.96,329.33,92.44,40.94,81.43,89.34,8.334146,482.15,332.73,92.53,45.88,78.97,86.47,8.72606866666667,482.78,275.22,129.63,238.28
2026-01-15 14:04:59,XPQ-01 Main,2026-01-15 14:04:00,383.29,84.56,8.898995,481.67,381.1,105.37,57.08,87.51,83.76,9.37003866666667,482.0,378.07,105.96,53.11,90.42,86.22,8.334146,481.38,390.7,108.44,58.62,89.68,83.7,8.99273533333333,481.63,319.77,168.81,267.6
2026-01-15 14:05:59,XPQ-01 Main,2026-01-15 14:05:00,368.3,84.73,9.278995,481.69,366.79,101.44,54.76,83.67,83.67,9.77003866666667,481.87,363.1,101.71,50.1,86.22,86.46,8.90081266666667,481.3,375.01,104.12,55.71,86.44,84.06,9.159402,481.91,307.28,160.57,256.33
2026-01-15 14:06:59,XPQ-01 Main,2026-01-15 14:06:00,336.13,83.4,9.81232833333333,481.63,339.9,94.0,53.78,75.95,81.61,10.4700386666667,481.82,323.93,90.73,47.45,76.46,84.97,9.46747933333333,481.24,344.57,95.65,51.98,79.23,83.61,9.49273533333333,481.83,280.38,153.2,231.64
2026-01-15 14:07:59,XPQ-01 Main,2026-01-15 14:07:00,350.74,85.8,9.35566166666667,481.28,345.14,95.41,50.24,80.03,84.69,10.0700386666667,481.7,346.25,96.92,45.47,84.04,87.96,8.80081266666667,480.69,360.84,100.05,52.42,83.69,84.75,9.19273533333333,481.46,292.38,148.13,247.76
2026-01-15 14:08:59,XPQ-01 Main,2026-01-15 14:08:00,306.06,85.24,10.2323283333333,482.12,303.98,84.14,45.64,69.04,83.42,11.0367053333333,482.3,298.1,83.58,39.63,71.85,87.56,9.56747933333333,481.74,316.1,87.84,45.95,73.36,84.75,10.0927353333333,482.32,255.56,131.21,214.24
2026-01-15 14:09:59,XPQ-01 Main,2026-01-15 14:09:00,378.56,84.21,9.898995,481.88,373.65,103.42,55.89,85.82,83.8,10.5367053333333,482.17,377.73,105.83,53.25,89.89,86.04,9.56747933333333,481.33,384.31,106.72,59.24,87.5,82.81,9.59273533333333,482.14,315.97,168.38,263.21
2026-01-15 14:10:59,XPQ-01 Main,2026-01-15 14:10:00,333.63,85.4,9.67566166666667,481.86,331.26,91.65,48.13,76.23,84.56,10.3367053333333,482.11,330.29,92.56,44.47,79.21,87.2,9.16747933333333,481.44,339.33,94.23,49.87,78.58,84.43,9.52606866666667,482.02,278.45,142.47,234.02
2026-01-15 14:11:59,XPQ-01 Main,2026-01-15 14:11:00,382.79,84.79,10.0856616666667,481.8,377.92,104.56,55.39,87.6,84.52,10.903372,482.1,383.48,107.45,53.19,91.04,86.35,9.50081266666667,481.33,386.96,107.43,58.37,88.59,83.5,9.859402,481.95,319.45,166.95,267.24
2026-01-15 14:12:59,XPQ-01 Main,2026-01-15 14:12:00,298.08,88.77,9.688995,481.76,292.35,80.88,39.08,68.74,86.93,10.3700386666667,482.19,291.56,81.71,32.42,72.43,91.27,9.26747933333333,481.29,310.32,86.13,39.88,74.23,88.09,9.42606866666667,481.82,248.72,111.38,215.4
2026-01-15 14:13:59,XPQ-01 Main,2026-01-15 14:13:00,323.32,88.7,9.698995,482.04,316.34,87.54,41.53,74.22,87.27,10.2367053333333,482.28,321.25,90.08,35.64,77.9,90.93,9.26747933333333,481.73,332.37,92.34,42.78,78.84,87.89,9.59273533333333,482.12,269.96,119.95,230.96
2026-01-15 14:14:59,XPQ-01 Main,2026-01-15 14:14:00,338.04,87.45,10.0423283333333,481.69,333.93,92.33,45.06,78.07,86.61,10.6700386666667,481.93,338.56,94.87,41.1,80.54,89.07,9.60081266666667,481.41,341.64,94.84,46.27,80.35,86.66,9.859402,481.73,282.05,132.43,238.96
2026-01-15 14:15:59,XPQ-01 Main,2026-01-15 14:15:00,366.23,82.94,10.3556616666667,479.85,368.95,101.65,57.21,82.56,82.19,11.1700386666667,480.21,360.42,100.61,53.61,83.39,84.12,9.90081266666667,479.45,369.31,102.1,57.12,83.46,82.52,9.99273533333333,479.88,304.37,167.95,249.42
2026-01-15 14:16:59,XPQ-01 Main,2026-01-15 14:16:00,369.88,85.0,9.878995,479.99,368.31,101.54,53.66,85.56,84.72,10.6700386666667,480.22,367.93,102.68,51.42,87.67,86.26,9.334146,479.46,373.41,103.29,55.49,86.01,84.03,9.62606866666667,480.27,307.51,160.56,259.24
2026-01-15 14:17:59,XPQ-01 Main,2026-01-15 14:17:00,381.0,86.06,9.73232833333333,480.11,381.91,105.34,54.66,89.09,85.24,10.1700386666667,480.63,374.2,104.49,50.36,90.62,87.41,9.26747933333333,479.43,386.88,106.99,55.04,90.83,85.52,9.759402,480.27,316.82,160.06,270.54
2026-01-15 14:18:59,XPQ-01 Main,2026-01-15 14:18:00,363.73,86.43,9.45566166666667,480.33,363.14,100.2,51.58,84.68,85.4,10.2367053333333,480.77,357.38,99.83,46.73,87.06,88.11,9.034146,479.69,370.68,102.57,52.39,87.46,85.78,9.09273533333333,480.53,302.6,150.7,259.19
2026-01-15 14:19:59,XPQ-01 Main,2026-01-15 14:19:00,283.64,90.53,9.82232833333333,480.71,277.16,76.51,34.32,66.51,88.87,10.5700386666667,481.19,278.47,77.88,27.82,70.38,93.0,9.134146,480.19,295.29,81.77,35.4,71.98,89.74,9.759402,480.74,236.16,97.54,208.88
2026-01-15 14:20:59,XPQ-01 Main,2026-01-15 14:20:00,345.06,86.03,9.03232833333333,479.68,346.43,95.44,49.37,79.65,85.0,9.703372,480.02,338.19,94.34,44.85,80.79,87.43,8.76747933333333,479.15,350.56,96.89,49.16,81.68,85.68,8.62606866666667,479.86,286.67,143.38,242.11
2026-01-15 14:21:59,XPQ-01 Main,2026-01-15 14:21:00,310.71,88.47,9.288995,480.67,308.38,85.15,40.67,72.12,87.1,9.903372,481.11,303.79,84.92,35.19,75.15,90.56,8.86747933333333,480.0,319.95,88.6,41.63,76.16,87.75,9.09273533333333,480.91,258.67,117.49,223.42
2026-01-15 14:22:59,XPQ-01 Main,2026-01-15 14:22:00,258.47,90.46,9.63232833333333,480.73,252.78,69.8,32.45,60.01,87.96,10.3367053333333,481.19,250.25,69.97,24.4,63.08,93.27,9.16747933333333,480.09,272.37,75.43,31.92,66.5,90.15,9.39273533333333,480.9,215.2,88.77,189.59
2026-01-15 14:23:59,XPQ-01 Main,2026-01-15 14:23:00,300.99,90.15,9.45566166666667,480.79,292.34,80.72,36.28,70.55,88.93,10.2367053333333,481.29,297.96,83.35,30.79,75.68,92.63,9.10081266666667,480.29,312.66,86.59,38.99,75.69,88.9,9.02606866666667,480.78,250.65,106.07,221.92
2026-01-15 14:24:59,XPQ-01 Main,2026-01-15 14:24:00,294.8,90.04,9.46566166666667,482.06,289.43,80.12,35.65,68.22,88.63,10.2367053333333,482.51,291.86,81.85,29.91,71.93,92.34,9.10081266666667,481.57,303.1,84.18,37.04,72.98,89.17,9.059402,482.1,246.14,102.6,213.13
2026-01-15 14:25:59,XPQ-01 Main,2026-01-15 14:25:00,323.7,84.7,10.6423283333333,481.94,320.82,88.8,47.63,72.8,83.68,11.1700386666667,482.36,320.03,89.71,43.66,75.69,86.62,10.4674793333333,481.39,330.25,91.69,49.07,75.33,83.79,10.2927353333333,482.06,270.2,140.37,223.82
2026-01-15 14:26:59,XPQ-01 Main,2026-01-15 14:26:00,323.3,86.48,10.1756616666667,481.87,317.26,87.79,44.0,73.37,85.76,11.1700386666667,482.25,322.79,90.47,40.67,77.67,88.59,9.734146,481.37,329.84,91.57,46.99,76.11,85.09,9.62606866666667,481.98,269.84,131.65,227.15
2026-01-15 14:27:59,XPQ-01 Main,2026-01-15 14:27:00,329.97,85.68,9.188995,482.33,322.98,89.46,46.2,73.54,84.68,9.93670533333333,482.75,327.94,92.01,42.13,78.33,88.07,8.60081266666667,481.83,339.01,94.2,49.19,77.06,84.29,9.02606866666667,482.4,275.67,137.52,228.93
2026-01-15 14:28:59,XPQ-01 Main,2026-01-15 14:28:00,301.07,87.23,9.588995,482.82,294.74,81.74,40.56,68.41,86.02,10.2700386666667,483.26,297.65,83.58,35.95,72.5,89.59,9.06747933333333,482.21,310.81,86.45,42.67,72.21,86.09,9.42606866666667,482.98,251.77,119.18,213.12
2026-01-15 14:29:59,XPQ-01 Main,2026-01-15 14:29:00,308.45,87.93,9.308995,482.6,303.41,84.08,40.61,70.94,86.78,9.93670533333333,482.93,304.76,85.54,35.88,75.0,90.21,8.634146,482.1,317.18,88.2,42.78,74.78,86.8,9.359402,482.76,257.83,119.27,220.72
2026-01-15 14:30:59,XPQ-01 Main,2026-01-15 14:30:00,331.33,84.82,9.24566166666667,483.49,325.96,90.5,49.44,74.74,83.4,9.93670533333333,483.78,326.02,91.67,44.19,79.17,87.32,8.46747933333333,483.03,342.0,95.29,51.53,79.0,83.75,9.32606866666667,483.65,277.46,145.17,232.9
2026-01-15 14:31:59,XPQ-01 Main,2026-01-15 14:31:00,339.71,83.11,9.578995,483.74,334.47,92.94,52.06,75.16,82.21,10.1367053333333,484.26,338.21,95.16,48.47,79.2,85.29,9.06747933333333,483.12,346.44,96.53,54.58,77.71,81.83,9.52606866666667,483.84,284.63,155.11,232.07
2026-01-15 14:32:59,XPQ-01 Main,2026-01-15 14:32:00,374.72,82.39,9.198995,483.37,367.77,102.1,57.72,82.4,81.91,9.77003866666667,483.81,375.56,105.59,55.21,87.75,84.64,8.80081266666667,482.84,380.83,106.05,62.01,84.48,80.62,9.02606866666667,483.46,313.73,174.94,254.63
2026-01-15 14:33:59,XPQ-01 Main,2026-01-15 14:33:00,392.93,80.94,9.38566166666667,483.92,388.41,107.98,63.89,85.74,80.19,10.103372,484.45,389.48,109.62,60.56,90.53,83.12,8.40081266666667,483.27,400.89,111.74,67.22,88.12,79.51,9.659402,484.02,329.34,191.67,264.4
2026-01-15 14:34:59,XPQ-01 Main,2026-01-15 14:34:00,310.77,86.6,9.37566166666667,485.41,302.99,84.45,41.79,72.02,86.49,10.2367053333333,485.86,313.01,88.4,40.21,76.92,88.62,8.70081266666667,484.97,316.32,88.46,46.17,73.53,84.69,9.19273533333333,485.4,261.3,128.17,222.46
2026-01-15 14:35:59,XPQ-01 Main,2026-01-15 14:35:00,332.1,85.55,9.43232833333333,484.54,326.46,90.85,46.53,75.81,85.23,10.003372,485.03,333.1,93.89,44.36,79.91,87.43,9.16747933333333,483.97,336.73,93.99,49.95,77.31,83.99,9.12606866666667,484.61,278.72,140.84,233.03
2026-01-15 14:36:59,XPQ-01 Main,2026-01-15 14:36:00,385.39,86.89,7.88566166666667,483.86,377.04,104.74,53.04,89.27,85.97,8.47003866666667,484.15,383.42,107.91,48.33,94.25,88.98,7.734146,483.47,395.71,110.34,55.92,93.01,85.7,7.459402,483.95,322.99,157.29,276.53
2026-01-15 14:37:59,XPQ-01 Main,2026-01-15 14:37:00,357.07,84.42,5.098995,483.73,352.24,97.85,53.4,80.48,83.32,5.63670533333333,484.23,353.29,99.43,48.86,84.75,86.63,5.00081266666667,483.24,365.68,101.89,55.71,83.86,83.29,4.659402,483.72,299.17,157.98,249.1
2026-01-15 14:38:59,XPQ-01 Main,2026-01-15 14:38:00,422.43,79.34,9.05232833333333,482.95,419.99,116.44,72.06,90.56,78.25,9.73670533333333,483.28,416.88,117.14,67.43,94.49,81.4,8.76747933333333,482.68,430.41,119.77,74.02,93.44,78.39,8.659402,482.88,353.35,213.51,278.49
2026-01-15 14:39:59,XPQ-01 Main,2026-01-15 14:39:00,437.56,79.99,10.3656616666667,482.87,437.99,121.41,73.7,95.95,79.31,10.8367053333333,483.23,432.19,121.42,70.08,98.25,81.41,10.0008126666667,482.58,442.5,123.11,74.73,97.07,79.24,10.259402,482.79,365.94,218.51,291.27
2026-01-15 14:40:59,XPQ-01 Main,2026-01-15 14:40:00,411.41,80.56,10.488995,482.57,409.79,113.56,67.97,90.45,79.95,10.8367053333333,483.2,407.55,114.45,64.84,93.57,82.2,10.334146,482.13,416.89,115.85,69.93,91.74,79.53,10.2927353333333,482.39,343.87,202.73,275.76
2026-01-15 14:41:59,XPQ-01 Main,2026-01-15 14:41:00,358.46,80.78,8.188995,483.36,356.12,98.83,58.27,77.25,79.84,8.73670533333333,483.69,355.97,100.09,54.6,80.83,82.87,7.86747933333333,482.95,363.28,101.18,60.33,79.48,79.65,7.959402,483.44,300.1,173.19,237.55
2026-01-15 14:42:59,XPQ-01 Main,2026-01-15 14:42:00,414.23,79.95,7.898995,484.86,412.63,114.92,70.52,90.1,78.75,8.53670533333333,485.52,407.29,114.91,65.48,93.31,81.85,7.434146,484.29,422.78,118.04,71.59,93.03,79.25,7.72606866666667,484.77,347.86,207.59,276.43
2026-01-15 14:43:59,XPQ-01 Main,2026-01-15 14:43:00,394.39,83.59,8.83232833333333,484.31,392.84,109.26,61.1,89.6,82.62,9.33670533333333,484.94,388.18,109.4,56.53,92.83,85.41,8.60081266666667,483.77,402.14,112.15,62.59,92.21,82.74,8.559402,484.21,330.82,180.22,274.64
2026-01-15 14:44:59,XPQ-01 Main,2026-01-15 14:44:00,508.21,75.88,6.908995,483.33,504.99,140.16,91.56,102.93,74.72,7.47003866666667,483.99,501.21,140.98,86.44,108.3,78.16,6.70081266666667,482.84,518.43,144.29,94.31,106.15,74.76,6.559402,483.15,425.44,272.3,317.39
2026-01-15 14:45:59,XPQ-01 Main,2026-01-15 14:45:00,410.78,80.53,6.96566166666667,485.1,407.48,113.57,68.26,89.78,79.61,7.503372,485.85,406.11,114.62,64.1,93.62,82.51,6.80081266666667,484.37,418.74,116.95,70.37,92.1,79.46,6.59273533333333,485.08,345.14,202.73,275.5
2026-01-15 14:46:59,XPQ-01 Main,2026-01-15 14:46:00,497.37,76.54,5.85232833333333,484.68,499.8,139.12,90.47,104.68,75.66,6.27003866666667,485.21,490.23,138.23,85.78,106.8,77.96,5.66747933333333,484.17,502.1,140.17,90.69,106.03,75.99,5.62606866666667,484.66,417.53,266.94,317.5
2026-01-15 14:47:59,XPQ-01 Main,2026-01-15 14:47:00,474.66,75.2,5.46566166666667,484.88,475.08,132.33,88.1,97.56,74.22,5.73670533333333,485.52,467.48,131.87,83.51,100.68,76.97,5.40081266666667,484.24,481.41,134.42,89.17,99.36,74.42,5.259402,484.89,398.62,260.78,297.59
2026-01-15 14:48:59,XPQ-01 Main,2026-01-15 14:48:00,492.25,73.2,6.508995,485.06,491.44,136.89,94.3,98.23,72.14,7.103372,485.59,486.34,137.25,89.62,101.92,75.1,6.334146,484.58,498.96,139.41,95.68,100.3,72.35,6.09273533333333,485.01,413.55,279.61,300.45
2026-01-15 14:49:59,XPQ-01 Main,2026-01-15 14:49:00,432.65,79.85,5.588995,482.54,430.83,119.38,73.23,92.63,78.45,6.13670533333333,483.09,425.35,119.43,67.35,96.45,81.99,5.26747933333333,482.06,441.77,122.78,74.5,96.39,79.12,5.359402,482.47,361.59,215.08,285.47
2026-01-15 14:50:59,XPQ-01 Main,2026-01-15 14:50:00,481.74,78.0,7.23232833333333,481.88,480.59,133.01,84.35,101.61,76.94,7.703372,482.45,473.86,132.84,79.3,105.37,79.9,7.034146,481.33,490.78,136.22,85.98,104.24,77.15,6.959402,481.88,402.07,249.63,311.23
2026-01-15 14:51:59,XPQ-01 Main,2026-01-15 14:51:00,497.51,74.76,5.87566166666667,481.23,496.36,137.17,92.8,100.09,73.33,6.37003866666667,481.57,488.7,136.78,86.76,104.49,76.93,5.60081266666667,480.77,507.46,140.71,94.31,103.75,74.0,5.659402,481.36,414.67,273.87,308.33
2026-01-15 14:52:59,XPQ-01 Main,2026-01-15 14:52:00,470.29,77.89,7.16566166666667,481.88,463.67,128.29,81.8,98.16,76.82,7.77003866666667,482.34,465.77,130.58,77.16,104.45,80.43,6.934146,481.45,481.44,133.65,85.86,101.74,76.42,6.79273533333333,481.86,392.53,244.82,304.35
2026-01-15 14:53:59,XPQ-01 Main,2026-01-15 14:53:00,434.3,83.95,7.37566166666667,482.11,427.17,118.25,64.77,98.1,83.45,7.83670533333333,482.46,433.77,121.64,61.55,103.65,85.98,7.26747933333333,481.68,441.98,122.78,69.03,100.51,82.43,7.02606866666667,482.19,362.67,195.35,302.25
2026-01-15 14:54:59,XPQ-01 Main,2026-01-15 14:54:00,436.89,80.57,6.408995,483.8,431.68,119.91,71.68,95.2,79.89,7.003372,484.07,434.07,122.14,68.2,100.29,82.69,6.30081266666667,483.41,444.94,124.05,75.38,97.57,79.14,5.92606866666667,483.91,366.11,215.26,293.06
2026-01-15 14:55:59,XPQ-01 Main,2026-01-15 14:55:00,439.36,81.25,6.81232833333333,483.43,432.8,120.15,71.42,95.33,80.03,7.23670533333333,483.81,433.82,121.99,66.06,101.25,83.75,6.800812666666671,482.96,451.46,125.75,74.79,99.67,79.98,6.39273533333333,483.53,367.89,212.28,296.25
2026-01-15 14:56:59,XPQ-01 Main,2026-01-15 14:56:00,482.33,80.66,6.708995,482.97,475.91,131.93,79.91,103.97,79.29,7.23670533333333,483.39,475.75,133.72,73.57,110.37,83.21,6.46747933333333,482.73,495.34,137.83,83.27,109.07,79.48,6.42606866666667,482.8,403.48,236.75,323.41
2026-01-15 14:57:59,XPQ-01 Main,2026-01-15 14:57:00,431.48,79.34,9.708995,483.35,427.77,118.74,73.59,92.13,78.13,10.303372,483.75,425.1,119.52,68.52,96.54,81.55,9.26747933333333,482.87,441.55,122.96,75.77,95.49,78.33,9.559402,483.44,361.22,217.88,284.15
2026-01-15 14:58:59,XPQ-01 Main,2026-01-15 14:58:00,537.53,81.08,7.018995,482.13,534.47,148.03,86.89,117.68,80.45,7.703372,482.47,534.55,149.84,82.63,121.73,82.74,6.70081266666667,481.49,543.58,151.01,89.45,119.52,80.06,6.659402,482.41,448.88,258.96,358.92
2026-01-15 14:59:59,XPQ-01 Main,2026-01-15 14:59:00,442.86,78.97,5.17566166666667,483.04,440.53,122.2,75.8,94.44,77.98,5.83670533333333,483.37,437.03,122.78,71.31,98.66,81.05,4.86747933333333,482.58,451.04,125.54,78.17,97.01,77.87,4.82606866666667,483.18,370.52,225.28,290.11
2026-01-15 15:00:59,XPQ-01 Main,2026-01-15 15:00:00,481.63,76.52,5.398995,482.15,479.51,132.82,86.95,99.66,75.35,5.703372,482.62,474.28,132.98,81.7,103.87,78.6,5.26747933333333,481.49,491.1,136.4,88.82,102.59,75.6,5.22606866666667,482.34,402.2,257.47,306.12
2026-01-15 15:01:59,XPQ-01 Main,2026-01-15 15:01:00,492.16,76.73,4.55566166666667,481.97,493.73,136.6,89.32,102.36,75.34,5.203372,482.26,481.67,135.06,82.95,105.36,78.57,4.40081266666667,481.7,501.09,139.18,89.55,105.64,76.28,4.059402,481.96,410.84,261.82,313.36
2026-01-15 15:02:59,XPQ-01 Main,2026-01-15 15:02:00,587.84,80.67,4.798995,480.82,589.99,162.81,97.93,129.24,79.7,5.37003866666667,481.07,579.16,162.03,91.62,131.56,82.06,4.70081266666667,480.64,594.35,164.7,97.92,131.62,80.23,4.32606866666667,480.75,489.53,287.47,392.42
2026-01-15 15:03:59,XPQ-01 Main,2026-01-15 15:03:00,620.09,81.04,4.598995,481.2,626.73,173.13,102.81,138.87,80.37,5.23670533333333,481.44,609.58,170.62,97.33,139.09,81.93,4.50081266666667,480.88,623.97,173.05,101.54,139.33,80.82,4.059402,481.26,516.79,301.69,417.29
2026-01-15 15:04:59,XPQ-01 Main,2026-01-15 15:04:00,718.85,79.28,4.318995,479.48,725.67,199.73,122.69,156.69,78.73,4.97003866666667,479.98,708.39,197.68,117.38,157.86,80.25,4.334146,479.18,722.48,199.54,122.24,156.78,78.86,3.659402,479.26,596.96,362.3,471.33
2026-01-15 15:05:59,XPQ-01 Main,2026-01-15 15:05:00,682.02,77.97,4.308995,479.21,688.1,189.27,119.51,146.31,77.45,4.87003866666667,479.59,672.35,187.49,114.68,147.72,78.99,4.334146,478.95,685.6,189.3,119.44,146.31,77.46,3.7260686666666705,479.09,566.06,353.63,440.33
2026-01-15 15:06:59,XPQ-01 Main,2026-01-15 15:06:00,709.0,78.68,4.13232833333333,479.69,712.59,196.15,122.36,152.97,78.09,4.67003866666667,479.93,700.75,195.6,117.06,155.28,79.85,3.96747933333333,479.57,713.67,197.31,122.91,153.64,78.09,3.759402,479.57,589.06,362.33,461.9
2026-01-15 15:07:59,XPQ-01 Main,2026-01-15 15:07:00,801.38,79.52,4.05232833333333,478.33,802.38,220.26,135.31,173.59,78.87,4.503372,478.64,791.67,220.35,129.05,177.56,80.89,4.26747933333333,478.17,810.08,223.31,137.01,175.38,78.8,3.39273533333333,478.19,663.93,401.37,526.54
2026-01-15 15:08:59,XPQ-01 Main,2026-01-15 15:08:00,782.89,77.16,3.9423283333333297,478.49,785.4,215.71,138.06,165.34,76.76,4.47003866666667,478.81,775.24,215.83,133.79,169.02,78.41,3.90081266666667,478.24,788.02,217.28,140.2,165.6,76.32,3.459402,478.41,648.82,412.05,499.96
2026-01-15 15:09:59,XPQ-01 Main,2026-01-15 15:09:00,696.85,78.06,4.298995,479.8,698.29,192.26,121.5,148.57,77.41,4.73670533333333,480.21,688.19,192.2,116.3,152.27,79.47,4.134146,479.67,704.09,194.63,123.27,150.13,77.29,4.02606866666667,479.51,579.09,361.07,450.97
2026-01-15 15:10:59,XPQ-01 Main,2026-01-15 15:10:00,685.13,78.49,4.05232833333333,480.21,685.86,189.1,118.35,146.84,77.86,4.503372,480.69,676.6,189.06,113.21,150.89,79.99,4.034146,479.84,692.91,191.68,120.58,148.47,77.63,3.62606866666667,480.1,569.83,352.14,446.2
2026-01-15 15:11:59,XPQ-01 Main,2026-01-15 15:11:00,708.55,79.5,4.06566166666667,479.37,710.77,195.61,119.44,154.27,79.07,4.53670533333333,479.82,701.77,195.74,115.14,157.36,80.7,4.034146,479.01,713.11,196.94,121.15,154.64,78.72,3.6260686666666704,479.27,588.29,355.74,466.26
2026-01-15 15:12:59,XPQ-01 Main,2026-01-15 15:12:00,838.72,77.11,4.008995,478.27,846.37,232.35,148.0,178.72,77.02,4.57003866666667,478.55,831.64,231.4,144.92,179.9,77.87,3.90081266666667,478.02,838.15,231.02,148.74,176.26,76.43,3.559402,478.24,694.77,441.66,534.88
2026-01-15 15:13:59,XPQ-01 Main,2026-01-15 15:13:00,684.14,77.72,4.04232833333333,479.85,683.34,188.19,119.54,145.01,77.16,4.73670533333333,480.19,677.73,189.25,115.05,149.81,79.31,4.00081266666667,479.64,691.35,191.16,122.52,146.36,76.68,3.39273533333333,479.71,568.6,357.11,441.18
2026-01-15 15:14:59,XPQ-01 Main,2026-01-15 15:14:00,706.22,77.77,4.118995,480.17,706.02,194.62,123.02,150.59,77.44,4.77003866666667,480.54,701.2,195.89,119.6,154.87,79.15,4.00081266666667,479.85,711.44,196.84,126.08,150.76,76.71,3.59273533333333,480.12,587.35,368.7,456.21
2026-01-15 15:15:59,XPQ-01 Main,2026-01-15 15:15:00,695.61,77.76,4.03232833333333,481.0,696.1,192.15,122.04,147.81,77.11,4.503372,481.44,687.7,192.55,116.89,152.18,79.31,4.034146,480.86,703.01,194.81,124.37,149.49,76.87,3.559402,480.71,579.51,363.31,449.48
2026-01-15 15:16:59,XPQ-01 Main,2026-01-15 15:16:00,682.62,77.97,3.998995,480.39,680.66,187.73,118.17,145.39,77.6,4.503372,480.94,678.17,189.59,114.67,150.58,79.56,3.934146,480.01,689.03,190.65,122.04,146.07,76.74,3.559402,480.22,567.98,354.88,442.04
2026-01-15 15:17:59,XPQ-01 Main,2026-01-15 15:17:00,679.95,78.13,4.25566166666667,480.74,679.13,187.41,118.21,144.77,77.46,4.803372,481.08,672.96,188.22,113.09,149.48,79.75,4.234146,480.45,687.77,190.53,120.9,146.7,77.17,3.7260686666666705,480.69,566.16,352.2,440.96
2026-01-15 15:18:59,XPQ-01 Main,2026-01-15 15:18:00,678.53,78.25,4.14232833333333,481.48,673.78,186.21,116.56,144.88,77.91,4.73670533333333,481.85,675.94,189.37,113.33,150.99,79.98,4.134146,481.21,685.87,190.28,121.35,145.84,76.87,3.559402,481.39,565.87,351.24,441.71
2026-01-15 15:19:59,XPQ-01 Main,2026-01-15 15:19:00,677.04,77.74,4.04566166666667,481.44,673.31,186.05,117.89,143.42,77.25,4.47003866666667,481.86,672.51,188.43,113.91,149.64,79.57,4.06747933333333,481.2,685.28,190.09,122.39,144.95,76.41,3.59273533333333,481.27,564.57,354.19,438.01
2026-01-15 15:20:59,XPQ-01 Main,2026-01-15 15:20:00,696.96,76.93,4.28566166666667,481.33,697.37,192.7,123.53,147.75,76.72,4.87003866666667,481.6,693.06,194.04,120.7,151.59,78.23,4.30081266666667,480.99,700.45,194.3,126.44,147.13,75.84,3.6927353333333297,481.39,581.04,370.67,446.47
2026-01-15 15:21:59,XPQ-01 Main,2026-01-15 15:21:00,689.42,77.81,4.398995,481.18,688.73,190.23,119.36,147.73,77.78,4.87003866666667,481.75,687.87,192.67,117.51,151.94,79.1,4.50081266666667,480.92,691.65,191.68,123.12,146.49,76.55,3.8260686666666706,480.86,574.58,359.98,446.16
2026-01-15 15:22:59,XPQ-01 Main,2026-01-15 15:22:00,681.63,78.04,4.36566166666667,481.34,679.82,187.86,117.66,146.05,77.87,4.803372,481.63,679.69,190.3,115.17,150.59,79.43,4.26747933333333,481.0,685.37,190.12,121.4,145.59,76.8,4.02606866666667,481.39,568.29,354.24,442.23
2026-01-15 15:23:59,XPQ-01 Main,2026-01-15 15:23:00,689.19,77.63,4.54566166666667,482.08,686.02,189.83,119.91,146.6,77.4,5.103372,482.5,687.57,192.89,117.25,152.09,79.2,4.634146,481.82,693.98,192.75,124.36,146.73,76.29,3.89273533333333,481.93,575.48,361.51,445.42
2026-01-15 15:24:59,XPQ-01 Main,2026-01-15 15:24:00,690.51,76.54,4.73232833333333,481.75,690.52,190.93,123.14,145.43,76.32,5.37003866666667,482.08,687.98,192.86,120.35,149.36,77.87,4.76747933333333,481.54,693.03,192.39,126.11,144.91,75.43,4.059402,481.63,576.17,369.6,439.71
2026-01-15 15:25:59,XPQ-01 Main,2026-01-15 15:25:00,682.88,76.68,4.13232833333333,482.11,684.95,189.45,122.09,144.49,76.38,4.53670533333333,482.35,678.15,190.28,118.8,147.55,77.89,4.00081266666667,482.09,685.54,190.49,124.06,144.05,75.77,3.859402,481.89,570.22,364.95,436.09
2026-01-15 15:26:59,XPQ-01 Main,2026-01-15 15:26:00,671.45,76.69,4.34566166666667,481.93,670.09,185.39,118.57,141.85,76.72,4.803372,482.52,671.16,188.27,117.15,146.2,78.04,4.334146,481.6,673.09,186.83,122.63,140.37,75.31,3.89273533333333,481.68,560.49,358.36,428.42
2026-01-15 15:27:59,XPQ-01 Main,2026-01-15 15:27:00,686.52,75.28,4.37566166666667,482.01,686.7,190.04,125.4,142.42,75.05,4.903372,482.63,682.47,191.48,122.75,146.49,76.65,4.30081266666667,481.66,690.38,191.64,128.44,141.87,74.13,3.92606866666667,481.75,573.15,376.58,430.77
2026-01-15 15:28:59,XPQ-01 Main,2026-01-15 15:28:00,692.52,77.22,4.42232833333333,481.31,695.24,192.0,122.62,147.53,76.9,5.07003866666667,481.48,686.83,192.35,119.18,150.38,78.37,4.234146,481.23,695.5,192.96,124.28,147.12,76.39,3.959402,481.2,577.31,366.08,445.03
2026-01-15 15:29:59,XPQ-01 Main,2026-01-15 15:29:00,662.99,76.76,4.65566166666667,481.98,660.6,182.72,117.42,139.45,76.5,5.203372,482.55,660.39,185.32,114.72,144.74,78.37,4.36747933333333,481.81,667.97,185.43,121.56,139.62,75.42,4.39273533333333,481.58,553.48,353.7,423.81
2026-01-15 15:30:59,XPQ-01 Main,2026-01-15 15:30:00,712.0,78.31,4.12232833333333,481.51,709.93,196.13,122.32,152.72,78.05,4.47003866666667,482.04,708.9,198.76,119.29,158.1,79.83,4.10081266666667,481.43,717.18,198.91,126.52,153.0,77.06,3.79273533333333,481.05,593.81,368.13,463.82
2026-01-15 15:31:59,XPQ-01 Main,2026-01-15 15:31:00,712.95,77.02,4.34566166666667,481.68,711.35,196.62,125.41,150.95,76.92,4.73670533333333,482.2,711.47,199.53,123.34,155.91,78.43,4.36747933333333,481.56,716.03,198.66,129.64,150.21,75.71,3.92606866666667,481.26,594.81,378.38,457.08
2026-01-15 15:32:59,XPQ-01 Main,2026-01-15 15:32:00,724.13,77.43,4.12232833333333,481.48,726.9,200.9,127.36,154.93,77.25,4.603372,481.82,719.22,201.48,124.47,157.93,78.54,4.06747933333333,481.21,726.26,201.5,129.55,153.85,76.49,3.6927353333333297,481.4,603.88,381.38,466.71
2026-01-15 15:33:59,XPQ-01 Main,2026-01-15 15:33:00,709.98,75.94,4.25566166666667,481.39,710.26,196.21,127.95,148.42,75.74,4.77003866666667,481.73,706.31,197.88,125.31,152.56,77.28,4.30081266666667,481.25,713.36,197.87,131.15,147.82,74.8,3.6927353333333297,481.18,591.97,384.41,448.8
2026-01-15 15:34:59,XPQ-01 Main,2026-01-15 15:34:00,712.05,77.9,4.298995,482.03,716.38,198.13,125.76,152.88,77.23,4.903372,482.24,701.87,196.87,120.19,155.49,79.12,4.36747933333333,481.96,717.9,199.46,126.21,154.01,77.35,3.62606866666667,481.88,594.46,372.16,462.37
2026-01-15 15:35:59,XPQ-01 Main,2026-01-15 15:35:00,720.28,78.21,4.04566166666667,482.1,722.88,199.99,125.35,155.4,77.83,4.33670533333333,482.37,713.48,200.15,121.33,158.59,79.42,4.20081266666667,481.97,724.48,201.3,127.29,155.48,77.38,3.59273533333333,481.96,601.44,373.97,469.48
2026-01-15 15:36:59,XPQ-01 Main,2026-01-15 15:36:00,714.17,78.27,4.308995,481.74,711.94,196.76,123.45,152.88,77.8,4.83670533333333,482.1,708.98,198.83,119.36,158.5,79.88,4.36747933333333,481.72,721.58,200.3,127.4,154.33,77.12,3.7260686666666705,481.4,595.89,370.21,465.71
2026-01-15 15:37:59,XPQ-01 Main,2026-01-15 15:37:00,717.54,78.18,4.51232833333333,482.42,714.64,197.82,123.83,153.75,77.88,4.87003866666667,482.83,714.28,200.59,120.66,159.58,79.77,4.50081266666667,482.33,723.69,201.15,128.4,154.42,76.89,4.159402,482.11,599.57,372.89,467.76
2026-01-15 15:38:59,XPQ-01 Main,2026-01-15 15:38:00,733.11,77.24,4.13232833333333,482.23,735.49,203.55,129.07,156.9,77.23,4.87003866666667,482.66,730.5,205.04,127.09,159.95,78.29,4.034146,482.06,733.34,203.75,131.73,155.06,76.21,3.49273533333333,481.98,612.33,387.88,471.91
2026-01-15 15:39:59,XPQ-01 Main,2026-01-15 15:39:00,725.5,77.13,4.388995,482.27,728.98,201.69,128.54,155.08,76.99,5.003372,482.59,721.11,202.44,125.88,157.76,78.17,4.534146,482.26,726.42,201.88,130.47,153.71,76.24,3.62606866666667,481.95,606.01,384.89,466.55
2026-01-15 15:40:59,XPQ-01 Main,2026-01-15 15:40:00,725.22,77.46,4.15566166666667,482.54,727.14,201.35,127.51,155.21,77.27,4.83670533333333,482.9,722.12,202.8,124.59,158.4,78.6,4.134146,482.4,726.4,201.97,129.79,154.28,76.52,3.49273533333333,482.31,606.12,381.9,467.89
2026-01-15 15:41:59,XPQ-01 Main,2026-01-15 15:41:00,719.3,77.89,3.998995,482.4,717.83,198.74,124.99,154.08,77.66,4.503372,482.75,716.1,201.02,122.06,159.0,79.32,4.00081266666667,482.19,723.98,201.25,128.89,154.01,76.69,3.49273533333333,482.26,601.01,375.94,467.09
2026-01-15 15:42:59,XPQ-01 Main,2026-01-15 15:42:00,713.36,77.9,3.908995,482.44,709.22,196.36,123.73,151.96,77.55,4.203372,483.01,709.95,199.42,120.4,158.49,79.63,4.10081266666667,482.26,720.92,200.32,128.75,153.12,76.54,3.42606866666667,482.05,596.09,372.88,463.57
2026-01-15 15:43:59,XPQ-01 Main,2026-01-15 15:43:00,716.1,78.85,4.05232833333333,482.85,719.87,199.38,123.29,156.25,78.5,4.43670533333333,483.11,709.12,199.32,119.44,159.02,79.96,4.16747933333333,482.91,719.32,200.17,124.87,156.07,78.08,3.559402,482.52,598.87,367.6,471.34
2026-01-15 15:44:59,XPQ-01 Main,2026-01-15 15:44:00,726.1,78.24,4.17566166666667,482.65,727.87,201.5,126.32,156.39,77.79,4.37003866666667,482.92,720.0,202.31,121.97,159.93,79.51,4.26747933333333,482.75,730.42,203.18,128.27,156.92,77.42,3.89273533333333,482.29,607.0,376.56,473.23
2026-01-15 15:45:59,XPQ-01 Main,2026-01-15 15:45:00,719.22,77.07,4.05566166666667,482.61,723.94,200.41,128.68,153.3,76.59,4.57003866666667,482.82,710.87,199.69,124.15,155.7,78.19,3.90081266666667,482.69,722.86,201.08,129.49,153.49,76.43,3.6927353333333297,482.33,601.19,382.32,462.49
2026-01-15 15:46:59,XPQ-01 Main,2026-01-15 15:46:00,717.39,77.94,4.24232833333333,480.29,713.49,196.64,122.73,153.46,78.1,4.83670533333333,480.48,718.86,200.88,122.01,159.25,79.38,4.20081266666667,480.16,719.81,199.28,128.54,151.97,76.35,3.6927353333333297,480.22,596.8,373.27,464.68
2026-01-15 15:47:59,XPQ-01 Main,2026-01-15 15:47:00,731.29,77.38,4.16566166666667,479.47,728.0,200.33,126.52,154.96,77.46,4.57003866666667,479.75,731.68,204.13,125.45,160.63,78.81,4.16747933333333,479.29,734.18,202.87,132.01,153.67,75.85,3.759402,479.37,607.32,383.99,469.26
2026-01-15 15:48:59,XPQ-01 Main,2026-01-15 15:48:00,717.07,78.61,4.13232833333333,480.26,715.11,197.12,121.88,154.37,78.48,4.73670533333333,480.77,714.51,199.74,119.53,159.37,80.0,3.934146,480.03,721.58,199.62,126.21,154.02,77.35,3.7260686666666705,479.99,596.49,367.63,467.76
2026-01-15 15:49:59,XPQ-01 Main,2026-01-15 15:49:00,720.12,78.5,4.13232833333333,480.14,718.48,198.0,122.13,155.31,78.61,4.53670533333333,480.71,720.01,201.26,121.06,159.79,79.71,4.06747933333333,479.92,721.87,199.63,126.54,153.56,77.17,3.79273533333333,479.79,598.88,369.73,468.67
2026-01-15 15:50:59,XPQ-01 Main,2026-01-15 15:50:00,711.6,78.22,3.898995,480.56,710.44,195.84,122.11,152.68,78.1,4.37003866666667,480.89,709.21,198.42,119.75,157.49,79.6,3.7008126666666703,480.61,715.15,198.04,126.24,152.23,76.98,3.6260686666666704,480.17,592.3,368.09,462.4
2026-01-15 15:51:59,XPQ-01 Main,2026-01-15 15:51:00,712.48,77.74,4.15566166666667,481.22,709.71,196.0,123.51,151.77,77.56,4.603372,481.47,710.7,198.99,121.05,157.12,79.22,4.16747933333333,481.05,717.02,198.86,127.87,151.66,76.45,3.6927353333333297,481.13,593.85,372.43,460.55
2026-01-15 15:52:59,XPQ-01 Main,2026-01-15 15:52:00,1038.61,60.97,4.32232833333333,475.87,1037.81,283.36,221.53,171.65,61.25,4.73670533333333,476.15,1039.2,287.78,222.42,177.5,62.38,4.334146,475.77,1038.82,284.94,226.54,166.79,59.29,3.89273533333333,475.7,856.08,670.49,515.93
2026-01-15 15:53:59,XPQ-01 Main,2026-01-15 15:53:00,802.5,74.28,3.97566166666667,479.52,802.51,220.68,148.82,162.76,73.8,4.47003866666667,479.7,795.74,222.14,144.58,168.08,75.81,4.06747933333333,479.7,809.25,223.69,152.16,163.68,73.24,3.39273533333333,479.17,666.51,445.56,494.52
2026-01-15 15:54:59,XPQ-01 Main,2026-01-15 15:54:00,847.01,76.5,3.978995,479.46,849.22,233.5,150.97,177.8,76.23,4.33670533333333,479.75,840.89,234.76,147.41,182.13,77.73,4.10081266666667,479.63,850.91,235.13,153.97,177.45,75.53,3.49273533333333,479.0,703.39,452.35,537.38
2026-01-15 15:55:59,XPQ-01 Main,2026-01-15 15:55:00,827.82,76.18,3.8656616666666705,479.72,829.29,228.17,148.0,173.41,76.06,4.403372,479.8,823.96,230.03,145.46,177.52,77.35,3.80081266666667,479.83,830.2,229.62,151.24,172.12,75.12,3.39273533333333,479.52,687.82,444.7,523.05
2026-01-15 15:56:59,XPQ-01 Main,2026-01-15 15:56:00,825.11,75.82,3.8656616666666705,480.05,827.41,227.98,148.3,172.72,75.87,4.47003866666667,480.59,822.13,229.72,146.69,176.37,76.88,3.90081266666667,479.79,825.79,228.34,151.54,170.35,74.72,3.22606866666667,479.76,686.05,446.53,519.43
2026-01-15 15:57:59,XPQ-01 Main,2026-01-15 15:57:00,814.3,76.97,3.62232833333333,480.22,817.45,225.26,144.36,172.57,76.7,4.03670533333333,480.47,807.61,225.67,140.73,175.96,78.09,3.60081266666667,480.09,817.84,226.36,146.52,171.94,76.11,3.22606866666667,480.08,677.29,431.62,520.47
2026-01-15 15:58:59,XPQ-01 Main,2026-01-15 15:58:00,844.33,75.95,4.098995,479.47,845.38,232.52,151.32,176.39,75.9,4.73670533333333,479.71,840.87,234.67,149.18,180.81,77.13,4.10081266666667,479.49,846.74,233.99,155.09,174.86,74.81,3.459402,479.19,701.18,455.59,532.05
2026-01-15 15:59:59,XPQ-01 Main,2026-01-15 15:59:00,858.97,77.18,3.9556616666666704,479.94,857.73,236.24,149.55,182.57,77.36,4.43670533333333,480.45,859.17,240.04,148.97,188.05,78.39,4.034146,479.77,860.02,237.78,154.96,180.07,75.8,3.39273533333333,479.61,714.06,453.47,550.7
2026-01-15 16:00:59,XPQ-01 Main,2026-01-15 16:00:00,852.67,76.77,4.16566166666667,480.04,857.49,236.04,151.52,180.8,76.64,4.53670533333333,480.2,847.38,236.82,148.53,183.54,77.73,4.40081266666667,480.25,853.13,236.08,153.45,179.03,75.93,3.559402,479.66,708.94,453.51,543.38
2026-01-15 16:01:59,XPQ-01 Main,2026-01-15 16:01:00,867.38,77.35,4.14232833333333,479.78,872.6,240.21,151.5,186.23,77.57,4.703372,480.12,865.1,241.59,150.56,188.63,78.16,4.06747933333333,479.71,864.44,239.0,154.32,182.3,76.32,3.659402,479.5,720.79,456.38,557.16
2026-01-15 16:02:59,XPQ-01 Main,2026-01-15 16:02:00,871.92,77.78,4.198995,478.85,873.32,239.84,149.72,187.15,78.09,4.63670533333333,479.11,872.6,243.27,149.81,191.14,78.71,4.30081266666667,478.98,869.83,240.06,154.28,183.48,76.54,3.659402,478.45,723.17,453.81,561.76
2026-01-15 16:03:59,XPQ-01 Main,2026-01-15 16:03:00,884.0,77.36,4.298995,479.23,889.75,244.68,154.35,189.55,77.54,4.83670533333333,479.62,880.77,245.68,153.12,191.55,78.11,4.30081266666667,479.11,881.48,243.4,156.65,185.57,76.41,3.759402,478.96,733.76,464.12,566.67
2026-01-15 16:04:59,XPQ-01 Main,2026-01-15 16:04:00,881.72,77.23,3.998995,479.56,888.24,244.42,154.89,188.85,77.32,4.43670533333333,479.99,877.39,244.94,153.05,190.84,78.01,4.16747933333333,479.47,879.53,243.02,156.8,185.39,76.35,3.39273533333333,479.23,732.37,464.74,565.08
2026-01-15 16:05:59,XPQ-01 Main,2026-01-15 16:05:00,857.24,77.63,4.098995,479.47,862.25,237.22,149.44,183.98,77.62,4.603372,479.85,852.84,238.02,147.06,186.45,78.52,4.134146,479.38,856.64,236.67,151.54,181.45,76.75,3.559402,479.18,711.91,448.04,551.88
2026-01-15 16:06:59,XPQ-01 Main,2026-01-15 16:06:00,906.53,77.54,3.8556616666666703,479.06,912.67,250.88,158.42,194.21,77.49,4.47003866666667,479.47,900.82,251.2,155.55,196.46,78.4,3.90081266666667,478.95,906.1,250.1,160.11,191.62,76.74,3.19273533333333,478.75,752.18,474.07,582.29
2026-01-15 16:07:59,XPQ-01 Main,2026-01-15 16:07:00,894.16,77.86,3.998995,479.03,899.23,247.17,154.69,192.46,77.94,4.47003866666667,479.48,890.44,248.31,152.87,195.25,78.74,4.10081266666667,478.93,892.8,246.4,157.41,189.33,76.89,3.42606866666667,478.68,741.88,464.96,577.03
2026-01-15 16:08:59,XPQ-01 Main,2026-01-15 16:08:00,877.37,77.42,3.978995,479.91,880.17,242.36,153.41,187.19,77.34,4.43670533333333,480.31,872.97,243.88,150.79,191.1,78.5,4.10081266666667,479.85,878.96,243.05,156.61,185.49,76.41,3.39273533333333,479.58,729.29,460.81,563.78
2026-01-15 16:09:59,XPQ-01 Main,2026-01-15 16:09:00,903.15,78.54,3.93232833333333,479.02,910.0,250.04,154.23,196.41,78.65,4.603372,479.42,898.93,250.74,152.52,198.21,79.25,3.834146,479.09,900.51,248.55,156.15,192.8,77.71,3.359402,478.55,749.32,462.9,587.42
2026-01-15 16:10:59,XPQ-01 Main,2026-01-15 16:10:00,860.38,76.73,4.13232833333333,479.75,867.1,238.69,152.72,182.91,76.76,4.73670533333333,480.16,855.14,238.82,150.52,184.86,77.55,4.16747933333333,479.67,858.89,237.42,154.44,179.99,75.89,3.49273533333333,479.44,714.93,457.68,547.76
2026-01-15 16:11:59,XPQ-01 Main,2026-01-15 16:11:00,875.81,77.97,3.8123283333333298,479.95,878.71,242.03,150.67,189.16,78.22,4.47003866666667,480.38,875.32,244.52,150.08,192.46,78.86,3.7674793333333296,479.77,873.4,241.51,154.35,185.27,76.83,3.19273533333333,479.69,728.06,455.1,566.89
2026-01-15 16:12:59,XPQ-01 Main,2026-01-15 16:12:00,862.73,77.45,4.16566166666667,479.67,862.68,237.41,149.07,184.56,77.79,4.93670533333333,480.04,865.03,241.54,149.31,188.86,78.45,4.16747933333333,479.64,860.48,237.84,153.99,180.71,76.11,3.39273533333333,479.34,716.79,452.37,554.13
2026-01-15 16:13:59,XPQ-01 Main,2026-01-15 16:13:00,867.53,78.89,3.988995,480.39,868.14,239.28,146.14,189.26,79.15,4.63670533333333,480.81,868.53,242.9,145.78,193.61,79.89,3.934146,480.34,865.92,239.67,150.95,185.86,77.62,3.39273533333333,480.02,721.85,442.87,568.73
2026-01-15 16:14:59,XPQ-01 Main,2026-01-15 16:14:00,886.89,78.99,4.02232833333333,480.5,888.17,244.82,149.08,193.91,79.28,4.67003866666667,480.87,887.79,248.35,148.94,198.21,79.95,4.134146,480.52,884.71,244.96,153.88,190.24,77.75,3.259402,480.13,738.13,451.89,582.37
2026-01-15 16:15:59,XPQ-01 Main,2026-01-15 16:15:00,908.11,79.66,4.13232833333333,479.92,912.07,251.12,150.42,200.75,80.03,4.67003866666667,480.39,909.17,254.07,150.71,203.6,80.38,4.36747933333333,479.91,903.09,249.69,154.23,195.88,78.57,3.359402,479.46,754.88,455.36,600.24
2026-01-15 16:16:59,XPQ-01 Main,2026-01-15 16:16:00,897.25,79.26,4.07566166666667,480.53,900.42,248.23,150.06,197.47,79.62,4.703372,481.01,898.46,251.39,150.39,200.92,80.06,4.10081266666667,480.52,892.89,247.19,154.28,192.89,78.09,3.42606866666667,480.08,746.8,454.74,591.28
2026-01-15 16:17:59,XPQ-01 Main,2026-01-15 16:17:00,903.09,79.49,4.318995,480.96,903.47,249.29,149.99,198.92,79.85,4.93670533333333,481.44,905.27,253.52,150.36,203.61,80.44,4.40081266666667,480.95,900.53,249.52,155.35,194.85,78.19,3.6260686666666704,480.5,752.34,455.7,597.37
2026-01-15 16:18:59,XPQ-01 Main,2026-01-15 16:18:00,885.15,79.59,4.208995,480.65,886.03,244.32,146.67,195.06,79.93,4.93670533333333,481.12,887.02,248.25,146.87,199.5,80.53,4.26747933333333,480.63,882.39,244.34,151.74,191.12,78.32,3.42606866666667,480.21,736.91,445.28,585.68
2026-01-15 16:19:59,XPQ-01 Main,2026-01-15 16:19:00,891.85,79.14,4.14232833333333,480.58,893.71,246.4,149.0,195.88,79.59,4.603372,481.07,894.56,250.35,149.96,199.7,79.97,4.16747933333333,480.58,887.28,245.64,153.81,190.95,77.88,3.659402,480.09,742.38,452.77,586.53
2026-01-15 16:20:59,XPQ-01 Main,2026-01-15 16:20:00,896.08,81.07,4.15566166666667,481.57,900.21,248.73,145.02,201.64,81.18,4.603372,482.1,893.36,250.5,143.41,204.83,81.92,4.20081266666667,481.49,894.67,248.19,148.33,198.56,80.11,3.659402,481.13,747.43,436.76,605.03
2026-01-15 16:21:59,XPQ-01 Main,2026-01-15 16:21:00,911.87,79.32,4.04232833333333,480.94,915.87,252.71,153.4,200.3,79.39,4.503372,481.41,909.2,254.6,151.5,203.32,80.19,4.234146,480.89,910.54,252.28,156.24,197.27,78.39,3.39273533333333,480.5,759.59,461.15,600.89
2026-01-15 16:22:59,XPQ-01 Main,2026-01-15 16:22:00,885.75,80.37,3.998995,481.14,890.78,245.87,145.43,197.83,80.57,4.403372,481.6,883.97,247.66,144.55,200.41,81.1,4.034146,481.16,882.5,244.62,148.32,194.01,79.44,3.559402,480.67,738.15,438.3,592.25
2026-01-15 16:23:59,XPQ-01 Main,2026-01-15 16:23:00,849.99,81.09,4.47566166666667,481.71,851.55,235.3,136.69,190.97,81.32,4.93670533333333,482.17,850.5,238.57,136.05,194.97,82.01,4.50081266666667,481.73,847.91,235.31,141.04,187.79,79.96,3.9927353333333295,481.22,709.19,413.78,573.73
2026-01-15 16:24:59,XPQ-01 Main,2026-01-15 16:24:00,869.68,81.63,4.198995,481.82,873.3,241.38,138.4,196.88,81.81,4.73670533333333,482.28,868.34,243.62,137.37,200.37,82.48,4.034146,481.83,867.39,240.77,142.24,193.69,80.6,3.8260686666666706,481.34,725.77,418.0,590.94
2026-01-15 16:25:59,XPQ-01 Main,2026-01-15 16:25:00,886.49,80.52,4.32232833333333,481.68,893.47,246.88,145.64,199.04,80.7,4.803372,482.0,883.46,247.74,144.49,200.7,81.16,4.334146,481.73,882.53,244.97,147.78,194.96,79.69,3.8260686666666706,481.31,739.59,437.91,594.7
2026-01-15 16:26:59,XPQ-01 Main,2026-01-15 16:26:00,863.92,81.64,4.13232833333333,481.77,865.6,239.22,137.32,195.37,81.81,4.73670533333333,482.22,863.29,242.19,136.34,199.63,82.58,3.96747933333333,481.81,862.88,239.51,141.78,192.62,80.53,3.6927353333333297,481.3,720.91,415.44,587.61
2026-01-15 16:27:59,XPQ-01 Main,2026-01-15 16:27:00,828.54,79.68,4.188995,481.97,830.84,229.72,138.01,183.2,79.87,4.67003866666667,482.48,828.06,232.41,137.19,186.71,80.59,4.40081266666667,481.98,826.71,229.53,141.66,180.08,78.6,3.49273533333333,481.45,691.66,416.85,549.99
2026-01-15 16:28:59,XPQ-01 Main,2026-01-15 16:28:00,848.13,79.94,4.44232833333333,482.11,848.97,234.81,141.22,187.19,79.83,4.97003866666667,482.64,844.97,237.23,138.48,191.77,81.07,4.634146,482.09,850.45,236.18,144.85,186.05,78.91,3.7260686666666705,481.59,708.22,424.55,565.01
2026-01-15 16:29:59,XPQ-01 Main,2026-01-15 16:29:00,857.89,81.02,4.108995,481.95,859.34,237.59,138.1,192.64,81.27,4.57003866666667,482.43,858.73,241.0,137.72,196.75,81.92,4.234146,481.96,855.6,237.56,142.63,189.29,79.87,3.52606866666667,481.47,716.15,418.45,578.69
2026-01-15 16:30:59,XPQ-01 Main,2026-01-15 16:30:00,904.79,81.21,3.998995,482.2,908.29,251.27,145.77,204.4,81.42,4.47003866666667,482.5,903.89,253.71,144.98,207.74,82.01,3.8674793333333297,482.19,902.18,250.69,149.52,200.78,80.2,3.659402,481.89,755.67,440.26,612.92
2026-01-15 16:31:59,XPQ-01 Main,2026-01-15 16:31:00,842.21,80.7,4.11232833333333,481.98,843.28,233.22,136.66,188.51,80.96,4.603372,482.53,842.91,236.56,136.36,192.8,81.64,4.06747933333333,481.87,840.43,233.33,141.32,185.22,79.5,3.659402,481.55,703.11,414.35,566.53
2026-01-15 16:32:59,XPQ-01 Main,2026-01-15 16:32:00,823.17,81.37,4.16566166666667,482.6,824.57,228.32,131.88,186.06,81.58,4.703372,483.15,822.98,231.27,131.17,190.08,82.3,4.16747933333333,482.52,821.97,228.5,136.18,183.01,80.23,3.6260686666666704,482.14,688.09,399.23,559.14
2026-01-15 16:33:59,XPQ-01 Main,2026-01-15 16:33:00,848.16,78.56,3.96566166666667,482.51,852.46,236.04,145.05,185.96,78.85,4.37003866666667,483.11,847.23,238.04,144.74,188.66,79.34,4.10081266666667,482.37,844.79,234.75,148.2,181.77,77.51,3.42606866666667,482.03,708.83,438.0,556.38
2026-01-15 16:34:59,XPQ-01 Main,2026-01-15 16:34:00,837.77,81.34,3.898995,481.25,841.74,232.4,134.57,189.04,81.47,4.303372,481.82,835.49,234.16,133.16,192.02,82.18,3.90081266666667,481.21,836.09,231.76,137.65,186.02,80.39,3.49273533333333,480.71,698.32,405.37,567.09
2026-01-15 16:35:59,XPQ-01 Main,2026-01-15 16:35:00,832.62,81.02,4.04232833333333,482.01,837.79,231.72,134.83,187.98,81.26,4.603372,482.62,831.26,233.32,134.16,190.4,81.75,3.90081266666667,481.89,828.83,230.09,137.68,184.0,80.07,3.62606866666667,481.52,695.13,406.67,562.38
2026-01-15 16:36:59,XPQ-01 Main,2026-01-15 16:36:00,850.48,82.88,3.908995,482.06,854.71,236.42,131.18,196.35,83.15,4.47003866666667,482.62,850.4,238.69,130.76,199.03,83.58,3.96747933333333,481.95,846.34,235.0,134.58,192.28,81.93,3.29273533333333,481.59,710.11,396.52,587.66
2026-01-15 16:37:59,XPQ-01 Main,2026-01-15 16:37:00,879.64,80.77,4.04566166666667,482.06,884.93,244.78,143.33,198.02,81.01,4.503372,482.61,877.99,246.44,142.56,200.4,81.49,4.034146,481.96,875.99,243.24,146.26,193.83,79.82,3.59273533333333,481.62,734.46,432.15,592.25
2026-01-15 16:38:59,XPQ-01 Main,2026-01-15 16:38:00,875.22,81.03,4.07566166666667,482.07,879.26,243.24,141.51,197.62,81.3,4.57003866666667,482.49,874.47,245.38,141.13,200.49,81.77,4.234146,481.95,871.92,242.17,145.01,193.45,80.02,3.42606866666667,481.78,730.79,427.66,591.56
2026-01-15 16:39:59,XPQ-01 Main,2026-01-15 16:39:00,844.73,83.62,4.13232833333333,482.83,847.93,234.89,126.78,196.89,84.08,4.73670533333333,483.31,846.84,238.07,127.69,200.18,84.31,4.30081266666667,482.78,839.43,233.5,131.63,192.08,82.49,3.359402,482.4,706.45,386.11,589.15
2026-01-15 16:40:59,XPQ-01 Main,2026-01-15 16:40:00,847.37,81.64,4.27566166666667,482.05,848.0,234.47,134.27,191.74,81.91,4.93670533333333,482.57,848.84,238.32,134.02,196.48,82.61,4.20081266666667,482.09,845.27,234.72,139.49,188.54,80.39,3.6927353333333297,481.5,707.52,407.79,576.76
2026-01-15 16:41:59,XPQ-01 Main,2026-01-15 16:41:00,899.79,80.97,4.28566166666667,481.34,899.56,248.47,144.64,201.61,81.25,5.003372,481.82,901.26,252.55,144.5,206.76,81.97,4.36747933333333,481.23,898.56,249.15,150.26,198.25,79.69,3.49273533333333,480.97,750.17,439.4,606.62
2026-01-15 16:42:59,XPQ-01 Main,2026-01-15 16:42:00,877.66,80.59,4.27566166666667,481.36,875.98,241.93,142.4,194.93,80.75,4.903372,481.75,878.78,246.25,141.28,200.24,81.71,4.30081266666667,481.3,878.21,243.57,147.84,192.58,79.32,3.6260686666666704,481.02,731.75,431.53,587.75
2026-01-15 16:43:59,XPQ-01 Main,2026-01-15 16:43:00,873.68,81.25,4.34566166666667,481.61,870.27,240.47,138.91,195.56,81.53,5.03670533333333,482.0,876.54,245.75,138.8,202.12,82.43,4.234146,481.56,874.23,242.6,145.95,193.1,79.78,3.759402,481.28,728.83,423.66,590.78
2026-01-15 16:44:59,XPQ-01 Main,2026-01-15 16:44:00,846.9,81.09,4.25232833333333,482.08,846.63,234.19,135.93,190.01,81.33,4.87003866666667,482.56,847.96,238.0,135.43,194.88,82.12,4.334146,482.0,846.1,234.98,141.19,187.08,79.82,3.559402,481.69,707.17,412.55,571.96
2026-01-15 16:45:59,XPQ-01 Main,2026-01-15 16:45:00,845.18,80.65,4.388995,481.92,845.24,233.74,136.82,188.63,80.95,4.903372,482.4,846.97,237.63,136.69,193.28,81.65,4.46747933333333,481.81,843.34,234.13,142.03,185.26,79.36,3.79273533333333,481.55,705.5,415.54,567.16
2026-01-15 16:46:59,XPQ-01 Main,2026-01-15 16:46:00,852.51,81.22,4.41232833333333,481.0,853.97,235.69,135.85,192.11,81.65,4.93670533333333,481.54,854.91,239.44,136.63,196.16,82.06,4.634146,480.92,848.64,235.13,141.0,187.67,79.95,3.659402,480.54,710.26,413.49,575.94
2026-01-15 16:47:59,XPQ-01 Main,2026-01-15 16:47:00,834.48,80.41,4.24566166666667,481.74,836.23,231.18,136.09,186.3,80.75,4.83670533333333,482.31,836.16,234.53,136.16,190.01,81.29,4.16747933333333,481.58,831.04,230.59,140.52,182.29,79.2,3.7260686666666705,481.32,696.3,412.77,558.6
2026-01-15 16:48:59,XPQ-01 Main,2026-01-15 16:48:00,843.82,80.73,4.26566166666667,481.93,848.32,234.55,137.34,189.4,80.96,4.803372,482.38,843.03,236.56,136.63,191.94,81.47,4.16747933333333,481.91,840.1,233.25,140.36,185.6,79.76,3.8260686666666706,481.49,704.36,414.33,566.94
2026-01-15 16:49:59,XPQ-01 Main,2026-01-15 16:49:00,853.31,80.88,4.25566166666667,481.39,857.95,236.97,138.32,191.69,81.09,4.77003866666667,481.97,852.05,238.86,137.48,194.36,81.64,4.26747933333333,481.33,849.92,235.66,141.31,187.9,79.92,3.7260686666666705,480.88,711.49,417.11,573.95
2026-01-15 16:50:59,XPQ-01 Main,2026-01-15 16:50:00,847.24,80.33,4.398995,481.12,852.46,235.32,139.19,188.91,80.51,4.87003866666667,481.7,845.05,236.77,138.09,191.29,81.08,4.434146,481.06,844.19,233.93,141.76,185.22,79.41,3.89273533333333,480.61,706.02,419.03,565.43
2026-01-15 16:51:59,XPQ-01 Main,2026-01-15 16:51:00,845.09,82.12,4.34232833333333,481.97,846.08,233.89,132.25,192.22,82.39,4.87003866666667,482.35,845.99,237.42,131.91,196.4,83.01,4.46747933333333,482.04,843.2,234.18,137.02,189.01,80.96,3.6927353333333297,481.52,705.49,401.18,577.63
2026-01-15 16:52:59,XPQ-01 Main,2026-01-15 16:52:00,833.31,80.13,4.37566166666667,481.76,836.21,231.1,137.34,185.04,80.3,4.93670533333333,482.3,832.02,233.45,136.35,188.56,81.03,4.434146,481.76,831.7,230.79,140.99,182.01,79.06,3.759402,481.21,695.34,414.68,555.61
2026-01-15 16:53:59,XPQ-01 Main,2026-01-15 16:53:00,841.85,82.64,4.34232833333333,481.59,844.8,233.39,129.99,193.19,82.97,4.77003866666667,482.18,842.92,236.43,130.05,196.55,83.4,4.534146,481.57,837.84,232.41,134.22,189.15,81.55,3.72606866666667,481.02,702.23,394.27,578.89
2026-01-15 16:54:59,XPQ-01 Main,2026-01-15 16:54:00,850.67,81.71,4.188995,481.9,851.75,235.44,134.98,192.38,81.86,4.77003866666667,482.39,850.3,238.63,133.93,196.88,82.68,4.134146,481.95,849.95,235.96,139.47,189.79,80.58,3.659402,481.35,710.04,408.38,579.05
2026-01-15 16:55:59,XPQ-01 Main,2026-01-15 16:55:00,827.87,80.31,4.088995,482.11,830.41,229.67,136.68,184.12,80.29,4.47003866666667,482.53,824.5,231.44,134.52,187.8,81.29,4.234146,482.11,828.71,230.2,139.9,182.26,79.33,3.559402,481.7,691.3,411.1,554.18
2026-01-15 16:56:59,XPQ-01 Main,2026-01-15 16:56:00,798.01,78.18,3.918995,481.91,799.23,220.93,136.88,173.06,78.43,4.53670533333333,482.29,798.55,224.08,136.66,177.13,79.17,3.90081266666667,481.97,796.25,221.09,141.1,169.87,76.92,3.32606866666667,481.46,666.1,414.65,520.06
2026-01-15 16:57:59,XPQ-01 Main,2026-01-15 16:57:00,825.71,81.16,4.03232833333333,482.34,830.86,229.92,133.9,186.54,81.24,4.53670533333333,482.83,822.15,230.9,132.2,188.91,81.93,4.134146,482.3,824.11,228.99,136.22,183.65,80.32,3.42606866666667,481.88,689.81,402.32,559.1
2026-01-15 16:58:59,XPQ-01 Main,2026-01-15 16:58:00,835.32,77.06,4.02232833333333,481.77,834.44,230.67,145.82,178.25,77.4,4.503372,482.34,837.16,234.86,146.29,183.23,78.15,4.06747933333333,481.68,834.35,231.51,151.21,174.73,75.62,3.49273533333333,481.3,697.05,443.31,536.21
2026-01-15 16:59:59,XPQ-01 Main,2026-01-15 16:59:00,829.86,80.2,4.088995,482.22,837.24,231.61,137.93,185.66,80.27,4.503372,482.63,825.24,231.69,136.11,186.93,80.84,4.26747933333333,482.23,827.09,229.81,139.2,182.3,79.48,3.49273533333333,481.81,693.11,413.24,554.89
2026-01-15 17:00:59,XPQ-01 Main,2026-01-15 17:00:00,805.12,81.33,3.988995,482.51,810.82,224.37,129.88,182.19,81.43,4.53670533333333,482.75,801.87,225.25,128.24,184.23,82.07,4.10081266666667,482.65,802.66,223.23,132.07,179.22,80.5,3.32606866666667,482.12,672.85,390.2,545.63
2026-01-15 17:01:59,XPQ-01 Main,2026-01-15 17:01:00,820.28,81.17,3.888995,482.14,823.32,227.74,132.29,184.79,81.31,4.53670533333333,482.68,818.47,229.8,131.04,188.08,82.05,3.90081266666667,482.09,819.05,227.47,135.77,181.98,80.15,3.22606866666667,481.64,685.01,399.1,554.85
2026-01-15 17:02:59,XPQ-01 Main,2026-01-15 17:02:00,816.13,80.73,4.07566166666667,482.39,820.49,226.99,133.51,183.19,80.82,4.63670533333333,482.8,813.57,228.57,131.97,185.8,81.53,4.00081266666667,482.55,814.32,226.33,136.02,180.45,79.85,3.59273533333333,481.83,681.89,401.5,549.44
2026-01-15 17:03:59,XPQ-01 Main,2026-01-15 17:03:00,830.76,80.08,3.97566166666667,482.09,832.08,230.22,136.63,184.88,80.42,4.63670533333333,482.54,832.22,233.52,136.84,188.58,80.94,4.034146,481.91,827.98,229.96,141.04,180.98,78.88,3.259402,481.82,693.7,414.51,554.44
2026-01-15 17:04:59,XPQ-01 Main,2026-01-15 17:04:00,815.84,81.53,4.04566166666667,481.52,814.2,224.94,129.15,183.71,81.81,4.703372,482.04,818.0,229.35,128.9,189.01,82.62,4.16747933333333,481.46,815.32,226.15,135.01,181.03,80.16,3.259402,481.06,680.44,393.06,553.75
2026-01-15 17:05:59,XPQ-01 Main,2026-01-15 17:05:00,827.77,80.39,4.24232833333333,481.44,824.31,227.72,134.06,183.73,80.78,4.703372,481.94,832.31,233.3,134.8,189.83,81.54,4.434146,481.34,826.7,229.27,140.86,180.54,78.84,3.59273533333333,481.04,690.29,409.72,554.11
2026-01-15 17:06:59,XPQ-01 Main,2026-01-15 17:06:00,805.95,82.11,4.16566166666667,482.0,808.35,223.56,127.35,183.2,82.11,4.803372,482.43,802.86,225.27,125.15,186.66,83.06,4.16747933333333,481.92,806.64,224.01,130.52,181.42,81.18,3.52606866666667,481.66,672.85,383.02,551.28
2026-01-15 17:07:59,XPQ-01 Main,2026-01-15 17:07:00,831.81,80.59,3.82232833333333,481.79,833.34,230.3,135.65,185.82,80.77,4.27003866666667,482.12,831.54,233.24,134.71,189.59,81.52,3.8674793333333297,481.84,830.56,230.59,139.58,182.92,79.5,3.32606866666667,481.4,694.14,409.95,558.33
2026-01-15 17:08:59,XPQ-01 Main,2026-01-15 17:08:00,785.71,80.63,4.198995,482.05,788.3,218.04,128.56,175.67,80.7,4.803372,482.62,783.34,219.88,126.9,179.07,81.59,4.134146,481.95,785.47,218.09,131.8,173.37,79.61,3.659402,481.57,656.01,387.25,528.11
2026-01-15 17:09:59,XPQ-01 Main,2026-01-15 17:09:00,868.91,81.05,3.88566166666667,481.31,869.04,239.97,138.33,195.9,81.69,4.37003866666667,481.74,875.11,245.23,140.64,200.33,81.84,4.00081266666667,481.28,862.58,239.2,144.58,190.26,79.62,3.29273533333333,480.91,724.4,423.55,586.49
2026-01-15 17:10:59,XPQ-01 Main,2026-01-15 17:10:00,747.13,76.05,4.23232833333333,481.98,748.44,207.01,133.35,157.86,76.39,4.63670533333333,482.54,748.12,209.94,133.53,161.22,77.02,4.334146,481.83,744.84,206.77,137.12,154.2,74.73,3.7260686666666705,481.56,623.72,404.0,473.29
2026-01-15 17:11:59,XPQ-01 Main,2026-01-15 17:11:00,725.29,76.89,4.34232833333333,482.49,726.83,201.25,127.81,155.04,77.16,4.93670533333333,483.02,725.42,203.77,127.53,158.21,77.85,4.56747933333333,482.34,723.61,201.11,131.23,151.8,75.65,3.52606866666667,482.12,606.13,386.57,465.05
2026-01-15 17:12:59,XPQ-01 Main,2026-01-15 17:12:00,684.43,78.88,4.42232833333333,482.66,683.66,189.39,115.28,149.66,79.22,4.903372,483.2,686.67,192.93,115.36,153.55,79.95,4.50081266666667,482.44,682.95,189.86,119.68,146.66,77.48,3.859402,482.33,572.18,350.31,449.86
2026-01-15 17:13:59,XPQ-01 Main,2026-01-15 17:13:00,667.09,78.4,4.63232833333333,482.88,666.29,184.68,112.99,145.34,78.95,5.403372,483.54,670.69,188.56,114.26,149.45,79.44,4.26747933333333,482.6,664.3,184.71,118.01,141.54,76.81,4.22606866666667,482.49,557.95,345.26,436.33
2026-01-15 17:14:59,XPQ-01 Main,2026-01-15 17:14:00,659.19,81.3,4.45232833333333,483.33,663.8,184.05,107.88,148.63,80.93,4.97003866666667,483.6,651.79,183.37,103.99,150.41,82.25,4.434146,483.34,661.99,184.41,108.55,148.42,80.72,3.959402,483.06,551.83,320.42,447.46
2026-01-15 17:15:59,XPQ-01 Main,2026-01-15 17:15:00,677.48,79.51,4.36566166666667,483.1,680.24,188.53,114.8,149.08,79.23,4.803372,483.51,672.05,189.04,111.53,151.96,80.62,4.60081266666667,483.13,680.14,189.31,116.57,148.64,78.69,3.6927353333333297,482.67,566.88,342.9,449.67
2026-01-15 17:16:59,XPQ-01 Main,2026-01-15 17:16:00,668.27,77.83,4.37566166666667,482.21,668.25,184.92,115.96,143.41,77.76,4.93670533333333,482.72,665.89,186.94,114.1,147.41,79.08,4.30081266666667,482.07,670.68,186.29,119.38,142.4,76.63,3.89273533333333,481.84,558.15,349.43,433.22
2026-01-15 17:17:59,XPQ-01 Main,2026-01-15 17:17:00,658.88,80.99,4.488995,483.84,661.01,183.51,107.24,148.4,81.05,4.97003866666667,484.26,656.96,185.03,105.73,150.97,81.91,4.534146,483.73,658.67,183.62,109.8,146.51,80.02,3.959402,483.53,552.16,322.77,445.88
2026-01-15 17:18:59,XPQ-01 Main,2026-01-15 17:18:00,688.82,77.64,4.46566166666667,483.43,687.18,190.6,120.09,147.53,77.56,5.003372,483.92,686.83,193.34,118.22,152.35,79.0,4.634146,483.4,692.44,192.83,124.17,146.86,76.36,3.759402,482.98,576.77,362.48,446.74
2026-01-15 17:19:59,XPQ-01 Main,2026-01-15 17:19:00,668.03,78.92,4.618995,483.89,669.6,185.88,113.98,146.29,78.88,5.23670533333333,484.34,665.57,187.53,112.16,149.5,79.99,4.434146,483.9,668.91,186.47,116.72,144.91,77.88,4.19273533333333,483.42,559.88,342.85,440.7
2026-01-15 17:20:59,XPQ-01 Main,2026-01-15 17:20:00,659.49,78.94,4.34566166666667,483.41,659.97,183.05,112.05,144.17,78.96,4.93670533333333,483.77,658.14,185.2,110.53,147.68,80.06,4.26747933333333,483.35,660.38,183.94,115.24,142.75,77.81,3.8260686666666706,483.11,552.19,337.82,434.6
2026-01-15 17:21:59,XPQ-01 Main,2026-01-15 17:21:00,660.48,79.51,4.488995,483.25,658.56,182.6,110.83,144.68,79.38,4.97003866666667,483.71,659.02,185.42,108.68,149.4,80.87,4.40081266666667,483.2,663.86,184.82,114.75,144.34,78.28,4.09273533333333,482.85,552.84,334.27,438.41
2026-01-15 17:22:59,XPQ-01 Main,2026-01-15 17:22:00,659.68,79.74,4.38566166666667,482.89,660.43,183.0,109.68,145.87,79.93,4.93670533333333,483.32,659.54,185.4,108.96,149.22,80.76,4.36747933333333,482.78,659.08,183.36,113.21,143.62,78.53,3.859402,482.56,551.76,331.86,438.71
2026-01-15 17:23:59,XPQ-01 Main,2026-01-15 17:23:00,678.61,79.23,4.43232833333333,483.46,678.42,188.2,114.79,148.45,79.11,5.03670533333333,483.86,676.61,190.42,112.48,152.01,80.38,4.334146,483.39,680.82,189.64,117.66,147.55,78.19,3.92606866666667,483.14,568.26,344.93,448.01
2026-01-15 17:24:59,XPQ-01 Main,2026-01-15 17:24:00,655.11,80.51,4.508995,482.9,655.2,181.56,106.99,146.1,80.68,4.93670533333333,483.38,654.46,183.99,106.12,149.73,81.59,4.434146,482.77,655.67,182.4,110.84,144.08,79.26,4.159402,482.54,547.95,323.95,439.92
2026-01-15 17:25:59,XPQ-01 Main,2026-01-15 17:25:00,667.53,79.7,4.45566166666667,483.71,669.74,185.88,112.58,147.42,79.48,5.13670533333333,484.1,663.59,186.86,109.62,150.15,80.77,4.40081266666667,483.65,669.25,186.52,114.38,146.66,78.86,3.8260686666666706,483.37,559.25,336.58,444.23
2026-01-15 17:26:59,XPQ-01 Main,2026-01-15 17:26:00,638.97,80.28,4.41232833333333,483.28,642.99,178.28,105.09,143.52,80.68,4.87003866666667,483.63,639.29,179.85,105.26,145.09,80.94,4.334146,483.22,634.62,176.73,107.6,139.64,79.21,4.02606866666667,482.99,534.86,317.96,428.25
2026-01-15 17:27:59,XPQ-01 Main,2026-01-15 17:27:00,660.59,79.6,4.51232833333333,482.94,661.17,183.24,109.98,145.62,79.8,4.97003866666667,483.42,660.46,185.68,109.32,149.11,80.65,4.56747933333333,482.77,660.15,183.65,113.6,143.32,78.37,3.9927353333333295,482.62,552.57,332.9,438.05
2026-01-15 17:28:59,XPQ-01 Main,2026-01-15 17:28:00,650.14,79.68,4.54232833333333,483.24,650.86,180.47,109.04,143.14,79.55,5.03670533333333,483.71,647.45,182.15,106.71,146.64,80.86,4.50081266666667,483.14,652.1,181.53,111.86,142.36,78.63,4.09273533333333,482.86,544.16,327.61,432.15
2026-01-15 17:29:59,XPQ-01 Main,2026-01-15 17:29:00,666.97,80.48,4.57566166666667,482.87,666.66,184.75,109.13,148.54,80.59,5.103372,483.26,666.57,187.31,108.01,152.42,81.59,4.56747933333333,482.67,667.69,185.77,112.99,146.82,79.25,4.059402,482.66,557.83,330.12,447.78
2026-01-15 17:30:59,XPQ-01 Main,2026-01-15 17:30:00,683.99,77.41,4.508995,483.15,683.68,189.63,119.65,146.49,77.45,5.03670533333333,483.84,682.94,192.09,118.31,150.61,78.64,4.26747933333333,482.82,685.35,190.67,123.25,144.72,76.13,4.22606866666667,482.79,572.39,361.21,441.81
2026-01-15 17:31:59,XPQ-01 Main,2026-01-15 17:31:00,683.0,77.71,4.51232833333333,482.65,683.74,189.42,118.56,147.18,77.88,5.07003866666667,483.18,682.63,191.79,117.75,150.64,78.79,4.50081266666667,482.43,682.63,189.78,121.98,144.71,76.46,3.959402,482.35,570.98,358.29,442.53
2026-01-15 17:32:59,XPQ-01 Main,2026-01-15 17:32:00,705.37,78.79,4.46566166666667,482.83,704.38,195.2,118.48,154.47,79.35,5.07003866666667,483.22,709.6,199.39,119.81,158.71,79.81,4.36747933333333,482.61,702.11,195.32,123.8,150.44,77.22,3.959402,482.66,589.91,362.09,463.62
2026-01-15 17:33:59,XPQ-01 Main,2026-01-15 17:33:00,716.29,77.64,4.35232833333333,481.99,713.51,197.45,122.59,154.29,78.3,4.903372,482.7,721.87,202.54,124.65,159.22,78.74,4.30081266666667,481.6,713.51,198.02,128.68,149.92,75.88,3.859402,481.68,598.02,375.92,463.43
2026-01-15 17:34:59,XPQ-01 Main,2026-01-15 17:34:00,790.94,75.88,4.188995,479.98,793.04,218.43,141.39,166.15,76.16,4.703372,480.5,790.65,220.94,141.15,169.63,76.87,4.134146,479.84,789.12,218.19,145.07,162.63,74.63,3.7260686666666705,479.6,657.55,427.61,498.41
2026-01-15 17:35:59,XPQ-01 Main,2026-01-15 17:35:00,805.73,71.97,4.25566166666667,481.21,803.26,221.86,152.54,160.63,72.51,4.77003866666667,481.78,810.03,226.91,154.32,165.83,73.21,4.434146,480.99,803.9,222.82,158.42,156.16,70.2,3.559402,480.86,671.58,465.28,482.62
2026-01-15 17:36:59,XPQ-01 Main,2026-01-15 17:36:00,873.61,77.14,4.26566166666667,480.41,874.14,240.92,151.77,186.77,77.61,4.83670533333333,480.71,876.66,245.15,152.83,191.15,78.11,4.434146,480.4,870.03,240.88,157.2,182.1,75.7,3.52606866666667,480.12,726.95,461.79,560.02
2026-01-15 17:37:59,XPQ-01 Main,2026-01-15 17:37:00,897.24,78.51,4.22232833333333,480.14,898.68,247.5,151.57,195.38,79.01,4.53670533333333,480.47,900.5,251.71,152.91,199.51,79.37,4.30081266666667,480.18,892.54,246.96,156.93,190.29,77.15,3.8260686666666706,479.76,746.18,461.42,585.18
2026-01-15 17:38:59,XPQ-01 Main,2026-01-15 17:38:00,876.66,77.88,4.188995,480.67,873.67,240.93,149.38,188.69,78.4,4.67003866666667,481.11,881.7,246.75,151.03,194.79,79.03,4.30081266666667,480.64,874.61,242.2,156.53,184.32,76.22,3.59273533333333,480.25,729.88,456.95,567.8
2026-01-15 17:39:59,XPQ-01 Main,2026-01-15 17:39:00,864.1,79.39,4.498995,480.17,866.7,238.67,144.31,189.76,79.6,5.07003866666667,480.5,862.92,241.27,143.53,193.46,80.31,4.56747933333333,480.3,862.68,238.72,148.32,186.56,78.28,3.859402,479.72,718.66,436.16,569.78
2026-01-15 17:40:59,XPQ-01 Main,2026-01-15 17:40:00,950.16,79.33,4.34566166666667,480.04,953.09,262.4,159.42,208.14,79.39,4.73670533333333,480.38,947.33,264.78,157.6,212.33,80.3,4.334146,480.16,950.05,262.83,163.21,205.48,78.31,3.959402,479.58,790.01,480.23,625.96
2026-01-15 17:41:59,XPQ-01 Main,2026-01-15 17:41:00,849.83,79.44,4.34566166666667,480.63,853.44,235.25,142.25,186.78,79.55,4.77003866666667,481.05,847.46,237.2,140.9,190.03,80.33,4.40081266666667,480.74,848.6,235.0,145.38,183.9,78.45,3.859402,480.08,707.46,428.53,560.71
2026-01-15 17:42:59,XPQ-01 Main,2026-01-15 17:42:00,879.66,77.77,4.23232833333333,480.76,881.07,242.97,151.52,189.62,78.12,4.63670533333333,481.29,881.22,246.75,152.01,193.87,78.69,4.26747933333333,480.82,876.69,242.78,156.15,185.38,76.48,3.79273533333333,480.17,732.51,459.68,568.86
2026-01-15 17:43:59,XPQ-01 Main,2026-01-15 17:43:00,853.64,77.62,4.298995,481.15,856.63,236.45,148.01,183.88,77.9,4.87003866666667,481.65,853.37,239.1,147.78,187.26,78.5,4.50081266666667,481.15,850.91,235.85,151.66,180.0,76.47,3.52606866666667,480.65,711.41,447.45,551.14
2026-01-15 17:44:59,XPQ-01 Main,2026-01-15 17:44:00,869.89,77.99,4.55566166666667,481.42,871.52,240.67,149.48,187.88,78.25,4.87003866666667,481.89,870.16,243.95,149.29,191.98,78.94,4.66747933333333,481.48,868.0,240.74,153.8,184.23,76.77,4.12606866666667,480.89,725.37,452.57,564.08
2026-01-15 17:45:59,XPQ-01 Main,2026-01-15 17:45:00,850.25,79.2,4.38566166666667,481.97,852.8,235.76,143.28,186.48,79.3,4.903372,482.52,848.97,238.32,141.88,190.35,80.18,4.26747933333333,482.04,848.98,235.7,146.87,183.86,78.13,3.9927353333333295,481.36,709.79,432.03,560.69
2026-01-15 17:46:59,XPQ-01 Main,2026-01-15 17:46:00,848.97,77.92,4.38566166666667,481.91,850.48,235.11,146.38,183.42,78.16,4.93670533333333,482.39,848.7,238.18,146.04,187.53,78.9,4.26747933333333,481.96,847.72,235.35,150.66,180.04,76.69,3.959402,481.39,708.64,443.07,550.99
2026-01-15 17:47:59,XPQ-01 Main,2026-01-15 17:47:00,828.52,77.61,4.398995,482.21,832.11,230.22,144.34,178.82,77.81,4.93670533333333,482.7,826.88,232.16,143.58,181.89,78.49,4.30081266666667,482.13,826.56,229.61,147.53,175.39,76.53,3.959402,481.78,691.98,435.45,536.09
2026-01-15 17:48:59,XPQ-01 Main,2026-01-15 17:48:00,870.56,74.81,4.188995,481.74,872.3,241.04,159.18,180.68,75.03,4.403372,482.13,870.05,244.07,158.8,184.81,75.84,4.434146,481.83,869.31,241.29,163.24,177.18,73.55,3.72606866666667,481.26,726.4,481.22,542.67
2026-01-15 17:49:59,XPQ-01 Main,2026-01-15 17:49:00,862.53,75.74,4.42232833333333,481.51,866.54,239.4,156.07,181.15,75.76,4.803372,482.02,858.99,240.83,154.07,184.27,76.72,4.534146,481.45,862.06,239.12,158.56,178.43,74.75,3.92606866666667,481.07,719.35,468.7,543.85
2026-01-15 17:50:59,XPQ-01 Main,2026-01-15 17:50:00,917.56,76.6,4.26566166666667,481.46,918.95,253.77,163.13,194.05,76.55,4.703372,481.92,914.32,256.37,160.91,199.1,77.77,4.36747933333333,481.57,919.41,255.02,167.1,192.23,75.47,3.7260686666666705,480.88,765.16,491.15,585.38
2026-01-15 17:51:59,XPQ-01 Main,2026-01-15 17:51:00,901.1,75.83,4.518995,481.65,900.93,249.04,161.56,189.12,76.03,5.07003866666667,482.21,901.31,252.73,161.2,194.32,76.96,4.30081266666667,481.49,901.06,249.98,166.47,185.88,74.49,4.19273533333333,481.26,751.75,489.24,569.32
2026-01-15 17:52:59,XPQ-01 Main,2026-01-15 17:52:00,859.75,79.13,4.55232833333333,481.79,863.77,238.74,144.74,189.22,79.43,5.03670533333333,482.28,859.07,241.01,144.53,192.18,79.92,4.70081266666667,481.77,856.42,237.71,148.28,185.15,78.05,3.92606866666667,481.32,717.46,437.56,566.54
2026-01-15 17:53:59,XPQ-01 Main,2026-01-15 17:53:00,874.12,78.73,4.488995,481.2,878.98,242.56,148.3,191.51,79.07,5.03670533333333,481.52,873.92,244.87,148.42,194.14,79.44,4.56747933333333,481.33,869.45,241.11,151.58,186.9,77.67,3.859402,480.73,728.54,448.3,572.55
2026-01-15 17:54:59,XPQ-01 Main,2026-01-15 17:54:00,890.23,78.15,4.16566166666667,482.48,891.9,246.84,153.47,193.02,78.27,4.57003866666667,482.98,889.06,249.8,152.4,197.45,79.16,4.034146,482.53,889.74,247.3,157.61,190.2,77.0,3.89273533333333,481.92,743.95,463.48,580.67
2026-01-15 17:55:59,XPQ-01 Main,2026-01-15 17:55:00,864.51,79.75,4.53232833333333,479.48,864.68,237.93,141.33,190.87,80.37,5.03670533333333,480.12,869.67,242.81,143.47,195.42,80.61,4.66747933333333,479.29,859.17,237.25,147.38,185.36,78.27,3.89273533333333,479.04,717.99,432.19,571.65
2026-01-15 17:56:59,XPQ-01 Main,2026-01-15 17:56:00,819.43,77.82,4.52232833333333,480.02,821.45,226.19,140.53,176.8,78.28,5.13670533333333,480.49,821.92,229.75,141.46,180.37,78.69,4.40081266666667,480.03,814.91,225.36,144.95,172.11,76.49,4.02606866666667,479.53,681.3,426.94,529.27
2026-01-15 17:57:59,XPQ-01 Main,2026-01-15 17:57:00,863.36,79.35,4.318995,479.86,859.55,236.75,143.65,187.73,79.42,4.73670533333333,480.43,864.22,241.4,142.36,194.43,80.69,4.20081266666667,479.63,866.29,239.43,149.71,186.25,77.94,4.02606866666667,479.52,717.59,435.72,568.41
2026-01-15 17:58:59,XPQ-01 Main,2026-01-15 17:58:00,840.96,79.1,4.33232833333333,479.23,839.64,230.8,141.65,181.97,78.91,5.103372,479.61,837.76,233.77,138.65,187.81,80.45,4.20081266666667,479.33,845.5,233.47,146.09,181.75,77.94,3.6927353333333297,478.75,698.04,426.39,551.53
2026-01-15 17:59:59,XPQ-01 Main,2026-01-15 17:59:00,822.61,78.62,4.42232833333333,479.36,819.13,225.16,138.66,177.04,78.73,4.903372,479.8,823.67,229.99,137.75,183.55,79.98,4.36747933333333,479.57,825.03,227.85,144.74,175.52,77.15,3.9927353333333295,478.7,683.0,421.16,536.1
2026-01-15 18:00:59,XPQ-01 Main,2026-01-15 18:00:00,844.89,80.08,4.218995,479.43,842.38,231.78,137.28,186.46,80.53,4.73670533333333,480.08,849.24,237.07,138.34,192.25,81.17,4.06747933333333,479.23,843.05,232.77,143.96,182.65,78.54,3.859402,478.98,701.62,419.58,561.36
2026-01-15 18:01:59,XPQ-01 Main,2026-01-15 18:01:00,804.61,79.99,4.24232833333333,479.77,802.52,220.82,132.51,176.33,79.94,4.703372,480.15,803.26,224.42,130.34,182.12,81.32,4.36747933333333,479.9,808.05,223.39,137.6,175.61,78.72,3.659402,479.28,668.63,400.45,534.06
2026-01-15 18:02:59,XPQ-01 Main,2026-01-15 18:02:00,853.48,80.12,4.13232833333333,480.15,849.91,234.23,139.97,187.41,80.12,4.703372,480.69,852.98,238.39,138.07,193.68,81.43,4.034146,479.9,857.53,237.18,145.53,186.37,78.82,3.659402,479.85,709.8,423.57,567.47
2026-01-15 18:03:59,XPQ-01 Main,2026-01-15 18:03:00,803.35,79.1,4.008995,480.07,802.61,221.15,134.68,175.1,79.26,4.503372,480.56,803.35,224.47,133.8,179.9,80.24,4.10081266666667,479.83,804.09,222.38,139.53,172.76,77.8,3.42606866666667,479.82,668.0,408.02,527.76
2026-01-15 18:04:59,XPQ-01 Main,2026-01-15 18:04:00,836.19,79.21,4.23232833333333,480.32,831.17,229.15,139.57,181.43,79.26,4.77003866666667,481.03,836.83,234.04,138.19,188.49,80.65,4.26747933333333,480.06,840.57,232.48,146.0,180.35,77.72,3.659402,479.88,695.68,423.77,550.27
2026-01-15 18:05:59,XPQ-01 Main,2026-01-15 18:05:00,834.69,77.68,4.24232833333333,480.08,828.01,228.13,143.33,177.04,77.72,4.67003866666667,480.83,836.2,233.81,142.22,185.2,79.31,4.334146,479.92,839.86,232.14,150.67,176.29,76.02,3.7260686666666705,479.49,694.08,436.22,538.54
2026-01-15 18:06:59,XPQ-01 Main,2026-01-15 18:06:00,818.58,77.94,4.81232833333333,480.06,818.99,225.69,141.0,175.77,78.0,5.13670533333333,480.71,816.9,228.3,139.54,180.2,79.07,4.96747933333333,479.77,819.87,226.66,144.93,173.59,76.76,4.32606866666667,479.7,680.65,425.48,529.57
2026-01-15 18:07:59,XPQ-01 Main,2026-01-15 18:07:00,807.49,78.59,4.418995,480.48,808.94,223.04,137.35,175.39,78.73,4.83670533333333,480.97,806.4,225.56,136.27,179.27,79.61,4.46747933333333,480.34,807.13,223.42,141.13,172.69,77.43,3.959402,480.15,672.02,414.76,527.35
2026-01-15 18:08:59,XPQ-01 Main,2026-01-15 18:08:00,862.62,78.85,4.73232833333333,480.41,861.55,237.43,145.52,187.46,78.99,5.13670533333333,480.89,862.8,241.38,144.6,192.97,80.02,4.76747933333333,480.45,863.51,238.99,150.76,185.15,77.54,4.29273533333333,479.9,717.8,440.88,565.58
2026-01-15 18:09:59,XPQ-01 Main,2026-01-15 18:09:00,841.74,78.31,4.73232833333333,480.9,843.12,232.55,145.17,181.46,78.09,5.37003866666667,481.44,836.71,234.39,141.95,186.23,79.53,4.634146,481.03,845.39,234.18,148.45,180.88,77.3,4.19273533333333,480.23,701.12,435.57,548.56
2026-01-15 18:10:59,XPQ-01 Main,2026-01-15 18:10:00,855.11,81.93,4.35566166666667,480.51,856.76,236.05,136.16,192.62,81.66,4.73670533333333,480.87,848.95,237.58,132.06,197.08,83.07,4.434146,480.74,859.61,238.02,139.25,192.77,81.06,3.89273533333333,479.91,711.66,407.46,582.47
2026-01-15 18:11:59,XPQ-01 Main,2026-01-15 18:11:00,835.64,81.32,4.34232833333333,480.32,839.33,231.22,134.34,187.73,81.32,4.803372,480.79,831.84,232.7,132.03,191.02,82.26,4.30081266666667,480.42,835.75,231.27,137.39,185.64,80.38,3.92606866666667,479.75,695.19,403.76,564.39
2026-01-15 18:12:59,XPQ-01 Main,2026-01-15 18:12:00,1370.7,60.53,4.23232833333333,470.83,1379.23,372.3,294.87,225.13,60.68,4.63670533333333,471.39,1365.57,374.62,294.26,229.6,61.52,4.234146,471.04,1367.29,370.88,296.98,219.21,59.39,3.8260686666666706,470.07,1117.8,886.11,673.94
2026-01-15 18:13:59,XPQ-01 Main,2026-01-15 18:13:00,917.6,75.3,4.26566166666667,478.74,918.81,252.35,164.42,191.17,75.82,4.53670533333333,479.15,920.81,256.65,165.88,195.36,76.23,4.26747933333333,478.74,913.18,251.89,169.58,185.8,73.86,3.9927353333333295,478.34,760.9,499.88,572.33
2026-01-15 18:14:59,XPQ-01 Main,2026-01-15 18:14:00,965.04,78.75,4.17566166666667,478.67,965.66,265.14,162.65,209.08,78.93,4.53670533333333,479.05,964.92,268.92,161.87,214.27,79.79,4.20081266666667,478.73,964.53,266.05,167.81,205.94,77.52,3.79273533333333,478.23,800.1,492.34,629.29
2026-01-15 18:15:59,XPQ-01 Main,2026-01-15 18:15:00,979.01,78.96,4.098995,478.49,977.37,268.26,162.38,213.14,79.55,4.403372,478.98,985.24,274.54,164.64,219.26,79.97,4.234146,478.52,974.41,268.6,170.05,207.65,77.37,3.659402,477.96,811.4,497.06,640.04
2026-01-15 18:16:59,XPQ-01 Main,2026-01-15 18:16:00,844.06,79.3,4.42232833333333,480.88,844.18,232.93,141.37,184.74,79.42,4.97003866666667,481.37,843.38,236.12,140.13,189.46,80.4,4.36747933333333,480.79,844.62,233.98,145.9,182.39,78.09,3.92606866666667,480.47,703.03,427.4,556.59
2026-01-15 18:17:59,XPQ-01 Main,2026-01-15 18:17:00,971.22,78.01,4.15566166666667,479.07,972.07,267.16,166.67,208.35,78.09,4.77003866666667,479.51,969.42,270.39,165.06,213.55,79.12,4.20081266666667,479.06,972.18,268.34,171.46,205.83,76.83,3.49273533333333,478.63,805.9,503.19,627.72
2026-01-15 18:18:59,XPQ-01 Main,2026-01-15 18:18:00,856.93,78.19,4.498995,480.07,856.55,235.93,146.6,184.45,78.28,5.07003866666667,480.57,856.08,239.29,145.38,189.67,79.37,4.60081266666667,480.01,858.17,237.33,151.51,182.33,76.91,3.8260686666666706,479.63,712.56,443.49,556.45
2026-01-15 18:19:59,XPQ-01 Main,2026-01-15 18:19:00,816.68,80.24,4.498995,480.96,816.09,225.24,134.11,180.49,80.27,5.003372,481.48,814.91,228.18,132.29,185.53,81.42,4.46747933333333,480.8,819.02,226.91,138.83,179.01,79.02,4.02606866666667,480.59,680.33,405.23,545.02
2026-01-15 18:20:59,XPQ-01 Main,2026-01-15 18:20:00,837.97,79.79,4.42232833333333,479.75,837.35,230.44,138.74,183.65,79.79,4.803372,480.16,836.16,233.57,136.82,188.86,80.98,4.50081266666667,479.79,840.39,232.3,143.37,182.35,78.61,3.959402,479.31,696.32,418.93,554.86
2026-01-15 18:21:59,XPQ-01 Main,2026-01-15 18:21:00,828.45,79.2,4.288995,480.46,827.03,227.94,138.92,180.4,79.23,4.77003866666667,480.9,827.54,231.52,137.34,185.87,80.43,4.234146,480.5,830.78,229.97,143.85,178.97,77.94,3.859402,479.98,689.43,420.12,545.24
2026-01-15 18:22:59,XPQ-01 Main,2026-01-15 18:22:00,876.92,79.6,4.28566166666667,479.59,872.98,240.19,145.26,191.03,79.6,4.63670533333333,480.03,876.66,244.79,143.42,197.98,80.98,4.40081266666667,479.58,881.11,243.47,151.48,190.18,78.22,3.8260686666666706,479.17,728.45,440.16,579.18
2026-01-15 18:23:59,XPQ-01 Main,2026-01-15 18:23:00,856.08,78.25,4.27566166666667,480.02,852.21,234.65,145.19,183.97,78.5,4.73670533333333,480.43,859.22,240.16,145.18,190.48,79.53,4.434146,480.07,856.81,236.97,151.75,181.55,76.73,3.659402,479.54,711.78,442.12,555.99
2026-01-15 18:24:59,XPQ-01 Main,2026-01-15 18:24:00,880.68,78.76,4.408995,479.96,879.17,242.06,148.33,191.03,78.99,4.87003866666667,480.44,882.05,246.53,148.03,196.72,79.9,4.26747933333333,480.0,880.82,243.55,154.07,188.23,77.38,4.09273533333333,479.44,732.14,450.42,575.98
2026-01-15 18:25:59,XPQ-01 Main,2026-01-15 18:25:00,876.25,78.85,4.26566166666667,480.4,874.98,241.13,147.63,190.34,79.02,4.77003866666667,480.85,876.83,245.28,146.92,196.01,80.02,4.40081266666667,480.43,876.94,242.72,153.21,187.92,77.5,3.6260686666666704,479.92,729.12,447.76,574.27
2026-01-15 18:26:59,XPQ-01 Main,2026-01-15 18:26:00,912.63,79.77,4.308995,479.91,908.76,250.24,150.29,199.77,79.91,4.87003866666667,480.41,914.32,255.47,149.53,206.81,81.04,4.36747933333333,479.83,914.8,252.91,156.92,197.86,78.35,3.6927353333333297,479.47,758.62,456.74,604.43
2026-01-15 18:27:59,XPQ-01 Main,2026-01-15 18:27:00,908.15,80.11,4.298995,480.06,904.9,249.16,148.33,199.88,80.3,4.67003866666667,480.48,910.39,254.5,147.8,206.55,81.33,4.46747933333333,480.16,909.16,251.48,154.95,197.67,78.7,3.759402,479.55,755.14,451.08,604.11
2026-01-15 18:28:59,XPQ-01 Main,2026-01-15 18:28:00,913.06,77.76,4.44232833333333,479.55,911.45,250.79,155.86,196.11,78.29,4.93670533333333,480.05,917.92,256.3,157.62,201.74,78.8,4.634146,479.49,909.8,251.34,162.53,191.28,76.21,3.759402,479.12,758.42,476.0,589.12
2026-01-15 18:29:59,XPQ-01 Main,2026-01-15 18:29:00,931.22,78.32,4.24232833333333,479.48,928.59,255.44,156.86,201.33,78.88,4.77003866666667,480.05,937.2,261.7,159.03,207.61,79.39,4.46747933333333,479.46,927.88,256.25,164.35,196.38,76.69,3.49273533333333,478.93,773.39,480.24,605.32
2026-01-15 18:30:59,XPQ-01 Main,2026-01-15 18:30:00,893.73,79.22,4.42232833333333,479.68,894.19,246.1,148.55,195.84,79.67,4.83670533333333,480.14,896.97,250.49,149.63,200.4,80.13,4.50081266666667,479.61,890.03,245.97,154.18,191.21,77.85,3.92606866666667,479.3,742.56,452.36,587.45
2026-01-15 18:31:59,XPQ-01 Main,2026-01-15 18:31:00,891.33,79.76,4.398995,479.27,896.36,246.4,148.07,196.42,79.85,4.97003866666667,479.76,887.72,247.79,146.42,199.39,80.6,4.40081266666667,479.36,889.9,245.71,151.08,193.47,78.82,3.8260686666666706,478.7,739.91,445.57,589.28
2026-01-15 18:32:59,XPQ-01 Main,2026-01-15 18:32:00,925.54,80.31,4.36566166666667,479.7,929.41,255.7,151.75,205.49,80.44,4.77003866666667,480.12,922.91,257.81,150.46,209.04,81.16,4.40081266666667,479.8,924.32,255.48,155.38,202.4,79.32,3.92606866666667,479.18,768.99,457.58,616.93
2026-01-15 18:33:59,XPQ-01 Main,2026-01-15 18:33:00,892.35,78.34,4.25566166666667,479.27,893.37,245.52,152.51,192.13,78.32,4.603372,479.64,889.94,248.41,150.64,197.15,79.46,4.36747933333333,479.48,893.73,246.82,156.62,190.4,77.23,3.79273533333333,478.68,740.75,459.76,579.68
2026-01-15 18:34:59,XPQ-01 Main,2026-01-15 18:34:00,939.45,78.52,4.298995,478.91,939.96,258.22,157.77,204.06,79.11,4.73670533333333,479.45,944.46,263.44,159.99,208.9,79.39,4.46747933333333,478.96,933.94,257.64,164.09,198.33,77.05,3.6927353333333297,478.33,779.3,481.84,611.3
2026-01-15 18:35:59,XPQ-01 Main,2026-01-15 18:35:00,917.95,78.43,4.26566166666667,479.68,916.75,252.23,155.4,198.42,78.73,4.803372,480.12,920.32,257.08,155.68,204.08,79.51,4.26747933333333,479.76,916.77,253.37,161.3,194.93,77.04,3.7260686666666705,479.16,762.68,472.38,597.42
2026-01-15 18:36:59,XPQ-01 Main,2026-01-15 18:36:00,908.77,78.66,4.408995,479.38,909.23,250.04,152.97,197.49,79.06,4.73670533333333,479.88,911.13,254.35,153.71,202.2,79.61,4.56747933333333,479.4,905.95,250.19,158.42,193.19,77.33,3.92606866666667,478.87,754.58,465.11,592.89
2026-01-15 18:37:59,XPQ-01 Main,2026-01-15 18:37:00,914.93,80.43,4.36566166666667,479.65,919.77,252.98,150.38,202.97,80.35,4.803372,479.9,909.43,253.98,147.36,206.13,81.35,4.30081266666667,479.83,915.59,253.13,153.03,201.14,79.59,3.9927353333333295,479.2,760.08,450.77,610.25
2026-01-15 18:38:59,XPQ-01 Main,2026-01-15 18:38:00,911.57,78.55,4.54232833333333,479.92,911.94,251.07,155.07,197.02,78.58,5.07003866666667,480.43,909.4,254.15,153.31,202.33,79.7,4.56747933333333,479.94,913.38,252.52,159.7,195.1,77.38,3.9927353333333295,479.4,757.75,468.09,594.45
2026-01-15 18:39:59,XPQ-01 Main,2026-01-15 18:39:00,930.58,79.86,4.398995,479.48,928.66,255.37,153.48,203.71,79.87,4.97003866666667,479.95,929.33,259.53,151.62,210.06,81.08,4.56747933333333,479.62,933.75,257.94,159.08,202.38,78.62,3.659402,478.86,772.83,464.18,616.15
2026-01-15 18:40:59,XPQ-01 Main,2026-01-15 18:40:00,907.46,79.29,4.45566166666667,479.9,912.22,251.14,152.56,199.16,79.38,5.03670533333333,480.36,903.82,252.55,150.91,202.16,80.14,4.46747933333333,479.9,906.35,250.59,155.47,196.05,78.35,3.859402,479.44,754.29,458.94,597.36
2026-01-15 18:41:59,XPQ-01 Main,2026-01-15 18:41:00,926.89,79.26,4.308995,479.6,928.11,255.31,154.9,202.6,79.44,4.703372,480.08,926.46,258.78,154.11,207.38,80.26,4.30081266666667,479.7,926.12,255.89,159.65,199.51,78.08,3.92606866666667,479.03,769.98,468.66,609.49
2026-01-15 18:42:59,XPQ-01 Main,2026-01-15 18:42:00,943.01,78.81,4.14232833333333,479.31,944.89,259.85,157.43,206.33,79.5,4.57003866666667,479.8,948.47,264.69,160.24,210.27,79.54,4.034146,479.26,935.66,258.36,163.32,199.65,77.4,3.8260686666666706,478.88,782.91,480.98,616.26
2026-01-15 18:43:59,XPQ-01 Main,2026-01-15 18:43:00,930.1,78.89,4.04566166666667,479.42,929.12,255.5,156.36,201.58,79.02,4.403372,479.91,929.95,259.65,155.37,207.48,80.04,4.134146,479.51,931.22,257.19,161.9,199.29,77.62,3.59273533333333,478.83,772.34,473.63,608.35
2026-01-15 18:44:59,XPQ-01 Main,2026-01-15 18:44:00,955.62,80.11,4.118995,479.32,956.71,263.03,156.18,211.28,80.41,4.53670533333333,479.76,956.72,267.04,156.3,216.13,81.03,4.26747933333333,479.4,953.43,263.31,161.6,207.36,78.88,3.559402,478.8,793.38,474.07,634.77
2026-01-15 18:45:59,XPQ-01 Main,2026-01-15 18:45:00,894.05,80.32,4.62232833333333,479.64,895.71,246.42,145.92,198.12,80.52,5.103372,480.04,893.48,249.55,145.19,202.46,81.26,4.534146,479.75,892.96,246.79,150.48,195.1,79.18,4.22606866666667,479.15,742.76,441.59,595.67
2026-01-15 18:46:59,XPQ-01 Main,2026-01-15 18:46:00,939.57,80.22,4.57566166666667,479.54,937.94,257.99,152.65,207.65,80.58,5.17003866666667,479.98,943.08,263.34,153.24,213.58,81.26,4.50081266666667,479.6,937.7,259.07,159.31,203.87,78.81,4.059402,479.04,780.39,465.2,625.09
2026-01-15 18:47:59,XPQ-01 Main,2026-01-15 18:47:00,1010.54,78.9,4.35232833333333,479.0,1007.52,276.85,167.3,220.33,79.64,4.87003866666667,479.39,1019.71,284.37,171.02,226.86,79.85,4.434146,479.03,1004.37,277.22,175.94,213.69,77.2,3.759402,478.58,838.44,514.27,660.88
2026-01-15 18:48:59,XPQ-01 Main,2026-01-15 18:48:00,1006.38,79.68,4.44566166666667,479.26,1002.5,275.54,164.63,220.59,80.14,4.87003866666667,479.72,1012.55,282.64,166.26,227.99,80.8,4.46747933333333,479.41,1004.09,277.26,172.93,216.25,78.1,3.9927353333333295,478.66,835.44,503.82,664.84
2026-01-15 18:49:59,XPQ-01 Main,2026-01-15 18:49:00,1019.71,80.42,4.52232833333333,479.06,1014.13,278.68,164.02,224.88,80.79,5.103372,479.58,1025.39,286.09,164.92,233.33,81.66,4.36747933333333,479.1,1019.6,281.38,173.06,221.57,78.81,4.09273533333333,478.49,846.14,501.99,679.79
2026-01-15 18:50:59,XPQ-01 Main,2026-01-15 18:50:00,1018.19,79.82,4.42232833333333,479.09,1015.35,279.05,165.59,224.22,80.44,5.003372,479.54,1025.57,286.1,168.38,230.94,80.8,4.634146,479.12,1013.66,279.8,174.04,218.47,78.21,3.62606866666667,478.61,844.95,508.01,673.63
2026-01-15 18:51:59,XPQ-01 Main,2026-01-15 18:51:00,1016.39,80.34,4.33232833333333,479.41,1012.15,278.37,163.73,224.8,80.83,4.73670533333333,479.86,1023.12,285.58,165.5,232.34,81.45,4.30081266666667,479.41,1013.9,280.06,172.51,220.3,78.73,3.959402,478.97,844.02,501.74,677.44
2026-01-15 18:52:59,XPQ-01 Main,2026-01-15 18:52:00,1008.41,80.45,4.23232833333333,479.34,1004.22,276.14,162.13,223.11,80.9,4.703372,479.8,1014.51,283.15,163.5,230.37,81.55,4.26747933333333,479.35,1006.5,277.96,170.36,218.85,78.91,3.7260686666666705,478.87,837.26,495.98,672.33
2026-01-15 18:53:59,XPQ-01 Main,2026-01-15 18:53:00,1021.67,80.99,4.35232833333333,479.71,1021.67,281.17,163.79,228.24,81.25,4.83670533333333,480.13,1023.0,285.7,163.47,233.93,81.97,4.50081266666667,479.7,1020.35,282.04,169.9,224.6,79.75,3.72606866666667,479.31,848.91,497.16,686.77
2026-01-15 18:54:59,XPQ-01 Main,2026-01-15 18:54:00,977.08,81.1,4.298995,480.2,972.65,267.94,154.4,218.54,81.67,4.77003866666667,480.57,984.77,275.3,156.66,225.92,82.18,4.434146,480.2,973.82,269.47,163.45,213.81,79.44,3.6927353333333297,479.82,812.7,474.51,658.26
2026-01-15 18:55:59,XPQ-01 Main,2026-01-15 18:55:00,997.05,81.24,4.45232833333333,479.95,993.9,273.67,156.77,223.95,81.92,5.03670533333333,480.38,1005.57,280.98,159.85,230.64,82.19,4.334146,479.92,991.69,274.24,165.71,218.01,79.61,3.9927353333333295,479.54,828.88,482.33,672.6
2026-01-15 18:56:59,XPQ-01 Main,2026-01-15 18:56:00,985.26,80.73,4.398995,480.23,981.68,270.46,157.13,219.64,81.33,4.83670533333333,480.68,993.01,277.65,159.67,226.7,81.76,4.56747933333333,480.21,981.1,271.45,165.89,214.41,79.09,3.79273533333333,479.8,819.56,482.69,660.75
2026-01-15 18:57:59,XPQ-01 Main,2026-01-15 18:57:00,998.92,80.36,4.34232833333333,480.42,998.32,275.11,161.61,222.26,80.88,4.83670533333333,480.88,1003.97,280.87,163.47,227.99,81.27,4.40081266666667,480.49,994.47,275.27,168.83,217.01,78.93,3.79273533333333,479.9,831.25,493.91,667.27
2026-01-15 18:58:59,XPQ-01 Main,2026-01-15 18:58:00,1004.06,81.23,4.35232833333333,480.1,1001.12,275.7,158.8,225.03,81.7,4.77003866666667,480.56,1009.93,282.35,160.41,232.0,82.25,4.60081266666667,480.17,1001.12,276.91,166.93,220.64,79.75,3.6927353333333297,479.57,834.97,486.14,677.67
2026-01-15 18:59:59,XPQ-01 Main,2026-01-15 18:59:00,993.26,81.91,4.178995,480.21,989.06,272.42,155.57,223.25,82.04,4.77003866666667,480.7,995.24,278.34,154.35,231.07,83.16,4.16747933333333,480.3,995.48,275.4,163.1,221.58,80.53,3.59273533333333,479.62,826.16,473.02,675.9
2026-01-15 19:00:59,XPQ-01 Main,2026-01-15 19:00:00,1033.33,82.0,4.35566166666667,480.28,1030.63,283.86,161.31,233.22,82.24,4.93670533333333,480.68,1036.19,289.84,161.03,240.55,83.1,4.234146,480.47,1033.16,285.93,168.85,230.41,80.66,3.89273533333333,479.7,859.62,491.18,704.18
2026-01-15 19:01:59,XPQ-01 Main,2026-01-15 19:01:00,1033.98,79.93,3.92232833333333,479.54,1032.15,284.02,168.18,228.4,80.52,4.37003866666667,480.11,1040.59,290.54,170.65,234.74,80.89,3.8674793333333297,479.41,1029.21,284.28,176.27,222.55,78.39,3.52606866666667,479.11,858.85,515.1,685.69
2026-01-15 19:02:59,XPQ-01 Main,2026-01-15 19:02:00,1025.84,80.31,4.27566166666667,480.06,1027.55,283.0,166.8,228.3,80.75,4.803372,480.52,1028.72,287.53,167.79,232.93,81.14,4.26747933333333,480.04,1021.25,282.46,172.68,222.9,79.05,3.759402,479.62,852.99,507.27,684.14
2026-01-15 19:03:59,XPQ-01 Main,2026-01-15 19:03:00,1075.77,81.77,4.208995,476.96,1076.34,294.36,168.09,241.31,82.06,4.603372,477.34,1078.31,299.55,168.15,247.25,82.69,4.20081266666667,477.21,1072.66,294.81,174.56,237.3,80.55,3.8260686666666706,476.32,888.73,510.79,725.85
2026-01-15 19:04:59,XPQ-01 Main,2026-01-15 19:04:00,1016.98,81.5,4.37566166666667,474.76,1016.59,276.87,157.02,227.6,82.31,4.803372,475.16,1026.07,283.61,161.14,232.97,82.24,4.30081266666667,474.76,1008.29,275.83,165.42,220.21,79.95,4.02606866666667,474.35,836.31,483.58,680.77
2026-01-15 19:05:59,XPQ-01 Main,2026-01-15 19:05:00,1034.05,81.45,4.44232833333333,477.97,1033.67,283.39,163.63,230.67,81.56,5.003372,478.42,1033.16,287.56,162.08,236.95,82.54,4.20081266666667,478.04,1035.32,285.11,169.75,228.43,80.26,4.12606866666667,477.45,856.06,495.47,696.05
2026-01-15 19:06:59,XPQ-01 Main,2026-01-15 19:06:00,1090.7,81.26,4.27566166666667,477.26,1088.6,297.93,170.01,244.25,82.07,4.703372,477.43,1101.53,306.04,174.56,250.85,82.08,4.26747933333333,477.46,1081.98,297.69,179.8,236.75,79.64,3.859402,476.89,901.66,524.37,731.85
2026-01-15 19:07:59,XPQ-01 Main,2026-01-15 19:07:00,1056.16,80.7,4.198995,477.72,1053.54,288.72,167.01,235.03,81.52,4.63670533333333,478.21,1066.79,296.76,171.49,241.81,81.57,4.234146,477.73,1048.17,288.48,176.7,227.76,79.01,3.72606866666667,477.22,873.96,515.19,704.59
2026-01-15 19:08:59,XPQ-01 Main,2026-01-15 19:08:00,1069.06,82.46,4.33232833333333,478.76,1065.37,292.53,164.13,241.52,82.71,4.87003866666667,479.29,1072.04,298.96,163.75,249.55,83.61,4.434146,478.87,1069.76,295.04,172.55,238.91,81.07,3.6927353333333297,478.11,886.52,500.43,729.98
2026-01-15 19:09:59,XPQ-01 Main,2026-01-15 19:09:00,1073.25,80.75,4.408995,477.85,1073.64,294.27,169.75,239.78,81.62,4.903372,478.3,1083.7,301.56,174.67,245.25,81.45,4.36747933333333,477.94,1062.43,292.5,178.47,231.31,79.17,3.959402,477.31,888.34,522.89,716.34
2026-01-15 19:10:59,XPQ-01 Main,2026-01-15 19:10:00,1085.06,81.6,4.45232833333333,478.25,1085.4,297.73,169.15,244.4,82.23,4.93670533333333,478.68,1091.71,304.03,172.12,250.22,82.39,4.50081266666667,478.34,1078.06,297.08,177.24,237.84,80.18,3.92606866666667,477.75,898.85,518.51,732.46
2026-01-15 19:11:59,XPQ-01 Main,2026-01-15 19:11:00,1077.54,78.82,4.198995,477.84,1078.91,295.74,179.15,234.67,79.48,4.603372,478.31,1083.52,301.49,182.1,239.54,79.61,4.30081266666667,477.87,1070.19,294.62,186.23,227.44,77.37,3.6927353333333297,477.35,891.85,547.48,701.65
2026-01-15 19:12:59,XPQ-01 Main,2026-01-15 19:12:00,1069.8,79.31,4.24232833333333,477.2,1069.65,292.76,175.5,234.01,80.0,4.53670533333333,477.67,1077.34,299.41,178.84,239.4,80.11,4.36747933333333,477.3,1062.41,292.09,183.04,226.86,77.83,3.8260686666666706,476.63,884.26,537.38,700.27
2026-01-15 19:13:59,XPQ-01 Main,2026-01-15 19:13:00,1103.07,80.27,4.27566166666667,476.46,1097.09,299.82,176.77,241.76,80.72,4.73670533333333,476.88,1110.37,308.07,178.47,250.5,81.44,4.50081266666667,476.54,1101.74,302.47,186.54,237.54,78.65,3.59273533333333,475.96,910.35,541.77,729.8
2026-01-15 19:14:59,XPQ-01 Main,2026-01-15 19:14:00,1078.18,79.8,4.01232833333333,476.83,1072.7,293.41,174.07,235.74,80.45,4.403372,477.31,1088.36,302.2,177.32,243.89,80.88,4.134146,476.86,1073.47,294.89,184.01,229.91,78.07,3.49273533333333,476.3,890.5,535.39,709.55
2026-01-15 19:15:59,XPQ-01 Main,2026-01-15 19:15:00,1097.61,81.47,4.198995,476.87,1093.43,299.11,170.56,245.1,82.08,4.67003866666667,477.32,1107.82,307.6,173.55,252.72,82.43,4.26747933333333,476.89,1091.59,299.93,180.12,239.18,79.88,3.659402,476.4,906.64,524.23,737.0
2026-01-15 19:16:59,XPQ-01 Main,2026-01-15 19:16:00,1037.61,80.85,4.14566166666667,477.15,1033.62,282.8,164.83,229.37,81.21,4.63670533333333,477.53,1042.43,289.68,165.54,236.92,81.97,4.134146,477.35,1036.79,285.08,173.2,225.88,79.36,3.659402,476.57,857.56,503.57,692.17
2026-01-15 19:17:59,XPQ-01 Main,2026-01-15 19:17:00,1126.1,80.79,4.27566166666667,476.3,1119.95,305.97,178.75,248.06,81.13,4.77003866666667,476.77,1131.77,313.91,179.52,257.21,82.0,4.134146,476.38,1126.57,309.16,188.39,244.78,79.25,3.92606866666667,475.76,929.05,546.66,750.05
2026-01-15 19:18:59,XPQ-01 Main,2026-01-15 19:18:00,1058.39,80.12,4.03232833333333,476.54,1053.69,287.91,171.27,231.14,80.35,4.503372,476.9,1061.83,294.7,171.03,239.46,81.37,4.10081266666667,476.78,1059.67,291.01,179.59,228.66,78.64,3.49273533333333,475.94,873.62,521.89,699.25
2026-01-15 19:19:59,XPQ-01 Main,2026-01-15 19:19:00,1047.55,80.58,4.298995,477.76,1044.63,286.22,168.13,231.16,80.87,4.803372,478.19,1050.54,292.3,168.29,238.52,81.71,4.334146,477.9,1047.47,288.35,175.93,227.95,79.16,3.759402,477.18,866.87,512.35,697.64
2026-01-15 19:20:59,XPQ-01 Main,2026-01-15 19:20:00,1056.37,79.69,4.32232833333333,476.95,1053.35,288.21,171.36,231.44,80.37,4.73670533333333,477.36,1064.98,295.72,174.54,238.24,80.67,4.30081266666667,476.95,1050.78,288.77,180.3,225.07,78.05,3.92606866666667,476.53,872.7,526.2,694.75
2026-01-15 19:21:59,XPQ-01 Main,2026-01-15 19:21:00,1040.91,79.24,4.208995,476.87,1036.99,283.67,170.36,226.43,79.91,4.803372,477.28,1049.6,291.43,173.48,233.48,80.27,4.26747933333333,476.9,1036.13,284.71,179.46,220.48,77.56,3.559402,476.45,859.8,523.3,680.39
2026-01-15 19:22:59,XPQ-01 Main,2026-01-15 19:22:00,1088.54,80.08,4.318995,476.83,1083.1,296.19,175.78,238.03,80.44,4.97003866666667,477.14,1094.28,303.8,176.7,246.55,81.28,4.40081266666667,476.98,1088.25,299.07,184.91,234.52,78.53,3.59273533333333,476.38,899.06,537.39,719.1
2026-01-15 19:23:59,XPQ-01 Main,2026-01-15 19:23:00,1068.36,78.92,4.188995,477.51,1064.59,291.58,178.68,230.28,79.01,4.77003866666667,477.78,1069.06,297.16,177.32,238.12,80.2,4.334146,477.61,1071.44,294.89,185.9,228.4,77.56,3.459402,477.13,883.63,541.91,696.8
2026-01-15 19:24:59,XPQ-01 Main,2026-01-15 19:24:00,1056.87,79.87,4.03232833333333,477.55,1051.99,288.29,170.87,231.69,80.48,4.53670533333333,478.16,1065.56,296.28,173.69,239.3,80.93,3.934146,477.41,1053.06,289.65,180.24,226.08,78.19,3.62606866666667,477.1,874.23,524.8,697.07
2026-01-15 19:25:59,XPQ-01 Main,2026-01-15 19:25:00,1070.16,80.7,4.03232833333333,477.4,1068.25,292.49,171.83,236.43,80.89,4.503372,477.64,1071.69,297.84,171.2,243.38,81.79,4.00081266666667,477.54,1070.55,294.6,178.74,233.64,79.42,3.59273533333333,477.02,884.92,521.77,713.45
2026-01-15 19:26:59,XPQ-01 Main,2026-01-15 19:26:00,1068.46,79.21,4.03232833333333,477.44,1068.91,292.71,176.93,232.9,79.63,4.57003866666667,477.93,1071.78,298.02,178.06,238.5,80.13,4.034146,477.55,1064.69,292.84,183.55,227.85,77.87,3.49273533333333,476.83,883.58,538.54,699.25
2026-01-15 19:27:59,XPQ-01 Main,2026-01-15 19:27:00,1043.51,79.36,4.25566166666667,477.41,1042.2,285.51,171.71,227.62,79.83,4.67003866666667,478.08,1048.13,291.41,173.24,233.81,80.35,4.334146,477.3,1040.19,285.99,179.06,222.53,77.91,3.759402,476.86,862.91,524.01,683.96
2026-01-15 19:28:59,XPQ-01 Main,2026-01-15 19:28:00,1087.54,79.62,4.15566166666667,476.44,1088.01,297.48,177.55,238.41,80.2,4.603372,476.94,1093.25,303.2,180.0,243.84,80.45,4.20081266666667,476.28,1081.36,296.8,184.78,231.93,78.21,3.659402,476.09,897.48,542.33,714.18
2026-01-15 19:29:59,XPQ-01 Main,2026-01-15 19:29:00,1036.55,79.53,3.98566166666667,477.21,1038.36,284.26,169.03,228.24,80.36,4.57003866666667,477.46,1045.25,290.31,173.16,232.52,80.2,3.90081266666667,477.21,1026.04,282.23,176.27,219.97,78.04,3.49273533333333,476.96,856.8,518.46,680.73
2026-01-15 19:30:59,XPQ-01 Main,2026-01-15 19:30:00,954.0,77.77,4.518995,478.06,953.83,261.47,164.09,203.47,77.84,5.003372,478.48,953.01,265.37,162.71,209.34,78.95,4.56747933333333,478.28,955.15,263.1,169.36,201.32,76.52,3.9927353333333295,477.42,789.94,496.17,614.12
2026-01-15 19:31:59,XPQ-01 Main,2026-01-15 19:31:00,933.7,75.27,4.65232833333333,478.12,933.07,255.91,167.0,193.52,75.71,5.003372,478.73,937.33,261.04,168.16,198.78,76.35,4.66747933333333,478.15,930.7,256.29,172.89,188.79,73.75,4.29273533333333,477.47,773.24,508.04,581.08
2026-01-15 19:32:59,XPQ-01 Main,2026-01-15 19:32:00,965.16,77.46,4.68566166666667,478.13,966.32,265.16,166.46,205.9,77.77,5.103372,478.85,966.03,268.97,166.52,210.59,78.44,4.634146,477.93,963.13,265.17,171.54,201.62,76.16,4.32606866666667,477.6,799.3,504.52,618.11
2026-01-15 19:33:59,XPQ-01 Main,2026-01-15 19:33:00,991.03,78.42,4.188995,477.63,989.18,271.19,167.04,212.98,78.69,4.503372,478.24,993.48,276.22,166.94,219.08,79.54,4.234146,477.38,990.45,272.47,173.32,209.46,77.04,3.8260686666666706,477.27,819.88,507.31,641.52
2026-01-15 19:34:59,XPQ-01 Main,2026-01-15 19:34:00,980.99,77.77,4.098995,477.7,980.69,268.78,167.86,209.85,78.09,4.43670533333333,477.98,983.64,273.47,168.04,214.83,78.77,4.06747933333333,477.67,978.64,269.45,173.32,205.5,76.44,3.79273533333333,477.45,811.69,509.22,630.19
2026-01-15 19:35:59,XPQ-01 Main,2026-01-15 19:35:00,1006.68,78.89,4.398995,476.66,1007.06,275.44,167.24,218.68,79.43,4.77003866666667,476.96,1012.21,280.77,169.03,223.48,79.76,4.334146,476.55,1000.77,274.92,173.57,212.76,77.49,4.09273533333333,476.46,831.14,509.84,654.91
2026-01-15 19:36:59,XPQ-01 Main,2026-01-15 19:36:00,1001.07,77.05,4.208995,476.08,1002.31,273.73,173.29,211.7,77.38,4.503372,476.65,1002.65,278.02,173.6,216.8,78.06,4.234146,476.14,998.25,273.74,178.68,207.08,75.71,3.89273533333333,475.45,825.49,525.56,635.58
2026-01-15 19:37:59,XPQ-01 Main,2026-01-15 19:37:00,1002.83,78.56,4.32232833333333,477.02,1002.54,274.35,167.41,217.27,79.21,4.83670533333333,477.49,1009.66,280.43,170.02,222.6,79.47,4.06747933333333,477.02,996.3,273.81,174.58,210.74,77.01,4.059402,476.56,828.6,512.01,650.61
2026-01-15 19:38:59,XPQ-01 Main,2026-01-15 19:38:00,980.53,77.54,4.488995,476.59,980.34,268.06,166.44,209.97,78.37,4.903372,477.18,988.87,274.46,170.36,214.99,78.38,4.56747933333333,476.54,972.37,266.92,173.79,202.47,75.88,3.9927353333333295,476.06,809.44,510.59,627.43
2026-01-15 19:39:59,XPQ-01 Main,2026-01-15 19:39:00,988.0,78.11,4.588995,476.82,990.87,271.04,166.72,213.57,78.83,4.97003866666667,477.19,994.11,275.94,169.59,217.2,78.82,4.734146,476.81,979.03,269.01,172.6,206.17,76.68,4.059402,476.46,815.99,508.91,636.94
2026-01-15 19:40:59,XPQ-01 Main,2026-01-15 19:40:00,989.14,78.28,4.57566166666667,477.05,989.76,270.82,168.4,211.96,78.3,4.93670533333333,477.6,986.99,274.25,166.57,217.7,79.42,4.634146,477.15,990.67,272.23,173.3,209.88,77.11,4.159402,476.39,817.3,508.27,639.54
2026-01-15 19:41:59,XPQ-01 Main,2026-01-15 19:41:00,912.24,75.18,4.52232833333333,477.03,910.72,249.19,164.17,187.37,75.21,5.003372,477.41,911.34,253.13,162.97,193.62,76.51,4.36747933333333,477.12,914.67,251.42,169.49,185.47,73.82,4.19273533333333,476.56,753.74,496.63,566.46
2026-01-15 19:42:59,XPQ-01 Main,2026-01-15 19:42:00,957.6,78.18,4.498995,477.0,955.39,261.56,161.01,205.82,78.76,4.903372,477.61,963.65,267.6,163.2,211.81,79.21,4.434146,476.76,953.75,262.02,168.41,200.4,76.56,4.159402,476.62,791.18,492.62,618.02
2026-01-15 19:43:59,XPQ-01 Main,2026-01-15 19:43:00,941.82,75.83,4.82232833333333,477.01,939.37,257.07,166.21,195.94,76.26,5.37003866666667,477.61,946.23,262.88,167.52,202.32,77.02,4.70081266666667,477.01,939.86,258.21,173.03,191.58,74.21,4.39273533333333,476.4,778.16,506.77,589.84
2026-01-15 19:44:59,XPQ-01 Main,2026-01-15 19:44:00,873.35,78.09,5.03232833333333,477.55,870.67,238.6,147.23,187.56,78.66,5.53670533333333,478.04,878.98,244.35,149.08,193.21,79.17,5.134146,477.39,870.39,239.45,154.14,182.81,76.45,4.42606866666667,477.21,722.4,450.45,563.58
2026-01-15 19:45:59,XPQ-01 Main,2026-01-15 19:45:00,896.19,78.25,5.05566166666667,477.44,893.8,244.76,151.09,192.37,78.64,5.63670533333333,477.71,900.31,250.23,151.86,198.14,79.37,5.00081266666667,477.53,894.45,246.13,157.51,188.48,76.74,4.52606866666667,477.07,741.12,460.45,578.99
2026-01-15 19:46:59,XPQ-01 Main,2026-01-15 19:46:00,879.14,77.0,4.788995,478.11,878.05,240.98,152.08,186.59,77.51,5.203372,478.7,883.83,245.97,153.66,191.58,78.01,4.634146,477.83,875.55,241.11,158.0,181.75,75.47,4.52606866666667,477.79,728.05,463.74,559.92
2026-01-15 19:47:59,XPQ-01 Main,2026-01-15 19:47:00,912.36,79.23,5.22232833333333,477.64,911.94,249.98,151.1,198.92,79.63,5.83670533333333,478.13,915.16,254.42,151.8,204.01,80.23,5.06747933333333,477.46,909.97,250.41,157.07,194.71,77.83,4.759402,477.35,754.82,459.97,597.64
2026-01-15 19:48:59,XPQ-01 Main,2026-01-15 19:48:00,912.34,78.44,5.07566166666667,477.88,912.19,250.12,154.32,196.54,78.65,5.63670533333333,478.45,912.79,254.0,153.93,201.96,79.53,4.96747933333333,477.81,912.03,251.05,159.68,193.52,77.13,4.62606866666667,477.38,755.16,467.93,592.01
2026-01-15 19:49:59,XPQ-01 Main,2026-01-15 19:49:00,891.31,78.32,4.87566166666667,477.83,890.28,244.14,151.08,191.46,78.5,5.23670533333333,478.39,891.94,248.11,150.45,197.04,79.48,4.90081266666667,477.65,891.73,245.44,156.53,188.75,76.97,4.49273533333333,477.46,737.69,458.05,577.24
2026-01-15 19:50:59,XPQ-01 Main,2026-01-15 19:50:00,936.56,77.59,4.91232833333333,477.69,933.34,255.85,160.0,199.49,78.01,5.63670533333333,478.12,941.09,261.67,161.21,206.05,78.76,4.90081266666667,477.57,935.26,257.41,167.19,195.48,76.0,4.19273533333333,477.38,774.93,488.4,601.02
2026-01-15 19:51:59,XPQ-01 Main,2026-01-15 19:51:00,922.32,78.94,5.23232833333333,477.65,919.5,251.91,154.57,198.71,78.93,5.703372,478.06,921.5,256.3,152.52,205.53,80.31,5.26747933333333,477.74,925.98,254.85,160.66,197.64,77.6,4.72606866666667,477.15,763.06,467.74,601.89
2026-01-15 19:52:59,XPQ-01 Main,2026-01-15 19:52:00,913.7,77.68,4.898995,477.58,908.62,249.07,153.94,195.65,78.59,5.53670533333333,477.96,924.73,256.97,158.28,202.14,78.74,4.834146,477.34,907.76,249.82,162.94,188.88,75.72,4.32606866666667,477.46,755.86,475.16,586.67
2026-01-15 19:53:59,XPQ-01 Main,2026-01-15 19:53:00,898.36,78.28,5.01232833333333,477.83,894.22,245.12,151.02,192.79,78.72,5.53670533333333,478.4,903.48,251.44,152.29,199.61,79.5,4.96747933333333,477.85,897.38,246.98,158.65,189.06,76.6,4.52606866666667,477.23,743.54,461.96,581.46
2026-01-15 19:54:59,XPQ-01 Main,2026-01-15 19:54:00,906.79,77.75,5.16566166666667,477.82,902.28,247.32,153.24,193.83,78.44,5.63670533333333,478.23,915.21,254.6,156.18,200.64,78.91,5.034146,477.82,902.88,248.57,161.77,188.49,75.88,4.82606866666667,477.4,750.5,471.2,582.96
2026-01-15 19:55:59,XPQ-01 Main,2026-01-15 19:55:00,992.91,79.97,4.93232833333333,476.79,989.33,270.7,159.67,218.25,80.71,5.403372,477.23,1002.26,278.13,163.16,224.96,80.95,4.834146,476.6,987.14,271.18,168.7,211.95,78.24,4.559402,476.54,820.01,491.52,655.16
2026-01-15 19:56:59,XPQ-01 Main,2026-01-15 19:56:00,836.0,73.69,4.908995,477.83,835.2,228.99,153.52,169.61,74.14,5.33670533333333,478.31,839.09,233.43,154.62,174.42,74.83,5.034146,477.76,833.71,229.49,158.89,165.29,72.09,4.359402,477.41,691.91,467.03,509.31
2026-01-15 19:57:59,XPQ-01 Main,2026-01-15 19:57:00,830.61,73.7,5.188995,477.96,830.74,227.82,153.04,168.47,74.02,5.803372,478.42,832.14,231.56,153.33,172.98,74.83,4.96747933333333,477.92,828.95,228.26,157.69,164.76,72.24,4.79273533333333,477.55,687.64,464.05,506.22
2026-01-15 19:58:59,XPQ-01 Main,2026-01-15 19:58:00,845.48,75.58,4.77566166666667,478.42,848.13,232.79,152.44,175.73,75.54,5.103372,478.76,841.97,234.48,150.34,179.58,76.68,4.934146,478.41,846.35,233.33,155.35,173.71,74.54,4.29273533333333,478.08,700.6,458.14,529.02
2026-01-15 19:59:59,XPQ-01 Main,2026-01-15 19:59:00,823.87,73.75,5.03232833333333,478.36,822.41,225.75,151.2,167.32,74.19,5.37003866666667,478.79,827.06,230.3,152.24,172.25,74.93,5.06747933333333,478.25,822.13,226.58,156.7,163.18,72.13,4.659402,478.03,682.63,460.13,502.75
2026-01-15 20:00:59,XPQ-01 Main,2026-01-15 20:00:00,832.59,74.23,5.26566166666667,478.82,832.37,228.68,152.16,170.31,74.57,5.77003866666667,479.33,834.58,232.67,152.62,174.85,75.34,5.10081266666667,478.76,830.81,229.17,156.91,166.5,72.78,4.92606866666667,478.38,690.52,461.7,511.67
2026-01-15 20:01:59,XPQ-01 Main,2026-01-15 20:01:00,819.79,75.45,4.83232833333333,478.55,820.87,225.36,147.77,169.77,75.43,5.27003866666667,479.07,816.91,227.64,145.87,174.27,76.68,4.76747933333333,478.54,821.58,226.49,151.56,167.99,74.25,4.459402,478.03,679.49,445.19,512.03
2026-01-15 20:02:59,XPQ-01 Main,2026-01-15 20:02:00,807.84,73.87,5.08566166666667,478.72,807.31,221.78,149.2,163.79,73.92,5.503372,479.21,806.67,224.81,148.0,168.7,75.17,5.234146,478.6,809.54,223.26,153.52,161.7,72.52,4.52606866666667,478.36,669.85,450.72,494.19
2026-01-15 20:03:59,XPQ-01 Main,2026-01-15 20:03:00,827.77,75.46,4.95566166666667,478.39,825.4,226.55,148.47,170.71,75.46,5.303372,478.93,826.66,230.28,147.04,176.8,76.89,4.90081266666667,478.35,831.25,229.07,153.85,169.4,74.03,4.659402,477.91,685.9,449.36,516.91
2026-01-15 20:04:59,XPQ-01 Main,2026-01-15 20:04:00,837.28,73.63,4.64566166666667,478.03,832.84,228.55,152.75,169.52,74.29,5.103372,478.59,843.71,234.74,155.33,175.7,74.92,4.634146,477.71,835.3,229.99,160.14,164.64,71.68,4.19273533333333,477.77,693.27,468.21,509.86
2026-01-15 20:05:59,XPQ-01 Main,2026-01-15 20:05:00,830.94,74.75,4.988995,478.5,827.8,227.37,148.88,171.34,75.48,5.27003866666667,479.14,837.47,233.3,151.73,176.88,75.9,4.934146,478.24,827.55,228.05,155.92,165.89,72.87,4.759402,478.13,688.71,456.54,514.12
2026-01-15 20:06:59,XPQ-01 Main,2026-01-15 20:06:00,827.86,75.49,5.21232833333333,478.66,829.34,227.86,148.94,172.29,75.65,5.603372,479.14,826.51,230.25,148.08,176.24,76.56,5.16747933333333,478.43,827.73,228.25,152.75,169.36,74.26,4.859402,478.4,686.35,449.77,517.89
2026-01-15 20:07:59,XPQ-01 Main,2026-01-15 20:07:00,832.26,77.1,5.33232833333333,478.57,830.9,228.11,145.27,175.67,77.06,5.83670533333333,478.84,830.35,231.3,143.26,181.2,78.44,5.26747933333333,478.59,835.54,230.46,150.15,174.47,75.79,4.89273533333333,478.27,689.87,438.68,531.33
2026-01-15 20:08:59,XPQ-01 Main,2026-01-15 20:08:00,861.58,79.25,5.31232833333333,478.8,861.93,236.75,144.71,187.15,79.11,5.703372,479.11,857.9,239.09,141.9,192.07,80.43,5.30081266666667,478.81,864.91,238.67,148.58,186.38,78.2,4.92606866666667,478.48,714.51,435.19,565.61
2026-01-15 20:09:59,XPQ-01 Main,2026-01-15 20:09:00,968.26,78.65,5.578995,477.1,966.93,264.67,161.41,209.35,79.19,6.003372,477.6,973.2,270.36,163.41,215.13,79.63,5.534146,477.09,964.63,265.12,168.61,204.26,77.12,5.19273533333333,476.61,800.16,493.43,628.74
2026-01-15 20:10:59,XPQ-01 Main,2026-01-15 20:10:00,1007.25,81.25,5.278995,477.3,1003.77,274.91,158.0,224.63,81.79,5.803372,477.76,1014.69,281.92,160.06,231.52,82.26,5.00081266666667,477.2,1003.3,275.9,166.44,219.69,79.71,5.02606866666667,476.94,832.74,484.49,675.84
2026-01-15 20:11:59,XPQ-01 Main,2026-01-15 20:11:00,934.64,81.46,5.05566166666667,477.41,929.93,254.75,145.82,208.56,81.96,5.53670533333333,477.79,941.7,261.66,147.19,215.41,82.57,4.834146,477.28,932.31,256.48,154.07,204.49,79.87,4.79273533333333,477.16,772.89,447.08,628.46
2026-01-15 20:12:59,XPQ-01 Main,2026-01-15 20:12:00,961.34,81.64,5.32232833333333,477.77,955.31,261.88,149.21,214.93,82.15,6.003372,478.1,968.77,269.37,150.77,222.78,82.82,5.20081266666667,477.66,959.96,264.32,158.54,211.14,79.97,4.759402,477.55,795.57,458.51,648.84
2026-01-15 20:13:59,XPQ-01 Main,2026-01-15 20:13:00,973.75,82.15,5.098995,477.75,968.96,265.52,148.11,220.02,82.96,5.73670533333333,478.1,984.99,273.98,152.04,227.43,83.13,4.96747933333333,477.82,967.31,266.32,158.3,213.83,80.37,4.59273533333333,477.34,805.82,458.46,661.29
2026-01-15 20:14:59,XPQ-01 Main,2026-01-15 20:14:00,957.83,81.6,5.14566166666667,478.02,951.75,261.11,148.44,214.37,82.21,5.77003866666667,478.51,966.86,269.0,150.93,222.04,82.7,5.00081266666667,477.8,954.88,262.97,157.9,209.74,79.89,4.659402,477.75,793.08,457.27,646.15
2026-01-15 20:15:59,XPQ-01 Main,2026-01-15 20:15:00,1190.71,80.38,5.43232833333333,475.01,1187.09,323.43,189.96,261.51,80.91,5.97003866666667,475.16,1198.09,331.19,192.36,269.18,81.36,5.26747933333333,475.09,1186.96,325.06,199.42,255.97,78.89,5.059402,474.77,979.69,581.75,786.66
2026-01-15 20:16:59,XPQ-01 Main,2026-01-15 20:16:00,1274.62,80.74,5.42232833333333,474.33,1267.76,344.85,198.5,281.59,81.73,5.77003866666667,474.48,1293.42,357.09,205.83,290.97,81.64,5.46747933333333,474.47,1262.68,345.32,212.11,271.87,78.84,5.02606866666667,474.05,1047.26,616.43,844.43
2026-01-15 20:17:59,XPQ-01 Main,2026-01-15 20:17:00,1128.41,79.89,4.97566166666667,475.62,1122.65,306.14,182.28,245.53,80.29,5.57003866666667,476.02,1135.37,314.54,183.59,254.57,81.11,4.86747933333333,475.88,1127.2,308.93,192.13,241.56,78.26,4.49273533333333,474.95,929.62,558.0,741.66
2026-01-15 20:18:59,XPQ-01 Main,2026-01-15 20:18:00,1126.36,80.2,5.28566166666667,476.09,1115.76,304.69,178.55,246.47,80.98,5.903372,476.59,1140.56,316.23,183.21,257.27,81.46,5.30081266666667,476.14,1122.76,307.97,191.92,240.45,78.16,4.659402,475.55,928.88,553.67,744.18
2026-01-15 20:19:59,XPQ-01 Main,2026-01-15 20:19:00,1071.19,79.4,5.218995,475.97,1064.1,290.4,174.48,231.79,79.89,5.803372,476.27,1079.38,299.18,176.44,241.02,80.69,5.034146,476.21,1070.1,293.57,184.93,227.68,77.62,4.82606866666667,475.44,883.14,535.85,700.48
2026-01-15 20:20:59,XPQ-01 Main,2026-01-15 20:20:00,1089.27,77.36,5.298995,476.03,1078.68,294.66,182.82,230.57,78.36,5.93670533333333,476.64,1105.88,306.53,189.26,240.58,78.59,4.90081266666667,475.89,1083.26,297.01,195.83,222.89,75.12,5.059402,475.57,898.19,567.92,694.03
2026-01-15 20:21:59,XPQ-01 Main,2026-01-15 20:21:00,1133.78,78.66,5.45232833333333,476.09,1133.15,309.27,189.28,244.12,79.03,5.903372,476.39,1137.55,315.44,190.23,250.66,79.66,5.434146,476.43,1130.66,310.25,196.74,239.63,77.29,5.02606866666667,475.45,934.95,576.26,734.41
2026-01-15 20:22:59,XPQ-01 Main,2026-01-15 20:22:00,1161.27,77.29,5.16566166666667,475.62,1159.89,316.37,197.57,247.13,78.11,5.47003866666667,475.77,1171.63,324.36,202.42,253.35,78.13,5.16747933333333,475.8,1152.29,315.96,206.68,238.83,75.62,4.859402,475.29,956.69,606.66,739.31
2026-01-15 20:23:59,XPQ-01 Main,2026-01-15 20:23:00,1119.54,80.95,5.24232833333333,476.23,1121.31,306.28,178.3,248.72,81.27,5.603372,476.67,1120.75,310.79,178.48,254.12,81.83,5.20081266666667,476.3,1116.54,306.39,184.73,244.19,79.75,4.92606866666667,475.72,923.46,541.51,747.03
2026-01-15 20:24:59,XPQ-01 Main,2026-01-15 20:24:00,1132.73,79.21,5.36566166666667,476.03,1133.56,309.47,187.31,246.12,79.58,5.77003866666667,476.42,1135.26,314.69,188.28,252.11,80.12,5.10081266666667,476.2,1129.36,309.8,194.06,241.33,77.93,5.22606866666667,475.48,933.96,569.64,739.57
2026-01-15 20:25:59,XPQ-01 Main,2026-01-15 20:25:00,1107.04,79.48,5.16566166666667,476.19,1102.27,301.0,179.94,241.1,80.14,5.57003866666667,476.65,1116.69,309.72,183.3,249.35,80.57,5.06747933333333,476.34,1102.17,302.41,190.19,235.04,77.74,4.859402,475.59,913.13,553.43,725.5
2026-01-15 20:26:59,XPQ-01 Main,2026-01-15 20:26:00,1092.19,79.61,5.36566166666667,476.59,1089.69,297.76,179.32,237.51,79.81,5.803372,477.07,1093.77,303.67,178.77,245.17,80.8,5.334146,476.83,1093.12,300.16,186.99,234.68,78.21,4.959402,475.87,901.59,545.08,717.36
2026-01-15 20:27:59,XPQ-01 Main,2026-01-15 20:27:00,1087.79,76.7,5.31232833333333,475.37,1079.47,294.43,184.88,228.87,77.79,5.77003866666667,475.82,1104.62,305.69,191.95,237.56,77.78,5.134146,475.29,1079.27,295.59,196.9,220.15,74.54,5.02606866666667,475.0,895.72,573.73,686.58
2026-01-15 20:28:59,XPQ-01 Main,2026-01-15 20:28:00,1149.46,78.79,5.65566166666667,475.27,1143.08,311.48,188.09,247.59,79.63,6.23670533333333,475.61,1163.28,322.01,193.31,256.33,79.84,5.56747933333333,475.54,1142.03,312.79,199.7,240.18,76.89,5.159402,474.65,946.28,581.1,744.1
2026-01-15 20:29:59,XPQ-01 Main,2026-01-15 20:29:00,1158.65,79.83,5.098995,476.12,1161.73,317.07,190.55,253.29,79.91,5.703372,476.26,1156.24,320.55,188.9,258.65,80.76,4.96747933333333,476.5,1157.99,317.89,195.49,250.3,78.81,4.62606866666667,475.61,955.51,574.94,762.24
2026-01-15 20:30:59,XPQ-01 Main,2026-01-15 20:30:00,1170.85,76.91,5.298995,474.97,1170.87,318.93,202.0,246.66,77.37,5.77003866666667,475.12,1175.12,324.88,203.75,252.72,77.85,5.20081266666667,475.16,1166.55,319.43,209.24,240.92,75.5,4.92606866666667,474.63,963.25,614.99,740.31
2026-01-15 20:31:59,XPQ-01 Main,2026-01-15 20:31:00,1165.25,76.87,5.15232833333333,474.73,1159.48,315.69,198.17,245.55,77.82,5.37003866666667,474.97,1179.85,326.06,204.33,253.63,77.87,5.26747933333333,474.88,1156.41,316.44,209.38,236.82,74.92,4.82606866666667,474.34,958.19,611.88,736.0
2026-01-15 20:32:59,XPQ-01 Main,2026-01-15 20:32:00,1150.26,77.5,4.96566166666667,475.1,1144.7,311.91,192.93,244.67,78.52,5.403372,475.47,1165.56,322.44,199.67,252.67,78.46,4.96747933333333,475.21,1140.51,312.25,204.46,235.58,75.52,4.52606866666667,474.62,946.6,597.07,732.92
2026-01-15 20:33:59,XPQ-01 Main,2026-01-15 20:33:00,1137.42,76.34,5.38566166666667,474.99,1133.53,308.77,195.37,238.66,77.38,5.67003866666667,475.32,1151.73,318.56,202.08,245.79,77.24,5.40081266666667,475.16,1126.98,308.5,205.97,229.37,74.4,5.09273533333333,474.49,935.82,603.43,713.82
2026-01-15 20:34:59,XPQ-01 Main,2026-01-15 20:34:00,1095.79,77.23,5.388995,476.01,1091.01,297.99,186.9,231.69,77.83,5.83670533333333,476.4,1103.47,305.73,189.7,239.44,78.38,5.16747933333333,475.92,1092.88,299.78,196.37,225.98,75.48,5.159402,475.72,903.5,572.97,697.11
2026-01-15 20:35:59,XPQ-01 Main,2026-01-15 20:35:00,1131.06,76.12,5.27566166666667,475.61,1126.92,307.3,195.74,236.35,77.02,5.903372,475.94,1143.83,316.85,201.22,243.85,77.13,5.00081266666667,475.89,1122.44,307.66,206.04,228.22,74.23,4.92606866666667,475.0,931.8,603.0,708.41
2026-01-15 20:36:59,XPQ-01 Main,2026-01-15 20:36:00,1094.55,74.64,5.488995,475.68,1091.62,297.9,194.22,225.58,75.78,6.003372,476.06,1108.65,307.0,201.21,231.64,75.5,5.36747933333333,475.66,1083.37,296.96,203.84,215.53,72.65,5.09273533333333,475.33,901.86,599.27,672.75
2026-01-15 20:37:59,XPQ-01 Main,2026-01-15 20:37:00,1158.05,75.37,5.54566166666667,475.19,1160.01,316.19,205.92,239.6,75.84,6.03670533333333,475.46,1161.32,321.21,207.56,244.72,76.26,5.60081266666667,475.25,1152.81,315.77,212.11,233.36,74.0,4.99273533333333,474.87,953.16,625.59,717.68
2026-01-15 20:38:59,XPQ-01 Main,2026-01-15 20:38:00,1232.81,75.85,5.58566166666667,474.02,1225.31,333.25,212.31,256.38,77.02,6.07003866666667,474.52,1251.92,345.49,220.94,265.25,76.84,5.434146,473.95,1221.22,333.51,225.28,245.51,73.68,5.259402,473.6,1012.25,658.53,767.15
2026-01-15 20:39:59,XPQ-01 Main,2026-01-15 20:39:00,1237.25,78.22,5.698995,474.57,1231.15,335.04,206.02,263.94,78.83,5.903372,474.9,1247.41,344.7,209.65,273.23,79.34,5.76747933333333,474.75,1233.21,337.3,217.01,257.81,76.5,5.42606866666667,474.05,1017.04,632.68,794.97
2026-01-15 20:40:59,XPQ-01 Main,2026-01-15 20:40:00,1188.52,78.07,5.73232833333333,474.83,1182.46,321.91,199.31,252.68,78.51,6.37003866666667,475.04,1195.84,330.61,201.26,261.85,79.29,5.634146,475.1,1187.27,325.0,209.43,248.13,76.42,5.19273533333333,474.35,977.52,610.0,762.65
2026-01-15 20:41:59,XPQ-01 Main,2026-01-15 20:41:00,1203.28,77.38,5.74232833333333,473.83,1197.4,325.33,201.36,255.23,78.51,6.37003866666667,474.0,1221.15,336.84,209.3,263.44,78.3,5.56747933333333,474.02,1191.29,325.41,213.86,244.9,75.32,5.29273533333333,473.45,987.59,624.52,763.57
2026-01-15 20:42:59,XPQ-01 Main,2026-01-15 20:42:00,1206.68,77.97,5.52232833333333,474.21,1202.1,327.01,199.82,258.59,79.13,6.003372,474.5,1224.24,337.9,207.9,266.14,78.8,5.50081266666667,474.21,1193.71,326.28,211.93,247.72,75.99,5.059402,473.92,991.19,619.65,772.44
2026-01-15 20:43:59,XPQ-01 Main,2026-01-15 20:43:00,1188.88,78.4,5.72232833333333,474.64,1186.73,322.98,197.36,255.55,79.15,6.203372,474.79,1198.86,331.23,201.56,262.51,79.32,5.60081266666667,474.85,1181.06,323.22,207.08,247.86,76.74,5.359402,474.28,977.43,605.99,765.92
2026-01-15 20:44:59,XPQ-01 Main,2026-01-15 20:44:00,1197.68,78.43,6.03232833333333,474.8,1200.08,326.75,201.71,256.67,78.63,6.57003866666667,475.18,1196.56,330.85,201.13,262.48,79.38,5.934146,475.0,1196.4,327.35,207.5,252.75,77.29,5.59273533333333,474.2,984.95,610.34,771.89
2026-01-15 20:45:59,XPQ-01 Main,2026-01-15 20:45:00,1217.12,76.98,5.36566166666667,474.48,1211.76,329.79,206.49,256.87,77.94,5.83670533333333,474.81,1232.1,340.33,213.08,264.98,77.93,5.06747933333333,474.54,1207.49,330.18,217.96,247.59,75.06,5.19273533333333,474.08,1000.31,637.53,769.44
2026-01-15 20:46:59,XPQ-01 Main,2026-01-15 20:46:00,1234.32,76.01,5.03232833333333,473.9,1230.33,334.39,212.02,258.39,77.31,5.63670533333333,474.14,1254.08,345.96,221.34,265.52,76.81,5.06747933333333,474.01,1218.54,332.88,224.12,245.86,73.9,4.39273533333333,473.54,1013.22,657.48,769.78
2026-01-15 20:47:59,XPQ-01 Main,2026-01-15 20:47:00,1271.84,77.71,4.45566166666667,474.34,1271.23,345.86,214.93,270.45,78.29,4.903372,474.8,1278.73,353.22,218.09,277.54,78.63,4.434146,474.45,1265.55,345.89,223.81,263.36,76.2,4.02606866666667,473.78,1044.96,656.83,811.36
2026-01-15 20:48:59,XPQ-01 Main,2026-01-15 20:48:00,1290.51,76.89,4.63232833333333,474.41,1290.36,350.85,222.87,270.77,77.21,4.97003866666667,474.64,1293.26,357.37,223.74,278.27,77.93,4.56747933333333,474.87,1287.9,352.2,230.66,265.9,75.54,4.359402,473.72,1060.43,677.27,814.95
2026-01-15 20:49:59,XPQ-01 Main,2026-01-15 20:49:00,1277.19,76.7,4.63232833333333,473.91,1274.04,346.32,216.63,269.99,78.0,5.07003866666667,474.33,1296.96,357.88,226.5,277.13,77.44,4.56747933333333,473.96,1260.56,344.23,228.96,257.03,74.67,4.259402,473.43,1048.43,672.09,804.14
2026-01-15 20:50:59,XPQ-01 Main,2026-01-15 20:50:00,1299.2,77.13,4.37566166666667,473.57,1297.15,352.27,219.57,275.25,78.17,5.13670533333333,473.67,1314.82,362.38,227.13,282.07,77.89,4.134146,473.74,1285.63,351.07,230.68,264.12,75.32,3.859402,473.31,1065.73,677.38,821.43
2026-01-15 20:51:59,XPQ-01 Main,2026-01-15 20:51:00,1306.71,77.44,4.488995,473.88,1305.08,354.6,219.07,278.77,78.63,4.903372,474.2,1325.17,365.7,228.14,285.65,78.14,4.334146,474.12,1289.89,352.31,230.83,266.16,75.55,4.22606866666667,473.33,1072.61,678.03,830.58
2026-01-15 20:52:59,XPQ-01 Main,2026-01-15 20:52:00,1332.52,77.76,4.14566166666667,473.49,1328.84,360.67,225.67,281.42,78.02,4.57003866666667,473.66,1336.1,368.38,226.16,290.74,78.93,3.934146,473.86,1332.62,363.78,235.0,277.56,76.32,3.92606866666667,472.94,1092.83,686.83,849.71
2026-01-15 20:53:59,XPQ-01 Main,2026-01-15 20:53:00,1341.38,79.19,4.76566166666667,474.14,1336.02,363.18,219.42,289.36,79.68,5.37003866666667,474.41,1349.67,372.64,222.07,299.14,80.29,4.834146,474.41,1338.46,365.81,230.71,283.86,77.6,4.09273533333333,473.58,1101.62,672.19,872.36
2026-01-15 20:54:59,XPQ-01 Main,2026-01-15 20:54:00,1343.33,77.92,4.608995,473.3,1339.8,363.69,222.67,287.39,79.05,5.17003866666667,473.67,1361.67,375.24,231.59,295.3,78.7,4.80081266666667,473.39,1328.53,362.36,235.5,275.41,76.0,3.859402,472.83,1101.3,689.76,858.09
2026-01-15 20:55:59,XPQ-01 Main,2026-01-15 20:55:00,1315.32,77.5,4.608995,473.45,1312.78,356.54,220.73,279.81,78.51,5.203372,473.73,1330.9,366.75,228.15,287.01,78.28,4.50081266666667,473.47,1302.27,355.39,232.0,268.82,75.71,4.12606866666667,473.16,1078.68,680.87,835.64
2026-01-15 20:56:59,XPQ-01 Main,2026-01-15 20:56:00,1307.97,77.54,4.46566166666667,473.81,1302.47,353.75,220.27,276.56,78.22,4.87003866666667,474.18,1319.6,364.24,224.85,285.96,78.61,4.40081266666667,474.18,1301.82,355.47,231.87,269.34,75.79,4.12606866666667,473.08,1073.46,676.99,831.86
2026-01-15 20:57:59,XPQ-01 Main,2026-01-15 20:57:00,1342.68,79.12,4.42232833333333,473.77,1343.3,364.93,221.16,290.26,79.54,4.93670533333333,474.04,1346.91,371.52,222.84,297.33,80.03,4.36747933333333,473.98,1337.83,365.36,229.49,284.12,77.79,3.959402,473.29,1101.82,673.48,871.71
2026-01-15 20:58:59,XPQ-01 Main,2026-01-15 20:58:00,1326.43,77.36,4.76566166666667,473.21,1324.43,359.28,223.67,281.21,78.27,5.203372,473.44,1340.68,369.46,230.25,288.61,78.17,4.86747933333333,473.56,1314.19,358.5,234.44,271.07,75.64,4.22606866666667,472.64,1087.24,688.35,840.89
2026-01-15 20:59:59,XPQ-01 Main,2026-01-15 20:59:00,1306.79,78.16,4.678995,473.71,1307.94,355.38,216.38,281.68,79.3,5.17003866666667,474.02,1322.99,364.82,224.78,287.11,78.74,4.734146,473.76,1289.44,352.06,226.78,268.9,76.44,4.12606866666667,473.34,1072.26,667.93,837.7
2026-01-15 21:00:59,XPQ-01 Main,2026-01-15 21:00:00,1324.66,79.01,4.65566166666667,473.34,1324.26,359.47,220.31,283.77,79.82,4.93670533333333,473.7,1338.21,368.83,226.89,290.31,79.79,4.80081266666667,473.49,1311.53,357.78,230.59,273.11,77.43,4.22606866666667,472.84,1086.09,677.79,847.18
2026-01-15 21:01:59,XPQ-01 Main,2026-01-15 21:01:00,1338.42,78.0,4.32232833333333,473.38,1335.57,362.52,224.79,284.13,78.42,4.73670533333333,473.79,1344.49,370.69,226.97,292.99,79.05,4.40081266666667,473.62,1335.21,364.21,234.28,278.56,76.53,3.8260686666666706,472.72,1097.43,686.04,855.68
2026-01-15 21:02:59,XPQ-01 Main,2026-01-15 21:02:00,1291.72,77.52,4.608995,473.9,1291.16,350.98,215.56,276.7,78.89,5.13670533333333,474.25,1312.0,361.95,226.08,282.58,78.08,4.56747933333333,473.93,1271.99,347.4,227.21,262.44,75.6,4.12606866666667,473.51,1060.33,668.85,821.72
2026-01-15 21:03:59,XPQ-01 Main,2026-01-15 21:03:00,1369.52,78.56,4.498995,473.79,1368.05,371.54,226.03,294.7,79.35,5.13670533333333,474.07,1381.91,381.35,231.69,302.57,79.4,4.30081266666667,474.17,1358.59,371.03,237.02,285.35,76.92,4.059402,473.14,1123.92,694.74,882.62
2026-01-15 21:04:59,XPQ-01 Main,2026-01-15 21:04:00,1360.67,80.08,4.24566166666667,473.99,1361.44,369.93,217.82,298.78,80.81,4.47003866666667,474.23,1370.84,378.37,222.44,305.59,80.85,4.30081266666667,474.3,1349.75,368.82,227.86,289.66,78.6,3.959402,473.44,1117.12,668.11,894.03
2026-01-15 21:05:59,XPQ-01 Main,2026-01-15 21:05:00,1292.64,77.92,4.93232833333333,474.49,1290.0,350.96,217.48,275.26,78.47,5.37003866666667,474.78,1300.3,359.26,220.42,283.39,78.93,5.00081266666667,474.73,1287.62,352.15,227.17,268.76,76.37,4.42606866666667,473.96,1062.38,665.07,827.41
2026-01-15 21:06:59,XPQ-01 Main,2026-01-15 21:06:00,1272.03,77.7,4.41232833333333,474.79,1266.67,344.82,212.79,271.08,78.66,4.703372,475.09,1287.86,356.07,219.61,279.73,78.66,4.50081266666667,475.02,1261.56,345.24,225.08,261.45,75.78,4.02606866666667,474.24,1046.12,657.49,812.26
2026-01-15 21:07:59,XPQ-01 Main,2026-01-15 21:07:00,1305.28,76.93,4.34232833333333,474.73,1300.66,354.2,221.48,276.05,78.0,4.87003866666667,475.21,1322.26,365.51,229.44,284.38,77.83,4.40081266666667,474.76,1292.91,353.64,233.91,265.04,74.98,3.759402,474.23,1073.35,684.83,825.46
2026-01-15 21:08:59,XPQ-01 Main,2026-01-15 21:08:00,1316.64,78.05,4.51232833333333,474.43,1311.96,356.82,221.64,279.5,78.35,5.103372,474.69,1321.77,365.21,222.61,289.25,79.25,4.50081266666667,474.79,1316.21,359.95,231.43,275.42,76.56,3.92606866666667,473.81,1081.97,675.68,844.17
2026-01-15 21:09:59,XPQ-01 Main,2026-01-15 21:09:00,1295.48,78.62,4.46566166666667,474.56,1290.61,351.2,213.27,278.85,79.43,5.03670533333333,474.87,1309.05,361.72,218.86,287.64,79.58,4.50081266666667,474.75,1286.77,351.97,225.02,270.23,76.85,3.859402,474.06,1064.89,657.15,836.72
2026-01-15 21:10:59,XPQ-01 Main,2026-01-15 21:10:00,1336.87,78.64,4.41232833333333,474.57,1333.89,362.9,221.76,287.15,79.15,4.903372,474.8,1344.58,371.58,224.55,295.81,79.65,4.40081266666667,474.91,1332.15,364.45,231.78,280.94,77.14,3.92606866666667,474.01,1098.93,678.09,863.9
2026-01-15 21:11:59,XPQ-01 Main,2026-01-15 21:11:00,1323.86,77.9,4.08566166666667,474.52,1318.14,358.67,220.53,282.64,78.84,4.703372,474.88,1340.07,370.3,227.67,291.82,78.84,3.96747933333333,474.71,1313.36,359.16,233.31,272.9,76.01,3.59273533333333,473.96,1088.13,681.52,847.36
2026-01-15 21:12:59,XPQ-01 Main,2026-01-15 21:12:00,1325.92,79.24,4.33232833333333,475.15,1321.1,359.81,217.72,286.35,79.6,4.903372,475.39,1332.24,368.66,219.11,296.11,80.39,4.334146,475.54,1324.44,362.77,228.06,281.82,77.74,3.759402,474.52,1091.25,664.89,864.29
2026-01-15 21:13:59,XPQ-01 Main,2026-01-15 21:13:00,1324.88,78.76,4.47566166666667,474.96,1320.82,359.74,218.41,285.53,79.43,4.97003866666667,475.36,1335.82,369.49,222.72,294.54,79.76,4.50081266666667,475.15,1317.99,360.75,229.7,277.97,77.09,3.959402,474.38,1089.97,670.82,858.04
2026-01-15 21:14:59,XPQ-01 Main,2026-01-15 21:14:00,1335.03,77.49,4.45566166666667,474.52,1330.08,361.92,225.49,282.81,78.19,5.17003866666667,474.95,1346.77,372.22,230.29,292.09,78.53,4.26747933333333,474.74,1328.24,363.18,237.04,274.97,75.74,3.92606866666667,473.88,1097.31,692.81,849.88
2026-01-15 21:15:59,XPQ-01 Main,2026-01-15 21:15:00,1286.95,78.1,4.718995,475.35,1282.22,349.58,217.03,273.72,78.36,5.33670533333333,475.81,1290.89,357.33,217.41,283.22,79.32,4.76747933333333,475.46,1287.75,352.71,226.46,269.99,76.62,4.059402,474.79,1059.62,660.9,826.93
2026-01-15 21:16:59,XPQ-01 Main,2026-01-15 21:16:00,1342.76,77.42,4.288995,474.53,1340.24,364.76,227.27,285.11,78.2,4.77003866666667,474.91,1354.36,374.22,232.62,292.96,78.31,4.334146,474.66,1333.68,364.71,237.87,276.04,75.75,3.759402,474.03,1103.69,697.76,854.11
2026-01-15 21:17:59,XPQ-01 Main,2026-01-15 21:17:00,1326.68,77.46,4.75566166666667,474.76,1323.89,360.33,223.86,282.2,78.34,5.17003866666667,474.91,1340.57,370.57,230.21,290.01,78.32,4.634146,475.07,1315.57,360.11,235.1,272.39,75.7,4.459402,474.31,1091.0,689.16,844.59
2026-01-15 21:18:59,XPQ-01 Main,2026-01-15 21:18:00,1290.08,77.51,5.15566166666667,475.21,1288.77,350.97,220.96,272.53,77.68,5.37003866666667,475.51,1291.16,357.47,220.59,280.95,78.65,5.334146,475.71,1290.29,353.41,228.88,269.22,76.19,4.759402,474.4,1061.85,670.44,822.69
2026-01-15 21:19:59,XPQ-01 Main,2026-01-15 21:19:00,1266.59,77.27,5.75566166666667,474.29,1264.95,343.81,216.36,266.97,77.69,6.03670533333333,474.53,1271.83,351.4,218.14,274.93,78.34,5.70081266666667,474.78,1262.98,345.3,225.15,261.53,75.79,5.52606866666667,473.55,1040.51,659.65,803.43
2026-01-15 21:20:59,XPQ-01 Main,2026-01-15 21:20:00,1201.59,77.33,5.48566166666667,475.81,1200.61,327.74,205.36,255.05,77.89,5.87003866666667,476.25,1207.53,334.49,208.07,261.73,78.28,5.40081266666667,475.78,1196.63,328.07,213.57,248.48,75.84,5.19273533333333,475.39,990.29,627.0,765.25
2026-01-15 21:21:59,XPQ-01 Main,2026-01-15 21:21:00,1218.44,77.08,5.508995,475.76,1219.74,332.68,210.42,257.66,77.45,6.103372,476.01,1221.49,338.44,211.48,263.87,78.03,5.40081266666667,476.1,1214.1,332.95,217.3,252.15,75.75,5.02606866666667,475.17,1004.07,639.2,773.68
2026-01-15 21:22:59,XPQ-01 Main,2026-01-15 21:22:00,1197.93,77.75,5.74232833333333,475.71,1198.94,326.95,205.19,254.51,77.85,6.203372,476.06,1196.81,331.64,203.98,261.35,78.83,5.634146,476.08,1198.06,328.46,211.34,251.49,76.57,5.39273533333333,474.99,987.05,620.51,767.35
2026-01-15 21:23:59,XPQ-01 Main,2026-01-15 21:23:00,1081.46,72.39,6.018995,476.44,1082.93,295.93,201.64,216.37,73.16,6.57003866666667,476.91,1088.05,301.91,205.3,221.02,73.27,5.86747933333333,476.55,1073.41,294.63,208.23,208.45,70.75,5.62606866666667,475.86,892.47,615.16,645.84
2026-01-15 21:24:59,XPQ-01 Main,2026-01-15 21:24:00,1031.65,70.82,5.588995,477.25,1033.27,282.97,197.92,201.72,71.38,5.93670533333333,477.9,1034.84,287.6,200.01,206.21,71.78,5.534146,477.13,1026.84,282.23,203.21,195.32,69.3,5.29273533333333,476.72,852.8,601.14,603.25
2026-01-15 21:25:59,XPQ-01 Main,2026-01-15 21:25:00,999.82,70.09,5.718995,476.86,998.76,273.25,193.17,193.05,70.69,6.23670533333333,477.38,1004.61,278.95,195.68,198.66,71.24,5.50081266666667,476.84,996.1,273.63,199.77,186.99,68.34,5.42606866666667,476.36,825.83,588.62,578.7
2026-01-15 21:26:59,XPQ-01 Main,2026-01-15 21:26:00,1026.94,72.09,5.76566166666667,477.11,1027.3,281.15,194.79,202.57,72.08,6.203372,477.54,1024.22,284.53,193.18,208.57,73.36,5.734146,477.19,1029.28,282.95,199.54,200.26,70.84,5.359402,476.6,848.64,587.52,611.4
2026-01-15 21:27:59,XPQ-01 Main,2026-01-15 21:27:00,1023.61,71.34,5.718995,476.89,1022.36,279.61,194.26,201.01,71.91,6.13670533333333,477.22,1028.71,285.66,196.67,206.92,72.48,5.634146,477.06,1019.77,280.27,201.16,195.09,69.62,5.39273533333333,476.39,845.53,592.09,603.02
2026-01-15 21:28:59,XPQ-01 Main,2026-01-15 21:28:00,1009.71,71.3,5.56566166666667,476.85,1007.28,275.53,192.35,196.95,71.54,6.07003866666667,477.33,1010.75,280.66,192.66,203.87,72.68,5.434146,476.88,1011.09,277.77,199.12,193.51,69.69,5.19273533333333,476.33,833.96,584.13,594.33
2026-01-15 21:29:59,XPQ-01 Main,2026-01-15 21:29:00,1031.22,70.14,5.888995,475.92,1031.54,281.54,198.78,199.2,70.78,6.403372,476.1,1036.23,287.08,201.51,203.97,71.14,5.834146,476.09,1025.9,281.45,204.75,192.54,68.51,5.42606866666667,475.57,850.08,605.04,595.71
2026-01-15 21:30:59,XPQ-01 Main,2026-01-15 21:30:00,1032.97,72.65,5.408995,476.92,1032.85,282.38,194.68,204.52,72.43,5.903372,477.27,1028.52,285.74,191.82,211.33,74.05,5.334146,477.3,1037.53,285.16,199.37,203.72,71.47,4.99273533333333,476.2,853.29,585.87,619.57
2026-01-15 21:31:59,XPQ-01 Main,2026-01-15 21:31:00,1007.32,71.9,5.778995,477.53,1008.91,276.38,192.09,198.64,71.89,6.27003866666667,477.93,1004.15,279.17,190.37,203.91,73.1,5.86747933333333,477.58,1008.92,277.62,196.13,196.18,70.72,5.19273533333333,477.09,833.17,578.59,598.73
2026-01-15 21:32:59,XPQ-01 Main,2026-01-15 21:32:00,995.69,72.24,5.74566166666667,477.51,995.81,272.81,187.28,198.14,72.67,6.13670533333333,477.79,998.3,277.44,188.52,203.31,73.33,5.834146,477.48,992.96,273.28,193.02,193.03,70.71,5.259402,477.25,823.53,568.81,594.48
2026-01-15 21:33:59,XPQ-01 Main,2026-01-15 21:33:00,1029.62,72.79,5.598995,477.22,1027.19,281.32,191.07,205.98,73.31,6.03670533333333,477.73,1035.12,287.54,193.28,212.14,73.92,5.30081266666667,477.06,1026.55,282.22,197.98,200.36,71.13,5.459402,476.87,851.08,582.32,618.47
2026-01-15 21:34:59,XPQ-01 Main,2026-01-15 21:34:00,1011.47,71.94,5.63232833333333,477.25,1007.79,275.79,190.1,199.56,72.41,5.87003866666667,477.64,1017.12,282.72,192.04,206.5,73.23,5.56747933333333,477.49,1009.49,277.61,197.49,194.62,70.19,5.459402,476.63,836.13,579.64,600.68
2026-01-15 21:35:59,XPQ-01 Main,2026-01-15 21:35:00,984.62,70.73,5.66566166666667,477.92,981.58,269.07,188.35,192.01,71.39,6.17003866666667,478.17,991.99,275.97,191.39,198.13,71.92,5.50081266666667,478.01,980.28,270.03,195.57,185.8,68.88,5.32606866666667,477.57,815.08,575.31,575.94
2026-01-15 21:36:59,XPQ-01 Main,2026-01-15 21:36:00,999.88,72.51,5.64232833333333,477.73,997.53,273.22,188.31,197.74,72.42,6.13670533333333,478.15,998.03,277.76,186.53,205.2,74.0,5.46747933333333,478.05,1004.09,276.39,194.17,196.5,71.13,5.32606866666667,476.99,827.36,569.01,599.44
2026-01-15 21:37:59,XPQ-01 Main,2026-01-15 21:37:00,1007.14,72.07,5.71232833333333,476.92,1001.79,274.21,187.85,199.35,72.78,6.17003866666667,477.42,1015.76,281.97,191.47,206.62,73.35,5.60081266666667,476.73,1003.86,275.81,196.53,193.11,70.09,5.359402,476.62,831.99,575.84,599.09
2026-01-15 21:38:59,XPQ-01 Main,2026-01-15 21:38:00,1006.3,71.83,5.58566166666667,477.6,1002.57,274.64,189.15,198.94,72.47,6.07003866666667,477.86,1014.28,282.0,192.08,205.41,73.04,5.60081266666667,477.71,1002.05,275.84,196.8,192.8,69.98,5.09273533333333,477.23,832.48,578.03,597.15
2026-01-15 21:39:59,XPQ-01 Main,2026-01-15 21:39:00,999.22,72.86,5.46566166666667,477.19,994.67,272.3,185.65,198.97,73.12,5.87003866666667,477.45,1002.55,278.43,186.12,206.5,74.28,5.40081266666667,477.2,1000.43,275.17,193.04,195.59,71.17,5.12606866666667,476.92,825.9,564.81,601.06
2026-01-15 21:40:59,XPQ-01 Main,2026-01-15 21:40:00,999.9,71.65,5.498995,477.22,995.94,272.77,187.67,197.76,72.54,6.003372,477.62,1010.13,280.53,192.23,203.94,72.77,5.26747933333333,477.03,993.64,273.23,195.85,190.05,69.64,5.22606866666667,477.01,826.53,575.75,591.75
2026-01-15 21:41:59,XPQ-01 Main,2026-01-15 21:41:00,999.41,72.08,5.488995,477.4,997.34,273.01,188.56,197.07,72.25,5.803372,477.93,1001.26,278.49,188.54,203.92,73.43,5.434146,477.66,999.62,274.9,194.66,193.85,70.56,5.22606866666667,476.61,826.41,571.76,594.85
2026-01-15 21:42:59,XPQ-01 Main,2026-01-15 21:42:00,1025.38,73.25,5.798995,477.08,1021.93,279.71,187.87,206.76,74.01,6.403372,477.34,1034.59,287.25,191.68,213.19,74.36,5.70081266666667,477.07,1019.61,280.38,196.03,199.85,71.39,5.29273533333333,476.85,847.34,575.58,619.81
2026-01-15 21:43:59,XPQ-01 Main,2026-01-15 21:43:00,1039.89,73.88,5.47566166666667,477.24,1038.18,284.03,190.55,210.42,74.13,5.93670533333333,477.57,1042.45,289.8,190.82,217.17,75.12,5.36747933333333,477.61,1039.03,285.77,197.07,206.82,72.4,5.12606866666667,476.55,859.6,578.44,634.41
2026-01-15 21:44:59,XPQ-01 Main,2026-01-15 21:44:00,1027.7,73.82,5.51232833333333,477.08,1024.54,280.29,188.14,207.26,74.04,5.97003866666667,477.64,1030.0,286.29,188.51,214.75,75.15,5.40081266666667,477.28,1028.57,282.66,195.25,204.11,72.26,5.159402,476.31,849.23,571.9,626.12
2026-01-15 21:45:59,XPQ-01 Main,2026-01-15 21:45:00,1017.9,73.92,5.608995,477.49,1016.65,278.38,186.29,206.58,74.26,6.103372,477.79,1020.85,283.83,187.15,212.67,75.07,5.50081266666667,477.68,1016.19,279.65,192.5,202.12,72.41,5.22606866666667,477.01,841.86,565.93,621.37
2026-01-15 21:46:59,XPQ-01 Main,2026-01-15 21:46:00,1035.05,73.36,5.718995,477.86,1033.76,283.34,190.03,209.55,74.08,6.13670533333333,478.48,1042.85,290.31,193.57,215.31,74.37,5.634146,477.96,1028.54,283.08,197.36,202.62,71.64,5.39273533333333,477.14,856.73,580.95,627.48
2026-01-15 21:47:59,XPQ-01 Main,2026-01-15 21:47:00,1055.54,74.13,5.85566166666667,477.38,1054.74,288.67,191.87,215.56,74.7,6.403372,477.69,1061.47,295.13,194.36,221.6,75.18,5.70081266666667,477.69,1050.42,289.0,198.89,209.54,72.53,5.459402,476.76,872.8,585.13,646.7
2026-01-15 21:48:59,XPQ-01 Main,2026-01-15 21:48:00,1042.95,74.35,5.588995,477.57,1042.41,285.64,189.74,213.2,74.7,5.93670533333333,477.94,1045.74,290.67,190.47,218.88,75.44,5.434146,477.49,1040.7,286.4,195.67,208.51,72.92,5.39273533333333,477.27,862.72,575.88,640.59
2026-01-15 21:49:59,XPQ-01 Main,2026-01-15 21:49:00,1027.38,73.62,5.86566166666667,477.15,1026.04,280.88,188.41,208.08,74.13,6.27003866666667,477.44,1032.27,286.66,190.37,213.63,74.66,5.734146,477.13,1023.85,281.56,194.8,202.45,72.06,5.59273533333333,476.88,849.1,573.58,624.17
2026-01-15 21:50:59,XPQ-01 Main,2026-01-15 21:50:00,1014.81,73.69,5.808995,477.38,1010.37,276.67,185.9,204.57,74.01,6.103372,477.66,1019.46,283.29,186.88,211.81,74.99,5.834146,477.43,1014.61,279.16,193.14,200.74,72.06,5.49273533333333,477.03,839.12,565.91,617.12
2026-01-15 21:51:59,XPQ-01 Main,2026-01-15 21:51:00,1033.27,74.19,5.57566166666667,477.56,1030.56,282.14,189.06,209.26,74.2,6.17003866666667,478.0,1032.88,287.39,187.95,216.98,75.59,5.46747933333333,477.93,1036.37,285.17,195.52,207.43,72.77,5.09273533333333,476.77,854.7,572.53,633.67
2026-01-15 21:52:59,XPQ-01 Main,2026-01-15 21:52:00,1034.29,73.76,5.84232833333333,477.84,1032.22,282.76,191.38,208.19,73.63,6.43670533333333,478.16,1031.76,287.17,189.13,215.84,75.21,5.834146,478.2,1038.91,286.11,197.15,207.26,72.46,5.259402,477.17,856.04,577.66,631.28
2026-01-15 21:53:59,XPQ-01 Main,2026-01-15 21:53:00,1009.99,75.08,5.62232833333333,478.4,1004.26,275.59,182.47,206.36,74.92,5.97003866666667,478.86,1007.87,280.76,180.01,215.43,76.74,5.70081266666667,478.45,1017.83,280.55,189.89,206.37,73.59,5.19273533333333,477.89,836.9,552.37,628.16
2026-01-15 21:54:59,XPQ-01 Main,2026-01-15 21:54:00,1011.51,74.15,5.82232833333333,478.18,1007.5,276.27,186.36,203.91,73.82,6.303372,478.49,1007.24,280.46,182.89,212.39,75.78,5.70081266666667,478.39,1019.8,281.05,192.39,204.62,72.85,5.459402,477.66,837.77,561.64,620.92
2026-01-15 21:55:59,XPQ-01 Main,2026-01-15 21:55:00,1022.89,72.37,5.798995,477.31,1019.2,278.89,189.96,203.99,73.18,6.403372,477.59,1032.77,287.11,194.36,210.59,73.48,5.734146,477.65,1016.69,279.69,198.43,196.96,70.45,5.259402,476.7,845.69,582.75,611.54
2026-01-15 21:56:59,XPQ-01 Main,2026-01-15 21:56:00,1028.06,72.74,5.678995,477.65,1025.8,281.08,190.97,205.74,73.29,6.17003866666667,478.18,1034.01,287.62,193.46,211.94,73.86,5.56747933333333,477.68,1024.35,281.86,198.0,200.1,71.08,5.29273533333333,477.08,850.55,582.44,617.78
2026-01-15 21:57:59,XPQ-01 Main,2026-01-15 21:57:00,1028.52,74.87,5.698995,477.38,1024.44,280.48,186.23,209.53,74.75,6.23670533333333,477.7,1026.55,285.32,184.02,217.74,76.38,5.434146,477.51,1034.58,284.64,192.8,208.97,73.5,5.42606866666667,476.92,850.44,563.04,636.24
2026-01-15 21:58:59,XPQ-01 Main,2026-01-15 21:58:00,1057.87,73.59,5.808995,477.56,1054.33,288.68,192.6,214.92,74.47,6.17003866666667,477.78,1068.88,297.24,197.7,221.66,74.63,5.86747933333333,477.85,1050.4,289.15,201.59,207.12,71.66,5.39273533333333,477.05,875.07,591.89,643.7
2026-01-15 21:59:59,XPQ-01 Main,2026-01-15 21:59:00,1047.23,76.0,5.73232833333333,477.98,1041.29,285.42,186.02,216.26,75.81,6.23670533333333,478.39,1044.6,290.79,183.2,225.74,77.65,5.76747933333333,478.16,1055.8,290.79,193.83,216.72,74.54,5.19273533333333,477.39,867.0,563.05,658.72
2026-01-15 22:00:59,XPQ-01 Main,2026-01-15 22:00:00,1050.57,74.4,5.66566166666667,477.67,1043.17,285.74,190.13,212.97,74.6,6.07003866666667,478.0,1054.62,293.35,190.54,222.44,75.95,5.60081266666667,477.89,1053.93,290.14,199.11,210.6,72.67,5.32606866666667,477.13,869.23,579.77,646.01
2026-01-15 22:01:59,XPQ-01 Main,2026-01-15 22:01:00,1040.27,74.44,6.098995,477.9,1033.66,283.19,188.32,211.36,74.66,6.67003866666667,478.09,1044.76,290.74,188.82,220.28,75.92,5.934146,478.23,1042.39,287.18,196.83,208.61,72.74,5.69273533333333,477.37,861.11,573.97,640.25
2026-01-15 22:02:59,XPQ-01 Main,2026-01-15 22:02:00,1062.25,75.86,5.42232833333333,477.94,1053.09,288.56,186.79,219.65,76.18,6.003372,478.36,1068.8,297.58,188.04,229.86,77.4,5.30081266666667,478.24,1064.86,293.26,197.12,216.83,73.99,4.959402,477.23,879.4,571.95,666.34
2026-01-15 22:03:59,XPQ-01 Main,2026-01-15 22:03:00,1062.51,74.11,5.36566166666667,477.93,1055.01,289.29,191.6,216.14,74.83,5.97003866666667,478.49,1072.99,298.62,195.79,224.84,75.41,5.234146,477.9,1059.54,291.7,201.87,210.04,72.1,4.89273533333333,477.41,879.61,589.26,651.02
2026-01-15 22:04:59,XPQ-01 Main,2026-01-15 22:04:00,1055.89,73.97,6.198995,477.98,1049.38,287.62,191.64,213.91,74.48,6.77003866666667,478.48,1063.73,296.18,194.32,222.62,75.34,6.134146,478.19,1054.55,290.39,201.06,209.23,72.1,5.69273533333333,477.26,874.19,587.02,645.75
2026-01-15 22:05:59,XPQ-01 Main,2026-01-15 22:05:00,1084.17,74.3,5.13232833333333,477.55,1078.5,295.25,195.41,220.96,74.91,5.63670533333333,477.88,1093.68,304.23,198.64,229.02,75.54,4.80081266666667,477.9,1080.33,297.32,204.63,215.14,72.46,4.959402,476.86,896.81,598.68,665.12
2026-01-15 22:06:59,XPQ-01 Main,2026-01-15 22:06:00,1064.04,75.8,5.388995,477.4,1057.32,289.57,187.2,220.51,76.23,5.83670533333333,477.94,1070.82,297.69,189.09,229.28,77.15,5.26747933333333,477.39,1063.99,292.6,196.57,216.34,74.01,5.059402,476.85,879.87,572.86,666.12
2026-01-15 22:07:59,XPQ-01 Main,2026-01-15 22:07:00,1061.4,76.66,5.57566166666667,478.02,1052.63,288.43,184.48,221.54,76.84,6.23670533333333,478.27,1066.43,296.91,184.62,231.91,78.24,5.40081266666667,478.4,1065.15,293.49,194.36,219.75,74.9,5.09273533333333,477.38,878.82,563.46,673.19
2026-01-15 22:08:59,XPQ-01 Main,2026-01-15 22:08:00,1049.0,75.41,5.13232833333333,477.9,1043.81,285.98,187.61,215.82,75.47,5.57003866666667,478.14,1050.07,292.24,186.71,224.52,76.89,4.90081266666667,478.24,1053.12,290.12,195.52,214.19,73.86,4.92606866666667,477.33,868.33,569.84,654.54
2026-01-15 22:09:59,XPQ-01 Main,2026-01-15 22:09:00,1065.34,73.98,5.16566166666667,477.88,1058.99,290.16,192.83,216.63,74.69,5.77003866666667,477.97,1075.82,299.28,196.9,224.75,75.22,4.96747933333333,478.17,1061.21,292.41,202.57,210.35,72.03,4.759402,477.51,881.85,592.3,651.73
2026-01-15 22:10:59,XPQ-01 Main,2026-01-15 22:10:00,1071.27,73.97,5.35232833333333,477.29,1066.99,291.95,193.97,218.03,74.71,5.83670533333333,477.41,1080.98,300.41,198.1,225.25,75.09,5.26747933333333,477.64,1065.83,293.3,203.06,211.3,72.1,4.959402,476.82,885.65,595.13,654.58
2026-01-15 22:11:59,XPQ-01 Main,2026-01-15 22:11:00,1144.58,70.83,4.51232833333333,476.59,1140.18,311.5,218.33,221.85,71.27,4.83670533333333,477.06,1150.59,319.52,220.74,230.03,72.15,4.46747933333333,476.97,1142.97,313.85,226.79,216.57,69.06,4.22606866666667,475.74,944.86,665.86,668.45
2026-01-15 22:12:59,XPQ-01 Main,2026-01-15 22:12:00,1096.28,69.8,4.66566166666667,476.85,1090.84,298.3,212.5,208.98,70.12,4.93670533333333,477.09,1101.34,305.75,214.0,217.36,71.26,4.90081266666667,477.05,1096.67,301.44,220.72,204.77,68.01,4.159402,476.42,905.49,647.22,631.11
2026-01-15 22:13:59,XPQ-01 Main,2026-01-15 22:13:00,1107.53,67.69,4.37566166666667,476.58,1107.24,302.66,221.19,206.49,68.24,5.003372,476.99,1112.0,308.59,224.02,212.32,68.8,4.26747933333333,476.71,1103.34,302.99,227.49,200.0,66.03,3.859402,476.04,914.24,672.7,618.81
2026-01-15 22:14:59,XPQ-01 Main,2026-01-15 22:14:00,1105.6,67.72,4.288995,476.3,1103.63,301.42,218.75,207.39,68.8,4.77003866666667,476.44,1117.84,309.92,225.19,212.65,68.66,4.134146,476.52,1095.35,300.79,226.62,197.44,65.69,3.959402,475.93,912.14,670.56,617.48
2026-01-15 22:15:59,XPQ-01 Main,2026-01-15 22:15:00,1064.6,73.55,4.04232833333333,478.26,1064.4,291.92,196.92,215.55,73.84,4.503372,478.43,1066.19,296.84,197.5,221.62,74.66,4.034146,478.51,1063.22,293.15,202.84,211.45,72.17,3.59273533333333,477.85,881.9,597.26,648.62
2026-01-15 22:16:59,XPQ-01 Main,2026-01-15 22:16:00,1053.13,72.33,4.42232833333333,477.88,1052.24,288.37,196.4,211.14,73.22,4.83670533333333,478.23,1062.3,295.63,201.23,216.42,73.23,4.66747933333333,478.08,1044.85,287.74,203.97,202.92,70.53,3.759402,477.34,871.73,601.6,630.49
2026-01-15 22:17:59,XPQ-01 Main,2026-01-15 22:17:00,1129.45,76.0,4.018995,477.18,1126.34,308.17,196.2,237.7,77.13,4.43670533333333,477.35,1144.5,317.95,203.55,244.18,76.81,4.16747933333333,477.44,1117.5,307.43,206.47,227.6,74.06,3.459402,476.76,933.55,606.23,709.47
2026-01-15 22:18:59,XPQ-01 Main,2026-01-15 22:18:00,1191.1,79.3,4.098995,476.26,1180.9,322.56,193.38,258.04,80.02,4.603372,476.6,1205.3,334.21,197.98,268.81,80.52,4.20081266666667,476.36,1187.09,325.84,206.36,251.89,77.36,3.49273533333333,475.82,982.62,597.73,778.75
2026-01-15 22:19:59,XPQ-01 Main,2026-01-15 22:19:00,1228.5,78.37,4.12232833333333,476.76,1226.05,335.15,206.65,263.86,78.73,4.53670533333333,477.06,1233.17,342.38,208.03,271.78,79.41,4.16747933333333,477.05,1226.27,336.97,215.01,259.21,76.97,3.659402,476.17,1014.49,629.68,794.85
2026-01-15 22:20:59,XPQ-01 Main,2026-01-15 22:20:00,1206.81,78.06,3.85232833333333,476.74,1201.14,328.18,203.07,257.61,78.53,4.27003866666667,477.04,1214.86,337.43,205.59,266.98,79.23,3.96747933333333,477.23,1204.44,330.95,213.35,252.81,76.42,3.32606866666667,475.95,996.56,622.01,777.4
2026-01-15 22:21:59,XPQ-01 Main,2026-01-15 22:21:00,1173.7,76.97,4.12232833333333,477.17,1171.33,320.36,201.84,248.64,77.64,4.63670533333333,477.47,1182.68,328.75,205.71,255.96,77.95,4.16747933333333,477.6,1167.07,320.96,211.08,241.76,75.33,3.559402,476.44,970.07,618.62,746.36
2026-01-15 22:22:59,XPQ-01 Main,2026-01-15 22:22:00,1192.7,77.16,4.01232833333333,477.08,1191.89,326.03,205.28,253.37,77.71,4.57003866666667,477.27,1198.92,333.02,208.02,260.07,78.09,4.10081266666667,477.36,1187.3,326.55,213.36,247.05,75.68,3.359402,476.61,985.6,626.66,760.49
2026-01-15 22:23:59,XPQ-01 Main,2026-01-15 22:23:00,1177.24,78.63,4.17566166666667,476.97,1175.15,321.27,197.85,253.27,78.83,4.63670533333333,477.17,1178.9,327.47,197.48,261.13,79.76,4.06747933333333,477.38,1177.68,323.82,205.38,250.27,77.3,3.8260686666666706,476.35,972.57,600.71,764.66
2026-01-15 22:24:59,XPQ-01 Main,2026-01-15 22:24:00,1181.92,78.84,4.108995,477.05,1178.33,322.32,196.52,255.45,79.26,4.63670533333333,477.35,1187.66,329.91,198.04,263.5,79.94,4.234146,477.26,1179.77,324.39,205.5,250.69,77.34,3.459402,476.53,976.62,600.06,769.63
2026-01-15 22:25:59,XPQ-01 Main,2026-01-15 22:25:00,1158.12,77.1,3.9423283333333297,476.52,1152.7,315.08,196.76,245.7,78.06,4.47003866666667,476.9,1172.06,325.16,203.06,253.63,78.06,4.06747933333333,476.56,1149.59,315.68,207.98,237.08,75.17,3.29273533333333,476.11,955.92,607.8,736.41
2026-01-15 22:26:59,XPQ-01 Main,2026-01-15 22:26:00,1284.29,79.73,4.188995,475.22,1277.82,348.02,209.04,277.88,79.91,4.63670533333333,475.63,1288.01,356.65,208.73,288.7,81.04,4.36747933333333,475.67,1287.04,352.45,219.38,275.72,78.25,3.559402,474.35,1057.13,637.15,842.3
2026-01-15 22:27:59,XPQ-01 Main,2026-01-15 22:27:00,1023.69,73.82,4.24232833333333,477.64,1019.44,279.28,187.71,206.83,74.06,4.57003866666667,477.97,1026.66,285.5,188.14,214.54,75.18,4.30081266666667,477.76,1024.97,282.14,195.1,203.66,72.21,3.859402,477.18,846.92,570.95,625.03
2026-01-15 22:28:59,XPQ-01 Main,2026-01-15 22:28:00,931.0,71.62,3.978995,478.01,928.94,254.71,178.06,182.07,71.49,4.37003866666667,478.49,928.56,258.47,176.26,188.96,73.13,4.10081266666667,478.08,935.52,257.63,183.36,180.92,70.24,3.459402,477.46,770.82,537.68,551.95
2026-01-15 22:29:59,XPQ-01 Main,2026-01-15 22:29:00,945.02,69.7,4.278995,476.61,941.79,257.51,183.13,180.79,70.26,4.803372,476.98,950.28,263.66,185.47,187.01,71.0,4.40081266666667,476.62,943.0,258.99,190.07,175.58,67.86,3.62606866666667,476.23,780.16,558.67,543.38
2026-01-15 22:30:59,XPQ-01 Main,2026-01-15 22:30:00,876.91,71.22,4.33232833333333,478.14,872.29,239.25,166.36,171.77,71.83,4.703372,478.49,883.17,245.85,168.98,178.24,72.57,4.434146,478.2,875.26,241.16,173.78,166.82,69.25,3.859402,477.74,726.26,509.11,516.83
2026-01-15 22:31:59,XPQ-01 Main,2026-01-15 22:31:00,958.42,66.67,4.23232833333333,476.65,956.03,261.37,194.42,174.3,66.75,4.73670533333333,477.13,958.37,266.05,194.36,181.24,68.2,4.36747933333333,476.78,960.86,263.85,200.24,171.48,65.05,3.59273533333333,476.04,791.27,589.02,527.02
2026-01-15 22:32:59,XPQ-01 Main,2026-01-15 22:32:00,1018.19,71.24,4.05232833333333,475.91,1015.65,277.11,194.85,196.71,71.04,4.53670533333333,476.31,1014.83,281.35,192.56,204.61,72.82,4.16747933333333,476.25,1024.11,280.85,200.88,196.02,69.84,3.459402,475.18,839.3,588.3,597.34
2026-01-15 22:33:59,XPQ-01 Main,2026-01-15 22:33:00,1076.98,68.07,4.398995,475.34,1073.67,292.79,211.52,202.04,69.07,4.87003866666667,475.76,1088.23,301.15,217.3,208.1,69.17,4.60081266666667,475.32,1069.04,292.8,219.86,193.02,65.98,3.7260686666666705,474.93,886.73,648.67,603.15
2026-01-15 22:34:59,XPQ-01 Main,2026-01-15 22:34:00,980.73,69.48,4.03232833333333,476.74,977.52,267.27,191.64,186.05,69.66,4.53670533333333,477.1,982.36,272.71,191.86,193.02,70.92,4.10081266666667,476.9,982.3,269.87,197.98,182.83,67.84,3.459402,476.23,809.85,581.48,561.9
2026-01-15 22:35:59,XPQ-01 Main,2026-01-15 22:35:00,1019.88,69.1,4.12232833333333,476.05,1016.31,277.49,198.16,193.93,69.94,4.57003866666667,476.59,1029.15,285.38,202.88,200.39,70.27,4.16747933333333,476.18,1014.19,278.11,206.25,186.49,67.07,3.62606866666667,475.38,840.98,607.29,580.82
2026-01-15 22:36:59,XPQ-01 Main,2026-01-15 22:36:00,998.08,72.1,4.05566166666667,475.7,994.4,271.33,187.92,195.43,72.08,4.53670533333333,476.25,997.67,276.42,187.03,203.42,73.61,4.034146,475.81,1002.17,274.62,194.41,193.79,70.6,3.59273533333333,475.06,822.38,569.36,592.63
2026-01-15 22:37:59,XPQ-01 Main,2026-01-15 22:37:00,963.39,69.37,4.12232833333333,475.49,961.13,262.05,189.26,181.04,69.12,4.67003866666667,476.0,959.84,265.89,187.25,188.65,70.97,4.234146,475.74,969.22,265.48,194.58,180.5,68.01,3.459402,474.71,793.42,571.09,550.19
2026-01-15 22:38:59,XPQ-01 Main,2026-01-15 22:38:00,956.59,67.02,4.18566166666667,475.93,955.45,260.83,191.66,176.81,67.81,4.603372,476.41,963.19,266.97,195.42,181.72,68.1,4.234146,476.03,951.11,260.78,197.79,169.85,65.15,3.7260686666666705,475.35,788.58,584.88,528.38
2026-01-15 22:39:59,XPQ-01 Main,2026-01-15 22:39:00,883.97,75.89,4.22232833333333,477.13,882.6,241.51,157.57,182.81,75.75,4.67003866666667,477.62,880.96,244.82,155.23,188.98,77.27,4.234146,477.28,888.36,244.2,162.42,182.14,74.64,3.759402,476.5,730.53,475.22,553.94
2026-01-15 22:40:59,XPQ-01 Main,2026-01-15 22:40:00,882.41,75.64,4.098995,478.33,882.13,241.97,159.4,181.98,75.22,4.503372,478.59,875.72,243.88,155.15,187.87,77.11,4.434146,478.51,889.37,245.2,163.23,182.75,74.58,3.359402,477.88,731.05,477.79,552.6
2026-01-15 22:41:59,XPQ-01 Main,2026-01-15 22:41:00,878.54,73.02,3.96566166666667,477.81,878.85,240.89,163.98,176.22,73.21,4.43670533333333,478.14,878.33,244.31,163.66,181.1,74.19,3.96747933333333,477.85,878.44,241.88,168.46,173.14,71.67,3.49273533333333,477.43,727.08,496.1,530.46
2026-01-15 22:42:59,XPQ-01 Main,2026-01-15 22:42:00,862.31,75.1,3.93232833333333,477.44,862.11,236.04,157.21,175.87,74.56,4.403372,477.72,855.07,237.71,152.57,181.74,76.59,4.26747933333333,477.65,869.75,239.33,160.33,177.15,74.14,3.12606866666667,476.94,713.07,470.1,534.76
2026-01-15 22:43:59,XPQ-01 Main,2026-01-15 22:43:00,911.07,75.43,4.188995,477.24,908.34,248.53,163.44,187.01,75.3,4.503372,477.62,908.92,252.68,161.18,194.08,76.93,4.334146,477.54,915.95,251.88,169.13,186.43,74.06,3.72606866666667,476.55,753.1,493.75,567.51
2026-01-15 22:44:59,XPQ-01 Main,2026-01-15 22:44:00,1008.32,73.25,4.25232833333333,476.28,1008.5,275.53,186.27,202.78,73.64,4.57003866666667,476.74,1010.76,280.33,187.5,208.29,74.32,4.46747933333333,476.36,1005.7,275.98,192.08,198.04,71.78,3.7260686666666705,475.75,831.83,565.85,609.11
2026-01-15 22:45:59,XPQ-01 Main,2026-01-15 22:45:00,988.5,72.47,4.01232833333333,476.11,984.98,269.05,184.33,195.36,72.73,4.43670533333333,476.55,991.49,274.82,184.92,202.1,73.78,3.90081266666667,476.09,989.02,271.31,190.81,191.84,70.9,3.6927353333333297,475.69,815.18,560.06,589.29
2026-01-15 22:46:59,XPQ-01 Main,2026-01-15 22:46:00,1029.15,75.63,4.078995,475.83,1023.26,279.13,182.13,211.26,75.74,4.57003866666667,476.21,1031.55,285.93,181.67,220.03,77.11,3.934146,476.15,1032.65,283.15,190.19,209.42,74.03,3.72606866666667,475.14,848.22,553.99,640.71
2026-01-15 22:47:59,XPQ-01 Main,2026-01-15 22:47:00,1079.09,75.11,3.7756616666666702,475.95,1077.05,294.02,193.2,221.29,75.33,4.23670533333333,476.4,1080.7,299.53,193.41,228.54,76.33,3.96747933333333,476.06,1079.53,296.04,199.97,217.9,73.68,3.12606866666667,475.38,889.58,586.58,667.73
2026-01-15 22:48:59,XPQ-01 Main,2026-01-15 22:48:00,1074.65,73.95,4.03232833333333,475.9,1073.92,293.1,195.43,218.18,74.49,4.33670533333333,476.18,1079.74,299.17,197.78,224.02,74.97,4.134146,476.06,1070.28,293.57,202.29,212.26,72.39,3.6260686666666704,475.45,885.84,595.5,654.46
2026-01-15 22:49:59,XPQ-01 Main,2026-01-15 22:49:00,1199.74,79.25,4.14566166666667,475.22,1191.84,324.87,195.06,259.4,79.92,4.57003866666667,475.66,1211.53,335.25,199.12,269.42,80.42,4.20081266666667,475.25,1195.85,327.45,207.09,253.26,77.41,3.659402,474.74,987.56,601.27,782.08
2026-01-15 22:50:59,XPQ-01 Main,2026-01-15 22:50:00,1290.82,79.76,4.38566166666667,474.54,1291.04,351.17,209.46,281.5,80.23,4.93670533333333,474.9,1295.89,358.25,211.67,288.77,80.65,4.234146,474.94,1285.53,351.57,218.15,275.56,78.4,3.9927353333333295,473.78,1060.99,639.29,845.83
2026-01-15 22:51:59,XPQ-01 Main,2026-01-15 22:51:00,1224.87,80.86,3.96566166666667,474.99,1218.78,332.02,193.04,269.85,81.33,4.203372,475.43,1232.74,340.96,195.12,279.5,82.0,3.934146,475.08,1223.1,334.77,204.07,265.13,79.24,3.759402,474.48,1007.76,592.22,814.47
2026-01-15 22:52:59,XPQ-01 Main,2026-01-15 22:52:00,1285.1,79.76,3.98566166666667,474.66,1281.91,348.88,208.01,279.79,80.25,4.47003866666667,474.82,1293.15,357.33,210.44,287.87,80.73,4.00081266666667,474.9,1280.23,350.35,217.51,273.88,78.31,3.49273533333333,474.25,1056.56,635.96,841.54
2026-01-15 22:53:59,XPQ-01 Main,2026-01-15 22:53:00,1206.71,79.92,4.098995,475.11,1202.11,327.31,195.45,262.41,80.2,4.603372,475.2,1211.74,335.26,195.89,271.14,81.06,4.10081266666667,475.59,1206.29,330.48,204.47,259.0,78.49,3.59273533333333,474.54,993.05,595.81,792.55
2026-01-15 22:54:59,XPQ-01 Main,2026-01-15 22:54:00,1189.45,79.51,4.16566166666667,475.78,1183.77,323.02,192.26,259.43,80.34,4.67003866666667,475.97,1203.52,333.3,197.58,267.81,80.47,4.16747933333333,475.88,1181.05,323.94,203.61,251.46,77.72,3.659402,475.48,980.25,593.46,778.7
2026-01-15 22:55:59,XPQ-01 Main,2026-01-15 22:55:00,1221.23,80.07,4.07566166666667,475.26,1215.75,331.4,196.82,266.4,80.43,4.603372,475.59,1227.35,339.59,198.01,275.54,81.21,4.034146,475.35,1220.6,334.33,206.61,262.42,78.57,3.59273533333333,474.82,1005.32,601.44,804.36
2026-01-15 22:56:59,XPQ-01 Main,2026-01-15 22:56:00,1231.47,80.82,3.96566166666667,475.45,1221.56,333.12,194.06,270.5,81.25,4.47003866666667,475.88,1241.44,343.69,196.05,281.8,82.09,3.96747933333333,475.54,1231.41,337.37,206.09,266.72,79.13,3.459402,474.95,1014.19,596.2,819.01
2026-01-15 22:57:59,XPQ-01 Main,2026-01-15 22:57:00,1204.57,80.11,3.818995,475.29,1196.44,326.23,191.89,263.45,80.83,4.33670533333333,475.79,1218.01,337.08,196.57,273.25,81.18,3.96747933333333,475.27,1199.27,328.39,203.9,256.76,78.31,3.159402,474.81,991.7,592.36,793.45
2026-01-15 22:58:59,XPQ-01 Main,2026-01-15 22:58:00,1255.94,79.68,3.898995,474.93,1246.3,339.57,200.64,273.53,80.63,4.303372,475.41,1273.98,352.29,207.75,284.29,80.74,3.934146,474.91,1247.56,341.37,214.75,264.84,77.67,3.459402,474.47,1033.23,623.15,822.66
2026-01-15 22:59:59,XPQ-01 Main,2026-01-15 22:59:00,1291.17,80.74,3.898995,475.07,1283.01,349.56,203.34,284.06,81.31,4.37003866666667,475.25,1303.26,360.37,206.66,294.4,81.85,3.9008126666666705,475.21,1287.24,352.57,215.51,278.3,79.07,3.42606866666667,474.76,1062.5,625.5,856.77
2026-01-15 23:00:59,XPQ-01 Main,2026-01-15 23:00:00,1272.47,79.2,4.24566166666667,474.87,1267.1,344.89,208.48,274.82,79.68,4.83670533333333,475.1,1280.9,354.28,211.0,284.45,80.32,4.16747933333333,475.3,1269.41,347.49,219.24,269.65,77.6,3.7260686666666705,474.21,1046.65,638.72,828.92
2026-01-15 23:01:59,XPQ-01 Main,2026-01-15 23:01:00,1226.86,81.8,3.8556616666666703,475.85,1222.68,333.64,190.47,273.65,82.08,4.303372,476.37,1230.82,341.15,190.61,282.74,82.92,3.7008126666666703,476.01,1227.1,336.41,199.95,270.45,80.41,3.559402,475.16,1011.2,581.03,826.84
2026-01-15 23:02:59,XPQ-01 Main,2026-01-15 23:02:00,1281.64,80.06,4.108995,474.02,1276.16,346.85,203.48,280.61,80.96,4.403372,474.38,1297.59,358.23,209.96,289.2,80.92,4.26747933333333,474.26,1271.17,347.25,215.55,271.38,78.31,3.659402,473.42,1052.32,628.98,841.19
2026-01-15 23:03:59,XPQ-01 Main,2026-01-15 23:03:00,1317.54,81.86,4.088995,474.27,1313.42,357.18,200.84,295.12,82.67,4.703372,474.66,1332.35,368.0,206.63,303.98,82.7,4.00081266666667,474.45,1306.85,357.17,213.25,286.25,80.19,3.559402,473.69,1082.36,620.72,885.34
2026-01-15 23:04:59,XPQ-01 Main,2026-01-15 23:04:00,1354.35,82.25,4.13232833333333,474.03,1355.26,368.23,207.41,303.86,82.59,4.503372,474.42,1357.48,374.89,208.39,311.36,83.1,4.16747933333333,474.45,1350.32,368.89,215.91,298.81,81.05,3.72606866666667,473.24,1112.01,631.72,914.02
2026-01-15 23:05:59,XPQ-01 Main,2026-01-15 23:05:00,1358.83,81.96,4.16566166666667,473.49,1356.83,368.34,208.17,303.53,82.47,4.63670533333333,473.85,1366.84,376.93,210.86,311.84,82.84,4.234146,473.75,1352.83,369.16,218.38,297.15,80.58,3.62606866666667,472.87,1114.43,637.42,912.52
2026-01-15 23:06:59,XPQ-01 Main,2026-01-15 23:06:00,1354.79,81.25,4.17566166666667,473.6,1352.34,367.19,210.01,300.97,82.01,4.603372,473.96,1367.53,377.23,215.45,309.34,82.06,4.16747933333333,473.88,1344.51,366.97,221.54,292.24,79.69,3.759402,472.96,1111.39,647.0,902.54
2026-01-15 23:07:59,XPQ-01 Main,2026-01-15 23:07:00,1309.57,80.78,4.02232833333333,473.62,1304.7,354.23,205.91,288.0,81.35,4.47003866666667,474.0,1319.41,364.03,209.3,297.46,81.78,4.10081266666667,473.96,1304.59,356.07,217.15,281.91,79.22,3.49273533333333,472.9,1074.34,632.36,867.37
2026-01-15 23:08:59,XPQ-01 Main,2026-01-15 23:08:00,1277.22,81.34,4.35566166666667,473.79,1272.14,345.54,197.44,283.33,82.04,5.003372,474.08,1289.54,355.82,202.07,292.06,82.24,4.30081266666667,474.08,1269.97,346.82,208.89,275.89,79.73,3.759402,473.22,1048.18,608.39,851.29
2026-01-15 23:09:59,XPQ-01 Main,2026-01-15 23:09:00,1295.91,81.91,4.02232833333333,473.55,1295.07,351.46,199.58,289.11,82.3,4.703372,473.72,1301.14,358.89,200.94,296.77,82.8,4.034146,474.05,1291.52,352.61,208.43,284.18,80.64,3.32606866666667,472.89,1062.96,608.95,870.06
2026-01-15 23:10:59,XPQ-01 Main,2026-01-15 23:10:00,1278.39,83.43,3.96566166666667,474.39,1269.15,345.13,186.66,290.01,84.09,4.43670533333333,474.72,1292.93,357.26,190.75,301.35,84.5,3.934146,474.69,1273.09,348.08,200.46,284.23,81.72,3.52606866666667,473.74,1050.47,577.87,875.59
2026-01-15 23:11:59,XPQ-01 Main,2026-01-15 23:11:00,1301.76,83.15,4.098995,473.73,1293.74,351.36,192.33,293.8,83.67,4.703372,474.12,1313.28,362.4,195.12,304.64,84.21,3.934146,474.02,1298.26,354.42,204.78,288.89,81.58,3.659402,473.04,1068.18,592.23,887.32
2026-01-15 23:12:59,XPQ-01 Main,2026-01-15 23:12:00,1313.06,82.02,4.17566166666667,474.41,1309.82,356.16,201.13,293.83,82.52,4.73670533333333,474.55,1321.51,365.08,203.78,302.7,82.95,4.16747933333333,474.83,1307.86,357.75,211.61,288.17,80.6,3.62606866666667,473.86,1078.99,616.52,884.69
2026-01-15 23:13:59,XPQ-01 Main,2026-01-15 23:13:00,1307.36,82.89,4.15232833333333,474.36,1300.73,353.86,195.38,294.57,83.33,4.503372,474.78,1316.37,363.61,197.47,304.71,83.92,4.06747933333333,474.49,1304.99,356.72,206.86,289.95,81.41,3.89273533333333,473.81,1074.2,599.71,889.23
2026-01-15 23:14:59,XPQ-01 Main,2026-01-15 23:14:00,1249.58,81.16,3.788995,474.43,1246.36,339.19,193.89,277.94,82.02,4.17003866666667,474.91,1263.15,348.95,199.84,285.74,81.95,3.734146,474.43,1239.23,338.73,205.22,268.99,79.5,3.459402,473.93,1026.87,598.95,832.67
2026-01-15 23:15:59,XPQ-01 Main,2026-01-15 23:15:00,1220.3,81.03,4.08566166666667,474.95,1213.87,330.68,191.13,269.53,81.57,4.53670533333333,475.51,1230.07,340.27,194.04,279.03,82.1,4.00081266666667,475.01,1216.95,332.95,202.09,264.17,79.42,3.7260686666666705,474.31,1003.9,587.26,812.74
2026-01-15 23:16:59,XPQ-01 Main,2026-01-15 23:16:00,1063.94,77.15,4.088995,476.05,1061.14,289.6,181.51,225.21,77.86,4.63670533333333,476.5,1073.65,297.78,185.24,232.01,78.15,4.16747933333333,476.36,1057.03,289.93,190.22,218.56,75.43,3.459402,475.29,877.31,556.97,675.77
2026-01-15 23:17:59,XPQ-01 Main,2026-01-15 23:17:00,1050.47,75.09,4.18566166666667,476.28,1050.46,287.03,185.87,218.5,76.17,4.77003866666667,476.74,1062.1,294.53,192.0,223.22,75.81,4.20081266666667,476.26,1038.85,285.06,193.81,208.85,73.3,3.59273533333333,475.83,866.61,571.67,650.57
2026-01-15 23:18:59,XPQ-01 Main,2026-01-15 23:18:00,1041.9,75.98,3.898995,476.38,1036.22,283.16,182.98,215.65,76.25,4.37003866666667,477.0,1045.97,290.25,183.62,224.24,77.37,3.834146,476.42,1043.52,286.31,191.4,212.63,74.32,3.49273533333333,475.71,859.72,558.0,652.52
2026-01-15 23:19:59,XPQ-01 Main,2026-01-15 23:19:00,1050.92,77.82,3.95566166666667,476.91,1049.78,287.05,177.38,225.55,78.61,4.43670533333333,477.22,1060.56,294.57,181.54,231.31,78.67,4.034146,477.2,1042.43,286.53,185.42,218.1,76.19,3.39273533333333,476.32,868.15,544.34,674.97
2026-01-15 23:20:59,XPQ-01 Main,2026-01-15 23:20:00,1021.4,78.36,4.16566166666667,477.0,1017.92,278.58,170.67,219.93,79.0,4.77003866666667,477.56,1029.1,285.83,173.63,226.93,79.42,4.10081266666667,476.92,1017.19,279.49,179.32,214.14,76.67,3.62606866666667,476.52,843.91,523.63,661.0
2026-01-15 23:21:59,XPQ-01 Main,2026-01-15 23:21:00,937.0,75.65,4.23232833333333,477.99,932.18,255.69,164.36,195.31,76.51,4.77003866666667,478.6,947.27,263.65,168.71,202.11,76.77,4.434146,477.86,931.55,256.46,173.13,188.68,73.68,3.49273533333333,477.52,775.79,506.2,586.1
2026-01-15 23:22:59,XPQ-01 Main,2026-01-15 23:22:00,842.03,70.69,4.93232833333333,478.47,837.69,229.9,160.94,163.84,71.34,5.33670533333333,478.83,848.82,236.48,163.74,169.92,72.01,5.034146,478.56,839.59,231.48,167.84,158.73,68.71,4.42606866666667,478.01,697.85,492.52,492.49
2026-01-15 23:23:59,XPQ-01 Main,2026-01-15 23:23:00,891.16,74.28,4.57566166666667,478.46,884.12,242.67,161.45,180.9,74.61,5.13670533333333,478.82,897.34,249.94,162.49,188.58,75.76,4.46747933333333,478.49,892.02,245.95,169.03,177.75,72.47,4.12606866666667,478.08,738.56,492.97,547.23
2026-01-15 23:24:59,XPQ-01 Main,2026-01-15 23:24:00,896.62,72.58,4.518995,478.46,890.49,244.41,166.29,178.9,73.25,4.87003866666667,478.71,904.77,251.97,169.48,185.89,73.9,4.634146,478.51,894.6,246.7,174.29,173.76,70.6,4.059402,478.14,743.08,510.05,538.56
2026-01-15 23:25:59,XPQ-01 Main,2026-01-15 23:25:00,852.83,73.51,4.598995,478.52,847.03,232.59,155.52,172.59,74.29,4.903372,479.0,862.12,240.15,159.2,179.15,74.75,4.60081266666667,478.4,849.35,234.14,163.36,167.04,71.49,4.29273533333333,478.15,706.88,478.08,518.78
2026-01-15 23:26:59,XPQ-01 Main,2026-01-15 23:26:00,873.68,74.52,4.218995,478.29,867.69,237.93,156.73,178.43,75.13,4.703372,478.77,881.79,245.74,159.49,185.51,75.83,4.134146,478.61,871.55,240.15,164.67,173.82,72.6,3.8260686666666706,477.48,723.81,480.89,537.77
2026-01-15 23:27:59,XPQ-01 Main,2026-01-15 23:27:00,915.17,76.52,4.18566166666667,477.79,908.56,249.01,157.98,192.16,77.25,4.703372,478.06,925.29,257.34,161.52,199.12,77.66,4.30081266666667,477.84,911.65,251.05,166.4,186.62,74.64,3.559402,477.45,757.39,485.9,577.9
2026-01-15 23:28:59,XPQ-01 Main,2026-01-15 23:28:00,1014.99,74.56,4.23232833333333,476.99,1008.36,275.77,181.56,207.51,75.26,4.73670533333333,477.22,1025.57,284.85,185.38,215.39,75.79,4.234146,477.27,1011.03,277.99,190.68,201.54,72.64,3.7260686666666705,476.48,838.61,557.62,624.44
2026-01-15 23:29:59,XPQ-01 Main,2026-01-15 23:29:00,1045.14,75.44,4.018995,476.24,1039.07,283.93,183.58,216.11,76.21,4.403372,476.67,1057.09,293.05,187.91,223.71,76.57,3.934146,476.16,1039.25,285.18,192.93,209.37,73.54,3.7260686666666705,475.89,862.16,564.41,649.19
2026-01-15 23:30:59,XPQ-01 Main,2026-01-15 23:30:00,1064.95,76.72,3.92232833333333,476.4,1059.74,289.62,183.66,223.52,77.26,4.33670533333333,477.1,1072.63,297.67,186.3,231.76,77.94,4.00081266666667,476.4,1062.49,291.49,192.81,218.36,74.96,3.42606866666667,475.7,878.78,562.77,673.64
2026-01-15 23:31:59,XPQ-01 Main,2026-01-15 23:31:00,1060.44,76.61,3.82232833333333,476.15,1055.5,288.19,182.27,223.1,77.44,4.23670533333333,476.59,1071.95,297.29,186.91,230.76,77.71,3.96747933333333,476.35,1053.89,289.14,192.22,215.91,74.69,3.259402,475.51,874.62,561.41,669.78
2026-01-15 23:32:59,XPQ-01 Main,2026-01-15 23:32:00,1090.25,76.52,3.7856616666666705,476.21,1086.79,296.7,189.1,228.67,77.07,4.47003866666667,476.55,1097.55,304.44,191.78,236.21,77.63,3.8674793333333297,476.54,1086.4,298.14,197.71,223.17,74.85,3.02606866666667,475.53,899.29,578.58,688.06
2026-01-15 23:33:59,XPQ-01 Main,2026-01-15 23:33:00,1066.04,76.98,3.808995,476.3,1063.38,290.45,183.16,225.22,77.58,4.303372,476.86,1073.14,297.77,186.03,232.18,78.04,3.8674793333333297,476.47,1061.6,291.27,191.55,219.26,75.31,3.259402,475.57,879.49,560.74,676.66
2026-01-15 23:34:59,XPQ-01 Main,2026-01-15 23:34:00,1060.58,74.46,3.82232833333333,476.34,1061.42,289.93,191.65,217.44,75.02,4.17003866666667,476.78,1065.29,295.56,194.0,222.64,75.39,3.934146,476.55,1055.03,289.55,197.86,211.22,72.98,3.359402,475.67,875.04,583.51,651.3
2026-01-15 23:35:59,XPQ-01 Main,2026-01-15 23:35:00,1063.28,76.92,4.07566166666667,476.05,1060.52,289.54,183.53,223.67,77.31,4.603372,476.66,1067.68,296.11,184.75,230.85,78.08,4.26747933333333,476.19,1061.64,291.1,191.2,219.32,75.38,3.359402,475.31,876.76,559.48,673.84
2026-01-15 23:36:59,XPQ-01 Main,2026-01-15 23:36:00,1076.01,77.65,4.018995,476.23,1071.54,292.62,183.17,227.94,77.95,4.63670533333333,476.81,1079.95,299.64,183.85,236.28,78.92,4.26747933333333,476.44,1076.55,295.32,191.51,224.57,76.09,3.159402,475.45,887.58,558.53,688.79
2026-01-15 23:37:59,XPQ-01 Main,2026-01-15 23:37:00,1044.69,76.02,3.98566166666667,476.24,1041.08,284.29,182.26,217.81,76.69,4.37003866666667,476.74,1053.53,292.29,185.75,225.0,77.12,4.134146,476.45,1039.45,285.2,190.92,211.57,74.24,3.459402,475.54,861.78,558.92,654.38
2026-01-15 23:38:59,XPQ-01 Main,2026-01-15 23:38:00,973.92,73.87,3.998995,476.69,971.82,265.62,178.88,196.19,73.9,4.27003866666667,477.03,973.43,270.25,177.97,203.01,75.19,4.234146,476.97,976.51,268.26,184.47,194.22,72.51,3.49273533333333,476.08,804.13,541.33,593.42
2026-01-15 23:39:59,XPQ-01 Main,2026-01-15 23:39:00,1061.18,76.07,4.02232833333333,476.08,1059.72,289.31,185.74,221.55,76.63,4.603372,476.51,1067.33,295.96,188.35,227.87,77.08,4.034146,476.29,1056.49,289.81,193.13,215.73,74.5,3.42606866666667,475.43,875.07,567.21,665.15
2026-01-15 23:40:59,XPQ-01 Main,2026-01-15 23:40:00,1067.6,77.23,3.7223283333333295,476.27,1064.44,290.69,182.89,225.81,77.71,4.203372,476.61,1073.1,297.65,184.9,232.93,78.32,3.734146,476.52,1065.25,292.39,190.93,220.94,75.66,3.22606866666667,475.68,880.72,558.71,679.68
2026-01-15 23:41:59,XPQ-01 Main,2026-01-15 23:41:00,1058.21,78.72,3.72232833333333,476.16,1054.76,287.96,176.29,227.4,79.03,4.23670533333333,476.57,1062.11,294.59,176.98,234.9,79.87,3.8674793333333297,476.43,1057.76,290.21,184.09,223.92,77.25,3.059402,475.47,872.76,537.36,686.22
2026-01-15 23:42:59,XPQ-01 Main,2026-01-15 23:42:00,1123.91,77.45,4.17566166666667,475.62,1119.81,305.4,189.51,239.09,78.37,4.57003866666667,476.03,1136.52,314.86,195.3,246.4,78.37,4.334146,475.87,1115.39,305.67,199.67,230.77,75.62,3.6260686666666704,474.96,925.93,584.48,716.25
2026-01-15 23:43:59,XPQ-01 Main,2026-01-15 23:43:00,1108.31,78.52,3.708995,475.89,1103.17,300.93,182.7,238.83,79.43,4.203372,476.24,1121.8,311.0,188.41,246.92,79.5,3.90081266666667,476.24,1099.97,301.66,193.58,231.01,76.65,3.02606866666667,475.18,913.59,564.68,716.77
2026-01-15 23:44:59,XPQ-01 Main,2026-01-15 23:44:00,1071.16,77.64,3.908995,476.67,1069.09,292.13,183.23,227.07,77.82,4.303372,477.18,1072.67,297.95,183.08,234.62,78.84,4.00081266666667,477.04,1071.72,294.3,190.24,224.29,76.26,3.42606866666667,475.78,884.38,556.55,685.97
2026-01-15 23:45:59,XPQ-01 Main,2026-01-15 23:45:00,1047.01,77.74,3.708995,476.16,1043.07,284.92,176.27,223.38,78.5,4.23670533333333,476.65,1056.89,293.04,180.39,230.28,78.72,3.934146,476.17,1041.07,285.59,185.31,216.65,75.99,2.959402,475.66,863.55,541.98,670.3
2026-01-15 23:46:59,XPQ-01 Main,2026-01-15 23:46:00,1042.09,74.44,4.24232833333333,476.67,1039.44,284.09,186.72,213.86,75.33,4.803372,476.87,1052.56,292.14,191.63,219.96,75.4,4.20081266666667,476.96,1034.27,284.18,195.21,206.05,72.6,3.72606866666667,476.18,860.42,573.56,639.87
2026-01-15 23:47:59,XPQ-01 Main,2026-01-15 23:47:00,956.9,78.62,4.178995,478.22,955.27,262.02,160.41,206.44,78.96,4.87003866666667,478.83,960.36,267.54,161.12,212.32,79.66,3.96747933333333,478.33,955.09,263.06,166.74,202.66,77.22,3.6927353333333297,477.5,792.63,488.27,621.41
2026-01-15 23:48:59,XPQ-01 Main,2026-01-15 23:48:00,937.47,76.12,4.13232833333333,478.33,937.77,257.23,165.19,197.08,76.64,4.77003866666667,478.66,941.72,262.31,167.0,201.88,77.05,4.034146,478.55,932.94,257.16,170.88,191.89,74.68,3.59273533333333,477.77,776.7,503.07,590.85
2026-01-15 23:49:59,XPQ-01 Main,2026-01-15 23:49:00,953.78,80.3,4.06566166666667,478.82,953.39,261.79,154.68,210.75,80.62,4.603372,479.22,956.45,266.71,155.01,216.24,81.27,3.8674793333333297,479.0,951.49,262.52,160.58,207.05,79.02,3.72606866666667,478.23,791.02,470.27,634.04
2026-01-15 23:50:59,XPQ-01 Main,2026-01-15 23:50:00,856.07,82.02,4.188995,480.35,857.61,236.33,134.13,194.19,82.28,4.63670533333333,480.88,856.72,239.66,133.97,198.33,82.87,4.234146,480.4,853.89,236.27,138.67,190.98,80.92,3.6927353333333297,479.79,712.26,406.76,583.5
2026-01-15 23:51:59,XPQ-01 Main,2026-01-15 23:51:00,846.63,81.33,4.198995,479.57,840.41,231.11,133.46,188.06,81.55,4.43670533333333,480.13,850.49,237.63,133.21,195.9,82.69,4.334146,479.75,848.98,234.53,141.22,186.61,79.74,3.8260686666666706,478.82,703.27,407.89,570.57
2026-01-15 23:52:59,XPQ-01 Main,2026-01-15 23:52:00,864.69,79.0,4.07566166666667,479.12,857.36,235.5,144.46,185.7,78.93,4.77003866666667,479.46,865.86,241.65,142.7,194.55,80.63,4.134146,479.47,870.85,240.45,151.98,186.03,77.44,3.32606866666667,478.44,717.6,439.14,566.27
2026-01-15 23:53:59,XPQ-01 Main,2026-01-15 23:53:00,946.03,78.35,3.7656616666666705,478.69,941.53,258.39,159.18,203.18,78.72,4.37003866666667,479.01,951.5,265.31,160.26,210.6,79.58,3.834146,479.03,945.04,260.71,166.94,199.85,76.75,3.09273533333333,478.03,784.4,486.37,613.63
2026-01-15 23:54:59,XPQ-01 Main,2026-01-15 23:54:00,918.31,80.85,3.9556616666666704,479.84,911.61,250.89,146.68,203.04,81.06,4.37003866666667,480.41,922.07,257.72,146.39,211.61,82.24,4.06747933333333,479.93,921.25,254.63,155.17,201.54,79.24,3.42606866666667,479.17,763.24,448.23,616.19
2026-01-15 23:55:59,XPQ-01 Main,2026-01-15 23:55:00,963.36,79.68,3.7223283333333295,479.31,956.03,262.79,156.38,210.7,80.3,4.103372,479.83,973.26,271.76,159.3,219.35,80.91,3.8674793333333297,479.5,960.79,265.27,166.4,206.29,77.83,3.19273533333333,478.59,799.82,482.08,636.34
2026-01-15 23:56:59,XPQ-01 Main,2026-01-15 23:56:00,964.19,83.61,4.16566166666667,480.0,957.29,263.57,143.44,220.75,83.85,4.67003866666667,480.51,968.29,270.67,142.92,229.43,84.88,4.06747933333333,480.07,967.0,267.42,152.41,219.27,82.11,3.759402,479.43,801.65,438.76,669.45
2026-01-15 23:57:59,XPQ-01 Main,2026-01-15 23:57:00,973.05,82.37,3.9556616666666704,479.1,968.89,266.2,149.23,220.1,82.77,4.63670533333333,479.4,978.73,273.03,150.14,227.62,83.48,3.96747933333333,479.26,971.53,268.27,157.6,216.67,80.87,3.259402,478.64,807.5,456.97,664.4
2026-01-15 23:58:59,XPQ-01 Main,2026-01-15 23:58:00,899.24,79.01,3.7756616666666702,479.75,893.01,245.69,149.25,194.76,79.37,4.27003866666667,480.23,904.76,252.84,150.06,202.81,80.39,3.934146,479.93,899.96,248.73,157.69,191.97,77.27,3.12606866666667,479.08,747.26,457.0,589.53
2026-01-15 23:59:59,XPQ-01 Main,2026-01-15 23:59:00,1962.13,57.55,4.06566166666667,464.73,1959.12,521.82,419.0,306.31,59.02,4.503372,465.03,1988.25,538.2,434.62,313.5,58.5,4.26747933333333,465.2,1939.02,519.45,430.67,284.64,55.14,3.42606866666667,463.95,1579.47,1284.29,904.46
2026-01-16 00:00:59,XPQ-01 Main,2026-01-16 00:00:00,1067.29,75.01,4.088995,477.75,1067.13,292.31,191.42,220.84,75.56,4.603372,478.02,1072.83,298.47,193.8,226.51,75.98,4.134146,478.03,1061.91,292.41,198.15,214.71,73.49,3.52606866666667,477.19,883.19,583.37,662.06
2026-01-16 00:01:59,XPQ-01 Main,2026-01-16 00:01:00,1134.38,80.86,4.418995,477.3,1131.95,309.68,180.12,251.67,81.32,5.003372,477.65,1141.17,317.32,182.03,259.32,81.85,4.36747933333333,477.73,1130.01,310.84,188.76,246.77,79.43,3.89273533333333,476.53,937.84,550.91,757.76
2026-01-16 00:02:59,XPQ-01 Main,2026-01-16 00:02:00,1136.99,81.17,4.14232833333333,477.95,1128.47,309.18,177.38,253.04,81.88,4.503372,478.15,1150.88,320.33,181.63,262.69,82.25,4.20081266666667,478.3,1131.63,311.8,189.18,246.95,79.38,3.7260686666666705,477.39,941.3,548.19,762.67
2026-01-16 00:03:59,XPQ-01 Main,2026-01-16 00:03:00,1181.18,81.63,3.998995,477.23,1178.07,322.47,183.34,264.51,82.19,4.303372,477.8,1189.44,330.61,186.13,272.38,82.56,4.20081266666667,477.3,1176.03,323.3,193.05,258.65,80.14,3.49273533333333,476.59,976.39,562.52,795.54
2026-01-16 00:04:59,XPQ-01 Main,2026-01-16 00:04:00,1170.43,80.44,4.188995,476.84,1166.04,318.77,185.9,258.55,81.19,4.603372,477.0,1182.66,328.35,190.44,266.7,81.38,4.234146,477.13,1162.59,319.6,196.69,251.38,78.76,3.7260686666666705,476.38,966.72,573.03,776.63
2026-01-16 00:05:59,XPQ-01 Main,2026-01-16 00:05:00,1140.58,79.8,4.13232833333333,477.34,1135.56,310.99,184.11,250.12,80.53,4.53670533333333,477.87,1151.76,320.13,188.39,258.36,80.8,4.10081266666667,477.29,1134.4,311.93,194.68,243.23,78.07,3.759402,476.85,943.05,567.18,751.7
2026-01-16 00:06:59,XPQ-01 Main,2026-01-16 00:06:00,1112.85,82.34,4.14232833333333,478.78,1107.37,304.09,170.62,251.23,82.73,4.603372,479.35,1119.19,312.11,171.68,260.12,83.46,4.06747933333333,478.86,1111.98,306.68,180.41,247.58,80.82,3.759402,478.11,922.88,522.71,758.93
2026-01-16 00:07:59,XPQ-01 Main,2026-01-16 00:07:00,1121.51,80.41,4.08566166666667,478.23,1121.95,307.67,181.25,248.14,80.75,4.503372,478.68,1124.69,313.3,181.92,254.38,81.34,4.10081266666667,478.48,1117.87,308.03,188.13,243.63,79.15,3.659402,477.53,928.99,551.3,746.15
2026-01-16 00:08:59,XPQ-01 Main,2026-01-16 00:08:00,1110.28,80.28,4.198995,477.95,1102.89,302.26,177.86,244.15,80.83,4.603372,478.44,1119.87,311.79,180.48,253.95,81.51,4.20081266666667,478.14,1108.09,305.12,188.92,239.46,78.51,3.79273533333333,477.26,919.17,547.26,737.56
2026-01-16 00:09:59,XPQ-01 Main,2026-01-16 00:09:00,1144.53,78.14,4.188995,477.85,1145.5,313.95,192.59,247.64,78.94,4.83670533333333,478.39,1153.45,321.04,197.2,253.12,78.88,4.20081266666667,477.96,1134.64,312.32,200.68,239.15,76.6,3.52606866666667,477.19,947.31,590.47,739.91
2026-01-16 00:10:59,XPQ-01 Main,2026-01-16 00:10:00,1143.12,82.53,4.078995,478.11,1139.67,312.44,175.54,258.3,82.71,4.67003866666667,478.44,1145.81,319.01,174.67,266.51,83.64,4.00081266666667,478.32,1143.88,315.21,183.65,255.78,81.23,3.559402,477.57,946.66,533.86,780.59
2026-01-16 00:11:59,XPQ-01 Main,2026-01-16 00:11:00,1161.94,79.89,4.25566166666667,477.52,1162.09,318.31,188.45,256.08,80.54,4.67003866666667,478.08,1169.49,325.25,191.94,262.21,80.69,4.40081266666667,477.58,1154.25,317.49,196.72,248.84,78.45,3.6927353333333297,476.89,961.05,577.11,767.12
2026-01-16 00:12:59,XPQ-01 Main,2026-01-16 00:12:00,1027.79,77.02,4.06566166666667,478.91,1032.93,283.66,179.77,219.33,77.34,4.603372,479.2,1027.55,286.56,179.86,222.69,77.79,4.06747933333333,479.17,1022.89,282.33,183.55,214.25,75.94,3.52606866666667,478.35,852.55,543.19,656.27
2026-01-16 00:13:59,XPQ-01 Main,2026-01-16 00:13:00,987.11,73.86,4.14566166666667,478.64,987.87,271.24,180.41,202.26,74.63,4.77003866666667,479.2,993.77,277.03,184.03,206.82,74.71,4.06747933333333,478.7,979.69,270.1,186.66,195.0,72.24,3.59273533333333,478.02,818.37,551.09,604.08
2026-01-16 00:14:59,XPQ-01 Main,2026-01-16 00:14:00,977.0,76.56,4.208995,479.43,976.72,268.5,171.97,205.99,76.77,4.87003866666667,479.76,978.19,273.11,171.87,211.86,77.66,4.26747933333333,479.7,976.09,269.69,177.38,202.65,75.25,3.49273533333333,478.82,811.31,521.22,620.5
2026-01-16 00:15:59,XPQ-01 Main,2026-01-16 00:15:00,971.18,74.55,4.22232833333333,479.09,969.66,266.54,175.93,200.04,75.09,4.63670533333333,479.52,976.7,272.41,178.15,205.64,75.58,4.40081266666667,479.08,967.19,266.99,182.29,194.55,72.97,3.6260686666666704,478.68,805.93,536.37,600.23
2026-01-16 00:16:59,XPQ-01 Main,2026-01-16 00:16:00,957.15,74.35,4.05566166666667,479.82,954.53,262.6,174.04,196.22,74.81,4.403372,480.31,962.77,269.13,175.83,202.76,75.55,4.10081266666667,480.09,954.14,263.74,181.03,191.56,72.68,3.659402,479.05,795.48,530.9,590.54
2026-01-16 00:17:59,XPQ-01 Main,2026-01-16 00:17:00,950.47,77.29,4.33232833333333,479.24,947.96,260.55,164.45,201.62,77.49,4.903372,479.93,952.57,266.0,164.29,208.48,78.54,4.434146,479.38,950.86,262.42,170.98,198.84,75.82,3.659402,478.4,788.97,499.71,608.94
2026-01-16 00:18:59,XPQ-01 Main,2026-01-16 00:18:00,1033.5,75.09,3.7756616666666702,478.35,1029.88,282.67,184.53,213.51,75.66,4.103372,479.02,1040.87,289.97,187.18,220.37,76.22,3.834146,478.28,1029.73,283.68,192.42,207.88,73.39,3.39273533333333,477.76,856.32,564.12,641.76
2026-01-16 00:19:59,XPQ-01 Main,2026-01-16 00:19:00,1049.77,74.57,4.04232833333333,477.81,1047.66,287.07,189.14,215.82,75.21,4.57003866666667,478.04,1057.0,294.03,192.2,221.94,75.59,4.10081266666667,477.99,1044.65,287.72,196.61,209.42,72.9,3.459402,477.4,868.81,577.95,647.18
2026-01-16 00:20:59,XPQ-01 Main,2026-01-16 00:20:00,1093.8,75.84,3.798995,477.7,1089.64,298.42,192.02,228.24,76.52,4.23670533333333,477.99,1104.1,307.18,195.69,235.51,76.91,3.8674793333333297,478.03,1087.64,299.46,200.9,221.61,74.09,3.29273533333333,477.09,905.06,588.61,685.36
2026-01-16 00:21:59,XPQ-01 Main,2026-01-16 00:21:00,1100.13,77.0,3.7556616666666702,478.12,1096.23,300.56,189.36,232.91,77.59,4.203372,478.72,1108.74,308.86,192.47,240.79,78.11,3.734146,478.34,1095.42,301.67,198.42,227.07,75.3,3.32606866666667,477.31,911.1,580.25,700.77
2026-01-16 00:22:59,XPQ-01 Main,2026-01-16 00:22:00,1108.55,75.18,3.698995,477.67,1103.77,302.39,195.46,230.59,76.28,4.203372,478.18,1123.67,312.63,202.67,238.0,76.14,3.80081266666667,477.81,1098.2,302.2,206.22,220.98,73.12,3.09273533333333,477.02,917.21,604.35,689.56
2026-01-16 00:23:59,XPQ-01 Main,2026-01-16 00:23:00,1130.98,76.93,3.62232833333333,477.81,1124.01,307.88,193.3,239.45,77.81,4.103372,478.2,1145.39,318.83,199.02,248.4,78.04,3.634146,478.16,1123.54,309.34,204.73,231.72,74.94,3.12606866666667,477.06,936.05,597.05,719.57
2026-01-16 00:24:59,XPQ-01 Main,2026-01-16 00:24:00,1096.12,76.3,3.8756616666666703,477.38,1093.94,299.55,190.49,230.98,77.15,4.23670533333333,477.73,1107.23,307.72,195.46,237.19,77.17,3.96747933333333,477.46,1087.2,299.1,198.97,222.82,74.59,3.42606866666667,476.95,906.37,584.93,690.99
2026-01-16 00:25:59,XPQ-01 Main,2026-01-16 00:25:00,1084.93,77.86,3.7756616666666702,477.62,1078.31,295.25,183.02,231.34,78.43,4.37003866666667,478.11,1094.78,304.67,185.9,240.39,79.11,3.834146,477.95,1081.69,297.65,193.12,226.24,76.06,3.12606866666667,476.8,897.57,562.04,697.98
2026-01-16 00:26:59,XPQ-01 Main,2026-01-16 00:26:00,1121.12,80.16,3.83232833333333,477.58,1115.16,305.52,180.25,246.4,80.71,4.33670533333333,478.02,1130.32,314.3,182.93,255.16,81.27,4.00081266666667,477.61,1117.88,307.62,190.3,241.2,78.51,3.159402,477.12,927.44,553.48,742.76
2026-01-16 00:27:59,XPQ-01 Main,2026-01-16 00:27:00,1177.3,79.13,3.798995,477.2,1170.17,320.2,192.29,255.88,79.94,4.43670533333333,477.42,1191.8,331.13,197.57,265.05,80.18,3.90081266666667,477.42,1169.94,321.82,204.06,248.44,77.28,3.059402,476.76,973.15,593.92,769.37
2026-01-16 00:28:59,XPQ-01 Main,2026-01-16 00:28:00,1159.83,80.38,3.74232833333333,477.84,1151.36,315.42,184.55,255.46,81.06,4.203372,478.33,1172.64,326.45,188.6,265.77,81.55,3.8674793333333297,478.12,1155.47,318.11,196.9,249.67,78.52,3.159402,477.07,959.98,570.05,770.9
2026-01-16 00:29:59,XPQ-01 Main,2026-01-16 00:29:00,1033.98,73.84,4.05232833333333,478.32,1026.34,281.71,187.41,210.02,74.61,4.67003866666667,478.97,1044.75,291.01,191.89,218.66,75.16,4.134146,478.19,1030.84,283.95,197.64,203.63,71.76,3.359402,477.79,856.67,576.94,632.31
2026-01-16 00:30:59,XPQ-01 Main,2026-01-16 00:30:00,1018.52,77.44,4.098995,478.94,1013.43,278.25,174.41,216.46,77.87,4.603372,479.14,1025.17,285.92,176.06,224.29,78.66,4.06747933333333,479.29,1016.97,280.78,182.81,212.35,75.78,3.6260686666666704,478.39,844.95,533.29,653.11
2026-01-16 00:31:59,XPQ-01 Main,2026-01-16 00:31:00,977.44,79.55,3.9556616666666704,479.71,974.25,267.95,161.51,213.61,79.77,4.703372,479.96,980.09,273.8,161.2,220.85,80.77,3.90081266666667,480.0,977.99,270.42,168.66,211.08,78.12,3.259402,479.16,812.16,491.37,645.54
2026-01-16 00:32:59,XPQ-01 Main,2026-01-16 00:32:00,999.18,77.06,4.088995,479.21,1000.21,274.82,173.94,212.77,77.42,4.47003866666667,479.44,1001.68,279.51,174.73,217.75,77.99,4.234146,479.5,995.65,275.02,179.3,208.19,75.77,3.559402,478.68,829.34,527.98,638.71
2026-01-16 00:33:59,XPQ-01 Main,2026-01-16 00:33:00,968.91,77.9,3.83232833333333,479.6,966.56,265.83,165.91,207.48,78.1,4.33670533333333,479.83,971.05,271.13,165.62,214.07,79.09,4.00081266666667,479.79,969.13,267.92,172.27,204.73,76.52,3.159402,479.17,804.88,503.8,626.29
2026-01-16 00:34:59,XPQ-01 Main,2026-01-16 00:34:00,984.36,79.12,4.33232833333333,479.32,983.57,270.22,164.42,214.07,79.31,4.803372,479.61,985.53,275.18,163.93,220.3,80.23,4.56747933333333,479.76,983.96,271.83,170.54,211.35,77.82,3.62606866666667,478.59,817.23,498.89,645.73
2026-01-16 00:35:59,XPQ-01 Main,2026-01-16 00:35:00,1059.23,76.61,3.8556616666666703,478.52,1062.7,291.63,185.81,224.7,77.06,4.303372,478.71,1061.67,295.73,187.17,228.62,77.38,3.834146,478.7,1053.3,290.56,190.73,218.81,75.38,3.42606866666667,478.15,877.92,563.72,672.13
2026-01-16 00:36:59,XPQ-01 Main,2026-01-16 00:36:00,1061.81,74.66,3.798995,478.36,1060.4,290.84,191.73,218.27,75.13,4.17003866666667,478.86,1066.56,297.25,193.67,224.75,75.75,3.90081266666667,478.65,1058.47,291.69,198.84,213.07,73.11,3.32606866666667,477.57,879.78,584.25,656.09
2026-01-16 00:37:59,XPQ-01 Main,2026-01-16 00:37:00,1154.69,79.11,3.608995,477.33,1148.43,314.45,189.52,250.79,79.78,4.13670533333333,477.61,1165.96,323.95,193.31,259.28,80.17,3.7674793333333296,477.37,1149.69,316.31,200.12,244.39,77.37,2.92606866666667,477.01,954.7,582.95,754.45
2026-01-16 00:38:59,XPQ-01 Main,2026-01-16 00:38:00,1200.19,80.94,3.798995,477.25,1194.58,327.0,189.35,266.06,81.47,4.33670533333333,477.78,1209.23,336.11,191.96,275.11,82.01,3.7674793333333296,477.32,1196.76,329.04,200.18,260.8,79.33,3.29273533333333,476.66,992.15,581.49,801.97
2026-01-16 00:39:59,XPQ-01 Main,2026-01-16 00:39:00,1182.85,78.84,3.8756616666666703,477.22,1181.15,323.34,195.6,257.07,79.58,4.53670533333333,477.7,1192.41,331.36,199.93,263.9,79.71,3.80081266666667,477.25,1174.98,323.04,205.1,249.33,77.23,3.29273533333333,476.71,977.75,600.63,770.3
2026-01-16 00:40:59,XPQ-01 Main,2026-01-16 00:40:00,1175.31,78.98,3.688995,477.66,1169.63,320.27,194.17,254.2,79.47,4.27003866666667,478.0,1183.5,329.31,196.51,263.36,80.15,3.7008126666666703,478.03,1172.79,322.83,204.5,249.24,77.31,3.09273533333333,476.95,972.42,595.17,766.81
2026-01-16 00:41:59,XPQ-01 Main,2026-01-16 00:41:00,1163.18,78.97,3.48566166666667,477.51,1162.6,318.34,193.66,252.35,79.33,3.8700386666666704,477.69,1167.18,324.44,194.6,258.72,79.92,3.56747933333333,477.72,1159.76,319.26,200.79,247.48,77.66,3.02606866666667,477.11,962.05,589.05,758.56
2026-01-16 00:42:59,XPQ-01 Main,2026-01-16 00:42:00,1171.62,76.98,3.9423283333333297,477.29,1167.27,319.43,200.84,248.26,77.75,4.503372,477.49,1182.82,328.73,205.59,256.13,77.98,4.034146,477.58,1164.75,320.45,211.07,240.77,75.2,3.29273533333333,476.78,968.6,617.5,745.16
2026-01-16 00:43:59,XPQ-01 Main,2026-01-16 00:43:00,1150.59,78.57,3.85232833333333,477.49,1147.37,314.2,192.79,247.81,78.93,4.33670533333333,477.94,1155.3,321.27,193.98,255.78,79.68,3.8674793333333297,477.65,1149.1,316.13,201.18,243.59,77.1,3.359402,476.87,951.6,587.96,747.17
2026-01-16 00:44:59,XPQ-01 Main,2026-01-16 00:44:00,1112.21,79.83,3.96566166666667,477.84,1108.21,303.54,182.3,242.37,79.92,4.67003866666667,478.17,1113.17,309.87,180.88,250.94,81.12,3.8674793333333297,478.24,1115.26,307.14,190.33,240.8,78.45,3.359402,477.13,920.54,553.5,734.11
2026-01-16 00:45:59,XPQ-01 Main,2026-01-16 00:45:00,1162.58,80.85,3.798995,477.9,1160.11,317.97,186.42,257.33,80.98,4.13670533333333,478.16,1163.3,323.64,185.15,265.11,81.99,4.00081266666667,478.04,1164.33,320.74,194.01,254.98,79.58,3.259402,477.51,962.35,565.58,777.43
2026-01-16 00:46:59,XPQ-01 Main,2026-01-16 00:46:00,1037.93,83.19,3.88566166666667,479.68,1034.0,284.42,156.74,237.04,83.41,4.27003866666667,480.08,1040.44,290.65,156.0,244.94,84.35,4.00081266666667,479.86,1039.35,287.29,165.08,234.96,81.82,3.39273533333333,479.1,862.37,477.82,716.94
2026-01-16 00:47:59,XPQ-01 Main,2026-01-16 00:47:00,1010.33,82.2,3.78566166666667,479.5,1006.54,276.73,157.24,227.44,82.26,4.33670533333333,479.82,1010.84,282.28,155.4,235.25,83.44,3.834146,479.76,1013.6,280.1,164.57,226.44,80.89,3.19273533333333,478.92,839.11,477.2,689.13
2026-01-16 00:48:59,XPQ-01 Main,2026-01-16 00:48:00,1060.07,83.81,3.708995,479.71,1055.28,290.22,158.81,242.81,83.69,4.23670533333333,479.99,1058.61,295.76,155.24,251.43,85.09,3.734146,480.05,1066.31,294.83,165.92,243.55,82.64,3.159402,479.09,880.81,479.97,737.79
2026-01-16 00:49:59,XPQ-01 Main,2026-01-16 00:49:00,1042.63,80.56,3.808995,479.47,1036.34,284.95,167.29,230.38,80.92,4.27003866666667,479.84,1048.56,292.8,168.12,239.23,81.82,3.90081266666667,479.67,1042.99,288.16,176.82,227.32,78.93,3.259402,478.91,865.91,512.23,696.93
2026-01-16 00:50:59,XPQ-01 Main,2026-01-16 00:50:00,1026.75,81.89,3.8456616666666705,479.45,1020.86,280.67,160.35,229.92,82.02,4.403372,479.93,1029.31,287.48,159.19,238.8,83.21,3.734146,479.66,1030.1,284.53,168.9,228.73,80.44,3.39273533333333,478.76,852.68,488.44,697.45
2026-01-16 00:51:59,XPQ-01 Main,2026-01-16 00:51:00,1067.76,82.23,3.608995,479.33,1059.54,291.34,164.53,240.15,82.5,4.203372,479.65,1073.56,299.54,164.53,249.9,83.52,3.7008126666666703,479.37,1070.17,295.64,174.4,238.19,80.68,2.92606866666667,478.97,886.52,503.46,728.25
2026-01-16 00:52:59,XPQ-01 Main,2026-01-16 00:52:00,1116.05,79.8,3.74566166666667,478.41,1108.26,304.2,180.35,244.81,80.51,4.43670533333333,478.79,1127.82,314.06,184.38,254.19,80.95,3.80081266666667,478.34,1112.08,306.59,192.04,238.81,77.93,2.99273533333333,478.1,924.85,556.77,737.81
2026-01-16 00:53:59,XPQ-01 Main,2026-01-16 00:53:00,1153.83,80.5,3.55232833333333,478.16,1147.41,314.52,185.59,253.95,80.74,4.13670533333333,478.29,1158.57,322.55,185.45,263.52,81.78,3.534146,478.5,1155.5,318.57,195.32,251.53,78.98,2.99273533333333,477.69,955.63,566.36,769.0
2026-01-16 00:54:59,XPQ-01 Main,2026-01-16 00:54:00,1064.05,82.45,3.88566166666667,479.09,1054.79,289.75,163.65,239.0,82.51,4.37003866666667,479.35,1067.16,297.72,161.76,249.66,83.92,4.034146,479.35,1070.19,295.53,173.64,239.04,80.91,3.259402,478.58,882.99,499.05,727.7
2026-01-16 00:55:59,XPQ-01 Main,2026-01-16 00:55:00,1119.93,82.52,3.788995,479.08,1112.81,305.72,171.46,252.83,82.76,4.27003866666667,479.45,1124.92,313.85,171.42,262.67,83.74,3.7674793333333296,479.32,1122.05,309.78,181.4,250.92,81.04,3.32606866666667,478.48,929.35,524.28,766.41
2026-01-16 00:56:59,XPQ-01 Main,2026-01-16 00:56:00,1117.62,83.9,3.97566166666667,478.8,1112.51,305.48,164.53,257.33,84.25,4.503372,478.98,1123.18,313.02,165.0,265.83,84.96,4.06747933333333,478.94,1117.17,308.39,174.23,254.16,82.48,3.359402,478.49,926.89,503.76,777.32
2026-01-16 00:57:59,XPQ-01 Main,2026-01-16 00:57:00,1616.41,65.28,3.7556616666666702,469.45,1603.18,431.56,319.82,288.03,66.92,4.33670533333333,469.96,1648.68,450.85,335.92,298.96,66.48,3.934146,469.63,1597.39,432.05,336.85,269.28,62.44,2.99273533333333,468.77,1314.46,992.58,856.27
2026-01-16 00:58:59,XPQ-01 Main,2026-01-16 00:58:00,1187.4,79.53,4.06566166666667,477.3,1181.66,323.32,193.84,258.58,80.01,4.603372,477.46,1196.56,332.55,196.08,267.42,80.64,4.034146,477.65,1183.99,325.81,203.91,253.55,77.93,3.559402,476.79,981.68,593.83,779.54
2026-01-16 00:59:59,XPQ-01 Main,2026-01-16 00:59:00,1233.74,81.82,3.6756616666666706,477.07,1227.62,335.81,189.68,276.58,82.47,4.27003866666667,477.59,1246.19,346.36,193.57,286.26,82.84,3.60081266666667,477.3,1227.4,337.34,201.72,270.29,80.14,3.159402,476.32,1019.51,584.96,833.13
2026-01-16 01:00:59,XPQ-01 Main,2026-01-16 01:00:00,1226.83,80.4,3.74566166666667,477.02,1223.58,334.71,196.29,270.79,80.97,4.103372,477.32,1235.9,343.27,199.23,278.85,81.37,3.80081266666667,477.2,1221.02,335.7,206.24,264.55,78.87,3.32606866666667,476.54,1013.68,601.77,814.18
2026-01-16 01:01:59,XPQ-01 Main,2026-01-16 01:01:00,1240.85,79.49,3.718995,476.22,1239.8,338.56,202.98,270.69,80.01,4.13670533333333,476.67,1247.34,345.99,205.59,278.13,80.42,3.8674793333333297,476.45,1235.43,338.98,211.88,264.49,78.05,3.159402,475.53,1023.54,620.44,813.32
2026-01-16 01:02:59,XPQ-01 Main,2026-01-16 01:02:00,1255.61,82.41,3.7323283333333297,476.58,1251.4,341.93,191.93,282.8,82.74,4.403372,477.01,1261.09,350.09,192.62,292.02,83.48,3.8674793333333297,476.86,1254.33,344.47,201.91,278.94,81.01,2.92606866666667,475.88,1036.5,586.46,853.76
2026-01-16 01:03:59,XPQ-01 Main,2026-01-16 01:03:00,1238.08,81.57,4.05232833333333,476.97,1236.6,338.25,192.01,278.21,82.3,4.703372,477.39,1248.79,346.89,196.72,285.54,82.35,4.10081266666667,477.14,1228.86,337.74,202.35,270.23,80.05,3.359402,476.38,1022.88,591.08,833.98
2026-01-16 01:04:59,XPQ-01 Main,2026-01-16 01:04:00,1174.98,82.55,3.8656616666666705,477.84,1169.74,320.45,178.58,265.82,83.01,4.503372,478.18,1183.25,329.31,180.48,274.8,83.58,3.734146,478.13,1171.95,322.75,188.94,261.43,81.05,3.359402,477.22,972.51,548.01,802.05
2026-01-16 01:05:59,XPQ-01 Main,2026-01-16 01:05:00,1138.65,82.17,3.6423283333333294,478.3,1136.31,311.67,176.48,256.63,82.4,4.27003866666667,478.64,1141.16,317.83,176.04,264.19,83.22,3.734146,478.5,1138.47,313.83,184.29,253.69,80.91,2.92606866666667,477.76,943.32,536.81,774.51
2026-01-16 01:06:59,XPQ-01 Main,2026-01-16 01:06:00,1189.28,81.66,3.6556616666666706,477.47,1186.0,324.79,184.12,267.27,82.35,4.23670533333333,477.91,1199.53,333.54,188.15,275.22,82.55,3.734146,477.57,1182.3,325.26,194.66,260.36,80.09,2.99273533333333,476.93,983.59,566.93,802.86
2026-01-16 01:07:59,XPQ-01 Main,2026-01-16 01:07:00,1265.33,80.97,3.92232833333333,476.72,1262.8,345.11,200.37,280.59,81.38,4.43670533333333,477.04,1271.85,353.15,201.91,288.75,81.95,4.10081266666667,477.05,1261.34,346.56,209.68,275.51,79.58,3.22606866666667,476.06,1044.82,611.96,844.86
2026-01-16 01:08:59,XPQ-01 Main,2026-01-16 01:08:00,1227.38,79.53,3.708995,476.71,1220.9,333.69,198.66,267.99,80.33,4.23670533333333,476.92,1241.36,344.56,204.02,277.34,80.55,3.80081266666667,476.97,1219.89,335.24,210.95,260.32,77.69,3.09273533333333,476.24,1013.5,613.62,805.65
2026-01-16 01:09:59,XPQ-01 Main,2026-01-16 01:09:00,1275.3,80.65,3.888995,476.61,1270.99,347.33,202.76,281.66,81.16,4.303372,476.94,1284.62,356.56,205.27,290.35,81.66,4.00081266666667,476.86,1270.29,348.94,213.03,275.9,79.15,3.359402,476.04,1052.83,621.05,847.9
2026-01-16 01:10:59,XPQ-01 Main,2026-01-16 01:10:00,1290.85,80.64,3.7556616666666702,476.81,1287.97,352.14,205.06,286.05,81.27,4.43670533333333,477.16,1301.38,361.35,208.9,294.2,81.54,3.734146,477.03,1283.19,352.62,215.54,278.8,79.12,3.09273533333333,476.25,1066.11,629.5,859.05
2026-01-16 01:11:59,XPQ-01 Main,2026-01-16 01:11:00,1299.88,81.71,3.6556616666666706,476.49,1296.2,354.14,200.82,291.26,82.33,4.17003866666667,476.85,1310.92,363.77,204.46,299.91,82.63,3.80081266666667,476.7,1292.53,354.94,211.87,284.25,80.18,2.99273533333333,475.92,1072.86,617.16,875.42
2026-01-16 01:12:59,XPQ-01 Main,2026-01-16 01:12:00,1283.55,81.35,3.808995,476.76,1281.0,350.04,201.76,285.91,81.7,4.303372,477.02,1289.0,357.96,202.86,294.64,82.36,3.834146,477.21,1280.67,351.96,211.13,281.44,79.99,3.29273533333333,476.07,1059.96,615.76,861.98
2026-01-16 01:13:59,XPQ-01 Main,2026-01-16 01:13:00,1306.32,80.16,3.6656616666666704,475.72,1304.79,355.9,209.25,287.59,80.86,4.203372,476.15,1316.84,364.91,213.79,295.41,81.01,3.80081266666667,475.98,1297.33,355.61,219.79,279.41,78.6,2.99273533333333,475.03,1076.42,642.83,862.41
2026-01-16 01:14:59,XPQ-01 Main,2026-01-16 01:14:00,1356.85,82.12,3.788995,475.79,1361.86,371.43,209.68,306.49,82.53,4.23670533333333,476.01,1360.17,376.87,211.34,311.82,82.78,3.7674793333333296,476.17,1348.54,369.88,216.54,299.56,81.04,3.359402,475.19,1118.18,637.56,917.87
2026-01-16 01:15:59,XPQ-01 Main,2026-01-16 01:15:00,1143.48,80.41,4.14232833333333,477.29,1139.83,311.96,182.73,252.64,81.03,4.63670533333333,477.63,1153.24,320.52,185.92,260.5,81.4,4.134146,477.47,1137.37,312.87,192.46,246.27,78.79,3.659402,476.78,945.35,561.12,759.41
2026-01-16 01:16:59,XPQ-01 Main,2026-01-16 01:16:00,1050.37,78.44,3.808995,478.49,1050.99,288.5,175.84,228.31,79.23,4.33670533333333,479.13,1058.64,295.05,179.98,233.61,79.22,3.934146,478.48,1041.49,287.01,183.48,220.49,76.87,3.159402,477.85,870.55,539.3,682.41
2026-01-16 01:17:59,XPQ-01 Main,2026-01-16 01:17:00,952.95,83.64,4.088995,479.77,946.67,260.54,141.71,218.4,83.89,4.53670533333333,480.23,957.36,267.44,141.31,226.74,84.87,4.16747933333333,479.79,954.82,263.93,150.16,216.56,82.18,3.559402,479.29,791.92,433.18,661.71
2026-01-16 01:18:59,XPQ-01 Main,2026-01-16 01:18:00,976.33,84.54,3.9556616666666704,479.83,972.76,267.7,142.11,226.69,84.73,4.43670533333333,480.19,978.67,273.42,141.02,233.86,85.63,3.96747933333333,479.93,977.57,270.32,149.5,224.82,83.27,3.459402,479.37,811.44,432.63,685.36
2026-01-16 01:19:59,XPQ-01 Main,2026-01-16 01:19:00,1076.28,77.42,4.04232833333333,478.39,1071.57,294.03,183.01,229.86,78.23,4.63670533333333,478.95,1087.57,303.06,187.69,237.63,78.47,3.934146,478.5,1069.7,294.77,193.01,222.63,75.56,3.559402,477.72,891.86,563.71,690.12
2026-01-16 01:20:59,XPQ-01 Main,2026-01-16 01:20:00,1096.4,77.83,4.018995,477.57,1091.9,299.19,184.48,235.16,78.68,4.67003866666667,478.01,1108.01,308.06,189.37,242.63,78.83,3.8674793333333297,477.53,1089.3,299.72,194.59,227.5,75.99,3.52606866666667,477.17,906.97,568.44,705.29
2026-01-16 01:21:59,XPQ-01 Main,2026-01-16 01:21:00,1075.38,81.21,3.7556616666666702,478.15,1066.96,292.58,168.93,238.68,81.62,4.17003866666667,478.49,1083.63,301.69,170.3,248.48,82.49,3.7674793333333296,478.29,1075.56,296.38,179.56,235.37,79.5,3.32606866666667,477.66,890.65,518.79,722.53
2026-01-16 01:22:59,XPQ-01 Main,2026-01-16 01:22:00,997.11,76.15,3.698995,478.23,990.81,271.73,174.93,207.8,76.5,4.13670533333333,478.65,1002.63,279.25,175.96,216.2,77.56,3.90081266666667,478.39,997.9,274.98,183.56,204.38,74.4,3.059402,477.65,825.96,534.45,628.38
2026-01-16 01:23:59,XPQ-01 Main,2026-01-16 01:23:00,1063.15,72.98,3.8556616666666703,477.25,1060.41,290.26,195.18,214.73,74.0,4.37003866666667,477.6,1075.23,298.79,201.11,220.66,73.91,4.034146,477.38,1053.8,289.82,203.83,205.62,71.02,3.159402,476.78,878.87,600.12,641.0
2026-01-16 01:24:59,XPQ-01 Main,2026-01-16 01:24:00,1086.35,76.46,3.74232833333333,476.44,1081.74,295.54,188.28,227.49,77.04,4.27003866666667,476.97,1095.33,304.02,191.31,235.39,77.6,3.934146,476.66,1081.97,296.96,197.15,221.79,74.74,3.02606866666667,475.69,896.52,576.74,684.67
2026-01-16 01:25:59,XPQ-01 Main,2026-01-16 01:25:00,1087.65,75.98,3.7223283333333295,476.59,1084.18,296.33,189.6,227.47,76.82,4.17003866666667,477.05,1099.38,305.17,194.4,234.15,76.94,3.834146,476.76,1079.39,296.38,198.44,219.6,74.19,3.159402,475.96,897.88,582.45,681.22
2026-01-16 01:26:59,XPQ-01 Main,2026-01-16 01:26:00,1111.07,78.12,3.908995,476.64,1107.51,302.82,186.94,237.87,78.62,4.57003866666667,477.22,1117.35,310.17,189.07,245.64,79.24,3.80081266666667,476.66,1108.36,304.31,195.79,232.58,76.5,3.359402,476.05,917.31,571.8,716.09
2026-01-16 01:27:59,XPQ-01 Main,2026-01-16 01:27:00,1081.95,77.82,3.7656616666666705,477.72,1077.71,295.24,181.58,232.47,78.81,4.27003866666667,478.06,1096.03,304.91,187.71,239.77,78.74,4.034146,477.91,1072.11,295.16,191.9,223.85,75.92,2.99273533333333,477.19,895.3,561.19,696.08
2026-01-16 01:28:59,XPQ-01 Main,2026-01-16 01:28:00,1102.36,77.5,3.808995,476.97,1100.85,301.09,186.75,236.0,78.42,4.37003866666667,477.23,1114.04,309.4,192.26,242.07,78.31,3.80081266666667,477.2,1092.18,300.26,195.72,227.35,75.79,3.259402,476.49,910.75,574.73,705.42
2026-01-16 01:29:59,XPQ-01 Main,2026-01-16 01:29:00,1082.06,79.09,3.8556616666666703,478.13,1081.74,296.53,180.05,235.18,79.4,4.53670533333333,478.64,1084.21,302.04,180.5,241.76,80.13,3.96747933333333,478.41,1080.25,297.56,187.11,231.15,77.73,3.059402,477.34,896.13,547.66,708.09
2026-01-16 01:30:59,XPQ-01 Main,2026-01-16 01:30:00,1076.58,77.84,3.65566166666667,477.81,1078.6,295.58,183.04,231.87,78.49,4.203372,478.13,1082.46,301.14,186.03,236.49,78.6,3.734146,477.94,1068.66,294.28,189.54,224.69,76.44,3.02606866666667,477.37,891.0,558.6,693.05
2026-01-16 01:31:59,XPQ-01 Main,2026-01-16 01:31:00,1088.57,79.37,3.86566166666667,477.79,1088.45,298.21,179.92,237.44,79.7,4.503372,478.33,1090.88,303.65,180.49,243.85,80.38,3.96747933333333,477.98,1086.39,299.02,186.93,233.13,78.02,3.12606866666667,477.07,900.88,547.35,714.42
2026-01-16 01:32:59,XPQ-01 Main,2026-01-16 01:32:00,1006.78,81.75,3.608995,479.29,1006.04,276.64,157.49,226.96,82.16,4.17003866666667,479.77,1010.46,281.98,158.5,232.86,82.67,3.634146,479.25,1003.85,277.19,164.5,222.56,80.42,3.02606866666667,478.86,835.81,480.48,682.38
2026-01-16 01:33:59,XPQ-01 Main,2026-01-16 01:33:00,1001.61,81.49,3.588995,479.68,999.33,275.02,156.95,225.33,82.06,4.103372,480.31,1008.65,281.79,159.31,231.71,82.4,3.734146,479.66,996.85,275.4,164.93,220.06,80.02,2.92606866666667,479.08,832.21,481.19,677.1
2026-01-16 01:34:59,XPQ-01 Main,2026-01-16 01:34:00,965.54,82.92,3.818995,480.17,961.25,264.74,147.63,219.28,82.95,4.303372,480.75,965.65,270.08,145.61,227.01,84.17,3.934146,480.25,969.73,268.2,154.63,218.66,81.65,3.22606866666667,479.51,803.03,447.87,664.94
2026-01-16 01:35:59,XPQ-01 Main,2026-01-16 01:35:00,1010.42,81.68,3.8656616666666705,479.74,1007.91,277.22,158.12,227.22,82.08,4.43670533333333,480.21,1015.11,283.74,159.22,234.28,82.71,3.7674793333333296,480.04,1008.23,278.65,166.04,223.37,80.25,3.39273533333333,478.96,839.61,483.38,684.86
2026-01-16 01:36:59,XPQ-01 Main,2026-01-16 01:36:00,1027.92,83.32,3.65566166666667,479.95,1024.58,281.92,154.73,235.33,83.56,4.17003866666667,480.43,1031.02,288.31,154.43,243.07,84.41,3.634146,480.26,1028.17,284.29,162.55,232.96,82.01,3.159402,479.15,854.53,471.71,711.37
2026-01-16 01:37:59,XPQ-01 Main,2026-01-16 01:37:00,955.79,81.06,3.598995,479.83,951.4,261.81,151.17,213.12,81.57,4.103372,480.39,962.27,268.99,153.1,220.64,82.16,3.7008126666666703,479.98,953.7,263.59,159.83,209.12,79.45,2.99273533333333,479.12,794.39,464.1,642.88
2026-01-16 01:38:59,XPQ-01 Main,2026-01-16 01:38:00,1014.62,82.04,3.7656616666666705,479.7,1009.34,277.58,156.94,228.82,82.47,4.403372,480.05,1021.32,285.39,158.36,237.12,83.16,3.8674793333333297,480.04,1013.21,280.09,166.09,225.39,80.5,3.02606866666667,479.01,843.05,481.39,691.33
2026-01-16 01:39:59,XPQ-01 Main,2026-01-16 01:39:00,1021.68,82.11,3.688995,479.62,1017.08,279.8,157.02,231.22,82.73,4.27003866666667,480.14,1030.27,287.8,159.97,239.0,83.1,3.634146,479.7,1017.7,281.18,166.7,226.17,80.5,3.159402,479.01,848.77,483.7,696.4
2026-01-16 01:40:59,XPQ-01 Main,2026-01-16 01:40:00,981.41,82.88,3.698995,479.81,978.83,269.39,149.43,223.81,83.17,4.403372,480.19,984.71,275.09,149.55,230.47,83.89,3.7008126666666703,479.88,980.68,271.14,156.53,220.92,81.6,2.99273533333333,479.35,815.62,455.5,675.2
2026-01-16 01:41:59,XPQ-01 Main,2026-01-16 01:41:00,962.19,82.58,3.708995,479.42,958.21,263.56,147.32,218.06,82.86,4.303372,479.79,966.54,269.74,147.36,225.03,83.66,3.634146,479.39,961.83,265.72,154.69,215.34,81.22,3.19273533333333,479.09,799.02,449.38,658.43
2026-01-16 01:42:59,XPQ-01 Main,2026-01-16 01:42:00,986.09,84.0,3.43232833333333,480.39,983.7,270.91,146.25,227.74,84.14,4.003372,480.68,987.6,276.32,144.95,234.72,85.08,3.50081266666667,480.72,986.98,273.28,153.14,225.99,82.78,2.79273533333333,479.77,820.51,444.34,688.44
2026-01-16 01:43:59,XPQ-01 Main,2026-01-16 01:43:00,983.51,82.09,3.688995,479.74,980.67,269.92,152.81,222.22,82.4,4.103372,480.07,987.39,275.72,153.06,228.88,83.13,3.634146,479.7,982.46,271.62,160.04,218.99,80.74,3.32606866666667,479.44,817.25,465.91,670.08
2026-01-16 01:44:59,XPQ-01 Main,2026-01-16 01:44:00,992.91,82.83,3.698995,479.63,989.9,272.4,151.61,225.86,83.03,4.27003866666667,480.0,995.29,277.87,150.91,232.8,83.91,3.7008126666666703,479.58,993.55,274.6,158.68,223.54,81.54,3.12606866666667,479.29,824.87,461.2,682.21
2026-01-16 01:45:59,XPQ-01 Main,2026-01-16 01:45:00,977.72,83.4,3.75232833333333,479.65,971.58,267.21,146.87,223.03,83.52,4.27003866666667,479.94,980.42,273.85,145.41,231.47,84.68,3.7008126666666703,479.88,981.17,271.23,155.05,222.1,82.0,3.29273533333333,479.12,812.29,447.33,676.6
2026-01-16 01:46:59,XPQ-01 Main,2026-01-16 01:46:00,1034.28,83.26,3.7656616666666705,479.27,1027.27,282.37,153.81,236.32,83.81,4.13670533333333,479.91,1043.83,291.47,156.25,245.49,84.36,3.66747933333333,479.38,1031.75,284.78,164.46,232.17,81.6,3.49273533333333,478.51,858.62,474.52,713.99
2026-01-16 01:47:59,XPQ-01 Main,2026-01-16 01:47:00,1008.44,82.14,3.7756616666666702,479.19,1002.32,275.5,154.5,227.77,82.76,4.33670533333333,479.78,1017.98,284.14,157.33,236.13,83.22,3.90081266666667,479.26,1005.04,277.39,164.62,223.03,80.46,3.09273533333333,478.53,837.04,476.45,686.92
2026-01-16 01:48:59,XPQ-01 Main,2026-01-16 01:48:00,1037.16,82.86,3.708995,479.5,1031.26,283.45,157.91,234.76,82.97,4.43670533333333,479.91,1040.34,290.65,156.56,243.82,84.15,3.7008126666666703,479.88,1039.89,287.31,166.36,233.76,81.47,2.99273533333333,478.7,861.41,480.83,712.33
2026-01-16 01:49:59,XPQ-01 Main,2026-01-16 01:49:00,1030.41,83.9,3.93232833333333,479.73,1025.18,282.05,152.42,237.25,84.13,4.703372,480.06,1034.69,289.03,152.1,245.61,85.02,3.8674793333333297,479.9,1031.34,285.14,160.91,235.21,82.53,3.22606866666667,479.23,856.21,465.44,718.08
2026-01-16 01:50:59,XPQ-01 Main,2026-01-16 01:50:00,1017.32,84.03,3.788995,479.37,1012.6,278.36,150.45,233.96,84.11,4.43670533333333,479.64,1018.99,284.41,148.62,241.99,85.21,3.7674793333333296,479.56,1020.36,281.92,157.95,233.07,82.78,3.159402,478.91,844.69,457.03,709.02
2026-01-16 01:51:59,XPQ-01 Main,2026-01-16 01:51:00,1045.72,80.2,4.088995,477.98,1042.31,285.71,170.99,228.66,80.08,4.63670533333333,478.4,1043.32,290.42,168.09,236.73,81.54,4.06747933333333,478.13,1051.53,289.6,177.55,228.6,78.98,3.559402,477.39,865.74,516.64,693.99
2026-01-16 01:52:59,XPQ-01 Main,2026-01-16 01:52:00,1094.16,78.93,3.718995,477.69,1089.82,298.54,180.16,237.82,79.71,4.27003866666667,478.08,1105.29,307.48,184.69,245.61,79.92,3.66747933333333,477.88,1087.36,299.31,190.43,230.89,77.15,3.22606866666667,477.12,905.34,555.28,714.32
2026-01-16 01:53:59,XPQ-01 Main,2026-01-16 01:53:00,1102.73,77.98,3.7656616666666705,477.43,1097.67,300.61,184.76,236.75,78.84,4.47003866666667,477.88,1115.05,310.0,190.01,244.64,78.98,3.60081266666667,477.51,1095.46,301.34,195.28,229.22,76.12,3.22606866666667,476.91,911.94,570.04,710.61
2026-01-16 01:54:59,XPQ-01 Main,2026-01-16 01:54:00,1067.67,77.29,3.798995,477.36,1062.84,290.92,181.35,227.22,78.16,4.33670533333333,477.73,1079.68,300.17,186.39,234.88,78.33,3.96747933333333,477.58,1060.49,291.71,191.57,219.8,75.39,3.09273533333333,476.76,882.81,559.31,681.9
2026-01-16 01:55:59,XPQ-01 Main,2026-01-16 01:55:00,1123.49,79.93,3.808995,477.48,1116.91,305.85,180.85,246.44,80.62,4.57003866666667,477.72,1135.17,315.54,184.9,255.23,80.98,3.80081266666667,477.63,1118.38,307.81,191.67,240.29,78.18,3.059402,477.09,929.2,557.42,741.96
2026-01-16 01:56:59,XPQ-01 Main,2026-01-16 01:56:00,1173.21,80.68,3.88566166666667,477.03,1169.74,320.1,185.07,260.84,81.56,4.503372,477.37,1186.65,329.52,190.88,268.34,81.49,3.734146,477.07,1163.24,319.8,195.86,252.32,78.99,3.42606866666667,476.65,969.42,571.81,781.49
2026-01-16 01:57:59,XPQ-01 Main,2026-01-16 01:57:00,1134.43,80.05,3.708995,477.46,1131.14,309.69,183.89,248.81,80.42,4.23670533333333,477.62,1139.72,316.78,184.97,256.54,81.12,3.734146,477.67,1132.43,311.71,192.32,244.73,78.63,3.159402,477.07,938.18,561.17,750.09
2026-01-16 01:58:59,XPQ-01 Main,2026-01-16 01:58:00,1261.38,79.88,3.8223283333333296,475.81,1258.4,343.09,206.53,273.61,79.82,4.303372,476.09,1259.1,349.06,203.67,282.99,81.17,3.80081266666667,476.36,1266.65,347.4,214.4,273.12,78.66,3.359402,474.98,1039.55,624.59,829.73
2026-01-16 01:59:59,XPQ-01 Main,2026-01-16 01:59:00,1379.44,78.31,3.6556616666666706,474.56,1377.53,374.86,229.71,295.74,78.98,4.13670533333333,474.96,1389.66,384.07,234.26,304.0,79.21,3.60081266666667,474.77,1371.12,374.96,240.22,287.6,76.75,3.22606866666667,473.96,1133.9,704.18,887.34
2026-01-16 02:00:59,XPQ-01 Main,2026-01-16 02:00:00,1310.77,77.38,3.8656616666666705,474.89,1307.08,355.99,222.06,277.79,78.11,4.403372,475.25,1322.03,365.55,226.93,286.28,78.37,3.96747933333333,475.0,1303.19,356.66,233.04,269.63,75.66,3.22606866666667,474.42,1078.2,682.03,833.7
2026-01-16 02:01:59,XPQ-01 Main,2026-01-16 02:01:00,1301.35,77.76,3.888995,475.37,1296.69,353.45,219.57,276.61,78.32,4.303372,475.65,1310.68,362.79,222.9,285.67,78.84,3.7674793333333296,475.59,1296.68,355.3,230.25,270.13,76.1,3.59273533333333,474.88,1071.54,672.72,832.41
2026-01-16 02:02:59,XPQ-01 Main,2026-01-16 02:02:00,1262.08,77.54,3.678995,475.97,1257.44,343.18,213.5,268.34,78.25,3.9367053333333297,476.47,1273.23,353.03,218.15,277.32,78.6,3.66747933333333,476.17,1255.58,344.32,224.64,260.77,75.76,3.42606866666667,475.29,1040.53,656.29,806.42
2026-01-16 02:03:59,XPQ-01 Main,2026-01-16 02:03:00,1267.64,80.77,3.83232833333333,477.18,1265.26,346.08,202.0,280.79,81.18,4.303372,477.41,1273.68,353.97,203.56,288.65,81.72,3.90081266666667,477.55,1263.96,347.69,211.06,275.66,79.4,3.29273533333333,476.57,1047.73,616.62,845.1
2026-01-16 02:04:59,XPQ-01 Main,2026-01-16 02:04:00,1244.35,79.67,3.798995,477.07,1243.55,340.09,202.83,272.87,80.26,4.37003866666667,477.34,1252.37,347.96,206.15,279.89,80.52,3.8674793333333297,477.41,1237.13,340.19,211.72,265.97,78.24,3.159402,476.45,1028.25,620.7,818.73
2026-01-16 02:05:59,XPQ-01 Main,2026-01-16 02:05:00,1191.39,80.77,3.7123283333333297,477.83,1190.86,326.18,190.23,264.76,81.21,4.503372,478.04,1196.52,332.95,191.98,271.57,81.66,3.50081266666667,478.2,1186.78,326.93,198.37,259.48,79.44,3.12606866666667,477.26,986.05,580.58,795.81
2026-01-16 02:06:59,XPQ-01 Main,2026-01-16 02:06:00,1278.67,81.22,3.6756616666666706,477.25,1276.16,349.02,201.85,284.54,81.56,4.13670533333333,477.48,1283.72,356.88,202.91,293.25,82.23,3.534146,477.76,1276.13,351.11,211.2,280.21,79.86,3.359402,476.52,1057.01,615.96,858.0
2026-01-16 02:07:59,XPQ-01 Main,2026-01-16 02:07:00,1247.87,80.63,3.918995,477.53,1242.12,339.96,199.15,275.47,81.04,4.63670533333333,477.71,1255.54,349.18,201.1,285.27,81.73,3.7674793333333296,477.97,1245.97,343.04,209.69,271.21,79.11,3.359402,476.92,1032.18,609.94,831.95
2026-01-16 02:08:59,XPQ-01 Main,2026-01-16 02:08:00,1042.9,78.03,3.9123283333333294,479.59,1040.8,286.12,177.73,224.24,78.37,4.37003866666667,479.95,1046.68,292.44,178.8,231.37,79.13,3.8674793333333297,479.98,1041.22,287.77,185.12,220.43,76.6,3.49273533333333,478.83,866.33,541.65,676.04
2026-01-16 02:09:59,XPQ-01 Main,2026-01-16 02:09:00,999.7,70.04,4.33232833333333,479.6,998.97,274.81,194.26,194.27,70.71,4.803372,480.09,1005.31,280.8,197.57,199.65,71.1,4.334146,479.69,994.83,274.87,200.8,187.73,68.3,3.859402,479.02,830.48,592.63,581.65
2026-01-16 02:10:59,XPQ-01 Main,2026-01-16 02:10:00,927.59,71.55,4.788995,480.7,924.07,254.68,176.49,183.38,72.05,5.27003866666667,481.13,933.11,261.31,178.75,190.06,72.85,4.66747933333333,480.99,925.6,256.35,183.64,178.7,69.74,4.42606866666667,479.97,772.34,538.88,552.14
2026-01-16 02:11:59,XPQ-01 Main,2026-01-16 02:11:00,865.58,76.2,5.25566166666667,482.27,865.63,239.48,153.54,183.19,76.64,5.67003866666667,482.84,868.28,243.89,154.82,188.0,77.19,5.10081266666667,482.33,862.83,239.69,158.92,178.94,74.77,4.99273533333333,481.65,723.05,467.29,550.13
2026-01-16 02:12:59,XPQ-01 Main,2026-01-16 02:12:00,869.13,78.45,5.47566166666667,482.36,865.78,239.56,147.66,188.35,78.7,5.83670533333333,482.71,871.6,244.75,147.75,194.66,79.65,5.26747933333333,482.39,870.0,241.84,154.05,185.86,76.99,5.32606866666667,481.98,726.15,449.46,568.87
2026-01-16 02:13:59,XPQ-01 Main,2026-01-16 02:13:00,854.08,78.92,5.798995,482.87,850.21,235.33,143.95,185.82,79.05,6.13670533333333,483.27,855.76,240.75,143.32,192.82,80.26,5.66747933333333,483.24,856.29,238.25,150.51,184.31,77.45,5.59273533333333,482.1,714.34,437.79,562.95
2026-01-16 02:14:59,XPQ-01 Main,2026-01-16 02:14:00,873.08,75.98,4.17566166666667,482.8,869.0,240.65,155.01,183.9,76.46,4.43670533333333,483.26,878.21,246.92,156.87,190.64,77.22,4.30081266666667,482.91,872.02,242.56,162.36,180.09,74.27,3.79273533333333,482.24,730.13,474.24,554.64
2026-01-16 02:15:59,XPQ-01 Main,2026-01-16 02:15:00,831.79,77.6,5.498995,482.84,824.1,228.28,142.89,177.6,77.91,6.003372,483.37,836.85,235.3,143.72,186.05,79.14,5.434146,482.8,834.43,232.1,151.37,175.6,75.74,5.059402,482.36,695.67,437.98,539.25
2026-01-16 02:16:59,XPQ-01 Main,2026-01-16 02:16:00,846.56,79.68,5.57566166666667,482.52,839.68,232.32,139.63,185.37,79.88,6.03670533333333,482.99,850.18,238.96,139.45,193.67,81.15,5.334146,482.73,849.83,236.25,147.67,184.21,78.02,5.359402,481.82,707.54,426.76,563.26
2026-01-16 02:17:59,XPQ-01 Main,2026-01-16 02:17:00,921.22,79.13,4.75566166666667,481.96,914.02,252.68,153.68,200.19,79.32,5.203372,482.35,924.68,259.48,153.45,208.85,80.59,4.734146,482.0,924.97,256.89,162.12,198.69,77.48,4.32606866666667,481.51,769.04,469.25,607.73
2026-01-16 02:18:59,XPQ-01 Main,2026-01-16 02:18:00,993.19,79.04,4.37566166666667,480.89,988.99,272.78,165.62,216.44,79.42,5.07003866666667,481.25,998.07,279.45,166.8,223.98,80.2,4.334146,481.0,992.53,275.05,173.67,212.88,77.49,3.7260686666666705,480.42,827.29,506.08,653.31
2026-01-16 02:19:59,XPQ-01 Main,2026-01-16 02:19:00,1124.52,78.58,3.93232833333333,479.1,1118.73,307.33,188.75,242.32,78.89,4.37003866666667,479.46,1129.54,315.16,189.7,251.48,79.83,4.06747933333333,479.32,1125.31,310.7,198.03,239.07,77.01,3.359402,478.5,933.18,576.48,732.86
2026-01-16 02:20:59,XPQ-01 Main,2026-01-16 02:20:00,1071.2,74.1,3.9456616666666706,479.25,1070.11,294.02,195.24,219.63,74.74,4.53670533333333,479.53,1078.16,300.93,198.47,225.79,75.11,4.00081266666667,479.58,1065.32,294.26,202.73,213.13,72.46,3.29273533333333,478.63,889.21,596.44,658.56
2026-01-16 02:21:59,XPQ-01 Main,2026-01-16 02:21:00,1088.31,74.95,3.898995,478.81,1083.78,297.53,194.48,224.99,75.65,4.47003866666667,479.04,1097.7,306.05,198.49,232.64,76.07,3.80081266666667,479.08,1083.46,299.02,203.82,218.46,73.12,3.42606866666667,478.3,902.6,596.79,676.09
2026-01-16 02:22:59,XPQ-01 Main,2026-01-16 02:22:00,1019.32,74.26,4.04232833333333,479.8,1016.58,279.59,186.44,208.24,74.5,4.57003866666667,479.99,1021.75,285.5,186.91,215.42,75.53,4.034146,480.2,1019.63,282.02,193.31,205.01,72.76,3.52606866666667,479.21,847.12,566.66,628.67
2026-01-16 02:23:59,XPQ-01 Main,2026-01-16 02:23:00,1052.62,75.78,4.088995,480.0,1047.52,288.2,186.37,219.49,76.23,4.53670533333333,480.18,1059.18,296.08,188.36,227.76,77.06,4.16747933333333,480.41,1051.18,290.88,195.31,215.16,74.04,3.559402,479.4,875.17,570.04,662.41
2026-01-16 02:24:59,XPQ-01 Main,2026-01-16 02:24:00,979.77,77.38,4.35566166666667,480.67,975.57,268.94,169.34,208.44,77.61,5.03670533333333,481.02,982.32,274.93,169.43,216.15,78.7,4.334146,480.81,981.4,271.86,176.96,205.85,75.83,3.6927353333333297,480.19,815.73,515.74,630.44
2026-01-16 02:25:59,XPQ-01 Main,2026-01-16 02:25:00,960.68,75.92,4.398995,480.29,957.73,263.75,171.22,200.26,76.01,5.03670533333333,480.73,960.81,268.82,170.32,207.62,77.31,4.40081266666667,480.53,963.49,266.62,177.9,198.36,74.45,3.759402,479.6,799.18,519.43,606.24
2026-01-16 02:26:59,XPQ-01 Main,2026-01-16 02:26:00,943.12,75.88,4.23232833333333,480.68,940.88,259.32,168.81,196.74,75.89,4.603372,480.96,942.34,263.77,167.38,203.57,77.24,4.30081266666667,480.92,946.13,262.13,174.72,195.13,74.5,3.79273533333333,480.16,785.22,510.91,595.44
2026-01-16 02:27:59,XPQ-01 Main,2026-01-16 02:27:00,914.35,74.61,4.58566166666667,480.72,913.41,251.82,166.73,188.36,74.88,5.17003866666667,481.32,915.68,256.46,167.0,194.24,75.83,4.534146,480.87,913.95,253.06,172.49,184.97,73.13,4.059402,479.97,761.33,506.22,567.57
2026-01-16 02:28:59,XPQ-01 Main,2026-01-16 02:28:00,836.44,68.98,4.23232833333333,481.16,835.54,230.62,167.06,158.67,68.87,4.63670533333333,481.83,833.82,233.74,165.75,164.68,70.48,4.26747933333333,481.21,839.94,232.72,171.47,157.24,67.59,3.79273533333333,480.43,697.08,504.28,480.6
2026-01-16 02:29:59,XPQ-01 Main,2026-01-16 02:29:00,834.85,70.26,4.55566166666667,481.13,832.95,229.87,163.49,161.3,70.23,5.03670533333333,481.63,833.32,233.51,162.52,167.51,71.77,4.56747933333333,481.21,838.28,232.34,168.55,159.67,68.77,4.059402,480.54,695.72,494.56,488.48
2026-01-16 02:30:59,XPQ-01 Main,2026-01-16 02:30:00,846.89,71.36,4.188995,481.52,847.33,233.96,162.94,167.45,71.67,4.603372,481.78,848.63,237.94,163.51,172.05,72.49,4.434146,481.77,844.72,234.44,167.32,163.64,69.92,3.52606866666667,481.01,706.34,493.77,503.14
2026-01-16 02:31:59,XPQ-01 Main,2026-01-16 02:31:00,774.0,69.0,4.64232833333333,482.3,773.79,214.15,154.02,148.52,69.41,5.17003866666667,482.85,775.57,217.8,155.12,152.76,70.17,4.634146,482.22,772.64,214.64,158.31,144.55,67.43,4.12606866666667,481.83,646.59,467.46,445.82
2026-01-16 02:32:59,XPQ-01 Main,2026-01-16 02:32:00,805.07,71.83,4.46566166666667,482.51,804.38,222.57,153.49,160.93,72.36,4.97003866666667,482.87,808.69,227.25,155.28,165.58,72.94,4.40081266666667,482.73,802.12,223.01,158.73,156.36,70.18,4.02606866666667,481.92,672.84,467.5,482.88
2026-01-16 02:33:59,XPQ-01 Main,2026-01-16 02:33:00,783.11,73.16,3.97566166666667,483.02,780.61,216.21,146.86,158.3,73.31,4.403372,483.49,784.04,220.61,146.66,164.22,74.59,3.90081266666667,483.24,784.67,218.35,152.27,156.13,71.59,3.6260686666666704,482.33,655.17,445.79,478.65
2026-01-16 02:34:59,XPQ-01 Main,2026-01-16 02:34:00,937.7,72.84,4.17566166666667,481.14,935.36,258.15,175.07,189.41,73.44,4.603372,481.68,943.24,264.33,177.7,195.42,73.99,4.20081266666667,481.22,934.5,258.99,182.03,184.1,71.11,3.7260686666666705,480.53,781.47,534.79,568.93
2026-01-16 02:35:59,XPQ-01 Main,2026-01-16 02:35:00,883.01,74.51,4.32232833333333,481.72,884.04,244.19,161.74,182.66,74.87,4.73670533333333,482.16,884.81,248.28,162.51,187.35,75.54,4.30081266666667,481.96,880.17,244.29,166.54,178.55,73.13,3.92606866666667,481.04,736.76,490.8,548.56
2026-01-16 02:36:59,XPQ-01 Main,2026-01-16 02:36:00,933.43,78.29,4.78566166666667,481.2,930.98,256.96,159.69,200.98,78.29,5.403372,481.67,932.2,261.22,157.94,207.73,79.6,4.86747933333333,481.25,937.12,259.81,165.6,199.7,76.98,4.09273533333333,480.68,777.99,483.23,608.4
2026-01-16 02:37:59,XPQ-01 Main,2026-01-16 02:37:00,1006.85,82.77,4.24232833333333,481.6,1001.72,276.68,153.81,229.54,83.07,4.83670533333333,482.1,1011.55,283.76,154.06,237.87,83.93,4.30081266666667,481.71,1007.27,279.46,162.59,227.0,81.3,3.59273533333333,480.97,839.89,470.46,694.41
2026-01-16 02:38:59,XPQ-01 Main,2026-01-16 02:38:00,1017.78,83.52,4.52232833333333,481.21,1011.44,279.02,152.38,233.47,83.74,4.97003866666667,481.6,1022.11,286.53,151.9,242.52,84.75,4.56747933333333,481.51,1019.79,282.77,161.45,231.95,82.07,4.02606866666667,480.52,848.32,465.73,707.94
2026-01-16 02:39:59,XPQ-01 Main,2026-01-16 02:39:00,1029.92,83.7,4.408995,481.3,1024.68,282.75,153.6,237.05,83.92,4.97003866666667,481.65,1033.76,289.8,153.15,245.6,84.85,4.234146,481.57,1031.32,286.06,162.26,235.18,82.31,4.02606866666667,480.69,858.61,469.01,717.83
2026-01-16 02:40:59,XPQ-01 Main,2026-01-16 02:40:00,1074.67,84.8,4.518995,481.51,1074.74,296.75,155.67,252.2,85.1,5.03670533333333,481.91,1077.11,302.05,155.8,258.38,85.64,4.36747933333333,481.73,1072.14,297.5,162.79,248.57,83.66,4.159402,480.91,896.3,474.25,759.15
2026-01-16 02:41:59,XPQ-01 Main,2026-01-16 02:41:00,1051.7,82.71,4.52232833333333,479.99,1048.8,288.65,160.55,239.19,83.03,5.07003866666667,480.3,1055.71,295.12,161.01,246.67,83.74,4.50081266666667,480.23,1050.59,290.61,168.69,235.99,81.35,3.9927353333333295,479.44,874.38,490.25,721.85
2026-01-16 02:42:59,XPQ-01 Main,2026-01-16 02:42:00,955.74,83.47,4.85566166666667,481.11,954.01,263.24,143.7,220.04,83.73,5.27003866666667,481.45,958.04,268.36,143.49,226.4,84.46,4.80081266666667,481.23,955.17,264.84,150.39,217.23,82.22,4.49273533333333,480.64,796.45,437.58,663.67
2026-01-16 02:43:59,XPQ-01 Main,2026-01-16 02:43:00,1043.74,82.66,5.818995,481.24,1042.44,287.78,159.91,238.58,83.07,6.203372,481.76,1048.24,293.76,161.07,245.04,83.56,5.76747933333333,481.28,1040.55,288.49,167.48,234.25,81.35,5.49273533333333,480.7,870.03,488.46,717.87
2026-01-16 02:44:59,XPQ-01 Main,2026-01-16 02:44:00,868.74,80.35,5.698995,481.7,865.2,239.14,140.54,193.08,80.85,6.303372,482.22,874.23,245.19,142.15,199.47,81.44,5.46747933333333,481.64,866.8,240.52,148.02,189.28,78.77,5.32606866666667,481.24,724.85,430.72,581.83
2026-01-16 02:45:59,XPQ-01 Main,2026-01-16 02:45:00,844.45,84.15,5.398995,482.75,836.91,231.8,124.63,194.73,84.23,6.103372,483.37,847.1,238.16,122.98,203.28,85.56,5.00081266666667,482.67,849.34,236.14,132.6,194.82,82.67,5.09273533333333,482.19,706.11,380.21,592.83
2026-01-16 02:46:59,XPQ-01 Main,2026-01-16 02:46:00,911.16,83.59,5.298995,482.16,909.72,251.51,136.5,211.04,83.97,5.73670533333333,482.56,915.41,257.08,137.31,217.03,84.51,5.16747933333333,482.41,908.34,252.35,143.33,207.53,82.28,4.99273533333333,481.5,760.95,417.14,635.6
2026-01-16 02:47:59,XPQ-01 Main,2026-01-16 02:47:00,884.31,83.85,5.26566166666667,481.87,878.18,242.75,131.13,204.04,84.12,6.07003866666667,482.33,888.77,249.37,130.93,211.95,85.08,5.06747933333333,481.86,885.98,245.97,139.4,202.27,82.34,4.659402,481.41,738.09,401.47,618.26
2026-01-16 02:48:59,XPQ-01 Main,2026-01-16 02:48:00,918.68,84.02,5.298995,482.0,916.62,253.33,135.72,213.67,84.41,5.87003866666667,482.35,923.63,259.27,136.59,219.97,84.95,5.134146,482.26,915.81,254.39,142.89,210.22,82.7,4.89273533333333,481.4,767.0,415.2,643.86
2026-01-16 02:49:59,XPQ-01 Main,2026-01-16 02:49:00,858.52,82.36,5.478995,482.69,855.23,236.78,132.24,195.62,82.85,6.03670533333333,483.29,865.07,243.24,133.78,202.31,83.41,5.26747933333333,482.79,855.27,237.78,139.82,191.93,80.83,5.12606866666667,482.0,717.8,405.84,589.86
2026-01-16 02:50:59,XPQ-01 Main,2026-01-16 02:50:00,839.31,80.24,5.43232833333333,482.23,836.66,231.47,136.22,186.88,80.81,6.07003866666667,482.75,845.78,237.5,138.31,192.67,81.24,5.06747933333333,482.23,835.49,232.09,143.11,182.45,78.68,5.159402,481.7,701.06,417.63,562.0
2026-01-16 02:51:59,XPQ-01 Main,2026-01-16 02:51:00,814.73,82.74,5.498995,482.38,808.33,223.55,124.37,185.47,83.06,6.23670533333333,482.74,820.12,230.43,124.7,193.33,84.04,5.234146,482.68,815.75,226.77,132.51,183.78,81.11,5.02606866666667,481.73,680.75,381.57,562.59
2026-01-16 02:52:59,XPQ-01 Main,2026-01-16 02:52:00,778.28,80.88,5.57566166666667,482.77,772.75,213.99,124.68,173.15,81.15,5.903372,483.22,782.33,219.94,124.76,180.39,82.25,5.60081266666667,482.85,779.78,216.89,131.95,171.49,79.26,5.22606866666667,482.24,650.82,381.39,525.04
2026-01-16 02:53:59,XPQ-01 Main,2026-01-16 02:53:00,802.43,78.79,5.78566166666667,482.66,796.34,220.46,134.64,173.85,79.06,6.43670533333333,483.1,806.87,226.79,134.92,181.34,80.23,5.534146,482.75,804.09,223.61,142.09,171.96,77.09,5.39273533333333,482.12,670.85,411.65,527.14
2026-01-16 02:54:59,XPQ-01 Main,2026-01-16 02:54:00,740.54,77.17,4.93232833333333,482.73,739.85,204.87,130.36,157.41,77.02,5.203372,483.31,738.21,207.57,128.09,162.56,78.55,4.90081266666667,482.77,743.57,206.74,134.35,156.91,75.96,4.69273533333333,482.11,619.18,392.8,476.88
2026-01-16 02:55:59,XPQ-01 Main,2026-01-16 02:55:00,852.59,80.89,4.588995,482.08,852.55,235.76,138.04,190.81,81.02,5.003372,482.65,852.12,239.25,137.0,195.86,81.94,4.734146,482.12,853.1,236.9,142.94,188.66,79.71,4.02606866666667,481.48,711.91,417.99,575.33
2026-01-16 02:56:59,XPQ-01 Main,2026-01-16 02:56:00,875.31,79.86,4.478995,481.8,875.96,241.94,145.1,192.83,79.91,4.903372,482.09,873.94,245.26,143.49,198.04,80.98,4.434146,482.15,876.02,243.25,149.77,191.06,78.7,4.09273533333333,481.17,730.45,438.36,581.93
2026-01-16 02:57:59,XPQ-01 Main,2026-01-16 02:57:00,911.11,80.58,4.21232833333333,481.69,912.01,251.96,148.0,203.58,80.88,4.87003866666667,481.96,913.73,256.23,148.17,207.94,81.44,3.834146,481.81,907.58,251.97,152.84,199.69,79.41,3.92606866666667,481.3,760.17,449.0,611.2
2026-01-16 02:58:59,XPQ-01 Main,2026-01-16 02:58:00,987.8,81.86,4.278995,480.47,987.28,272.01,154.7,223.58,82.23,4.83670533333333,480.92,991.05,277.36,155.51,229.4,82.77,4.16747933333333,480.68,985.08,272.69,161.3,219.48,80.58,3.8260686666666706,479.8,822.06,471.51,672.46
2026-01-16 02:59:59,XPQ-01 Main,2026-01-16 02:59:00,769.77,74.06,4.13232833333333,482.19,771.29,213.26,142.53,158.45,74.35,4.77003866666667,482.73,770.75,216.53,142.79,162.33,75.09,4.30081266666667,482.43,767.28,213.12,146.18,154.97,72.74,3.32606866666667,481.43,642.91,431.49,475.75
2026-01-16 03:00:59,XPQ-01 Main,2026-01-16 03:00:00,745.49,73.83,4.32232833333333,482.51,746.08,206.55,138.62,152.54,74.01,5.03670533333333,482.93,746.12,209.58,138.23,156.43,74.94,4.434146,482.47,744.28,206.92,142.13,149.83,72.55,3.49273533333333,482.13,623.05,418.97,458.8
2026-01-16 03:01:59,XPQ-01 Main,2026-01-16 03:01:00,669.16,83.17,4.098995,483.53,667.23,185.08,102.97,153.62,83.07,4.703372,483.89,667.35,187.86,100.59,158.37,84.41,4.16747933333333,483.54,672.9,187.5,107.1,153.56,82.02,3.42606866666667,483.16,560.43,310.66,465.55
2026-01-16 03:02:59,XPQ-01 Main,2026-01-16 03:02:00,704.39,79.54,4.25232833333333,482.69,703.22,194.76,117.73,155.14,79.66,4.63670533333333,483.04,704.22,197.86,116.81,159.57,80.69,4.46747933333333,482.65,705.73,196.29,122.06,153.48,78.27,3.659402,482.37,588.91,356.6,468.19
2026-01-16 03:03:59,XPQ-01 Main,2026-01-16 03:03:00,691.15,81.28,4.04232833333333,483.95,692.3,192.27,111.88,156.0,81.26,4.47003866666667,484.48,688.73,194.04,110.05,159.52,82.31,4.034146,483.78,692.43,193.03,114.89,154.63,80.27,3.6260686666666704,483.58,579.34,336.83,470.14
2026-01-16 03:04:59,XPQ-01 Main,2026-01-16 03:04:00,688.52,82.63,4.118995,483.56,684.31,189.78,107.52,156.05,82.35,4.77003866666667,484.18,686.16,193.31,104.17,162.36,84.17,4.06747933333333,483.67,695.1,193.58,112.4,157.41,81.38,3.52606866666667,482.82,576.67,324.09,475.82
2026-01-16 03:05:59,XPQ-01 Main,2026-01-16 03:05:00,749.34,74.45,4.16566166666667,482.07,746.79,206.44,137.39,153.97,74.61,4.603372,482.56,750.58,210.79,137.23,159.68,75.84,4.26747933333333,482.29,750.64,208.45,142.67,151.93,72.9,3.6260686666666704,481.35,625.69,417.29,465.57
2026-01-16 03:06:59,XPQ-01 Main,2026-01-16 03:06:00,814.15,79.35,3.7656616666666705,481.83,813.33,224.68,135.95,178.53,79.56,4.203372,482.13,816.2,229.06,135.68,183.74,80.44,3.90081266666667,482.15,812.93,225.74,141.0,176.01,78.05,3.19273533333333,481.22,679.47,412.64,538.28
2026-01-16 03:07:59,XPQ-01 Main,2026-01-16 03:07:00,799.29,76.07,4.108995,482.33,797.91,220.8,142.36,168.58,76.4,4.503372,482.84,801.38,225.08,143.02,173.76,77.21,4.36747933333333,482.34,798.59,221.88,147.72,165.41,74.58,3.459402,481.82,667.77,433.1,507.75
2026-01-16 03:08:59,XPQ-01 Main,2026-01-16 03:08:00,804.33,77.48,4.04232833333333,482.04,805.36,222.7,139.26,173.7,78.02,4.503372,482.47,807.94,226.77,140.92,177.56,78.33,4.16747933333333,482.1,799.69,222.1,144.03,168.95,76.1,3.459402,481.56,671.57,424.21,520.21
2026-01-16 03:09:59,XPQ-01 Main,2026-01-16 03:09:00,808.96,77.95,4.05566166666667,482.11,811.03,224.3,139.01,176.0,78.47,4.603372,482.6,811.8,227.92,140.56,179.36,78.71,4.234146,482.16,804.06,223.31,143.35,171.12,76.65,3.32606866666667,481.56,675.53,422.92,526.47
2026-01-16 03:10:59,XPQ-01 Main,2026-01-16 03:10:00,771.6,78.54,3.9123283333333294,482.31,768.08,212.38,131.52,166.72,78.51,4.27003866666667,482.69,771.32,216.72,129.91,173.13,79.99,4.00081266666667,482.61,775.41,215.49,137.07,166.13,77.14,3.459402,481.62,644.59,398.5,505.99
2026-01-16 03:11:59,XPQ-01 Main,2026-01-16 03:11:00,820.89,77.78,3.9423283333333297,482.15,818.07,226.25,140.52,177.08,78.33,4.53670533333333,482.65,826.61,232.12,142.49,182.92,78.89,4.034146,482.25,817.98,227.2,147.31,172.8,76.1,3.259402,481.56,685.56,430.31,532.8
2026-01-16 03:12:59,XPQ-01 Main,2026-01-16 03:12:00,820.15,79.74,4.06566166666667,482.03,816.98,225.88,135.26,180.58,80.04,4.803372,482.52,823.58,231.21,135.53,186.8,80.94,4.00081266666667,482.12,819.87,227.67,141.68,177.99,78.24,3.39273533333333,481.44,684.76,412.46,545.37
2026-01-16 03:13:59,XPQ-01 Main,2026-01-16 03:13:00,849.68,79.09,3.788995,481.88,847.76,234.31,141.71,186.49,79.62,4.27003866666667,482.16,855.12,239.89,143.46,192.0,80.11,3.8674793333333297,482.01,846.16,235.0,148.25,182.1,77.55,3.22606866666667,481.48,709.21,433.41,560.59
2026-01-16 03:14:59,XPQ-01 Main,2026-01-16 03:14:00,854.56,79.01,4.04232833333333,481.53,848.66,234.36,142.46,185.79,79.36,4.67003866666667,481.97,859.43,241.05,143.14,193.52,80.4,4.134146,481.69,855.6,237.35,150.54,183.32,77.28,3.32606866666667,480.91,712.76,436.14,562.63
2026-01-16 03:15:59,XPQ-01 Main,2026-01-16 03:15:00,865.83,78.81,3.94566166666667,481.65,862.14,238.19,144.87,188.83,79.34,4.53670533333333,482.06,872.02,244.57,146.7,195.35,79.96,4.034146,481.74,863.32,239.58,152.4,184.73,77.14,3.259402,481.16,722.35,443.98,568.91
2026-01-16 03:16:59,XPQ-01 Main,2026-01-16 03:16:00,856.49,79.73,4.08566166666667,481.85,849.53,234.8,139.07,189.04,80.55,4.73670533333333,482.3,867.55,243.45,143.0,196.71,80.89,4.16747933333333,481.94,852.4,236.63,148.68,183.85,77.76,3.359402,481.31,714.87,430.74,569.6
2026-01-16 03:17:59,XPQ-01 Main,2026-01-16 03:17:00,947.74,73.73,4.208995,479.86,942.32,259.32,172.88,192.82,74.46,4.703372,480.31,956.83,267.44,176.63,199.98,74.95,4.26747933333333,480.05,944.06,260.99,181.33,186.97,71.78,3.659402,479.22,787.75,530.84,579.77
2026-01-16 03:18:59,XPQ-01 Main,2026-01-16 03:18:00,1239.66,84.39,3.9456616666666706,478.18,1236.95,339.07,179.13,287.7,84.89,4.43670533333333,478.43,1247.92,347.51,181.61,295.96,85.23,3.90081266666667,478.5,1234.12,340.18,189.35,282.19,83.04,3.49273533333333,477.6,1026.76,550.09,865.85
2026-01-16 03:19:59,XPQ-01 Main,2026-01-16 03:19:00,1219.77,83.06,3.798995,478.3,1215.95,333.39,183.76,278.05,83.43,4.37003866666667,478.57,1225.96,341.52,184.94,286.83,84.04,3.8674793333333297,478.66,1217.4,335.64,193.31,274.06,81.72,3.159402,477.69,1010.55,562.01,838.94
2026-01-16 03:20:59,XPQ-01 Main,2026-01-16 03:20:00,1215.0,81.53,3.8656616666666705,478.39,1212.25,332.48,190.14,272.52,82.01,4.403372,478.86,1222.32,340.67,192.58,280.81,82.47,3.90081266666667,478.68,1210.45,333.64,199.61,267.15,80.11,3.29273533333333,477.62,1006.78,582.33,820.48
2026-01-16 03:21:59,XPQ-01 Main,2026-01-16 03:21:00,1170.21,81.53,3.66566166666667,479.06,1166.03,320.21,182.35,262.97,82.18,4.17003866666667,479.55,1180.76,329.6,186.31,271.7,82.47,3.734146,479.42,1163.82,321.22,192.87,256.74,79.95,3.09273533333333,478.21,971.03,561.53,791.41
2026-01-16 03:22:59,XPQ-01 Main,2026-01-16 03:22:00,1277.93,84.3,3.818995,478.46,1277.03,350.27,185.77,296.57,84.75,4.57003866666667,478.67,1284.77,357.95,187.91,304.2,85.08,3.834146,478.79,1271.99,350.86,195.06,291.04,83.07,3.059402,477.93,1059.09,568.74,891.81
2026-01-16 03:23:59,XPQ-01 Main,2026-01-16 03:23:00,1056.02,85.83,3.678995,480.77,1050.96,289.64,146.66,249.48,86.21,4.33670533333333,481.2,1062.42,297.61,147.39,258.2,86.85,3.60081266666667,481.1,1054.69,292.16,156.46,246.59,84.44,3.09273533333333,480.01,879.4,450.52,754.26
2026-01-16 03:24:59,XPQ-01 Main,2026-01-16 03:24:00,1106.44,86.01,3.918995,480.76,1106.01,304.88,153.54,263.2,86.38,4.57003866666667,481.01,1110.85,310.96,154.45,269.61,86.77,3.834146,481.01,1102.45,305.51,161.4,259.06,84.88,3.359402,480.27,921.36,469.39,791.87
2026-01-16 03:25:59,XPQ-01 Main,2026-01-16 03:25:00,1036.7,84.67,3.8556616666666703,480.97,1030.67,284.32,148.81,241.99,85.18,4.403372,481.42,1045.43,292.83,150.93,250.76,85.68,3.7674793333333296,481.03,1034.01,286.53,159.05,238.01,83.14,3.39273533333333,480.44,863.68,458.79,730.76
2026-01-16 03:26:59,XPQ-01 Main,2026-01-16 03:26:00,1068.49,86.49,3.8456616666666705,481.13,1064.45,293.54,145.67,254.68,86.8,4.33670533333333,481.49,1074.0,301.05,145.95,263.05,87.44,3.834146,481.53,1067.03,295.86,154.71,251.98,85.22,3.359402,480.36,890.45,446.33,769.72
2026-01-16 03:27:59,XPQ-01 Main,2026-01-16 03:27:00,1034.24,85.73,3.698995,481.04,1031.16,284.54,144.55,244.63,86.09,4.37003866666667,481.51,1039.54,291.18,145.17,251.93,86.64,3.70081266666667,481.04,1032.02,286.02,153.0,241.18,84.44,3.02606866666667,480.57,861.75,442.72,737.74
2026-01-16 03:28:59,XPQ-01 Main,2026-01-16 03:28:00,1020.91,83.37,3.6423283333333294,480.8,1018.55,280.95,152.48,235.67,83.96,4.17003866666667,481.39,1028.31,287.95,155.1,242.47,84.24,3.7674793333333296,480.78,1015.86,281.32,161.21,230.29,81.92,2.99273533333333,480.25,850.23,468.79,708.43
2026-01-16 03:29:59,XPQ-01 Main,2026-01-16 03:29:00,1040.2,84.51,3.9556616666666704,480.96,1041.57,287.23,151.1,244.09,85.03,4.83670533333333,481.42,1045.85,293.04,153.25,249.5,85.21,3.834146,481.23,1033.17,286.29,158.29,238.36,83.3,3.19273533333333,480.24,866.56,462.65,731.96
2026-01-16 03:30:59,XPQ-01 Main,2026-01-16 03:30:00,1080.13,84.95,3.7223283333333295,480.75,1078.44,297.26,153.39,254.48,85.64,4.303372,480.98,1090.31,305.23,157.26,261.32,85.68,3.734146,481.01,1071.63,296.96,163.11,247.88,83.54,3.12606866666667,480.25,899.44,473.76,763.68
2026-01-16 03:31:59,XPQ-01 Main,2026-01-16 03:31:00,1003.15,84.31,3.64566166666667,481.43,1002.96,276.98,146.68,234.63,84.79,4.23670533333333,481.83,1008.78,282.76,148.39,240.14,85.07,3.66747933333333,481.46,997.71,276.77,153.83,229.52,83.07,3.02606866666667,481.0,836.51,448.89,704.29
2026-01-16 03:32:59,XPQ-01 Main,2026-01-16 03:32:00,1012.12,82.51,3.7756616666666702,480.57,1011.59,278.88,155.17,231.06,83.02,4.33670533333333,481.0,1017.4,284.69,157.11,236.93,83.34,3.80081266666667,480.59,1007.36,278.92,162.56,225.91,81.17,3.19273533333333,480.12,842.49,474.85,693.91
2026-01-16 03:33:59,XPQ-01 Main,2026-01-16 03:33:00,951.65,83.42,3.708995,481.46,953.25,263.16,143.47,220.39,83.81,4.303372,481.67,954.8,267.66,144.35,224.99,84.17,3.60081266666667,481.7,946.89,262.79,149.15,215.95,82.28,3.22606866666667,481.01,793.61,436.97,661.33
2026-01-16 03:34:59,XPQ-01 Main,2026-01-16 03:34:00,876.49,82.16,3.9123283333333294,482.21,876.01,242.2,136.83,199.54,82.47,4.43670533333333,482.63,878.99,246.91,137.09,204.94,83.12,3.8674793333333297,482.48,874.48,242.96,142.71,196.41,80.9,3.42606866666667,481.51,732.07,416.63,600.89
2026-01-16 03:35:59,XPQ-01 Main,2026-01-16 03:35:00,840.15,81.31,4.07566166666667,481.99,836.62,231.33,133.25,188.8,81.7,4.87003866666667,482.51,844.48,237.04,134.07,195.32,82.45,4.134146,481.98,839.37,233.05,140.4,185.81,79.78,3.22606866666667,481.49,701.42,407.72,569.93
2026-01-16 03:36:59,XPQ-01 Main,2026-01-16 03:36:00,857.35,80.44,3.82232833333333,481.83,857.09,236.81,140.08,190.82,80.61,4.23670533333333,482.05,857.86,240.68,139.42,195.96,81.48,3.8674793333333297,482.08,857.12,238.04,145.19,188.42,79.21,3.359402,481.36,715.52,424.69,575.2
2026-01-16 03:37:59,XPQ-01 Main,2026-01-16 03:37:00,844.06,79.79,3.83232833333333,482.25,843.8,233.44,139.77,186.61,80.04,4.33670533333333,482.59,845.59,237.4,139.58,191.23,80.77,3.96747933333333,482.27,842.79,234.2,144.63,183.58,78.55,3.19273533333333,481.89,705.04,423.97,561.42
2026-01-16 03:38:59,XPQ-01 Main,2026-01-16 03:38:00,848.19,82.66,4.088995,482.46,846.4,234.13,131.55,193.54,82.7,4.803372,482.69,847.91,238.22,129.78,199.21,83.79,4.134146,482.72,850.26,236.45,136.81,192.36,81.49,3.32606866666667,481.97,708.8,398.14,585.11
2026-01-16 03:39:59,XPQ-01 Main,2026-01-16 03:39:00,841.08,80.04,3.818995,482.36,834.33,230.83,136.73,185.72,80.53,4.43670533333333,482.6,848.38,238.24,138.35,193.2,81.3,3.80081266666667,482.48,840.53,233.68,145.1,182.53,78.28,3.22606866666667,482.01,702.74,420.18,561.45
2026-01-16 03:40:59,XPQ-01 Main,2026-01-16 03:40:00,852.05,80.87,3.818995,482.31,848.77,234.87,135.78,191.45,81.57,4.23670533333333,482.66,859.99,241.44,138.72,197.46,81.83,3.7674793333333296,482.27,847.38,235.51,143.58,186.43,79.23,3.459402,482.0,711.82,418.08,575.34
2026-01-16 03:41:59,XPQ-01 Main,2026-01-16 03:41:00,822.12,79.92,3.82232833333333,482.52,815.64,225.81,134.05,181.12,80.38,4.53670533333333,483.18,828.91,232.96,135.42,188.41,81.2,3.80081266666667,482.45,821.8,228.34,142.13,178.14,78.17,3.12606866666667,481.92,687.11,411.6,547.67
2026-01-16 03:42:59,XPQ-01 Main,2026-01-16 03:42:00,847.06,82.42,3.898995,482.46,845.81,233.96,131.43,193.26,82.69,4.503372,482.84,849.06,238.62,131.34,198.9,83.45,4.00081266666667,482.73,846.3,235.28,137.42,190.6,81.12,3.19273533333333,481.81,707.86,400.19,582.76
2026-01-16 03:43:59,XPQ-01 Main,2026-01-16 03:43:00,866.16,80.85,3.96566166666667,481.85,859.89,237.74,138.12,193.27,81.36,4.57003866666667,482.43,873.01,244.96,139.83,200.88,82.07,4.00081266666667,481.74,865.57,240.22,146.73,189.84,79.12,3.32606866666667,481.37,722.92,424.68,583.98
2026-01-16 03:44:59,XPQ-01 Main,2026-01-16 03:44:00,880.03,81.61,3.688995,481.81,876.04,241.98,137.57,198.57,82.2,4.27003866666667,482.28,887.84,249.25,139.93,205.55,82.66,3.734146,482.12,876.22,243.21,145.94,194.31,79.96,3.059402,481.03,734.44,423.44,598.43
2026-01-16 03:45:59,XPQ-01 Main,2026-01-16 03:45:00,842.88,81.33,3.678995,482.47,838.78,232.02,133.47,189.44,81.75,4.203372,482.67,848.45,238.38,134.43,196.06,82.48,3.66747933333333,482.77,841.41,234.01,140.91,186.38,79.77,3.159402,481.99,704.4,408.81,571.88
2026-01-16 03:46:59,XPQ-01 Main,2026-01-16 03:46:00,844.82,81.33,3.76566166666667,481.82,839.08,231.91,133.01,189.49,81.85,4.33670533333333,482.46,852.14,239.18,134.73,196.84,82.52,3.90081266666667,481.84,843.25,233.98,141.44,186.12,79.62,3.059402,481.16,705.08,409.19,572.44
2026-01-16 03:47:59,XPQ-01 Main,2026-01-16 03:47:00,862.07,80.14,3.718995,482.13,854.52,236.32,139.05,190.8,80.82,4.37003866666667,482.77,871.62,244.84,142.01,199.1,81.41,3.56747933333333,482.21,860.08,238.79,148.78,186.65,78.2,3.22606866666667,481.42,719.95,429.85,576.54
2026-01-16 03:48:59,XPQ-01 Main,2026-01-16 03:48:00,866.15,80.72,4.02232833333333,482.13,861.14,238.17,138.16,193.6,81.4,4.67003866666667,482.75,874.75,245.68,141.05,200.82,81.83,4.10081266666667,482.15,862.55,239.49,146.97,189.01,78.94,3.29273533333333,481.48,723.33,426.18,583.43
2026-01-16 03:49:59,XPQ-01 Main,2026-01-16 03:49:00,844.55,80.48,3.83232833333333,482.23,838.85,232.0,135.69,188.11,81.1,4.33670533333333,482.55,852.92,239.5,138.14,195.22,81.63,3.834146,482.34,841.87,233.94,144.13,183.91,78.71,3.32606866666667,481.78,705.44,417.96,567.23
2026-01-16 03:50:59,XPQ-01 Main,2026-01-16 03:50:00,830.86,80.74,3.898995,482.47,829.2,229.48,134.49,185.66,80.98,4.47003866666667,482.79,832.48,233.84,134.21,190.95,81.81,3.834146,482.54,830.92,231.03,139.99,183.04,79.43,3.39273533333333,482.09,694.35,408.69,559.64
2026-01-16 03:51:59,XPQ-01 Main,2026-01-16 03:51:00,866.09,80.87,3.9423283333333297,482.38,865.22,239.51,139.75,193.92,81.13,4.43670533333333,483.09,867.57,243.73,139.63,199.09,81.87,3.834146,482.22,865.48,240.4,145.16,190.86,79.6,3.559402,481.84,723.64,424.53,583.87
2026-01-16 03:52:59,XPQ-01 Main,2026-01-16 03:52:00,853.91,79.76,3.918995,482.28,850.28,235.32,141.18,188.07,79.97,4.47003866666667,482.89,855.83,240.35,140.87,194.6,81.0,3.90081266666667,482.14,855.63,237.65,147.71,185.99,78.31,3.39273533333333,481.8,713.32,429.76,568.66
2026-01-16 03:53:59,XPQ-01 Main,2026-01-16 03:53:00,850.32,81.63,3.798995,482.32,852.45,235.78,135.32,192.93,81.87,4.303372,482.76,850.4,238.91,134.95,196.87,82.48,3.80081266666667,482.51,848.1,235.68,139.68,189.7,80.53,3.29273533333333,481.7,710.37,409.95,579.51
2026-01-16 03:54:59,XPQ-01 Main,2026-01-16 03:54:00,844.79,81.53,3.82232833333333,482.88,847.41,234.79,134.68,192.01,81.87,4.403372,483.43,845.63,237.76,134.95,195.49,82.3,3.90081266666667,482.78,841.33,234.01,138.96,187.97,80.41,3.159402,482.42,706.57,408.59,575.47
2026-01-16 03:55:59,XPQ-01 Main,2026-01-16 03:55:00,861.39,79.67,3.788995,482.17,859.37,237.77,142.74,189.92,79.94,4.47003866666667,482.68,863.39,242.38,142.78,195.64,80.78,3.734146,482.06,861.39,239.25,148.72,187.13,78.29,3.159402,481.77,719.4,434.24,572.7
2026-01-16 03:56:59,XPQ-01 Main,2026-01-16 03:56:00,872.79,80.26,3.7523283333333297,482.92,875.63,242.61,143.61,195.46,80.59,4.47003866666667,483.33,873.04,245.44,143.78,198.92,81.05,3.7674793333333296,482.88,869.71,241.99,147.86,191.4,79.14,3.02606866666667,482.54,730.04,435.25,585.78
2026-01-16 03:57:59,XPQ-01 Main,2026-01-16 03:57:00,864.22,81.88,3.978995,483.47,868.0,240.67,136.45,198.01,82.34,4.603372,483.85,866.83,244.05,137.55,201.04,82.53,3.8674793333333297,483.62,857.82,238.98,140.82,192.9,80.77,3.459402,482.94,723.7,414.81,591.96
2026-01-16 03:58:59,XPQ-01 Main,2026-01-16 03:58:00,838.79,82.21,3.878995,484.12,840.07,233.2,131.67,192.18,82.5,4.47003866666667,484.55,840.09,236.91,131.5,196.5,83.11,3.90081266666667,484.35,836.2,233.25,136.6,188.88,81.03,3.259402,483.46,703.35,399.77,577.56
2026-01-16 03:59:59,XPQ-01 Main,2026-01-16 03:59:00,729.63,81.87,4.098995,481.92,725.98,200.75,113.75,165.25,82.37,4.73670533333333,482.41,734.45,206.08,114.96,170.89,82.97,4.16747933333333,481.81,728.45,202.22,120.54,162.25,80.27,3.39273533333333,481.54,609.05,349.25,498.38
2026-01-16 04:00:59,XPQ-01 Main,2026-01-16 04:00:00,821.84,85.89,3.7523283333333297,481.53,817.03,225.62,113.59,194.47,86.35,4.203372,481.91,828.25,232.28,114.64,201.36,86.9,3.734146,481.71,820.23,227.58,121.82,191.87,84.42,3.32606866666667,480.98,685.47,350.06,587.7
2026-01-16 04:01:59,XPQ-01 Main,2026-01-16 04:01:00,776.25,88.51,3.888995,482.12,770.8,213.19,96.5,189.72,89.13,4.53670533333333,482.53,785.36,220.44,98.68,196.72,89.38,4.034146,482.1,772.6,214.64,105.68,186.47,87.0,3.09273533333333,481.75,648.26,300.86,572.9
2026-01-16 04:02:59,XPQ-01 Main,2026-01-16 04:02:00,808.69,86.33,3.818995,482.71,806.5,223.31,110.35,193.81,86.9,4.403372,483.12,815.17,229.13,112.26,199.4,87.14,3.7008126666666703,482.78,804.41,223.73,117.87,189.89,84.96,3.359402,482.24,676.17,340.48,583.11
2026-01-16 04:03:59,XPQ-01 Main,2026-01-16 04:03:00,818.86,84.82,3.8123283333333298,482.64,816.89,226.17,118.63,192.43,85.12,4.43670533333333,483.03,821.42,230.84,118.63,197.85,85.76,3.80081266666667,482.68,818.29,227.55,124.95,190.05,83.56,3.19273533333333,482.2,684.55,362.2,580.33
2026-01-16 04:04:59,XPQ-01 Main,2026-01-16 04:04:00,813.2,87.59,3.818995,483.29,802.19,222.33,104.28,196.06,88.29,4.53670533333333,483.68,826.09,232.51,106.96,206.05,88.75,3.834146,483.44,811.32,225.94,116.15,193.49,85.74,3.09273533333333,482.76,680.78,327.39,595.59
2026-01-16 04:05:59,XPQ-01 Main,2026-01-16 04:05:00,803.86,85.26,3.898995,482.75,798.28,221.07,113.5,189.37,85.77,4.603372,483.22,810.77,227.93,114.98,196.56,86.32,3.7008126666666703,482.77,802.53,223.19,122.02,186.66,83.7,3.39273533333333,482.27,672.19,350.5,572.59
2026-01-16 04:06:59,XPQ-01 Main,2026-01-16 04:06:00,799.73,87.96,3.888995,483.21,796.52,220.8,102.08,195.45,88.64,4.603372,483.62,808.72,227.52,104.97,201.41,88.68,3.7674793333333296,483.19,793.95,221.05,110.52,190.95,86.55,3.29273533333333,482.81,669.36,317.57,587.81
2026-01-16 04:07:59,XPQ-01 Main,2026-01-16 04:07:00,820.6,87.93,3.7556616666666702,483.1,814.08,225.5,105.13,199.1,88.43,4.37003866666667,483.36,828.93,233.19,106.34,207.01,88.95,3.634146,483.32,818.78,227.98,114.54,196.76,86.42,3.259402,482.62,686.68,326.01,602.87
2026-01-16 04:08:59,XPQ-01 Main,2026-01-16 04:08:00,856.08,85.07,3.83232833333333,482.82,853.52,236.28,122.56,201.84,85.48,4.403372,483.04,860.52,241.94,123.37,207.9,86.0,3.7674793333333296,483.1,854.19,237.72,129.84,198.88,83.74,3.32606866666667,482.33,715.94,375.76,608.62
2026-01-16 04:09:59,XPQ-01 Main,2026-01-16 04:09:00,825.16,86.18,4.088995,482.9,824.72,228.48,113.54,197.98,86.75,4.77003866666667,483.29,831.14,233.65,115.64,202.75,86.86,4.06747933333333,482.87,819.63,228.06,120.22,193.41,84.93,3.42606866666667,482.53,690.19,349.39,594.14
2026-01-16 04:10:59,XPQ-01 Main,2026-01-16 04:10:00,812.45,86.83,3.688995,483.66,812.65,225.35,108.88,197.0,87.52,4.47003866666667,483.94,820.05,230.99,111.96,201.66,87.43,3.534146,483.93,804.64,224.29,116.02,191.67,85.55,3.059402,483.09,680.63,336.86,590.34
2026-01-16 04:11:59,XPQ-01 Main,2026-01-16 04:11:00,852.97,86.8,3.898995,482.99,849.61,235.28,114.99,205.14,87.23,4.63670533333333,483.09,858.88,241.5,115.93,211.44,87.68,3.66747933333333,483.27,850.43,236.82,122.7,202.21,85.49,3.39273533333333,482.62,713.6,353.63,618.79
2026-01-16 04:12:59,XPQ-01 Main,2026-01-16 04:12:00,866.75,86.44,3.7656616666666705,481.97,861.87,238.13,117.37,207.05,87.0,4.47003866666667,482.11,875.33,245.67,119.38,214.19,87.35,3.50081266666667,482.31,863.06,239.8,126.27,203.62,84.99,3.32606866666667,481.47,723.6,363.02,624.87
2026-01-16 04:13:59,XPQ-01 Main,2026-01-16 04:13:00,816.63,87.56,3.7656616666666705,482.59,810.07,224.22,105.64,197.31,88.16,4.27003866666667,483.11,826.15,232.23,107.74,205.24,88.54,3.56747933333333,482.68,813.68,226.2,115.43,194.26,85.97,3.459402,481.98,682.65,328.81,596.81
2026-01-16 04:14:59,XPQ-01 Main,2026-01-16 04:14:00,828.0,85.04,3.878995,482.19,824.52,227.94,117.83,194.97,85.58,4.403372,482.46,834.98,234.5,119.76,201.37,85.95,3.80081266666667,482.51,824.52,229.13,125.78,191.43,83.57,3.42606866666667,481.6,691.57,363.36,587.77
2026-01-16 04:15:59,XPQ-01 Main,2026-01-16 04:15:00,837.75,85.67,3.6556616666666706,482.31,835.42,231.05,117.15,199.04,86.18,4.23670533333333,482.68,843.66,236.99,118.75,204.9,86.52,3.734146,482.54,834.19,231.83,124.61,195.37,84.31,2.99273533333333,481.72,699.88,360.52,599.3
2026-01-16 04:16:59,XPQ-01 Main,2026-01-16 04:16:00,932.18,83.21,3.74232833333333,480.71,934.63,257.59,139.91,215.95,83.93,4.37003866666667,481.05,938.73,262.83,143.21,220.0,83.81,3.634146,480.99,923.17,255.75,146.62,209.35,81.91,3.22606866666667,480.1,776.17,429.74,645.3
2026-01-16 04:17:59,XPQ-01 Main,2026-01-16 04:17:00,910.09,84.36,3.88566166666667,481.19,902.62,249.13,131.2,211.38,84.97,4.603372,481.69,919.99,257.81,133.66,220.09,85.47,3.734146,481.25,907.66,251.62,141.49,207.72,82.65,3.32606866666667,480.64,758.57,406.34,639.19
2026-01-16 04:18:59,XPQ-01 Main,2026-01-16 04:18:00,948.11,83.35,3.86566166666667,480.9,944.11,260.39,140.83,218.71,84.08,4.47003866666667,481.24,958.02,268.25,144.33,225.63,84.24,3.834146,481.04,942.2,261.13,150.18,213.09,81.74,3.29273533333333,480.44,789.77,435.34,657.43
2026-01-16 04:19:59,XPQ-01 Main,2026-01-16 04:19:00,1001.12,84.98,3.7656616666666705,479.95,999.14,274.89,142.64,234.67,85.45,4.303372,480.17,1007.11,281.51,144.23,241.36,85.84,3.66747933333333,480.31,997.12,275.87,150.99,230.58,83.66,3.32606866666667,479.38,832.27,437.86,706.61
2026-01-16 04:20:59,XPQ-01 Main,2026-01-16 04:20:00,995.44,85.07,4.05232833333333,480.32,993.86,273.71,141.28,234.23,85.63,4.83670533333333,480.44,1002.76,280.38,143.59,240.4,85.85,3.90081266666667,480.57,989.68,274.08,149.64,229.21,83.73,3.42606866666667,479.94,828.17,434.51,703.84
2026-01-16 04:21:59,XPQ-01 Main,2026-01-16 04:21:00,990.65,85.29,3.97566166666667,480.27,985.77,271.47,138.73,233.08,85.93,4.803372,480.44,1000.78,279.81,141.78,240.77,86.17,3.8674793333333297,480.5,985.39,272.84,148.79,228.2,83.77,3.259402,479.89,824.13,429.3,702.05
2026-01-16 04:22:59,XPQ-01 Main,2026-01-16 04:22:00,1022.27,82.82,3.8556616666666703,479.52,1018.14,279.96,153.4,233.95,83.63,4.57003866666667,479.8,1034.24,288.77,157.98,241.23,83.66,3.90081266666667,479.74,1014.44,280.37,163.63,227.33,81.16,3.09273533333333,479.02,849.1,475.0,702.5
2026-01-16 04:23:59,XPQ-01 Main,2026-01-16 04:23:00,1166.57,81.3,8.608995,477.61,1163.1,318.54,182.41,260.84,81.95,9.303372,477.97,1176.3,327.18,186.06,268.42,82.19,7.434146,477.81,1160.32,319.36,192.33,254.38,79.77,9.09273533333333,477.04,965.08,560.8,783.64
2026-01-16 04:24:59,XPQ-01 Main,2026-01-16 04:24:00,1106.8,78.89,3.8223283333333296,478.15,1104.85,302.92,184.43,240.05,79.3,4.27003866666667,478.43,1111.81,309.54,185.83,246.87,79.9,4.00081266666667,478.37,1103.73,304.19,192.11,235.39,77.47,3.19273533333333,477.64,916.65,562.36,722.32
2026-01-16 04:25:59,XPQ-01 Main,2026-01-16 04:25:00,1105.37,76.55,3.778995,476.99,1099.21,300.6,191.11,231.57,77.13,4.37003866666667,477.36,1114.27,309.59,194.27,240.35,77.77,3.56747933333333,477.28,1102.62,303.09,201.17,226.36,74.75,3.39273533333333,476.33,913.27,586.55,698.28
2026-01-16 04:26:59,XPQ-01 Main,2026-01-16 04:26:00,1160.55,77.6,4.25566166666667,476.41,1155.95,315.73,196.38,246.97,78.27,4.87003866666667,476.64,1170.95,324.85,200.26,254.34,78.57,4.40081266666667,476.72,1154.75,317.13,205.79,240.26,75.95,3.49273533333333,475.87,957.7,602.43,741.57
2026-01-16 04:27:59,XPQ-01 Main,2026-01-16 04:27:00,1121.41,81.22,3.988995,477.79,1119.47,306.52,178.27,249.2,81.33,4.47003866666667,477.88,1121.96,312.18,177.08,256.75,82.32,4.034146,478.29,1122.79,309.34,185.39,247.33,80.02,3.459402,477.19,928.04,540.75,753.27
2026-01-16 04:28:59,XPQ-01 Main,2026-01-16 04:28:00,1068.8,80.78,3.93232833333333,478.13,1066.77,292.41,170.85,237.1,81.13,4.53670533333333,478.38,1072.63,298.66,171.64,243.73,81.76,3.8674793333333297,478.46,1067.01,294.08,178.33,233.33,79.45,3.39273533333333,477.56,885.16,520.82,714.16
2026-01-16 04:29:59,XPQ-01 Main,2026-01-16 04:29:00,1049.75,80.43,4.06566166666667,477.93,1048.42,287.28,168.54,232.29,80.94,4.83670533333333,478.22,1055.54,293.79,170.59,238.54,81.34,4.10081266666667,478.23,1045.28,287.95,176.29,227.26,79.01,3.259402,477.35,869.01,515.42,698.1
2026-01-16 04:30:59,XPQ-01 Main,2026-01-16 04:30:00,1079.5,80.11,3.9556616666666704,477.82,1081.71,296.27,176.33,237.92,80.34,4.37003866666667,478.0,1079.78,300.46,175.99,243.01,80.99,3.96747933333333,478.21,1077.01,296.68,181.79,234.17,78.99,3.52606866666667,477.24,893.41,534.11,715.09
2026-01-16 04:31:59,XPQ-01 Main,2026-01-16 04:31:00,1092.42,79.88,3.798995,477.42,1093.87,299.48,177.87,240.63,80.42,4.503372,477.71,1097.1,304.97,180.09,245.83,80.67,3.66747933333333,477.59,1086.3,298.91,184.85,234.62,78.55,3.22606866666667,476.94,903.36,542.81,721.08
2026-01-16 04:32:59,XPQ-01 Main,2026-01-16 04:32:00,1086.61,78.98,3.888995,477.69,1084.08,296.99,178.97,236.72,79.77,4.53670533333333,478.09,1096.53,305.04,183.49,243.52,79.87,3.7674793333333296,477.86,1079.21,297.06,188.34,229.55,77.31,3.359402,477.12,899.08,550.8,709.79
2026-01-16 04:33:59,XPQ-01 Main,2026-01-16 04:33:00,1039.83,80.41,3.9223283333333296,478.18,1040.3,285.1,169.14,229.23,80.47,4.53670533333333,478.36,1038.17,289.14,167.43,235.15,81.46,3.90081266666667,478.64,1041.02,286.98,174.64,227.34,79.3,3.32606866666667,477.53,861.22,511.21,691.72
2026-01-16 04:34:59,XPQ-01 Main,2026-01-16 04:34:00,1063.85,81.14,4.06566166666667,478.37,1065.88,292.21,169.51,237.94,81.45,4.603372,478.43,1065.59,296.83,169.94,243.05,81.95,4.00081266666667,478.88,1060.08,292.44,175.32,233.83,80.01,3.59273533333333,477.82,881.48,514.77,714.82
2026-01-16 04:35:59,XPQ-01 Main,2026-01-16 04:35:00,1069.96,80.07,3.9556616666666704,478.34,1070.15,293.4,174.25,235.74,80.42,4.43670533333333,478.7,1072.98,299.03,175.14,241.8,80.99,3.80081266666667,478.79,1066.74,294.06,180.92,231.51,78.79,3.62606866666667,477.53,886.48,530.32,709.06
2026-01-16 04:36:59,XPQ-01 Main,2026-01-16 04:36:00,1056.04,79.72,4.05232833333333,477.07,1058.52,289.45,171.77,232.81,80.47,4.67003866666667,477.2,1063.25,295.39,175.61,237.16,80.37,3.8674793333333297,477.5,1046.34,287.79,178.76,225.3,78.34,3.6260686666666704,476.5,872.64,526.14,695.27
2026-01-16 04:37:59,XPQ-01 Main,2026-01-16 04:37:00,1037.89,79.77,3.83232833333333,477.56,1038.91,284.46,168.37,229.16,80.59,4.43670533333333,477.82,1046.65,291.08,172.68,234.0,80.46,3.834146,477.86,1028.11,282.99,176.02,221.4,78.28,3.22606866666667,476.99,858.53,517.07,684.55
2026-01-16 04:38:59,XPQ-01 Main,2026-01-16 04:38:00,1055.95,79.75,3.85232833333333,477.1,1057.31,289.21,171.44,232.76,80.52,4.43670533333333,477.33,1064.28,295.69,175.48,237.5,80.43,3.9008126666666705,477.43,1046.26,287.74,178.83,225.13,78.3,3.22606866666667,476.55,872.63,525.75,695.4
2026-01-16 04:39:59,XPQ-01 Main,2026-01-16 04:39:00,1091.43,78.12,3.83232833333333,476.91,1088.83,297.76,182.77,234.67,78.89,4.43670533333333,477.27,1101.08,305.84,187.09,241.55,79.06,3.80081266666667,477.17,1084.38,298.0,192.09,227.57,76.42,3.259402,476.28,901.6,561.96,703.79
2026-01-16 04:40:59,XPQ-01 Main,2026-01-16 04:40:00,1079.22,80.5,3.9123283333333294,477.21,1073.94,293.86,172.23,237.88,81.0,4.57003866666667,477.43,1086.93,301.99,174.41,246.19,81.6,3.7008126666666703,477.44,1076.78,296.22,181.83,233.44,78.89,3.459402,476.76,892.07,528.47,717.51
2026-01-16 04:41:59,XPQ-01 Main,2026-01-16 04:41:00,1092.31,79.84,4.13232833333333,477.31,1088.95,298.07,177.42,239.17,80.32,4.73670533333333,477.62,1099.27,305.51,179.37,246.47,80.86,4.20081266666667,477.51,1088.71,299.5,185.95,234.38,78.34,3.459402,476.8,903.08,542.73,720.03
2026-01-16 04:42:59,XPQ-01 Main,2026-01-16 04:42:00,1090.0,80.2,3.798995,477.16,1086.37,297.37,174.46,240.51,80.95,4.37003866666667,477.52,1100.25,305.62,178.68,247.58,81.09,3.50081266666667,477.2,1083.37,297.9,184.04,233.69,78.56,3.52606866666667,476.76,900.89,537.19,721.78
2026-01-16 04:43:59,XPQ-01 Main,2026-01-16 04:43:00,1150.05,80.15,3.66566166666667,476.86,1146.49,313.37,186.02,252.04,80.46,4.103372,477.01,1154.37,320.54,186.66,260.22,81.26,3.60081266666667,477.28,1149.29,316.0,194.54,248.53,78.75,3.29273533333333,476.29,949.91,567.22,760.79
2026-01-16 04:44:59,XPQ-01 Main,2026-01-16 04:44:00,1112.57,78.54,3.9123283333333294,476.99,1111.35,303.77,186.77,239.42,78.85,4.43670533333333,477.17,1115.83,310.02,187.6,246.52,79.58,3.90081266666667,477.53,1110.53,305.39,194.04,235.59,77.19,3.39273533333333,476.26,919.18,568.4,721.52
2026-01-16 04:45:59,XPQ-01 Main,2026-01-16 04:45:00,1147.78,78.04,3.8223283333333296,476.55,1144.94,312.78,192.84,245.98,78.7,4.403372,476.71,1157.09,321.07,196.57,253.37,79.01,3.734146,476.92,1141.31,313.57,202.16,239.47,76.41,3.32606866666667,476.01,947.42,591.57,738.81
2026-01-16 04:46:59,XPQ-01 Main,2026-01-16 04:46:00,1186.9,79.36,3.7523283333333297,476.28,1182.68,322.89,193.81,258.2,79.98,4.13670533333333,476.45,1196.42,331.82,197.25,266.53,80.38,3.7674793333333296,476.68,1181.61,324.47,204.08,252.16,77.73,3.359402,475.73,979.18,595.14,776.89
2026-01-16 04:47:59,XPQ-01 Main,2026-01-16 04:47:00,1152.66,80.34,3.698995,476.54,1150.09,314.11,185.57,253.49,80.7,4.203372,476.64,1157.3,321.16,186.63,261.22,81.37,3.7008126666666703,477.03,1150.59,316.16,193.96,249.53,78.95,3.19273533333333,475.96,951.43,566.16,764.23
2026-01-16 04:48:59,XPQ-01 Main,2026-01-16 04:48:00,1127.58,77.92,3.8756616666666703,476.74,1124.01,307.18,189.67,241.36,78.63,4.67003866666667,477.07,1137.23,315.82,193.7,248.79,78.9,3.66747933333333,477.13,1121.51,308.13,199.28,234.66,76.22,3.29273533333333,476.02,931.13,582.66,724.81
2026-01-16 04:49:59,XPQ-01 Main,2026-01-16 04:49:00,1137.55,77.89,3.908995,476.76,1138.02,311.1,191.91,244.92,78.73,4.303372,476.87,1146.85,318.27,196.68,250.18,78.61,4.10081266666667,477.02,1127.76,310.01,200.12,236.53,76.34,3.32606866666667,476.37,939.38,588.71,731.63
2026-01-16 04:50:59,XPQ-01 Main,2026-01-16 04:50:00,1034.68,80.39,3.798995,478.22,1032.04,282.94,166.29,228.78,80.89,4.43670533333333,478.48,1041.42,290.04,168.39,235.78,81.38,3.7674793333333296,478.58,1030.56,284.08,174.51,224.1,78.9,3.19273533333333,477.61,857.06,509.19,688.65
2026-01-16 04:51:59,XPQ-01 Main,2026-01-16 04:51:00,906.56,74.43,4.03232833333333,478.78,900.31,247.28,162.72,185.71,75.21,4.57003866666667,479.24,915.81,255.32,166.66,193.02,75.69,4.00081266666667,478.84,903.57,249.24,171.77,180.15,72.38,3.52606866666667,478.27,751.84,501.15,558.88
2026-01-16 04:52:59,XPQ-01 Main,2026-01-16 04:52:00,947.19,77.98,4.25232833333333,479.21,941.79,258.76,160.09,202.81,78.49,4.77003866666667,479.32,954.48,266.28,162.13,210.39,79.21,4.234146,479.53,945.31,261.18,168.77,198.83,76.24,3.759402,478.77,786.22,491.0,612.03
2026-01-16 04:53:59,XPQ-01 Main,2026-01-16 04:53:00,923.73,77.44,4.07566166666667,479.17,917.95,252.24,158.23,196.09,77.82,4.77003866666667,479.35,928.91,259.1,159.36,203.5,78.73,3.934146,479.37,924.32,255.33,166.18,193.0,75.78,3.52606866666667,478.77,766.67,483.78,592.59
2026-01-16 04:54:59,XPQ-01 Main,2026-01-16 04:54:00,838.73,75.46,4.34566166666667,479.68,834.3,229.58,150.24,173.3,75.56,4.87003866666667,479.92,840.33,234.6,149.74,180.1,76.89,4.20081266666667,479.75,841.56,232.69,156.46,171.71,73.92,3.959402,479.39,696.87,456.44,525.12
2026-01-16 04:55:59,XPQ-01 Main,2026-01-16 04:55:00,1247.26,68.33,4.44566166666667,474.02,1241.06,337.23,245.07,230.0,68.43,5.03670533333333,474.29,1249.29,344.86,245.73,240.37,69.93,4.234146,474.37,1251.45,341.97,254.04,227.01,66.63,4.059402,473.38,1024.05,744.84,697.38
2026-01-16 04:56:59,XPQ-01 Main,2026-01-16 04:56:00,1075.52,75.6,4.13232833333333,477.04,1068.21,292.17,187.91,223.48,76.54,4.87003866666667,477.21,1089.22,302.51,193.72,231.86,76.74,4.16747933333333,477.34,1069.13,294.04,199.07,215.98,73.53,3.359402,476.57,888.71,580.71,671.32
2026-01-16 04:57:59,XPQ-01 Main,2026-01-16 04:57:00,1036.37,75.68,4.008995,477.52,1030.27,282.08,182.3,214.69,76.23,4.53670533333333,477.79,1045.36,290.68,185.01,222.58,76.9,4.10081266666667,477.83,1033.47,284.46,191.2,209.81,73.91,3.39273533333333,476.95,857.22,558.51,647.08
2026-01-16 04:58:59,XPQ-01 Main,2026-01-16 04:58:00,1015.69,74.24,4.108995,477.52,1014.43,277.73,183.3,208.02,75.03,4.403372,477.8,1024.38,284.87,187.47,213.76,75.18,4.334146,477.84,1008.27,277.51,190.94,200.97,72.5,3.59273533333333,476.92,840.1,561.71,622.75
2026-01-16 04:59:59,XPQ-01 Main,2026-01-16 04:59:00,951.64,75.53,4.198995,478.76,948.0,260.31,168.98,197.69,76.01,4.73670533333333,479.13,957.19,266.83,170.88,204.32,76.71,4.20081266666667,478.92,949.73,262.03,176.37,193.3,73.87,3.659402,478.23,789.17,516.23,595.31
2026-01-16 05:00:59,XPQ-01 Main,2026-01-16 05:00:00,918.87,73.96,4.298995,478.62,917.71,251.91,168.41,186.9,74.29,4.703372,478.95,921.66,256.84,169.05,192.37,75.12,4.334146,478.78,917.24,253.0,174.09,183.16,72.48,3.859402,478.12,761.75,511.55,562.43
2026-01-16 05:01:59,XPQ-01 Main,2026-01-16 05:01:00,912.38,73.38,4.46566166666667,479.07,908.48,249.63,168.32,183.84,73.76,4.93670533333333,479.47,917.16,255.84,169.57,190.4,74.68,4.534146,479.22,911.49,251.62,175.11,180.15,71.71,3.92606866666667,478.53,757.1,513.0,554.39
2026-01-16 05:02:59,XPQ-01 Main,2026-01-16 05:02:00,939.39,75.81,4.54566166666667,478.72,937.94,257.47,167.1,195.32,75.99,5.003372,479.05,940.73,262.25,166.74,201.39,77.03,4.60081266666667,478.97,939.49,259.21,172.97,192.66,74.41,4.02606866666667,478.14,778.93,506.81,589.37
2026-01-16 05:03:59,XPQ-01 Main,2026-01-16 05:03:00,960.56,74.56,4.26566166666667,478.39,956.93,262.6,173.88,196.38,74.87,4.77003866666667,478.72,964.27,268.54,174.64,203.24,75.85,4.334146,478.49,960.48,264.81,180.88,192.95,72.96,3.6927353333333297,477.96,795.95,529.4,592.57
2026-01-16 05:04:59,XPQ-01 Main,2026-01-16 05:04:00,931.69,74.08,4.28566166666667,478.39,930.97,255.43,170.9,189.48,74.26,4.77003866666667,478.69,931.52,259.45,170.53,194.89,75.26,4.36747933333333,478.56,932.58,257.13,176.14,186.61,72.72,3.7260686666666705,477.91,772.0,517.57,570.99
2026-01-16 05:05:59,XPQ-01 Main,2026-01-16 05:05:00,948.1,75.15,4.178995,478.39,942.32,258.57,169.35,195.0,75.5,4.67003866666667,478.73,953.79,265.64,170.46,202.55,76.51,4.234146,478.51,948.17,261.41,177.21,191.67,73.43,3.62606866666667,477.93,785.62,517.02,589.22
2026-01-16 05:06:59,XPQ-01 Main,2026-01-16 05:06:00,924.83,74.69,4.108995,478.38,919.28,252.24,166.47,189.1,75.06,4.603372,478.68,930.12,259.03,167.7,196.44,76.06,4.06747933333333,478.52,925.09,255.07,174.15,185.78,72.96,3.659402,477.96,766.33,508.32,571.33
2026-01-16 05:07:59,XPQ-01 Main,2026-01-16 05:07:00,926.79,72.97,4.25566166666667,477.9,921.06,252.48,170.48,185.54,73.64,4.703372,478.19,935.77,260.33,173.65,192.69,74.29,4.40081266666667,478.02,923.54,254.38,178.91,180.36,71.0,3.659402,477.49,767.19,523.03,558.59
2026-01-16 05:08:59,XPQ-01 Main,2026-01-16 05:08:00,885.07,72.6,3.9423283333333297,478.47,878.79,241.22,164.19,176.23,73.17,4.43670533333333,478.84,892.2,248.51,166.75,183.63,74.03,4.06747933333333,478.53,884.23,243.8,172.53,171.97,70.59,3.32606866666667,478.05,733.53,503.47,531.83
2026-01-16 05:09:59,XPQ-01 Main,2026-01-16 05:09:00,911.13,75.06,4.18566166666667,478.63,900.05,247.08,161.16,186.92,75.74,4.83670533333333,478.92,922.42,257.02,164.72,196.53,76.64,4.26747933333333,478.78,910.91,251.29,172.03,182.77,72.82,3.459402,478.18,755.39,497.91,566.22
2026-01-16 05:10:59,XPQ-01 Main,2026-01-16 05:10:00,876.38,75.05,3.798995,478.61,872.85,239.55,157.29,180.24,75.34,4.303372,478.91,879.41,245.09,157.89,186.81,76.38,3.834146,478.87,876.88,241.88,164.1,177.47,73.42,3.259402,478.06,726.53,479.27,544.52
2026-01-16 05:11:59,XPQ-01 Main,2026-01-16 05:11:00,910.45,75.58,3.96566166666667,478.58,903.66,248.03,160.58,188.91,76.19,4.53670533333333,478.73,918.44,255.84,163.29,196.51,76.91,3.8674793333333297,478.79,909.26,250.87,169.58,184.52,73.63,3.49273533333333,478.23,754.74,493.45,569.94
2026-01-16 05:12:59,XPQ-01 Main,2026-01-16 05:12:00,942.16,77.94,4.26566166666667,478.37,940.88,258.09,160.66,201.68,78.22,4.93670533333333,478.45,943.99,262.84,160.76,207.41,79.04,4.36747933333333,478.63,941.61,259.72,166.79,198.55,76.57,3.49273533333333,478.02,780.65,488.21,607.65
2026-01-16 05:13:59,XPQ-01 Main,2026-01-16 05:13:00,944.87,77.62,3.97566166666667,478.2,935.88,256.7,158.82,201.41,78.52,4.83670533333333,478.43,958.27,266.72,163.88,210.16,78.86,3.834146,478.32,940.48,259.25,169.9,195.47,75.47,3.259402,477.85,782.66,492.6,607.04
2026-01-16 05:14:59,XPQ-01 Main,2026-01-16 05:14:00,922.79,76.16,3.83232833333333,478.51,913.94,250.81,160.33,192.79,76.89,4.33670533333333,478.7,933.77,260.08,164.09,201.35,77.52,3.7008126666666703,478.69,920.66,253.96,170.52,188.0,74.07,3.459402,478.13,764.86,494.94,582.14
2026-01-16 05:15:59,XPQ-01 Main,2026-01-16 05:15:00,954.32,77.26,3.798995,478.68,949.44,260.63,163.59,202.81,77.84,4.503372,478.88,961.73,267.99,166.14,209.91,78.41,3.734146,478.9,951.8,262.64,171.93,198.18,75.54,3.159402,478.25,791.26,501.66,610.9
2026-01-16 05:16:59,XPQ-01 Main,2026-01-16 05:16:00,1074.96,81.84,3.8656616666666705,477.59,1070.6,293.12,166.22,241.23,82.34,4.33670533333333,477.77,1082.35,300.99,168.37,248.92,82.83,3.734146,477.95,1071.94,295.15,175.47,236.85,80.35,3.52606866666667,477.04,889.26,510.06,726.99
2026-01-16 05:17:59,XPQ-01 Main,2026-01-16 05:17:00,1084.25,82.13,7.15566166666667,477.47,1079.46,295.48,166.65,243.56,82.53,8.03670533333333,477.66,1091.12,303.36,167.88,251.73,83.2,6.434146,477.83,1082.18,297.88,175.88,240.09,80.67,6.99273533333333,476.91,896.71,510.41,735.37
2026-01-16 05:18:59,XPQ-01 Main,2026-01-16 05:18:00,1182.73,78.26,3.97566166666667,475.82,1179.38,321.72,196.82,254.1,79.06,4.47003866666667,476.07,1195.17,331.16,201.85,261.56,79.17,4.134146,476.17,1173.65,321.92,206.97,246.34,76.56,3.32606866666667,475.23,974.8,605.63,762.0
2026-01-16 05:19:59,XPQ-01 Main,2026-01-16 05:19:00,1217.07,78.64,3.798995,475.4,1208.48,329.34,198.79,262.32,79.7,4.303372,475.63,1235.85,342.15,206.81,272.17,79.62,3.8674793333333297,475.8,1206.88,330.75,212.56,253.18,76.59,3.22606866666667,474.79,1002.24,618.16,787.68
2026-01-16 05:20:59,XPQ-01 Main,2026-01-16 05:20:00,1291.36,81.25,4.118995,475.19,1285.11,350.16,199.38,287.66,82.19,4.53670533333333,475.45,1308.39,361.99,206.58,297.05,82.1,4.06747933333333,475.46,1280.58,350.79,212.86,278.56,79.46,3.759402,474.68,1062.93,618.82,863.28
2026-01-16 05:21:59,XPQ-01 Main,2026-01-16 05:21:00,1278.41,81.12,3.86566166666667,475.52,1276.65,347.88,199.6,284.83,81.89,4.303372,475.61,1290.6,357.4,204.98,292.53,81.89,3.834146,476.07,1267.97,347.69,210.53,276.68,79.58,3.459402,474.87,1052.97,615.11,854.04
2026-01-16 05:22:59,XPQ-01 Main,2026-01-16 05:22:00,1296.52,83.18,4.15232833333333,475.75,1289.5,351.66,192.49,294.16,83.68,4.67003866666667,475.81,1306.74,361.9,195.11,304.51,84.2,4.134146,476.14,1293.32,354.86,204.69,289.51,81.65,3.659402,475.31,1068.42,592.29,888.18
2026-01-16 05:23:59,XPQ-01 Main,2026-01-16 05:23:00,1084.64,78.06,4.35232833333333,476.87,1078.75,294.84,183.34,230.8,78.3,4.903372,476.9,1088.62,302.25,183.65,239.63,79.37,4.234146,477.34,1086.54,298.81,192.17,228.42,76.52,3.92606866666667,476.37,895.9,559.15,698.85
2026-01-16 05:24:59,XPQ-01 Main,2026-01-16 05:24:00,1121.18,77.25,4.74232833333333,477.04,1117.24,305.56,192.51,237.07,77.63,5.303372,477.24,1126.24,312.82,193.98,244.94,78.39,4.734146,477.38,1120.05,308.02,200.93,233.08,75.74,4.19273533333333,476.49,926.41,587.42,715.1
2026-01-16 05:25:59,XPQ-01 Main,2026-01-16 05:25:00,1061.2,78.7,4.66566166666667,477.14,1056.34,288.98,174.78,229.96,79.61,5.103372,477.34,1073.87,298.34,180.42,237.45,79.62,4.634146,477.44,1053.39,289.74,185.17,222.58,76.88,4.259402,476.64,877.07,540.36,689.98
2026-01-16 05:26:59,XPQ-01 Main,2026-01-16 05:26:00,984.77,83.08,6.07566166666667,479.34,977.47,268.64,148.31,223.73,83.35,6.67003866666667,479.58,989.93,276.3,148.54,232.75,84.3,5.80081266666667,479.64,986.92,272.7,157.49,222.26,81.59,5.759402,478.81,817.64,454.34,678.73
2026-01-16 05:27:59,XPQ-01 Main,2026-01-16 05:27:00,1007.09,83.03,6.05566166666667,479.26,1002.59,275.43,152.5,229.29,83.26,6.63670533333333,479.34,1010.46,281.96,152.2,237.09,84.15,5.934146,479.68,1008.21,278.63,160.64,227.42,81.68,5.59273533333333,478.77,836.02,465.34,693.79
2026-01-16 05:28:59,XPQ-01 Main,2026-01-16 05:28:00,1024.37,81.2,6.04566166666667,478.42,1019.05,279.57,161.03,227.37,81.61,6.47003866666667,478.78,1030.15,287.0,162.26,235.45,82.34,5.96747933333333,478.64,1023.92,282.3,170.15,224.19,79.66,5.69273533333333,477.84,848.87,493.44,687.01
2026-01-16 05:29:59,XPQ-01 Main,2026-01-16 05:29:00,1000.33,81.9,6.46566166666667,478.77,992.81,272.66,154.63,224.34,82.34,6.87003866666667,479.08,1007.47,280.77,156.0,233.05,83.1,6.234146,478.85,1000.71,276.14,164.43,221.37,80.28,6.29273533333333,478.4,829.58,475.06,678.76
2026-01-16 05:30:59,XPQ-01 Main,2026-01-16 05:30:00,1029.81,80.6,5.66566166666667,478.86,1025.21,281.44,165.12,227.97,81.0,6.03670533333333,478.91,1035.43,288.63,166.34,235.7,81.7,5.46747933333333,479.23,1028.79,284.09,173.76,224.55,79.09,5.49273533333333,478.43,854.16,505.23,688.22
2026-01-16 05:31:59,XPQ-01 Main,2026-01-16 05:31:00,1024.17,80.37,5.408995,478.55,1021.07,280.19,165.93,225.62,80.56,5.83670533333333,478.79,1026.09,285.88,165.52,232.88,81.51,5.234146,478.79,1025.35,282.86,173.09,223.34,79.04,5.159402,478.08,848.93,504.53,681.84
2026-01-16 05:32:59,XPQ-01 Main,2026-01-16 05:32:00,1010.39,80.52,5.48566166666667,477.69,1009.97,276.69,162.82,223.4,80.81,6.03670533333333,477.99,1012.17,281.49,163.03,229.25,81.49,5.26747933333333,477.84,1009.02,277.81,169.25,219.91,79.25,5.159402,477.23,835.99,495.11,672.56
2026-01-16 05:33:59,XPQ-01 Main,2026-01-16 05:33:00,1029.71,79.24,5.498995,477.15,1029.42,281.57,171.27,223.32,79.35,5.97003866666667,477.21,1029.08,285.87,170.11,229.38,80.32,5.234146,477.55,1030.63,283.56,177.09,221.11,78.05,5.29273533333333,476.68,851.0,518.48,673.82
2026-01-16 05:34:59,XPQ-01 Main,2026-01-16 05:34:00,1008.79,80.68,5.898995,477.21,1006.76,275.55,160.74,223.31,81.16,6.47003866666667,477.56,1014.59,281.89,162.52,229.34,81.59,5.56747933333333,477.35,1005.01,276.41,168.0,218.68,79.3,5.659402,476.73,833.85,491.27,671.33
2026-01-16 05:35:59,XPQ-01 Main,2026-01-16 05:35:00,1191.62,78.76,4.64232833333333,475.37,1192.42,324.81,197.22,257.69,79.41,4.97003866666667,475.36,1199.7,332.09,200.83,263.55,79.54,4.634146,475.96,1182.74,324.27,205.36,250.5,77.33,4.32606866666667,474.78,981.16,603.41,771.75
2026-01-16 05:36:59,XPQ-01 Main,2026-01-16 05:36:00,1171.23,79.07,4.15566166666667,475.72,1167.65,318.35,190.96,254.4,79.98,4.703372,475.97,1185.13,328.42,197.11,262.1,79.92,4.10081266666667,476.23,1160.89,318.35,201.88,245.99,77.3,3.659402,474.97,965.12,589.95,762.49
2026-01-16 05:37:59,XPQ-01 Main,2026-01-16 05:37:00,983.97,75.43,4.31232833333333,477.11,983.42,268.94,175.42,203.39,75.73,4.73670533333333,477.52,986.05,274.11,176.08,209.34,76.53,4.26747933333333,477.54,982.43,270.09,181.43,199.78,74.03,3.92606866666667,476.27,813.14,532.93,612.5
2026-01-16 05:38:59,XPQ-01 Main,2026-01-16 05:38:00,990.3,75.96,4.36566166666667,477.08,985.71,269.63,173.45,206.33,76.55,4.87003866666667,477.22,997.78,277.11,176.29,213.59,77.12,4.434146,477.36,987.39,271.6,181.85,201.39,74.22,3.79273533333333,476.66,818.34,531.59,621.32
2026-01-16 05:39:59,XPQ-01 Main,2026-01-16 05:39:00,1005.6,74.46,4.16566166666667,476.75,1001.23,273.79,178.94,206.8,75.62,4.63670533333333,477.19,1019.8,283.11,185.76,213.23,75.4,4.10081266666667,476.88,995.76,273.53,188.69,197.85,72.37,3.759402,476.17,830.43,553.39,617.87
2026-01-16 05:40:59,XPQ-01 Main,2026-01-16 05:40:00,1011.61,73.41,4.14232833333333,475.56,1013.18,276.28,186.05,203.59,73.82,4.47003866666667,475.9,1013.28,280.65,187.34,208.42,74.37,4.134146,475.85,1008.38,276.35,191.44,198.84,72.04,3.8260686666666706,474.93,833.28,564.83,610.84
2026-01-16 05:41:59,XPQ-01 Main,2026-01-16 05:41:00,941.88,74.16,4.108995,477.06,939.05,256.85,171.43,190.78,74.38,4.63670533333333,477.17,943.96,262.16,171.75,197.28,75.42,3.96747933333333,477.38,942.61,259.28,177.7,187.96,72.67,3.7260686666666705,476.63,778.29,520.89,576.02
2026-01-16 05:42:59,XPQ-01 Main,2026-01-16 05:42:00,1049.58,72.66,4.36566166666667,475.63,1046.84,285.67,192.17,210.7,73.89,4.903372,476.0,1063.72,294.49,199.48,216.12,73.48,4.434146,475.64,1038.2,284.55,201.22,200.62,70.61,3.759402,475.23,864.71,592.87,627.45
2026-01-16 05:43:59,XPQ-01 Main,2026-01-16 05:43:00,965.37,74.06,4.54232833333333,476.16,964.16,263.16,175.86,195.34,74.32,4.97003866666667,476.25,967.03,268.1,176.37,201.3,75.21,4.56747933333333,476.6,964.93,264.93,181.77,192.11,72.64,4.09273533333333,475.63,796.19,534.0,588.74
2026-01-16 05:44:59,XPQ-01 Main,2026-01-16 05:44:00,1076.98,71.42,3.898995,475.11,1070.68,291.73,200.47,211.19,72.53,4.203372,475.46,1091.56,301.98,207.45,218.39,72.5,3.96747933333333,475.32,1068.7,292.61,210.8,202.24,69.23,3.52606866666667,474.54,886.32,618.72,631.82
2026-01-16 05:45:59,XPQ-01 Main,2026-01-16 05:45:00,1011.46,71.77,4.198995,475.45,1006.89,274.34,191.23,196.46,71.66,4.603372,475.62,1010.3,279.8,189.87,204.93,73.35,4.26747933333333,476.0,1017.19,278.81,198.06,195.69,70.28,3.7260686666666705,474.72,832.94,579.16,597.08
2026-01-16 05:46:59,XPQ-01 Main,2026-01-16 05:46:00,1159.68,73.02,3.93232833333333,473.85,1156.93,314.24,212.33,231.62,73.71,4.303372,473.94,1168.01,322.25,216.34,238.43,74.06,4.134146,474.29,1154.11,315.32,220.94,224.6,71.29,3.359402,473.31,951.82,649.61,694.64
2026-01-16 05:47:59,XPQ-01 Main,2026-01-16 05:47:00,1220.64,75.36,4.14232833333333,473.52,1216.61,330.33,212.84,252.41,76.45,4.67003866666667,473.65,1236.29,340.76,220.46,259.41,76.2,4.16747933333333,473.8,1209.0,330.08,223.87,242.17,73.43,3.59273533333333,473.1,1001.17,657.18,754.0
2026-01-16 05:48:59,XPQ-01 Main,2026-01-16 05:48:00,1014.63,76.11,4.198995,475.91,1014.0,276.65,179.41,210.32,76.08,4.703372,476.11,1012.15,280.5,177.76,216.8,77.33,4.134146,476.26,1017.73,279.2,184.81,208.96,74.91,3.759402,475.35,836.36,541.98,636.08
2026-01-16 05:49:59,XPQ-01 Main,2026-01-16 05:49:00,1037.91,75.81,4.12232833333333,475.15,1034.78,282.01,178.95,217.57,77.23,4.603372,475.4,1055.33,291.88,187.89,223.07,76.48,4.134146,475.3,1023.61,280.35,189.22,206.46,73.72,3.62606866666667,474.75,854.24,556.06,647.1
2026-01-16 05:50:59,XPQ-01 Main,2026-01-16 05:50:00,977.37,79.03,4.28566166666667,476.43,969.11,264.58,162.39,208.71,78.92,4.87003866666667,476.46,977.87,271.3,160.33,218.48,80.62,4.06747933333333,476.95,985.12,270.67,170.72,209.59,77.53,3.92606866666667,475.87,806.55,493.43,636.77
2026-01-16 05:51:59,XPQ-01 Main,2026-01-16 05:51:00,1280.51,82.64,4.27566166666667,474.29,1273.02,345.87,192.76,286.6,82.98,4.83670533333333,474.37,1287.81,355.82,193.85,297.27,83.76,4.26747933333333,474.98,1280.7,350.28,204.34,283.95,81.17,3.7260686666666705,473.51,1051.97,590.96,867.83
2026-01-16 05:52:59,XPQ-01 Main,2026-01-16 05:52:00,1284.93,81.17,4.17566166666667,473.28,1276.52,346.32,195.94,285.31,82.43,4.67003866666667,473.3,1308.65,360.52,206.64,295.27,81.93,4.134146,473.67,1269.61,346.55,211.65,274.06,79.15,3.72606866666667,472.86,1053.4,614.23,854.64
2026-01-16 05:53:59,XPQ-01 Main,2026-01-16 05:53:00,1284.8,80.77,4.298995,473.24,1274.21,345.57,197.71,283.1,81.99,4.703372,473.21,1308.97,360.64,207.84,294.0,81.66,4.40081266666667,473.78,1271.23,347.0,213.96,272.72,78.68,3.79273533333333,472.74,1053.22,619.51,849.82
2026-01-16 05:54:59,XPQ-01 Main,2026-01-16 05:54:00,1275.49,81.35,4.45566166666667,473.55,1268.97,344.34,196.15,282.27,82.12,4.83670533333333,473.57,1289.84,355.68,201.64,291.6,82.25,4.46747933333333,474.12,1267.67,346.22,208.66,275.25,79.69,4.059402,472.96,1046.25,606.45,849.12
2026-01-16 05:55:59,XPQ-01 Main,2026-01-16 05:55:00,1419.66,79.59,4.12232833333333,471.46,1415.55,382.58,225.12,309.14,80.84,4.67003866666667,471.47,1442.14,395.74,236.16,317.45,80.23,4.06747933333333,471.82,1401.28,381.04,239.71,295.94,77.71,3.6260686666666704,471.09,1159.36,700.99,922.53
2026-01-16 05:56:59,XPQ-01 Main,2026-01-16 05:56:00,1405.18,78.84,4.308995,471.53,1400.99,378.81,225.47,304.06,80.33,4.67003866666667,471.74,1431.9,393.05,238.86,311.88,79.39,4.30081266666667,471.79,1382.66,375.88,240.52,288.5,76.81,3.959402,471.08,1147.73,704.85,904.44
2026-01-16 05:57:59,XPQ-01 Main,2026-01-16 05:57:00,1391.55,79.77,3.94566166666667,470.67,1392.03,375.4,221.16,303.03,80.78,4.17003866666667,470.71,1407.74,385.88,229.31,309.7,80.37,3.934146,471.26,1374.88,373.2,232.68,291.56,78.16,3.72606866666667,470.04,1134.48,683.16,904.29
2026-01-16 05:58:59,XPQ-01 Main,2026-01-16 05:58:00,1385.05,80.68,4.288995,470.66,1386.42,373.84,217.49,303.75,81.31,4.803372,470.76,1393.1,381.93,221.61,310.73,81.42,4.134146,471.27,1375.63,373.36,227.38,295.99,79.3,3.92606866666667,469.95,1129.13,666.48,910.48
2026-01-16 05:59:59,XPQ-01 Main,2026-01-16 05:59:00,1375.33,78.35,3.878995,470.38,1365.27,368.23,222.19,293.16,79.7,4.303372,470.68,1401.68,383.91,234.13,303.86,79.21,3.96747933333333,470.66,1359.02,368.47,238.6,280.33,76.15,3.359402,469.8,1120.61,694.92,877.35
2026-01-16 06:00:59,XPQ-01 Main,2026-01-16 06:00:00,1325.39,79.73,4.16566166666667,471.3,1324.53,357.7,212.67,286.97,80.34,4.63670533333333,471.35,1334.9,366.39,216.42,294.38,80.57,4.20081266666667,471.86,1316.74,357.89,222.53,279.89,78.27,3.659402,470.7,1081.97,651.62,861.24
2026-01-16 06:01:59,XPQ-01 Main,2026-01-16 06:01:00,1338.55,78.63,4.208995,470.38,1324.37,357.12,215.81,284.22,79.64,4.703372,470.67,1360.3,372.65,224.46,297.36,79.81,4.26747933333333,470.77,1330.99,360.88,232.64,275.7,76.43,3.659402,469.71,1090.65,672.91,857.28
2026-01-16 06:02:59,XPQ-01 Main,2026-01-16 06:02:00,1364.09,78.34,4.27566166666667,470.33,1363.36,367.42,223.13,291.69,79.43,4.57003866666667,470.27,1381.51,378.32,231.89,298.26,78.95,4.30081266666667,470.92,1347.42,365.56,234.65,279.91,76.63,3.959402,469.81,1111.3,689.67,869.86
2026-01-16 06:03:59,XPQ-01 Main,2026-01-16 06:03:00,1359.61,79.38,4.25566166666667,470.37,1351.52,364.23,218.21,291.07,80.01,4.603372,470.49,1373.05,376.2,222.81,301.64,80.44,4.334146,470.98,1354.27,367.3,230.8,284.82,77.69,3.8260686666666706,469.63,1107.74,671.82,877.53
2026-01-16 06:04:59,XPQ-01 Main,2026-01-16 06:04:00,1423.1,80.02,4.188995,469.64,1416.94,381.27,224.48,307.4,80.76,4.703372,469.78,1438.51,393.53,230.38,317.32,80.92,4.16747933333333,470.24,1413.84,382.86,237.21,299.42,78.38,3.6927353333333297,468.9,1157.67,692.08,924.13
2026-01-16 06:05:59,XPQ-01 Main,2026-01-16 06:05:00,1451.24,79.55,4.23232833333333,469.31,1447.21,389.13,229.98,313.36,80.62,4.503372,469.39,1472.21,402.43,239.44,322.06,80.25,4.134146,469.92,1434.31,388.17,243.66,301.61,77.79,4.059402,468.61,1179.74,713.08,937.03
2026-01-16 06:06:59,XPQ-01 Main,2026-01-16 06:06:00,1448.69,80.45,4.12232833333333,469.81,1445.31,388.95,225.76,316.24,81.39,4.33670533333333,469.76,1466.5,401.27,233.91,325.17,81.18,4.10081266666667,470.5,1434.27,388.69,239.13,305.85,78.78,3.92606866666667,469.17,1178.91,698.8,947.25
2026-01-16 06:07:59,XPQ-01 Main,2026-01-16 06:07:00,1432.55,80.28,3.93232833333333,469.6,1423.41,382.99,224.75,309.4,80.91,4.23670533333333,469.78,1446.83,395.8,229.73,321.22,81.34,3.934146,470.21,1427.4,386.47,238.54,303.27,78.6,3.62606866666667,468.8,1165.26,693.02,933.89
2026-01-16 06:08:59,XPQ-01 Main,2026-01-16 06:08:00,1481.42,79.36,4.05232833333333,470.38,1469.56,396.11,234.55,318.91,80.56,4.503372,470.56,1508.47,413.3,246.11,331.41,80.28,4.10081266666667,470.95,1466.24,397.65,252.44,306.95,77.24,3.559402,469.63,1207.06,733.1,957.28
2026-01-16 06:09:59,XPQ-01 Main,2026-01-16 06:09:00,1327.66,78.56,4.078995,471.37,1316.02,355.41,217.17,281.03,79.13,4.67003866666667,471.42,1341.26,368.23,221.37,293.22,79.81,4.10081266666667,472.0,1325.69,360.37,230.73,276.17,76.74,3.459402,470.68,1084.01,669.27,850.42
2026-01-16 06:10:59,XPQ-01 Main,2026-01-16 06:10:00,1188.36,73.59,4.02232833333333,473.19,1178.04,319.6,212.03,238.56,74.75,4.43670533333333,473.44,1207.68,332.76,220.66,248.29,74.75,3.90081266666667,473.51,1179.37,321.68,225.38,228.95,71.26,3.7260686666666705,472.61,974.04,658.07,715.8
2026-01-16 06:11:59,XPQ-01 Main,2026-01-16 06:11:00,1096.93,73.1,4.77566166666667,473.59,1086.3,294.98,198.39,217.54,73.89,5.103372,473.92,1110.92,306.4,203.64,227.2,74.47,4.66747933333333,473.86,1093.57,298.48,209.81,211.17,70.94,4.559402,472.99,899.86,611.84,655.91
2026-01-16 06:12:59,XPQ-01 Main,2026-01-16 06:12:00,1125.78,74.73,5.008995,472.34,1116.96,302.38,195.78,230.11,76.16,5.47003866666667,472.4,1147.81,315.67,206.0,238.61,75.69,4.934146,472.81,1112.57,303.04,209.03,218.94,72.33,4.62606866666667,471.81,921.1,610.81,687.66
2026-01-16 06:13:59,XPQ-01 Main,2026-01-16 06:13:00,1068.56,73.92,5.35232833333333,473.06,1058.64,287.06,190.82,213.94,74.63,5.603372,473.27,1081.29,297.9,195.26,222.84,75.21,5.36747933333333,473.5,1065.76,290.64,201.26,208.28,71.91,5.09273533333333,472.41,875.6,587.34,645.06
2026-01-16 06:14:59,XPQ-01 Main,2026-01-16 06:14:00,1015.58,73.72,5.188995,473.37,1006.58,273.11,183.86,201.39,73.85,5.57003866666667,473.6,1020.65,281.41,184.18,210.58,75.27,5.06747933333333,473.83,1019.5,278.18,192.39,199.73,72.02,4.92606866666667,472.67,832.71,560.43,611.71
2026-01-16 06:15:59,XPQ-01 Main,2026-01-16 06:15:00,1038.58,73.31,5.34232833333333,473.52,1033.16,280.39,189.77,206.11,73.57,5.77003866666667,473.55,1042.32,287.39,190.6,213.71,74.63,5.234146,474.03,1040.26,284.05,197.38,203.14,71.72,5.02606866666667,472.98,851.83,577.76,622.96
2026-01-16 06:16:59,XPQ-01 Main,2026-01-16 06:16:00,1083.88,71.43,4.78566166666667,473.45,1076.71,292.17,203.63,209.09,71.64,5.17003866666667,473.49,1088.23,300.0,204.66,218.12,72.92,4.80081266666667,473.97,1086.7,296.7,212.28,206.42,69.71,4.39273533333333,472.91,888.87,620.56,633.63
2026-01-16 06:17:59,XPQ-01 Main,2026-01-16 06:17:00,1116.46,73.18,4.05566166666667,473.46,1108.02,300.7,202.97,221.21,73.68,4.73670533333333,473.63,1125.8,310.41,206.0,230.74,74.6,3.90081266666667,473.9,1115.57,304.51,213.37,216.71,71.26,3.52606866666667,472.85,915.61,622.34,668.66
2026-01-16 06:18:59,XPQ-01 Main,2026-01-16 06:18:00,1112.52,71.92,4.098995,472.95,1104.69,299.51,204.7,218.23,72.94,4.47003866666667,473.11,1127.86,310.6,211.49,226.13,73.04,4.20081266666667,473.33,1105.02,301.3,215.38,209.86,69.79,3.62606866666667,472.4,911.41,631.57,654.23
2026-01-16 06:19:59,XPQ-01 Main,2026-01-16 06:19:00,1143.9,72.38,4.07566166666667,472.67,1138.02,308.17,211.09,224.34,72.83,4.43670533333333,472.7,1150.48,316.76,213.79,233.21,73.71,4.16747933333333,473.35,1143.21,311.61,220.51,219.9,70.61,3.62606866666667,471.95,936.54,645.4,677.46
2026-01-16 06:20:59,XPQ-01 Main,2026-01-16 06:20:00,1168.84,74.0,3.998995,472.68,1159.59,314.18,207.03,236.15,75.2,4.503372,472.78,1188.24,327.03,215.61,244.95,75.06,4.00081266666667,473.12,1158.69,315.81,219.71,226.23,71.74,3.49273533333333,472.15,957.02,642.34,707.34
2026-01-16 06:21:59,XPQ-01 Main,2026-01-16 06:21:00,1120.66,73.02,4.13232833333333,473.19,1119.98,303.7,206.35,222.55,73.33,4.503372,473.29,1123.07,309.51,207.29,228.99,74.14,4.16747933333333,473.75,1118.94,305.29,212.93,218.42,71.6,3.7260686666666705,472.52,918.49,626.57,669.95
2026-01-16 06:22:59,XPQ-01 Main,2026-01-16 06:22:00,1135.62,73.78,4.23232833333333,473.25,1132.1,307.18,204.15,229.12,74.66,4.603372,473.38,1146.95,315.98,209.57,235.91,74.76,4.46747933333333,473.55,1127.82,307.74,213.54,221.09,71.93,3.6260686666666704,472.82,930.91,627.26,686.13
2026-01-16 06:23:59,XPQ-01 Main,2026-01-16 06:23:00,1170.81,74.48,3.9223283333333296,473.54,1165.17,316.21,208.35,237.47,75.17,4.503372,473.68,1180.85,325.67,212.78,245.87,75.62,3.734146,474.05,1166.41,318.46,218.55,231.07,72.65,3.52606866666667,472.89,960.34,639.68,714.41
2026-01-16 06:24:59,XPQ-01 Main,2026-01-16 06:24:00,1061.85,72.9,4.02232833333333,473.9,1050.17,285.27,191.74,210.96,74.0,4.43670533333333,474.02,1079.15,297.78,199.15,220.85,74.26,4.06747933333333,474.32,1056.24,288.61,204.65,203.07,70.44,3.559402,473.36,871.67,595.54,634.88
2026-01-16 06:25:59,XPQ-01 Main,2026-01-16 06:25:00,955.64,73.4,3.998995,474.84,948.81,258.13,175.97,188.29,73.06,4.33670533333333,475.26,953.13,263.82,173.48,198.03,75.22,4.06747933333333,475.46,964.99,264.02,183.16,189.57,71.92,3.59273533333333,473.8,785.98,532.62,575.89
2026-01-16 06:26:59,XPQ-01 Main,2026-01-16 06:26:00,944.45,72.89,4.16566166666667,475.0,945.65,257.38,177.58,185.76,72.28,4.67003866666667,475.22,935.16,258.82,172.68,191.93,74.34,4.334146,475.59,952.55,260.81,180.46,187.49,72.05,3.49273533333333,474.18,777.0,530.72,565.18
2026-01-16 06:27:59,XPQ-01 Main,2026-01-16 06:27:00,882.13,68.97,4.06566166666667,475.4,881.57,240.18,175.75,163.19,68.04,4.53670533333333,475.83,871.16,241.38,170.22,170.59,70.79,4.06747933333333,475.92,893.65,244.77,179.07,166.38,68.07,3.59273533333333,474.44,726.33,525.05,500.16
2026-01-16 06:28:59,XPQ-01 Main,2026-01-16 06:28:00,898.87,70.6,4.21232833333333,475.48,894.07,243.72,169.53,174.62,71.75,4.67003866666667,475.62,911.86,252.43,175.62,180.31,71.64,4.20081266666667,475.83,890.67,244.17,177.65,166.7,68.43,3.759402,474.99,740.32,522.8,521.63
2026-01-16 06:29:59,XPQ-01 Main,2026-01-16 06:29:00,929.94,71.59,4.34566166666667,475.59,922.82,251.7,171.94,183.25,72.93,4.703372,475.88,946.07,261.96,179.62,190.05,72.68,4.26747933333333,475.81,920.93,252.44,181.99,174.26,69.16,4.059402,475.08,766.1,533.55,547.56
2026-01-16 06:30:59,XPQ-01 Main,2026-01-16 06:30:00,1164.11,76.86,4.378995,472.7,1154.75,312.84,197.02,242.65,77.63,4.83670533333333,472.94,1177.81,324.31,202.51,252.8,78.05,4.40081266666667,473.18,1159.76,316.02,209.11,236.34,74.89,3.89273533333333,471.98,953.16,608.63,731.79
2026-01-16 06:31:59,XPQ-01 Main,2026-01-16 06:31:00,1090.24,73.57,4.13232833333333,473.64,1086.95,295.02,199.32,216.69,73.6,4.403372,473.87,1090.18,300.82,198.56,224.66,74.93,4.234146,474.19,1093.59,298.56,206.11,215.05,72.19,3.759402,472.85,894.4,603.99,656.4
2026-01-16 06:32:59,XPQ-01 Main,2026-01-16 06:32:00,1097.16,74.43,4.16566166666667,473.95,1090.51,296.18,195.57,221.94,75.03,4.53670533333333,474.11,1106.39,305.44,199.21,230.16,75.61,4.234146,474.5,1094.57,299.08,204.94,216.62,72.64,3.7260686666666705,473.22,900.7,599.72,668.72
2026-01-16 06:33:59,XPQ-01 Main,2026-01-16 06:33:00,999.07,79.88,4.298995,475.46,992.21,270.32,160.73,216.97,80.35,4.83670533333333,475.56,1006.84,278.83,162.93,225.44,81.05,4.46747933333333,476.04,998.16,273.64,170.06,213.67,78.24,3.59273533333333,474.79,822.8,493.72,656.08
2026-01-16 06:34:59,XPQ-01 Main,2026-01-16 06:34:00,1085.02,78.89,4.178995,474.82,1078.54,293.55,175.81,234.66,80.03,4.73670533333333,474.95,1102.54,304.83,183.53,242.45,79.73,4.16747933333333,475.23,1073.98,294.02,187.59,225.77,76.91,3.62606866666667,474.27,892.4,546.93,702.88
2026-01-16 06:35:59,XPQ-01 Main,2026-01-16 06:35:00,1090.47,78.3,4.008995,475.15,1082.93,295.01,179.18,234.16,79.42,4.37003866666667,475.22,1107.51,306.33,186.74,242.63,79.25,4.234146,475.49,1080.97,296.17,191.52,225.62,76.24,3.42606866666667,474.73,897.5,557.44,702.41
2026-01-16 06:36:59,XPQ-01 Main,2026-01-16 06:36:00,1034.39,80.52,4.08566166666667,476.04,1028.84,280.74,163.98,227.67,81.14,4.53670533333333,476.04,1043.62,289.23,167.17,235.62,81.56,4.10081266666667,476.5,1030.7,282.96,173.84,222.91,78.86,3.62606866666667,475.59,852.93,504.99,686.2
2026-01-16 06:37:59,XPQ-01 Main,2026-01-16 06:37:00,964.9,81.19,4.35566166666667,476.23,958.14,261.56,149.83,213.89,81.9,4.97003866666667,476.37,975.77,270.59,153.54,221.71,82.21,4.434146,476.65,960.79,263.8,159.67,209.05,79.47,3.659402,475.68,795.96,463.05,644.65
2026-01-16 06:38:59,XPQ-01 Main,2026-01-16 06:38:00,917.94,82.2,4.25232833333333,476.73,908.94,248.37,139.92,204.77,82.57,4.63670533333333,476.93,925.31,256.92,141.01,214.09,83.51,4.334146,477.16,919.59,252.73,149.59,203.14,80.52,3.79273533333333,476.11,758.02,430.53,622.01
2026-01-16 06:39:59,XPQ-01 Main,2026-01-16 06:39:00,946.89,80.56,4.188995,476.09,941.95,257.07,148.79,208.77,81.43,4.57003866666667,476.23,958.96,265.85,153.63,216.02,81.49,4.334146,476.51,939.75,257.95,158.65,202.68,78.74,3.659402,475.54,780.87,461.07,627.47
2026-01-16 06:40:59,XPQ-01 Main,2026-01-16 06:40:00,984.35,80.1,4.16566166666667,476.28,980.79,267.81,157.25,216.38,80.89,4.603372,476.56,994.82,275.95,161.62,223.11,80.98,4.134146,476.65,977.44,268.31,166.38,210.19,78.41,3.759402,475.62,812.07,485.26,649.68
2026-01-16 06:41:59,XPQ-01 Main,2026-01-16 06:41:00,948.43,80.64,4.03232833333333,476.25,945.39,258.1,149.49,209.7,81.43,4.57003866666667,476.47,958.3,265.79,153.56,216.05,81.51,3.934146,476.64,941.59,258.49,158.17,203.78,79.0,3.59273533333333,475.63,782.38,461.22,629.53
2026-01-16 06:42:59,XPQ-01 Main,2026-01-16 06:42:00,974.01,81.0,4.208995,476.74,965.92,264.04,150.82,216.28,82.03,4.73670533333333,477.07,989.77,274.81,157.1,224.97,81.99,4.234146,477.05,966.33,265.49,162.69,209.44,78.97,3.659402,476.11,804.35,470.61,650.69
2026-01-16 06:43:59,XPQ-01 Main,2026-01-16 06:43:00,968.61,81.92,4.008995,476.64,962.2,262.83,149.04,215.93,82.3,4.53670533333333,476.79,975.26,270.76,150.27,224.23,83.07,3.934146,477.15,968.36,266.09,157.95,213.48,80.39,3.559402,475.97,799.68,457.25,653.64
2026-01-16 06:44:59,XPQ-01 Main,2026-01-16 06:44:00,868.72,77.69,4.33232833333333,477.12,865.69,236.71,148.09,184.24,77.94,4.83670533333333,477.17,871.42,242.14,148.48,190.29,78.84,4.26747933333333,477.67,869.05,239.09,154.22,181.91,76.28,3.89273533333333,476.53,717.93,450.79,556.44
2026-01-16 06:45:59,XPQ-01 Main,2026-01-16 06:45:00,796.56,77.02,4.12232833333333,477.77,790.16,216.36,137.06,166.48,77.2,4.73670533333333,478.0,800.23,222.73,137.32,173.86,78.47,3.834146,478.27,799.28,220.1,144.04,165.27,75.39,3.79273533333333,477.03,659.19,418.42,505.61
2026-01-16 06:46:59,XPQ-01 Main,2026-01-16 06:46:00,790.0,78.09,4.35566166666667,477.66,777.56,212.89,130.48,167.28,78.85,5.03670533333333,477.85,802.72,223.32,134.38,176.98,79.64,4.334146,478.1,789.71,217.44,141.38,164.13,75.77,3.6927353333333297,477.02,653.65,406.24,508.4
2026-01-16 06:47:59,XPQ-01 Main,2026-01-16 06:47:00,952.4,74.82,3.908995,476.48,943.84,257.81,168.86,194.4,75.5,4.43670533333333,476.71,962.53,267.11,172.73,203.18,76.19,3.734146,476.86,950.83,261.13,178.97,189.86,72.77,3.559402,475.85,786.05,520.56,587.44
2026-01-16 06:48:59,XPQ-01 Main,2026-01-16 06:48:00,1148.22,79.8,3.7656616666666705,475.53,1142.05,311.12,185.44,249.46,80.26,4.403372,475.65,1155.58,320.15,187.64,258.91,80.97,3.7674793333333296,476.19,1147.03,314.49,196.0,245.77,78.18,3.12606866666667,474.74,945.75,569.08,754.14
2026-01-16 06:49:59,XPQ-01 Main,2026-01-16 06:49:00,1015.0,75.89,3.898995,476.67,1013.63,276.84,180.27,209.97,75.87,4.33670533333333,476.69,1013.09,281.27,178.81,216.72,77.13,3.934146,477.32,1018.29,279.9,185.98,208.76,74.67,3.42606866666667,476.01,838.01,545.05,635.45
2026-01-16 06:50:59,XPQ-01 Main,2026-01-16 06:50:00,1040.33,78.0,3.93232833333333,476.48,1035.38,282.77,174.24,222.47,78.73,4.27003866666667,476.44,1050.16,291.29,178.3,229.92,79.02,4.034146,476.94,1035.46,284.57,183.81,216.69,76.26,3.49273533333333,476.08,858.63,536.35,669.08
2026-01-16 06:51:59,XPQ-01 Main,2026-01-16 06:51:00,1027.87,77.75,3.788995,477.78,1022.43,279.97,173.61,219.18,78.39,4.27003866666667,477.96,1036.36,288.4,176.98,227.2,78.89,4.034146,478.25,1024.81,282.27,183.45,214.28,75.96,3.059402,477.14,850.65,534.04,660.66
2026-01-16 06:52:59,XPQ-01 Main,2026-01-16 06:52:00,1046.23,77.7,3.7556616666666702,477.26,1043.16,285.33,179.42,221.59,77.72,4.203372,477.25,1045.8,290.6,178.15,229.0,78.93,3.934146,477.77,1049.73,288.93,185.97,220.48,76.44,3.12606866666667,476.76,864.87,543.54,671.08
2026-01-16 06:53:59,XPQ-01 Main,2026-01-16 06:53:00,1014.22,77.16,3.588995,477.55,1006.09,275.43,173.03,213.98,77.76,3.9367053333333297,477.71,1023.42,284.58,176.43,222.99,78.42,3.80081266666667,477.91,1013.16,278.94,183.28,209.77,75.3,3.02606866666667,477.04,838.96,532.74,646.74
2026-01-16 06:54:59,XPQ-01 Main,2026-01-16 06:54:00,1006.54,76.91,3.808995,477.68,1004.11,274.78,175.3,211.38,76.97,4.37003866666667,477.54,1006.48,279.97,174.38,218.37,78.14,4.00081266666667,478.39,1009.05,278.04,181.68,210.01,75.63,3.059402,477.12,832.79,531.37,639.77
2026-01-16 06:55:59,XPQ-01 Main,2026-01-16 06:55:00,1012.17,77.21,4.04232833333333,477.77,1006.75,275.68,173.7,213.57,77.58,4.503372,478.01,1017.0,283.04,175.15,221.75,78.47,3.934146,478.22,1012.78,278.91,182.48,210.55,75.57,3.6927353333333297,477.09,837.63,531.33,645.87
2026-01-16 06:56:59,XPQ-01 Main,2026-01-16 06:56:00,1008.15,76.22,3.7656616666666705,477.3,1004.24,274.55,177.26,209.44,76.33,4.23670533333333,477.39,1009.28,280.7,177.02,217.39,77.54,3.7674793333333296,478.06,1010.93,278.21,184.54,207.97,74.8,3.29273533333333,476.44,833.46,538.82,634.8
2026-01-16 06:57:59,XPQ-01 Main,2026-01-16 06:57:00,1012.67,76.64,3.988995,477.14,1012.61,276.78,177.43,212.02,76.69,4.57003866666667,477.32,1010.74,281.03,176.5,218.39,77.78,3.90081266666667,477.85,1014.66,279.09,183.01,210.51,75.47,3.49273533333333,476.25,836.9,536.94,640.92
2026-01-16 06:58:59,XPQ-01 Main,2026-01-16 06:58:00,1019.31,77.05,3.698995,477.33,1013.18,277.2,174.72,215.09,77.62,4.03670533333333,477.34,1027.41,285.52,177.75,222.97,78.19,3.90081266666667,477.78,1017.35,280.05,183.82,210.62,75.34,3.159402,476.88,842.77,536.29,648.68
2026-01-16 06:59:59,XPQ-01 Main,2026-01-16 06:59:00,999.89,75.87,3.88566166666667,477.23,996.39,272.45,176.79,206.88,76.02,4.33670533333333,477.41,1001.43,278.44,176.88,214.36,77.13,3.80081266666667,477.83,1001.85,275.62,183.86,205.06,74.45,3.52606866666667,476.44,826.51,537.54,626.3
2026-01-16 07:00:59,XPQ-01 Main,2026-01-16 07:00:00,998.06,77.68,3.96566166666667,477.25,991.24,271.03,169.63,211.04,77.94,4.43670533333333,477.31,1002.55,278.71,170.34,219.93,79.06,3.934146,477.89,1000.39,275.3,178.65,209.17,76.04,3.52606866666667,476.55,825.05,518.61,640.14
2026-01-16 07:01:59,XPQ-01 Main,2026-01-16 07:01:00,1015.67,76.96,4.05232833333333,476.86,1010.14,275.95,175.17,213.13,77.25,4.603372,476.79,1019.99,283.27,176.24,221.3,78.23,4.06747933333333,477.53,1016.87,279.69,183.5,210.69,75.41,3.49273533333333,476.25,838.91,534.91,645.11
2026-01-16 07:02:59,XPQ-01 Main,2026-01-16 07:02:00,1026.12,76.26,3.92232833333333,476.65,1016.37,277.69,177.31,213.46,76.92,4.403372,476.72,1036.74,287.74,181.3,223.15,77.61,4.06747933333333,477.09,1025.24,281.78,188.57,208.98,74.24,3.29273533333333,476.15,847.21,547.17,645.59
2026-01-16 07:03:59,XPQ-01 Main,2026-01-16 07:03:00,1003.79,76.92,3.48566166666667,475.98,1002.56,273.38,173.52,210.96,77.23,3.97003866666667,476.02,1005.59,278.83,174.36,217.32,78.0,3.56747933333333,476.65,1003.22,275.35,180.39,207.82,75.52,2.92606866666667,475.26,827.56,528.27,636.1
2026-01-16 07:04:59,XPQ-01 Main,2026-01-16 07:04:00,998.1,77.29,3.898995,475.93,991.0,270.21,170.8,209.04,77.44,4.403372,475.86,1001.45,277.59,170.9,218.17,78.72,3.80081266666667,476.61,1001.85,275.01,179.5,207.93,75.7,3.49273533333333,475.32,822.8,521.2,635.14
2026-01-16 07:05:59,XPQ-01 Main,2026-01-16 07:05:00,978.75,78.7,3.798995,476.06,971.2,264.92,162.67,208.43,78.83,4.33670533333333,476.28,981.98,272.38,162.61,217.66,80.11,3.80081266666667,476.64,983.07,269.77,171.25,207.74,77.16,3.259402,475.26,807.07,496.53,633.83
2026-01-16 07:06:59,XPQ-01 Main,2026-01-16 07:06:00,996.66,79.22,3.98566166666667,475.84,987.16,269.0,162.85,213.59,79.52,4.503372,475.9,1003.4,278.25,164.2,223.84,80.63,4.00081266666667,476.68,999.42,274.23,173.07,212.17,77.49,3.459402,474.94,821.47,500.12,649.6
2026-01-16 07:07:59,XPQ-01 Main,2026-01-16 07:07:00,1087.17,77.21,3.888995,474.8,1073.18,291.94,182.16,227.81,78.1,4.43670533333333,474.9,1104.21,305.4,188.55,239.46,78.57,3.90081266666667,475.41,1084.14,296.8,196.14,222.21,74.97,3.32606866666667,474.09,894.14,566.86,689.48
2026-01-16 07:08:59,XPQ-01 Main,2026-01-16 07:08:00,1106.86,78.01,4.04566166666667,475.02,1091.72,297.08,180.59,235.72,79.38,4.603372,475.04,1131.65,313.12,191.02,247.79,79.2,4.10081266666667,475.7,1097.21,300.58,197.21,226.66,75.44,3.42606866666667,474.32,910.78,568.81,710.16
2026-01-16 07:09:59,XPQ-01 Main,2026-01-16 07:09:00,1127.66,77.7,3.7556616666666702,474.45,1114.08,302.89,186.53,238.46,78.76,4.403372,474.38,1147.04,316.86,194.32,249.98,78.95,3.834146,475.02,1121.88,307.02,201.43,231.18,75.4,3.02606866666667,473.96,926.77,582.28,719.62
2026-01-16 07:10:59,XPQ-01 Main,2026-01-16 07:10:00,1100.5,78.06,3.698995,474.51,1089.37,296.18,181.46,233.88,79.01,4.13670533333333,474.49,1117.22,308.73,188.11,244.04,79.2,3.8674793333333297,475.11,1094.92,299.64,194.55,227.22,75.96,3.09273533333333,473.92,904.55,564.12,705.13
2026-01-16 07:11:59,XPQ-01 Main,2026-01-16 07:11:00,1247.12,78.45,4.02232833333333,472.19,1232.1,333.17,201.63,265.06,79.59,4.53670533333333,472.13,1270.97,349.63,211.24,278.16,79.64,3.96747933333333,473.02,1238.28,337.26,218.59,256.52,76.11,3.559402,471.42,1020.07,631.46,799.74
2026-01-16 07:12:59,XPQ-01 Main,2026-01-16 07:12:00,1260.88,77.53,3.718995,472.05,1252.92,338.73,211.57,264.22,78.06,4.303372,472.11,1271.04,349.6,215.31,274.75,78.71,3.8674793333333297,472.82,1258.69,342.62,223.07,259.46,75.83,2.99273533333333,471.2,1030.96,649.95,798.43
2026-01-16 07:13:59,XPQ-01 Main,2026-01-16 07:13:00,1274.47,78.05,3.87566166666667,472.29,1269.51,343.36,212.47,269.47,78.53,4.47003866666667,472.37,1282.06,352.87,215.59,279.08,79.14,3.834146,473.13,1271.85,346.36,223.11,264.79,76.47,3.32606866666667,471.36,1042.59,651.17,813.35
2026-01-16 07:14:59,XPQ-01 Main,2026-01-16 07:14:00,1322.22,78.87,3.82232833333333,471.54,1306.15,352.81,211.26,282.29,80.06,4.43670533333333,471.7,1348.99,370.65,221.92,295.63,79.97,3.8674793333333297,472.23,1311.51,356.56,228.94,272.56,76.57,3.159402,470.7,1080.02,662.12,850.48
2026-01-16 07:15:59,XPQ-01 Main,2026-01-16 07:15:00,1330.38,79.05,3.988995,471.45,1317.77,355.75,214.5,283.39,79.73,4.47003866666667,471.54,1346.4,369.94,220.15,296.16,80.26,4.034146,472.3,1326.98,360.74,229.09,277.86,77.16,3.459402,470.5,1086.43,663.74,857.41
2026-01-16 07:16:59,XPQ-01 Main,2026-01-16 07:16:00,1321.02,78.5,3.7556616666666702,471.34,1306.59,352.73,212.02,281.58,79.89,4.303372,471.37,1350.2,370.76,224.53,294.13,79.49,3.8674793333333297,472.08,1306.26,355.08,230.01,269.93,76.11,3.09273533333333,470.57,1078.58,666.56,845.63
2026-01-16 07:17:59,XPQ-01 Main,2026-01-16 07:17:00,1304.79,78.21,3.898995,471.76,1289.0,348.3,210.55,277.26,79.64,4.57003866666667,471.84,1334.61,366.84,223.31,289.75,79.21,3.8674793333333297,472.49,1290.77,351.14,228.55,265.44,75.78,3.259402,470.94,1066.28,662.41,832.46
2026-01-16 07:18:59,XPQ-01 Main,2026-01-16 07:18:00,1322.41,78.92,4.12232833333333,471.16,1309.14,353.26,212.31,282.03,79.89,4.53670533333333,471.24,1343.64,368.89,220.81,294.89,80.05,4.26747933333333,471.94,1314.45,357.12,228.4,274.1,76.82,3.559402,470.29,1079.27,661.53,851.02
2026-01-16 07:19:59,XPQ-01 Main,2026-01-16 07:19:00,1330.44,78.73,3.898995,471.13,1314.5,354.57,214.3,282.2,79.64,4.37003866666667,471.14,1351.75,371.15,222.44,296.04,79.95,3.934146,472.06,1325.08,360.04,230.92,275.28,76.61,3.39273533333333,470.18,1085.76,667.66,853.52
2026-01-16 07:20:59,XPQ-01 Main,2026-01-16 07:20:00,1307.43,78.37,4.03232833333333,471.77,1290.6,348.72,211.37,276.97,79.5,4.47003866666667,471.82,1332.88,366.38,221.37,290.76,79.56,4.234146,472.54,1298.79,353.35,229.13,268.35,76.05,3.39273533333333,470.95,1068.45,661.87,836.08
2026-01-16 07:21:59,XPQ-01 Main,2026-01-16 07:21:00,1250.83,78.45,3.898995,471.87,1239.24,334.86,204.21,265.11,79.22,4.53670533333333,471.85,1267.27,348.42,210.35,276.88,79.63,4.06747933333333,472.72,1245.97,339.1,218.18,259.18,76.5,3.09273533333333,471.04,1022.38,632.74,801.18
2026-01-16 07:22:59,XPQ-01 Main,2026-01-16 07:22:00,1245.96,78.12,3.94566166666667,472.18,1234.59,333.84,205.23,263.17,78.86,4.503372,472.16,1261.19,346.96,210.97,274.58,79.3,3.834146,473.01,1242.09,338.26,218.74,257.42,76.2,3.49273533333333,471.37,1019.06,634.94,795.17
2026-01-16 07:23:59,XPQ-01 Main,2026-01-16 07:23:00,1288.91,78.34,3.798995,471.29,1277.81,344.83,211.31,272.19,78.99,4.27003866666667,471.33,1302.85,357.85,216.58,284.2,79.54,4.00081266666667,472.19,1286.08,349.54,224.98,267.11,76.49,3.12606866666667,470.36,1052.21,652.87,823.5
2026-01-16 07:24:59,XPQ-01 Main,2026-01-16 07:24:00,1287.4,77.49,3.798995,470.6,1274.56,343.45,213.5,268.75,78.3,4.33670533333333,470.68,1305.13,357.98,220.34,280.94,78.69,3.90081266666667,471.49,1282.5,348.02,227.92,262.31,75.48,3.159402,469.64,1049.45,661.76,811.99
2026-01-16 07:25:59,XPQ-01 Main,2026-01-16 07:25:00,1291.67,78.36,3.8123283333333298,470.15,1280.87,344.86,209.13,273.71,79.46,4.303372,470.18,1314.04,359.98,218.5,284.64,79.32,3.90081266666667,470.97,1280.1,347.08,224.02,264.41,76.3,3.22606866666667,469.3,1051.93,651.64,822.75
2026-01-16 07:26:59,XPQ-01 Main,2026-01-16 07:26:00,1263.55,78.49,3.6756616666666706,470.55,1251.08,336.99,207.35,265.02,78.76,3.97003866666667,470.59,1272.47,349.04,209.08,277.95,79.91,3.834146,471.55,1267.11,343.85,219.85,263.57,76.79,3.22606866666667,469.52,1029.88,636.28,806.53
2026-01-16 07:27:59,XPQ-01 Main,2026-01-16 07:27:00,1271.95,78.68,3.83232833333333,470.21,1251.69,336.99,203.82,268.19,79.62,4.23670533333333,470.18,1294.99,354.82,212.25,284.12,80.11,3.9008126666666705,471.13,1269.15,344.22,222.22,262.47,76.32,3.359402,469.33,1036.03,638.29,814.78
2026-01-16 07:28:59,XPQ-01 Main,2026-01-16 07:28:00,1322.97,78.58,3.918995,470.17,1310.89,352.9,212.18,281.89,79.9,4.37003866666667,469.98,1349.23,369.53,224.02,293.63,79.5,4.06747933333333,471.08,1308.81,355.05,229.21,270.84,76.33,3.32606866666667,469.47,1077.49,665.41,846.36
2026-01-16 07:29:59,XPQ-01 Main,2026-01-16 07:29:00,1262.4,78.82,3.92232833333333,470.77,1251.13,337.12,204.74,267.41,79.4,4.403372,470.6,1275.56,349.94,209.18,279.51,80.06,3.90081266666667,471.81,1260.52,342.36,218.11,263.31,77.01,3.459402,469.89,1029.42,632.03,810.23
2026-01-16 07:30:59,XPQ-01 Main,2026-01-16 07:30:00,1277.22,77.96,3.9556616666666704,470.26,1267.9,341.36,207.55,270.74,79.36,4.403372,470.2,1302.94,357.05,219.72,280.86,78.76,3.96747933333333,471.22,1260.81,342.0,223.18,258.97,75.75,3.49273533333333,469.37,1040.41,650.45,810.58
2026-01-16 07:31:59,XPQ-01 Main,2026-01-16 07:31:00,1275.14,78.44,3.96566166666667,470.48,1263.24,340.3,206.5,270.25,79.46,4.603372,470.33,1295.61,355.13,215.1,282.01,79.51,3.834146,471.4,1266.57,343.78,221.89,262.22,76.34,3.459402,469.72,1039.21,643.49,814.48
2026-01-16 07:32:59,XPQ-01 Main,2026-01-16 07:32:00,1275.31,79.15,3.82232833333333,470.37,1266.4,341.04,203.19,273.53,80.27,4.17003866666667,470.34,1296.33,355.35,212.69,284.03,80.04,3.9008126666666705,471.31,1263.19,342.71,217.95,264.23,77.14,3.39273533333333,469.48,1039.09,633.83,821.78
2026-01-16 07:33:59,XPQ-01 Main,2026-01-16 07:33:00,1259.5,79.07,3.83232833333333,470.37,1250.04,336.64,201.98,268.69,79.93,4.403372,470.34,1276.66,349.95,209.0,279.41,80.08,3.96747933333333,471.3,1251.79,339.61,215.54,261.7,77.19,3.12606866666667,469.49,1026.2,626.52,809.8
2026-01-16 07:34:59,XPQ-01 Main,2026-01-16 07:34:00,1219.68,78.85,3.83232833333333,470.64,1208.04,325.5,196.29,259.1,79.71,4.17003866666667,470.63,1237.91,339.55,203.16,270.61,79.97,3.96747933333333,471.59,1213.09,329.29,210.26,252.71,76.87,3.359402,469.72,994.34,609.71,782.41
2026-01-16 07:35:59,XPQ-01 Main,2026-01-16 07:35:00,1180.67,75.99,3.9423283333333297,470.91,1172.34,316.11,202.44,241.83,76.68,4.503372,470.88,1193.03,327.39,207.57,251.72,77.15,3.934146,471.81,1176.64,319.57,213.99,236.43,74.14,3.39273533333333,470.04,963.06,624.0,729.97
2026-01-16 07:36:59,XPQ-01 Main,2026-01-16 07:36:00,1151.18,76.66,4.06566166666667,471.75,1138.11,307.43,193.55,238.22,77.61,4.47003866666667,471.69,1170.02,321.61,200.91,249.63,77.9,4.134146,472.63,1145.42,311.67,207.63,231.71,74.47,3.59273533333333,470.93,940.7,602.1,719.56
2026-01-16 07:37:59,XPQ-01 Main,2026-01-16 07:37:00,1150.95,76.71,3.988995,471.22,1140.32,307.67,193.64,238.25,77.6,4.203372,471.1,1167.57,320.55,200.37,248.82,77.89,4.234146,472.12,1144.96,311.24,206.7,231.92,74.65,3.52606866666667,470.44,939.46,600.71,719.0
2026-01-16 07:38:59,XPQ-01 Main,2026-01-16 07:38:00,1113.14,77.47,4.03232833333333,471.18,1103.79,297.66,186.55,231.39,77.85,4.503372,471.15,1121.79,308.14,189.08,242.09,78.81,3.90081266666667,472.27,1113.85,302.69,197.39,229.03,75.75,3.6927353333333297,470.11,908.49,573.03,702.5
2026-01-16 07:39:59,XPQ-01 Main,2026-01-16 07:39:00,1049.65,71.81,4.27566166666667,473.25,1030.34,279.43,188.46,206.06,73.79,4.67003866666667,473.25,1081.05,297.9,202.92,217.81,73.17,4.40081266666667,473.8,1037.56,283.19,206.19,193.68,68.46,3.759402,472.72,860.52,597.57,617.55
2026-01-16 07:40:59,XPQ-01 Main,2026-01-16 07:40:00,997.39,71.34,4.198995,473.25,982.94,266.47,185.43,190.91,71.73,4.803372,473.37,1007.17,277.73,188.83,202.93,73.21,4.26747933333333,473.97,1002.05,273.41,197.46,188.58,69.07,3.52606866666667,472.42,817.61,571.72,582.42
2026-01-16 07:41:59,XPQ-01 Main,2026-01-16 07:41:00,944.8,71.68,5.05566166666667,474.15,934.17,253.64,175.34,182.87,72.18,5.67003866666667,474.19,953.98,263.62,178.82,192.76,73.31,4.934146,475.04,946.25,258.72,185.67,179.69,69.54,4.559402,473.23,775.98,539.83,555.31
2026-01-16 07:42:59,XPQ-01 Main,2026-01-16 07:42:00,992.71,73.98,4.398995,473.25,980.75,265.8,177.13,197.73,74.48,4.903372,473.25,1003.35,276.69,180.52,207.9,75.51,4.46747933333333,474.1,994.04,271.3,187.9,194.57,71.93,3.8260686666666706,472.41,813.79,545.55,600.21
2026-01-16 07:43:59,XPQ-01 Main,2026-01-16 07:43:00,1033.89,75.8,4.078995,471.84,1026.41,277.34,177.61,212.72,76.76,4.53670533333333,471.88,1047.71,288.08,184.07,221.31,76.88,4.00081266666667,472.67,1027.54,279.59,188.67,206.11,73.76,3.6927353333333297,470.97,845.01,550.34,640.14
2026-01-16 07:44:59,XPQ-01 Main,2026-01-16 07:44:00,1057.88,74.57,3.9223283333333296,472.24,1050.35,284.15,187.52,213.01,75.06,4.37003866666667,472.34,1065.31,293.11,190.66,222.15,75.88,3.90081266666667,472.94,1057.99,288.07,197.29,209.34,72.77,3.49273533333333,471.45,865.34,575.46,644.5
2026-01-16 07:45:59,XPQ-01 Main,2026-01-16 07:45:00,1021.17,74.61,4.06566166666667,473.19,1007.77,273.26,177.24,207.59,76.05,4.57003866666667,473.32,1043.22,287.55,187.32,217.7,75.8,4.06747933333333,473.75,1012.52,276.23,191.37,198.48,71.99,3.559402,472.51,837.04,555.93,623.77
2026-01-16 07:46:59,XPQ-01 Main,2026-01-16 07:46:00,1006.82,75.35,4.07566166666667,472.89,997.46,270.1,175.66,204.74,75.89,4.603372,473.05,1015.86,280.03,179.3,214.72,76.76,4.06747933333333,473.76,1007.14,274.58,186.3,201.37,73.4,3.559402,471.87,824.71,541.26,620.82
2026-01-16 07:47:59,XPQ-01 Main,2026-01-16 07:47:00,1008.56,74.5,4.288995,472.43,995.94,269.58,175.48,204.28,75.86,4.73670533333333,472.51,1028.58,283.07,184.74,214.29,75.74,4.46747933333333,473.05,1001.15,272.71,189.32,195.94,71.91,3.659402,471.72,825.35,549.55,614.51
2026-01-16 07:48:59,XPQ-01 Main,2026-01-16 07:48:00,1010.44,74.74,4.02232833333333,472.71,996.41,269.78,174.92,205.2,76.1,4.57003866666667,472.62,1032.24,284.22,184.42,215.55,75.98,4.16747933333333,473.48,1002.67,273.39,189.07,196.89,72.13,3.32606866666667,472.03,827.4,548.41,617.63
2026-01-16 07:49:59,XPQ-01 Main,2026-01-16 07:49:00,1023.27,74.8,3.91232833333333,472.97,1009.91,273.59,176.46,208.69,76.36,4.37003866666667,473.08,1047.03,288.57,187.47,219.04,75.97,3.8674793333333297,473.72,1012.88,276.21,191.38,198.95,72.07,3.49273533333333,472.11,838.37,555.31,626.69
2026-01-16 07:50:59,XPQ-01 Main,2026-01-16 07:50:00,934.98,71.27,4.44566166666667,473.65,924.6,250.85,172.79,181.58,72.44,4.83670533333333,473.5,950.34,262.16,180.1,189.69,72.52,4.40081266666667,474.41,929.99,254.11,183.63,174.36,68.86,4.09273533333333,473.05,767.12,536.53,545.63
2026-01-16 07:51:59,XPQ-01 Main,2026-01-16 07:51:00,886.23,66.84,4.17566166666667,473.82,880.95,238.99,177.04,160.22,67.1,4.63670533333333,473.7,889.31,245.54,178.77,167.67,68.41,4.16747933333333,474.79,888.43,242.81,184.3,157.73,65.02,3.72606866666667,472.96,727.33,540.11,485.62
2026-01-16 07:52:59,XPQ-01 Main,2026-01-16 07:52:00,884.96,67.97,4.388995,473.75,881.22,239.0,175.14,162.3,67.97,4.703372,473.68,885.0,244.36,175.32,169.46,69.5,4.50081266666667,474.75,888.66,242.82,181.17,161.11,66.45,3.959402,472.82,726.17,531.62,492.86
2026-01-16 07:53:59,XPQ-01 Main,2026-01-16 07:53:00,943.27,71.13,4.488995,473.44,932.98,252.9,175.76,181.44,71.83,4.97003866666667,473.29,953.52,263.02,180.45,190.62,72.62,4.56747933333333,474.37,943.31,257.63,186.12,177.18,68.95,3.92606866666667,472.65,773.55,542.33,549.24
2026-01-16 07:54:59,XPQ-01 Main,2026-01-16 07:54:00,946.06,70.91,4.34232833333333,473.62,936.08,253.88,175.78,182.79,72.08,4.77003866666667,473.65,961.44,265.38,183.41,191.32,72.19,4.30081266666667,474.51,940.65,256.9,187.02,175.59,68.45,3.959402,472.71,776.16,546.2,549.7
2026-01-16 07:55:59,XPQ-01 Main,2026-01-16 07:55:00,933.97,71.24,4.23232833333333,473.22,930.66,252.17,176.84,179.43,71.22,4.67003866666667,473.11,933.1,257.29,176.57,186.77,72.67,4.334146,474.14,938.15,256.07,183.11,178.6,69.82,3.6927353333333297,472.4,765.53,536.52,544.79
2026-01-16 07:56:59,XPQ-01 Main,2026-01-16 07:56:00,1007.8,70.67,4.098995,472.49,998.77,270.15,189.29,192.5,71.3,4.57003866666667,472.38,1017.3,280.12,193.76,201.25,72.04,4.16747933333333,473.51,1007.34,274.55,198.97,188.02,68.68,3.559402,471.58,824.81,582.02,581.78
2026-01-16 07:57:59,XPQ-01 Main,2026-01-16 07:57:00,1045.92,72.28,3.998995,472.3,1036.73,280.35,190.81,205.03,73.2,4.47003866666667,472.25,1059.49,291.61,197.36,214.02,73.51,4.00081266666667,473.25,1041.54,283.72,201.96,198.7,70.13,3.52606866666667,471.41,855.68,590.13,617.75
2026-01-16 07:58:59,XPQ-01 Main,2026-01-16 07:58:00,1101.91,74.53,3.888995,471.68,1090.5,294.46,192.17,222.87,75.73,4.03670533333333,471.69,1121.92,308.45,201.32,233.12,75.68,4.16747933333333,472.66,1093.33,297.4,205.72,214.57,72.18,3.459402,470.68,900.31,599.21,670.57
2026-01-16 07:59:59,XPQ-01 Main,2026-01-16 07:59:00,1091.73,74.31,3.84232833333333,472.26,1078.8,291.7,190.7,220.54,75.64,4.33670533333333,472.21,1113.3,306.38,200.69,231.19,75.52,3.90081266666667,473.2,1083.07,295.02,205.36,211.63,71.77,3.29273533333333,471.39,893.11,596.76,663.36
2026-01-16 08:00:59,XPQ-01 Main,2026-01-16 08:00:00,1129.76,76.91,3.7656616666666705,471.63,1121.21,302.66,188.76,236.38,78.14,4.13670533333333,471.64,1150.1,316.23,198.29,245.9,77.84,3.96747933333333,472.7,1117.97,304.09,201.83,227.12,74.75,3.19273533333333,470.55,922.97,588.87,709.4
2026-01-16 08:01:59,XPQ-01 Main,2026-01-16 08:01:00,1077.56,72.05,3.92232833333333,472.21,1073.86,290.24,200.2,210.1,72.4,4.33670533333333,472.2,1082.02,297.88,202.7,218.09,73.25,3.934146,473.3,1076.8,293.24,207.82,206.6,70.5,3.49273533333333,471.14,881.36,610.72,634.79
2026-01-16 08:02:59,XPQ-01 Main,2026-01-16 08:02:00,1007.94,75.06,3.96566166666667,473.25,998.12,270.49,175.56,205.42,76.02,4.53670533333333,473.29,1022.64,282.05,182.12,214.82,76.28,4.10081266666667,474.13,1003.07,273.73,187.12,199.23,72.89,3.259402,472.32,826.27,544.8,619.47
2026-01-16 08:03:59,XPQ-01 Main,2026-01-16 08:03:00,842.38,70.28,3.93232833333333,472.8,832.79,225.34,157.77,160.62,71.34,4.47003866666667,472.81,856.19,236.03,164.42,168.82,71.64,4.06747933333333,473.94,838.17,228.53,167.64,154.9,67.87,3.259402,471.64,689.9,489.83,484.34
2026-01-16 08:04:59,XPQ-01 Main,2026-01-16 08:04:00,846.39,69.61,4.718995,476.67,843.55,230.15,164.59,160.45,69.81,5.17003866666667,476.81,848.37,235.83,165.82,166.98,70.96,4.534146,477.76,847.25,232.83,170.33,158.25,68.07,4.459402,475.45,698.81,500.73,485.68
2026-01-16 08:05:59,XPQ-01 Main,2026-01-16 08:05:00,797.52,70.48,5.398995,477.16,791.55,216.24,151.1,154.25,71.43,5.93670533333333,477.31,807.74,224.72,156.35,160.74,71.68,5.134146,478.14,793.27,218.22,159.0,148.75,68.32,5.12606866666667,476.05,659.18,466.46,463.74
2026-01-16 08:06:59,XPQ-01 Main,2026-01-16 08:06:00,827.4,70.97,5.418995,477.28,820.48,224.26,155.19,161.58,72.12,5.903372,477.4,840.38,233.78,161.66,168.1,72.08,5.134146,478.14,821.33,226.0,163.85,154.93,68.7,5.22606866666667,476.3,684.05,480.69,484.6
2026-01-16 08:07:59,XPQ-01 Main,2026-01-16 08:07:00,820.9,69.24,5.45566166666667,476.92,819.12,223.63,160.76,155.02,69.42,5.93670533333333,476.94,822.27,228.63,161.67,160.78,70.52,5.30081266666667,477.97,821.32,225.86,165.79,152.81,67.77,5.12606866666667,475.85,678.12,488.22,468.62
2026-01-16 08:08:59,XPQ-01 Main,2026-01-16 08:08:00,797.26,70.9,5.46566166666667,476.4,787.53,214.84,149.17,154.14,71.86,5.903372,476.52,809.41,224.77,154.76,162.3,72.37,5.40081266666667,477.3,794.85,218.31,158.79,149.14,68.46,5.09273533333333,475.39,657.93,462.73,465.58
2026-01-16 08:09:59,XPQ-01 Main,2026-01-16 08:09:00,801.34,72.28,5.488995,476.26,790.92,215.7,146.62,157.88,73.28,5.903372,476.43,814.46,226.13,152.56,166.48,73.73,5.234146,477.15,798.64,219.27,156.7,152.9,69.84,5.32606866666667,475.19,661.09,455.88,477.26
2026-01-16 08:10:59,XPQ-01 Main,2026-01-16 08:10:00,832.72,71.41,5.588995,476.41,822.31,224.34,153.78,162.95,72.73,5.97003866666667,476.57,849.21,235.84,161.54,170.97,72.69,5.60081266666667,477.3,826.63,227.02,164.42,155.89,68.8,5.19273533333333,475.37,687.21,479.74,489.81
2026-01-16 08:11:59,XPQ-01 Main,2026-01-16 08:11:00,822.15,71.83,5.298995,476.4,814.41,222.16,152.5,161.18,72.64,5.83670533333333,476.54,832.42,231.19,157.25,168.87,73.18,5.26747933333333,477.33,819.63,225.11,161.24,156.57,69.66,4.79273533333333,475.34,678.45,470.99,486.62
2026-01-16 08:12:59,XPQ-01 Main,2026-01-16 08:12:00,814.52,72.07,5.47566166666667,476.33,809.72,220.74,152.62,159.15,72.18,5.93670533333333,476.29,816.68,226.81,153.35,166.33,73.52,5.26747933333333,477.46,817.17,224.47,158.85,157.95,70.51,5.22606866666667,475.23,672.02,464.82,483.43
2026-01-16 08:13:59,XPQ-01 Main,2026-01-16 08:13:00,791.68,73.02,5.11232833333333,476.58,781.52,213.21,145.33,155.61,73.08,5.63670533333333,476.78,795.49,221.1,146.35,165.46,74.9,4.834146,477.61,798.04,219.23,154.06,155.65,71.07,4.859402,475.36,653.54,445.74,476.71
2026-01-16 08:14:59,XPQ-01 Main,2026-01-16 08:14:00,863.98,71.9,5.34232833333333,475.79,852.13,232.19,158.51,169.3,73.0,5.93670533333333,475.91,878.92,243.74,165.44,178.47,73.34,5.20081266666667,476.64,860.89,236.14,169.78,163.44,69.35,4.89273533333333,474.82,712.07,493.73,511.21
2026-01-16 08:15:59,XPQ-01 Main,2026-01-16 08:15:00,856.01,72.49,5.488995,476.64,842.3,229.86,154.06,170.51,74.2,6.103372,476.56,878.37,243.98,164.54,179.7,73.75,5.234146,477.62,847.37,232.96,167.18,161.63,69.51,5.12606866666667,475.76,706.8,485.79,511.83
2026-01-16 08:16:59,XPQ-01 Main,2026-01-16 08:16:00,856.41,72.02,5.36566166666667,476.28,847.89,231.18,157.88,168.54,72.98,5.903372,476.15,869.29,241.28,163.67,176.38,73.3,5.134146,477.32,852.06,234.08,167.39,163.07,69.78,5.059402,475.37,706.55,488.95,507.99
2026-01-16 08:17:59,XPQ-01 Main,2026-01-16 08:17:00,852.05,72.07,5.398995,477.02,842.51,230.06,157.66,167.02,72.72,6.103372,476.94,862.45,239.8,161.81,175.8,73.58,5.06747933333333,478.07,851.19,234.18,167.12,163.35,69.9,5.02606866666667,476.05,704.04,486.59,506.17
2026-01-16 08:18:59,XPQ-01 Main,2026-01-16 08:18:00,749.93,76.33,5.47566166666667,478.7,736.28,201.87,128.62,155.27,77.01,6.003372,478.99,761.27,212.45,132.52,165.84,78.12,5.30081266666667,479.48,752.25,207.53,139.78,153.13,73.86,5.12606866666667,477.62,621.85,400.92,474.25
2026-01-16 08:19:59,XPQ-01 Main,2026-01-16 08:19:00,734.22,74.95,5.26566166666667,478.57,728.8,199.68,131.84,149.07,74.91,5.603372,478.87,735.29,205.24,131.46,156.48,76.57,5.134146,479.56,738.57,203.7,138.06,149.12,73.38,5.059402,477.3,608.62,401.35,454.66
2026-01-16 08:20:59,XPQ-01 Main,2026-01-16 08:20:00,761.58,75.83,5.398995,478.15,754.93,206.64,134.63,156.01,75.71,5.93670533333333,478.06,762.84,212.6,133.8,163.86,77.46,5.00081266666667,479.18,766.98,211.51,141.0,156.65,74.33,5.259402,477.2,630.75,409.43,476.52
2026-01-16 08:21:59,XPQ-01 Main,2026-01-16 08:21:00,777.79,75.37,5.498995,478.23,771.16,211.08,137.85,159.35,75.63,6.003372,478.32,782.33,218.18,139.16,167.3,76.88,5.334146,479.34,779.89,215.03,145.34,158.06,73.61,5.159402,477.02,644.29,422.35,484.72
2026-01-16 08:22:59,XPQ-01 Main,2026-01-16 08:22:00,761.39,75.95,5.408995,477.82,748.9,204.87,131.3,156.86,76.68,5.73670533333333,477.96,772.61,215.24,135.54,166.85,77.62,5.20081266666667,478.79,762.68,210.09,142.13,154.3,73.55,5.29273533333333,476.71,630.2,408.97,478.0
2026-01-16 08:23:59,XPQ-01 Main,2026-01-16 08:23:00,775.97,75.44,5.24232833333333,477.3,767.5,209.64,136.13,158.58,75.88,5.93670533333333,477.07,783.57,217.98,138.6,166.81,76.92,5.00081266666667,478.47,776.85,213.92,144.49,156.67,73.51,4.79273533333333,476.35,641.54,419.21,482.07
2026-01-16 08:24:59,XPQ-01 Main,2026-01-16 08:24:00,800.28,73.81,5.44232833333333,477.1,792.25,216.38,144.51,160.88,74.39,5.97003866666667,477.08,808.26,224.8,147.85,168.92,75.25,5.06747933333333,478.14,800.32,220.19,153.06,157.87,71.8,5.29273533333333,476.07,661.36,445.43,487.67
2026-01-16 08:25:59,XPQ-01 Main,2026-01-16 08:25:00,735.28,76.95,5.53232833333333,477.83,728.98,199.35,127.81,152.62,76.67,6.203372,477.96,734.12,204.59,126.26,160.7,78.63,5.134146,478.98,742.74,204.6,133.87,154.44,75.56,5.259402,476.55,608.55,387.95,467.76
2026-01-16 08:26:59,XPQ-01 Main,2026-01-16 08:26:00,754.3,76.62,5.35232833333333,477.64,740.13,202.43,127.14,157.13,77.74,5.83670533333333,477.84,770.11,214.46,133.47,167.38,78.19,5.20081266666667,478.55,752.67,207.22,139.33,153.05,73.95,5.02606866666667,476.53,624.11,399.93,477.56
2026-01-16 08:27:59,XPQ-01 Main,2026-01-16 08:27:00,750.25,76.59,5.23232833333333,479.51,738.65,202.85,128.0,156.91,77.49,5.53670533333333,479.75,762.72,213.21,132.96,166.1,78.07,5.10081266666667,480.33,749.38,207.12,138.51,153.32,74.2,5.059402,478.46,623.18,399.47,476.33
2026-01-16 08:28:59,XPQ-01 Main,2026-01-16 08:28:00,764.07,76.82,5.35566166666667,479.29,753.24,206.55,131.04,159.33,77.24,5.83670533333333,479.32,772.54,215.98,133.39,168.5,78.41,5.034146,480.6,766.43,211.82,140.16,158.03,74.81,5.19273533333333,477.95,634.35,404.58,485.86
2026-01-16 08:29:59,XPQ-01 Main,2026-01-16 08:29:00,746.26,76.02,5.41232833333333,479.4,735.65,201.98,129.27,154.66,76.73,5.93670533333333,479.73,756.71,211.52,133.15,163.47,77.53,5.00081266666667,480.23,746.42,206.21,138.83,151.84,73.8,5.29273533333333,478.26,619.72,401.24,469.97
2026-01-16 08:30:59,XPQ-01 Main,2026-01-16 08:30:00,746.19,75.1,5.15232833333333,479.24,738.24,202.6,133.0,152.32,75.33,5.67003866666667,479.34,750.36,209.61,134.26,160.55,76.71,4.96747933333333,480.14,749.97,207.21,140.78,151.57,73.27,4.82606866666667,478.24,619.42,408.04,464.44
2026-01-16 08:31:59,XPQ-01 Main,2026-01-16 08:31:00,744.61,76.03,5.35566166666667,479.58,739.11,202.82,132.21,153.58,75.79,5.93670533333333,479.38,743.91,207.99,130.7,161.05,77.65,5.034146,480.83,750.8,207.72,137.95,154.83,74.66,5.09273533333333,478.52,618.53,400.86,469.46
2026-01-16 08:32:59,XPQ-01 Main,2026-01-16 08:32:00,696.57,72.03,5.52232833333333,479.73,691.98,190.04,132.28,135.96,71.67,5.97003866666667,479.82,694.23,194.19,130.88,142.96,73.76,5.234146,480.76,703.48,194.56,137.33,137.16,70.67,5.359402,478.62,578.8,400.49,416.08
2026-01-16 08:33:59,XPQ-01 Main,2026-01-16 08:33:00,722.1,73.03,5.178995,480.5,713.06,196.19,132.78,144.4,73.61,5.603372,480.38,729.8,204.32,135.86,152.41,74.65,5.10081266666667,481.44,723.44,200.5,141.41,141.92,70.84,4.82606866666667,479.68,601.02,410.04,438.73
2026-01-16 08:34:59,XPQ-01 Main,2026-01-16 08:34:00,718.72,73.85,5.37566166666667,481.3,707.1,194.84,130.09,144.42,74.3,6.003372,481.48,727.56,204.2,132.78,153.76,75.69,5.034146,482.31,721.5,200.17,139.55,142.97,71.56,5.09273533333333,480.11,599.2,402.42,441.15
2026-01-16 08:35:59,XPQ-01 Main,2026-01-16 08:35:00,727.81,74.75,5.298995,477.57,719.35,196.61,130.23,146.84,74.81,5.93670533333333,477.39,730.82,203.44,130.51,154.78,76.45,5.10081266666667,478.73,733.27,202.01,137.41,146.77,73.0,4.859402,476.59,602.06,398.16,448.39
2026-01-16 08:36:59,XPQ-01 Main,2026-01-16 08:36:00,721.12,75.01,5.408995,478.0,709.0,194.2,127.11,146.07,75.44,5.97003866666667,478.24,728.61,202.94,129.4,155.06,76.78,4.96747933333333,478.57,725.74,199.94,136.18,144.68,72.82,5.29273533333333,477.19,597.08,392.68,445.81
2026-01-16 08:37:59,XPQ-01 Main,2026-01-16 08:37:00,729.23,74.93,5.42232833333333,477.83,719.66,197.06,128.88,148.49,75.52,6.17003866666667,478.07,737.17,205.24,131.82,156.88,76.56,5.06747933333333,478.39,730.85,201.27,137.92,146.11,72.72,5.02606866666667,477.03,603.57,398.61,451.49
2026-01-16 08:38:59,XPQ-01 Main,2026-01-16 08:38:00,726.95,73.99,5.14566166666667,476.66,718.98,196.27,132.09,144.77,73.87,5.67003866666667,476.56,728.67,202.36,131.51,152.84,75.8,4.80081266666667,477.52,733.2,201.57,138.89,145.38,72.31,4.959402,475.9,600.19,402.48,442.98
2026-01-16 08:39:59,XPQ-01 Main,2026-01-16 08:39:00,722.59,76.46,5.26566166666667,477.55,712.92,194.98,123.09,151.01,77.51,5.97003866666667,477.57,736.1,204.84,128.39,158.89,77.78,4.76747933333333,478.38,718.73,197.92,132.67,146.37,74.09,5.059402,476.71,597.75,384.14,456.28
2026-01-16 08:40:59,XPQ-01 Main,2026-01-16 08:40:00,705.85,74.9,5.108995,477.48,698.57,190.95,126.26,142.73,74.9,5.73670533333333,477.6,708.69,197.31,126.3,150.65,76.63,4.76747933333333,478.48,710.29,195.52,133.05,142.76,73.16,4.82606866666667,476.34,583.77,385.6,436.14
2026-01-16 08:41:59,XPQ-01 Main,2026-01-16 08:41:00,733.56,74.57,4.88566166666667,478.71,728.02,199.66,132.81,148.59,74.56,5.57003866666667,478.74,734.83,204.93,132.37,155.57,76.16,4.734146,479.37,737.81,203.65,138.78,148.21,72.99,4.359402,478.01,608.24,403.96,452.36
2026-01-16 08:42:59,XPQ-01 Main,2026-01-16 08:42:00,734.97,75.09,4.97566166666667,477.72,728.77,199.56,130.45,149.92,75.44,5.53670533333333,478.18,739.42,205.85,131.89,157.06,76.58,4.80081266666667,478.12,736.73,202.76,137.52,147.99,73.25,4.59273533333333,476.85,608.17,399.87,454.97
2026-01-16 08:43:59,XPQ-01 Main,2026-01-16 08:43:00,730.62,74.59,5.14232833333333,477.88,724.47,198.42,129.92,149.63,75.51,5.603372,478.01,740.19,206.03,134.12,155.95,75.82,4.86747933333333,478.39,727.21,200.34,137.78,144.78,72.44,4.959402,477.25,604.79,401.81,450.36
2026-01-16 08:44:59,XPQ-01 Main,2026-01-16 08:44:00,746.63,73.67,5.22232833333333,477.01,743.37,203.19,137.31,149.46,73.64,5.87003866666667,477.4,746.33,207.52,136.71,155.69,75.14,4.86747933333333,477.61,750.18,206.17,142.44,148.76,72.23,4.92606866666667,476.04,616.88,416.46,453.92
2026-01-16 08:45:59,XPQ-01 Main,2026-01-16 08:45:00,752.67,74.95,5.578995,476.69,747.86,204.22,135.88,152.25,74.61,6.17003866666667,476.71,750.25,208.36,133.61,159.5,76.66,5.36747933333333,477.41,759.89,208.87,141.34,153.55,73.57,5.19273533333333,475.95,621.45,410.83,465.3
2026-01-16 08:46:59,XPQ-01 Main,2026-01-16 08:46:00,711.88,77.22,5.308995,476.65,703.91,192.29,120.66,148.73,77.66,5.903372,476.84,718.37,199.46,122.41,156.52,78.77,5.16747933333333,477.13,713.35,196.01,128.71,146.97,75.23,4.859402,475.99,587.75,371.78,452.23
2026-01-16 08:47:59,XPQ-01 Main,2026-01-16 08:47:00,687.38,73.93,5.25566166666667,476.91,686.1,187.39,128.95,135.47,72.43,5.703372,476.96,674.33,187.43,121.43,141.92,75.98,5.134146,477.77,701.7,192.95,130.82,141.3,73.38,4.92606866666667,476.02,567.77,381.2,418.68
2026-01-16 08:48:59,XPQ-01 Main,2026-01-16 08:48:00,715.63,76.48,5.37566166666667,476.59,706.32,192.83,124.28,146.86,76.34,5.83670533333333,476.85,717.68,199.36,123.34,155.82,78.41,5.16747933333333,477.29,722.88,198.56,131.77,148.02,74.69,5.12606866666667,475.63,590.76,379.4,450.7
2026-01-16 08:49:59,XPQ-01 Main,2026-01-16 08:49:00,709.0,73.47,5.12232833333333,476.45,707.89,193.23,132.71,139.67,72.49,5.73670533333333,476.7,699.42,194.22,127.49,145.83,75.29,4.86747933333333,477.08,719.7,197.63,135.57,143.21,72.62,4.759402,475.57,585.07,395.76,428.72
2026-01-16 08:50:59,XPQ-01 Main,2026-01-16 08:50:00,752.64,75.62,5.37566166666667,476.51,749.47,204.62,133.26,154.77,75.78,5.97003866666667,476.65,754.42,209.44,133.29,160.41,76.91,5.234146,477.13,754.04,207.13,138.61,153.28,74.17,4.92606866666667,475.75,621.2,405.15,468.46
2026-01-16 08:51:59,XPQ-01 Main,2026-01-16 08:51:00,685.31,72.97,5.32232833333333,476.92,686.77,187.57,130.4,134.28,71.74,5.803372,476.95,672.9,187.03,123.95,139.34,74.71,5.134146,477.76,696.26,191.46,131.72,138.45,72.45,5.02606866666667,476.04,566.06,386.07,412.06
2026-01-16 08:52:59,XPQ-01 Main,2026-01-16 08:52:00,745.42,73.67,5.618995,476.43,744.71,203.24,138.69,148.14,73.0,6.27003866666667,476.34,737.6,204.7,134.47,153.74,75.27,5.20081266666667,477.16,753.97,207.17,141.89,150.39,72.74,5.39273533333333,475.8,615.12,415.06,452.28
2026-01-16 08:53:59,XPQ-01 Main,2026-01-16 08:53:00,795.17,73.45,5.518995,475.44,789.35,215.02,144.4,158.48,73.92,5.903372,475.49,801.08,221.85,146.57,165.3,74.82,5.26747933333333,476.04,795.09,217.97,151.52,155.52,71.62,5.39273533333333,474.78,654.84,442.49,479.3
2026-01-16 08:54:59,XPQ-01 Main,2026-01-16 08:54:00,975.84,77.99,6.03232833333333,473.67,967.59,262.49,161.15,206.85,78.89,6.47003866666667,473.64,989.15,272.98,166.68,215.66,79.12,5.66747933333333,474.47,970.78,265.19,172.3,201.2,75.96,5.959402,472.91,800.66,500.13,623.71
2026-01-16 08:55:59,XPQ-01 Main,2026-01-16 08:55:00,898.74,76.83,6.198995,474.49,891.77,242.41,152.78,187.54,77.53,6.63670533333333,474.61,908.69,251.22,156.67,195.55,78.04,5.96747933333333,475.18,895.77,245.05,162.07,183.31,74.92,5.99273533333333,473.7,738.68,471.51,566.41
2026-01-16 08:56:59,XPQ-01 Main,2026-01-16 08:56:00,907.27,75.91,5.37566166666667,474.48,901.14,244.84,159.4,185.5,75.85,5.93670533333333,474.55,907.92,251.09,158.57,193.91,77.41,5.234146,475.34,912.75,249.7,166.35,185.6,74.47,4.959402,473.54,745.63,484.31,565.01
2026-01-16 08:57:59,XPQ-01 Main,2026-01-16 08:57:00,925.03,78.62,5.46566166666667,474.28,923.39,250.83,150.86,200.06,79.84,5.63670533333333,474.36,939.07,259.54,158.08,205.38,79.24,5.50081266666667,475.06,912.63,249.57,159.74,191.46,76.78,5.259402,473.41,759.94,468.68,596.89
2026-01-16 08:58:59,XPQ-01 Main,2026-01-16 08:58:00,941.75,76.88,6.13232833333333,473.84,940.26,255.3,159.76,198.75,77.94,6.703372,473.99,953.1,263.1,165.82,203.93,77.59,5.76747933333333,474.41,931.89,254.56,167.78,190.93,75.12,5.92606866666667,473.12,772.95,493.37,593.61
2026-01-16 08:59:59,XPQ-01 Main,2026-01-16 08:59:00,846.38,74.01,5.47566166666667,476.02,842.58,229.82,151.98,171.83,74.9,6.03670533333333,476.23,855.58,237.3,156.62,177.63,75.01,5.26747933333333,476.6,841.0,230.75,159.56,166.09,72.11,5.12606866666667,475.23,697.87,468.16,515.55
2026-01-16 09:00:59,XPQ-01 Main,2026-01-16 09:00:00,794.31,70.81,5.51232833333333,475.66,787.51,214.53,151.36,151.62,70.77,5.93670533333333,475.66,795.82,220.58,151.4,159.67,72.56,5.234146,476.48,799.6,219.32,158.15,151.21,69.11,5.359402,474.84,654.43,460.91,462.5
2026-01-16 09:01:59,XPQ-01 Main,2026-01-16 09:01:00,825.38,71.38,5.34232833333333,476.03,819.3,223.4,155.19,160.25,71.84,5.903372,475.99,830.83,230.41,157.55,167.49,72.84,5.20081266666667,476.78,826.02,226.76,162.77,157.23,69.48,4.92606866666667,475.32,680.57,475.52,484.97
2026-01-16 09:02:59,XPQ-01 Main,2026-01-16 09:02:00,719.1,72.13,5.65566166666667,477.07,708.09,193.46,134.11,138.79,71.91,6.03670533333333,477.19,721.31,200.57,133.72,148.66,74.35,5.634146,477.89,727.9,200.19,142.31,140.02,70.13,5.29273533333333,476.13,594.23,410.14,427.48
2026-01-16 09:03:59,XPQ-01 Main,2026-01-16 09:03:00,645.22,66.92,5.608995,477.42,640.2,175.09,130.75,116.08,66.39,6.17003866666667,477.48,642.29,178.66,129.06,122.97,68.98,5.40081266666667,478.11,653.16,179.79,135.7,117.29,65.39,5.259402,476.67,533.54,395.51,356.34
2026-01-16 09:04:59,XPQ-01 Main,2026-01-16 09:04:00,609.98,66.07,5.54232833333333,478.28,604.16,165.53,124.37,108.61,65.78,6.103372,478.38,609.67,169.92,123.76,114.98,68.07,5.30081266666667,479.01,616.12,169.88,129.43,108.86,64.37,5.22606866666667,477.45,505.33,377.56,332.46
2026-01-16 09:05:59,XPQ-01 Main,2026-01-16 09:05:00,720.68,77.56,5.608995,477.96,711.65,194.91,120.91,151.96,78.25,6.203372,478.14,729.88,203.24,123.99,159.68,78.98,5.134146,478.51,720.49,198.5,129.67,149.02,75.44,5.49273533333333,477.23,596.66,374.57,460.65
2026-01-16 09:06:59,XPQ-01 Main,2026-01-16 09:06:00,491.09,76.83,5.45232833333333,480.06,482.38,132.71,83.66,102.23,77.39,6.003372,480.25,497.01,139.01,85.47,108.82,78.64,5.10081266666667,480.59,493.87,136.65,90.59,101.03,74.46,5.259402,479.33,408.36,259.72,312.08
2026-01-16 09:07:59,XPQ-01 Main,2026-01-16 09:07:00,468.7,77.43,5.06566166666667,481.14,459.28,126.68,79.18,98.32,77.89,5.603372,481.43,475.1,133.16,80.65,105.36,79.41,4.80081266666667,481.51,471.72,130.8,86.17,97.69,75.0,4.79273533333333,480.49,390.64,245.99,301.37
2026-01-16 09:08:59,XPQ-01 Main,2026-01-16 09:08:00,495.54,75.98,5.318995,480.77,484.49,133.55,85.19,102.33,76.85,5.903372,481.11,504.97,141.42,88.33,110.0,77.97,5.10081266666667,481.07,497.18,137.73,93.71,100.42,73.11,4.959402,480.12,412.69,267.23,312.76
2026-01-16 09:09:59,XPQ-01 Main,2026-01-16 09:09:00,468.87,76.63,5.42232833333333,481.56,460.5,127.13,81.12,97.29,76.8,5.97003866666667,481.84,473.01,132.69,81.59,104.09,78.7,5.20081266666667,481.92,473.1,131.29,87.47,97.37,74.39,5.09273533333333,480.91,391.11,250.18,298.75
2026-01-16 09:10:59,XPQ-01 Main,2026-01-16 09:10:00,494.18,79.59,5.198995,481.8,484.42,133.71,79.43,106.87,80.26,5.67003866666667,482.04,501.85,140.93,81.53,113.98,81.34,4.86747933333333,482.48,496.28,137.81,87.06,105.67,77.18,5.059402,480.89,412.45,248.01,326.52
2026-01-16 09:11:59,XPQ-01 Main,2026-01-16 09:11:00,485.67,79.2,5.02232833333333,481.7,473.4,130.73,78.43,103.94,79.83,5.603372,481.87,494.45,138.7,80.46,111.9,81.19,4.56747933333333,482.04,489.16,135.82,86.71,103.3,76.59,4.89273533333333,481.19,405.26,245.61,319.14
2026-01-16 09:12:59,XPQ-01 Main,2026-01-16 09:12:00,474.16,78.77,5.208995,481.81,462.15,127.6,77.29,100.81,79.36,5.77003866666667,482.12,482.73,135.55,79.23,108.78,80.83,4.96747933333333,482.36,477.6,132.6,85.52,100.33,76.1,4.89273533333333,480.97,395.75,242.05,309.93
2026-01-16 09:13:59,XPQ-01 Main,2026-01-16 09:13:00,498.66,77.88,5.26566166666667,481.41,489.97,135.14,82.74,106.41,78.94,5.87003866666667,481.43,508.89,142.71,86.34,112.83,79.41,5.20081266666667,482.04,497.12,137.99,90.53,103.56,75.29,4.72606866666667,480.75,415.84,259.62,322.8
2026-01-16 09:14:59,XPQ-01 Main,2026-01-16 09:14:00,432.43,73.44,5.12232833333333,481.73,426.65,117.81,79.52,86.3,73.54,5.73670533333333,481.79,435.04,122.04,79.79,91.49,75.37,4.86747933333333,482.15,435.6,120.98,84.32,86.01,71.41,4.759402,481.26,360.83,243.63,263.8
2026-01-16 09:15:59,XPQ-01 Main,2026-01-16 09:15:00,444.41,74.02,5.22232833333333,481.4,435.88,120.27,80.16,88.7,74.19,5.77003866666667,481.74,448.52,125.82,80.91,95.55,76.32,4.80081266666667,481.84,448.85,124.5,86.66,88.76,71.55,5.09273533333333,480.61,370.58,247.73,273.01
2026-01-16 09:16:59,XPQ-01 Main,2026-01-16 09:16:00,455.21,76.3,5.708995,481.14,450.69,124.22,80.13,94.27,76.19,6.23670533333333,481.11,455.98,127.82,79.53,99.3,78.05,5.50081266666667,481.88,458.97,127.34,84.38,94.65,74.64,5.39273533333333,480.42,379.37,244.04,288.21
2026-01-16 09:17:59,XPQ-01 Main,2026-01-16 09:17:00,496.21,80.44,5.298995,480.5,487.02,134.11,77.63,108.71,81.38,5.903372,480.57,505.89,141.58,80.74,115.64,81.99,4.934146,481.03,495.7,137.33,85.72,106.63,77.94,5.059402,479.9,413.02,244.09,330.97
2026-01-16 09:18:59,XPQ-01 Main,2026-01-16 09:18:00,472.42,73.89,5.51232833333333,479.97,470.54,129.38,87.05,95.19,73.8,6.03670533333333,480.06,471.93,131.99,86.36,98.88,75.32,5.16747933333333,480.67,474.78,131.37,90.08,94.99,72.56,5.32606866666667,479.18,392.74,263.48,289.06
2026-01-16 09:19:59,XPQ-01 Main,2026-01-16 09:19:00,473.31,74.69,5.388995,480.72,465.92,128.39,84.62,95.72,74.92,5.97003866666667,480.89,476.91,133.53,85.31,101.7,76.61,5.06747933333333,481.16,477.11,132.2,90.44,95.31,72.54,5.12606866666667,480.12,394.12,260.38,292.73
2026-01-16 09:20:59,XPQ-01 Main,2026-01-16 09:20:00,487.54,79.17,5.62232833333333,480.62,479.12,131.97,79.57,104.0,79.42,6.203372,480.78,490.52,137.34,80.05,110.6,81.01,5.334146,481.14,492.96,136.57,85.94,103.98,77.08,5.32606866666667,479.94,405.88,245.55,318.58
2026-01-16 09:21:59,XPQ-01 Main,2026-01-16 09:21:00,484.51,78.82,5.35232833333333,480.62,475.03,130.83,80.03,102.47,78.81,5.73670533333333,480.76,487.69,136.55,79.7,109.78,80.92,5.20081266666667,481.16,490.82,135.99,86.59,103.56,76.72,5.12606866666667,479.94,403.37,246.31,315.81
2026-01-16 09:22:59,XPQ-01 Main,2026-01-16 09:22:00,473.99,77.27,5.45232833333333,480.9,466.24,128.49,81.13,98.72,77.26,5.87003866666667,481.01,476.21,133.4,80.79,104.95,79.24,5.134146,481.44,479.53,132.94,86.73,99.32,75.32,5.359402,480.25,394.83,248.65,302.99
2026-01-16 09:23:59,XPQ-01 Main,2026-01-16 09:23:00,449.22,75.03,5.47566166666667,481.74,442.66,122.22,79.71,90.58,75.07,6.27003866666667,481.86,452.44,126.95,79.69,96.25,77.02,5.16747933333333,482.2,452.55,125.68,84.92,90.71,73.0,4.99273533333333,481.16,374.85,244.32,277.54
2026-01-16 09:24:59,XPQ-01 Main,2026-01-16 09:24:00,521.17,74.57,5.46566166666667,481.66,513.53,141.73,94.11,105.17,74.52,6.103372,481.75,523.25,146.83,93.92,112.0,76.62,5.20081266666667,482.27,526.73,146.25,100.24,105.76,72.58,5.09273533333333,480.96,434.82,288.27,322.93
2026-01-16 09:25:59,XPQ-01 Main,2026-01-16 09:25:00,518.16,74.86,5.41232833333333,481.7,512.6,141.46,93.38,105.72,74.95,5.67003866666667,481.71,520.1,145.96,93.55,111.44,76.59,5.20081266666667,482.41,521.78,144.92,98.73,105.57,73.04,5.359402,480.99,432.34,285.65,322.73
2026-01-16 09:26:59,XPQ-01 Main,2026-01-16 09:26:00,526.18,77.73,5.32232833333333,481.49,518.01,142.92,87.4,112.24,78.9,5.87003866666667,481.57,536.92,150.59,91.6,118.5,79.12,5.10081266666667,482.07,523.61,145.35,95.4,108.75,75.18,4.99273533333333,480.82,438.86,274.4,339.49
2026-01-16 09:27:59,XPQ-01 Main,2026-01-16 09:27:00,461.02,78.42,5.44232833333333,482.91,454.34,125.75,77.63,97.98,78.38,6.03670533333333,482.91,462.71,130.12,77.02,103.89,80.33,5.234146,483.37,466.02,129.77,82.98,98.73,76.55,5.059402,482.45,385.63,237.63,300.6
2026-01-16 09:28:59,XPQ-01 Main,2026-01-16 09:28:00,452.86,80.45,5.32232833333333,482.56,444.56,122.93,73.06,98.08,80.2,5.87003866666667,482.71,454.41,127.74,71.61,104.9,82.59,5.034146,483.07,459.62,127.86,78.77,100.03,78.56,5.059402,481.92,378.54,223.44,303.0
2026-01-16 09:29:59,XPQ-01 Main,2026-01-16 09:29:00,472.02,78.72,5.478995,482.88,461.8,127.78,77.56,100.66,79.21,6.13670533333333,482.91,479.24,134.79,78.99,107.97,80.71,5.16747933333333,483.43,475.03,132.26,85.08,100.27,76.25,5.12606866666667,482.29,394.82,241.63,308.89
2026-01-16 09:30:59,XPQ-01 Main,2026-01-16 09:30:00,589.33,72.89,5.03232833333333,480.37,579.46,159.38,111.13,113.71,71.52,5.63670533333333,480.36,583.5,163.36,106.14,123.15,75.75,4.56747933333333,481.24,605.04,167.6,116.88,119.21,71.4,4.89273533333333,479.5,490.34,334.16,356.07
2026-01-16 09:31:59,XPQ-01 Main,2026-01-16 09:31:00,667.54,68.44,5.118995,480.44,661.09,181.89,134.11,122.71,67.5,5.53670533333333,480.37,662.25,185.4,130.76,131.08,70.8,5.00081266666667,481.3,679.29,188.21,139.55,126.0,67.02,4.82606866666667,479.66,555.5,404.43,379.79
2026-01-16 09:32:59,XPQ-01 Main,2026-01-16 09:32:00,724.85,70.46,5.04232833333333,480.02,718.72,197.68,140.71,138.76,70.22,5.53670533333333,479.98,723.8,202.36,139.64,146.29,72.34,4.834146,480.63,732.01,202.62,146.82,139.32,68.83,4.759402,479.44,602.66,427.17,424.37
2026-01-16 09:33:59,XPQ-01 Main,2026-01-16 09:33:00,679.63,72.75,4.98566166666667,480.96,672.26,185.23,128.38,133.27,72.02,5.47003866666667,481.07,675.79,189.39,125.25,141.79,74.95,4.96747933333333,481.63,690.82,191.55,134.18,136.38,71.29,4.52606866666667,480.19,566.17,387.81,411.45
2026-01-16 09:34:59,XPQ-01 Main,2026-01-16 09:34:00,754.03,70.4,4.75232833333333,479.97,743.72,204.52,144.45,144.32,70.68,5.13670533333333,479.89,759.97,212.44,146.18,152.96,72.29,4.634146,480.63,758.39,209.93,152.95,142.76,68.23,4.49273533333333,479.39,626.89,443.58,440.04
2026-01-16 09:35:59,XPQ-01 Main,2026-01-16 09:35:00,762.97,72.18,5.298995,479.9,749.84,206.26,140.96,150.02,72.87,5.83670533333333,480.22,773.66,216.32,144.96,159.91,74.09,5.034146,480.34,765.42,211.68,151.81,147.09,69.59,5.02606866666667,479.15,634.26,437.74,457.02
2026-01-16 09:36:59,XPQ-01 Main,2026-01-16 09:36:00,691.32,73.59,5.308995,480.39,679.24,186.96,125.39,138.24,74.07,5.803372,480.67,699.74,195.9,128.08,147.67,75.54,5.034146,480.96,694.99,192.41,135.01,136.68,71.14,5.09273533333333,479.53,575.27,388.48,422.59
2026-01-16 09:37:59,XPQ-01 Main,2026-01-16 09:37:00,730.5,71.56,5.01232833333333,479.58,717.81,197.24,135.59,141.96,72.31,5.503372,480.03,742.7,207.65,139.96,151.46,73.44,4.70081266666667,480.18,730.99,201.96,145.93,138.79,68.92,4.82606866666667,478.53,606.86,421.49,432.21
2026-01-16 09:38:59,XPQ-01 Main,2026-01-16 09:38:00,689.17,72.27,4.94232833333333,480.08,673.72,185.24,125.56,135.88,73.45,5.23670533333333,480.38,704.96,197.32,131.99,146.24,74.24,4.834146,480.85,688.84,190.58,137.57,131.59,69.12,4.759402,478.99,573.14,395.12,413.71
2026-01-16 09:39:59,XPQ-01 Main,2026-01-16 09:39:00,762.75,71.42,5.478995,479.28,744.79,204.51,139.69,149.09,72.97,5.97003866666667,479.44,783.58,218.83,148.6,160.14,73.3,5.30081266666667,479.94,759.88,209.94,153.73,142.54,67.99,5.159402,478.45,633.28,442.02,451.77
2026-01-16 09:40:59,XPQ-01 Main,2026-01-16 09:40:00,649.92,68.16,5.06566166666667,479.9,642.67,176.61,129.36,119.88,67.97,5.503372,480.07,650.64,182.03,129.34,127.7,70.26,5.10081266666667,480.75,656.47,181.6,135.9,120.16,66.24,4.59273533333333,478.87,540.24,394.6,367.74
2026-01-16 09:41:59,XPQ-01 Main,2026-01-16 09:41:00,702.78,67.75,5.288995,479.32,695.16,190.86,140.6,128.24,67.39,5.83670533333333,479.46,702.28,196.18,139.75,136.55,69.89,5.06747933333333,480.09,710.92,196.43,147.18,129.19,65.97,4.959402,478.42,583.48,427.53,393.98
2026-01-16 09:42:59,XPQ-01 Main,2026-01-16 09:42:00,716.43,68.35,5.008995,479.5,709.25,194.84,142.27,132.95,68.28,5.53670533333333,479.41,717.8,200.46,142.21,140.46,70.27,4.734146,480.16,722.24,199.73,148.91,132.65,66.52,4.759402,478.91,595.02,433.39,406.06
2026-01-16 09:43:59,XPQ-01 Main,2026-01-16 09:43:00,679.12,67.43,5.13232833333333,479.58,670.85,184.33,135.92,123.87,67.36,5.77003866666667,479.47,681.41,190.31,136.25,131.6,69.47,4.96747933333333,480.21,685.09,189.5,142.65,123.56,65.47,4.659402,479.06,564.14,414.82,379.04
2026-01-16 09:44:59,XPQ-01 Main,2026-01-16 09:44:00,722.33,68.69,5.23232833333333,479.18,709.33,194.81,140.48,134.68,69.2,5.63670533333333,479.22,730.74,203.91,143.77,144.31,70.84,5.20081266666667,479.67,726.92,200.85,150.62,132.45,66.03,4.859402,478.67,599.57,434.87,411.44
2026-01-16 09:45:59,XPQ-01 Main,2026-01-16 09:45:00,672.3,67.3,5.588995,479.42,659.81,181.23,132.67,122.64,67.88,5.97003866666667,479.4,681.99,190.45,136.26,131.46,69.43,5.434146,480.08,675.11,186.64,142.05,120.18,64.59,5.359402,478.77,558.32,410.98,374.28
2026-01-16 09:46:59,XPQ-01 Main,2026-01-16 09:46:00,716.66,67.69,5.188995,479.4,705.01,193.64,141.28,131.8,68.22,5.57003866666667,479.32,725.03,202.43,144.55,140.6,69.72,5.10081266666667,480.07,719.95,199.06,150.58,129.22,65.12,4.89273533333333,478.81,595.13,436.42,401.62
2026-01-16 09:47:59,XPQ-01 Main,2026-01-16 09:47:00,625.4,66.02,5.04232833333333,479.44,617.81,169.66,129.07,109.55,64.71,5.27003866666667,479.59,618.62,172.86,125.17,118.6,68.78,5.034146,480.18,639.76,176.82,134.76,113.93,64.56,4.82606866666667,478.56,519.34,389.0,342.08
2026-01-16 09:48:59,XPQ-01 Main,2026-01-16 09:48:00,648.22,65.74,5.308995,478.95,644.68,176.86,135.19,113.37,64.26,5.67003866666667,479.1,637.53,177.97,129.91,121.14,68.2,5.134146,479.69,662.45,182.9,139.04,118.18,64.76,5.12606866666667,478.07,537.72,404.15,352.69
2026-01-16 09:49:59,XPQ-01 Main,2026-01-16 09:49:00,686.23,67.29,5.02232833333333,478.56,682.12,187.02,139.26,124.26,66.58,5.37003866666667,478.79,681.14,189.98,136.57,131.22,69.28,5.06747933333333,479.22,695.41,191.81,143.68,126.23,66.0,4.62606866666667,477.68,568.81,419.51,381.71
2026-01-16 09:50:59,XPQ-01 Main,2026-01-16 09:50:00,713.44,67.12,5.34232833333333,478.75,710.02,194.83,144.12,130.44,67.1,5.63670533333333,478.91,713.28,198.91,143.99,136.34,68.76,5.134146,479.21,717.02,197.88,149.23,129.39,65.51,5.259402,478.13,591.61,437.33,396.17
2026-01-16 09:51:59,XPQ-01 Main,2026-01-16 09:51:00,705.14,70.6,5.008995,478.83,692.1,189.85,132.05,136.08,71.77,5.603372,478.87,719.55,200.73,138.11,144.94,72.4,4.734146,479.52,703.77,194.31,142.85,131.22,67.65,4.69273533333333,478.11,584.89,413.01,412.25
2026-01-16 09:52:59,XPQ-01 Main,2026-01-16 09:52:00,672.6,68.02,4.96566166666667,478.48,662.91,181.63,133.03,123.08,67.91,5.403372,478.76,675.87,188.58,133.59,131.91,70.26,4.76747933333333,479.35,679.02,187.24,140.62,123.21,65.9,4.72606866666667,477.32,557.45,407.24,378.19
2026-01-16 09:53:59,XPQ-01 Main,2026-01-16 09:53:00,675.18,67.1,5.298995,478.35,672.8,184.31,138.13,121.69,66.1,5.73670533333333,478.65,667.57,186.21,134.32,128.58,69.15,5.234146,479.2,685.18,188.88,141.7,124.64,66.05,4.92606866666667,477.21,559.39,414.14,374.91
2026-01-16 09:54:59,XPQ-01 Main,2026-01-16 09:54:00,745.98,70.8,4.93232833333333,478.61,745.54,204.35,145.39,143.23,70.18,5.37003866666667,478.6,739.11,206.13,141.84,148.91,72.41,4.834146,479.43,753.27,207.89,148.55,144.8,69.8,4.59273533333333,477.79,618.38,435.77,436.94
2026-01-16 09:55:59,XPQ-01 Main,2026-01-16 09:55:00,724.34,69.99,5.098995,479.42,720.49,197.82,141.81,137.57,69.63,5.33670533333333,479.44,721.82,201.66,140.21,144.44,71.75,5.06747933333333,480.23,730.72,202.0,146.69,138.29,68.6,4.89273533333333,478.57,601.48,428.71,420.29
2026-01-16 09:56:59,XPQ-01 Main,2026-01-16 09:56:00,739.41,69.74,5.208995,479.55,734.93,201.91,143.72,140.9,70.01,5.47003866666667,479.75,742.27,207.44,145.16,147.52,71.28,5.134146,480.21,741.05,204.83,149.98,138.79,67.92,5.02606866666667,478.68,614.18,438.86,427.21
2026-01-16 09:57:59,XPQ-01 Main,2026-01-16 09:57:00,756.41,71.79,4.92232833333333,479.54,750.09,206.12,141.03,150.14,72.89,5.27003866666667,479.67,767.96,214.52,146.41,156.33,72.99,4.734146,480.09,751.18,207.67,149.09,144.08,69.49,4.759402,478.87,628.32,436.52,450.55
2026-01-16 09:58:59,XPQ-01 Main,2026-01-16 09:58:00,760.36,73.89,5.198995,479.94,749.6,206.22,134.98,155.58,75.54,5.77003866666667,480.3,779.35,217.92,143.68,163.49,75.11,5.134146,480.34,752.11,208.01,146.28,147.57,71.02,4.69273533333333,479.19,632.15,424.94,466.64
2026-01-16 09:59:59,XPQ-01 Main,2026-01-16 09:59:00,762.22,71.9,4.85566166666667,479.41,752.0,206.47,142.86,148.65,72.1,5.203372,479.58,768.05,214.63,144.2,157.53,73.76,4.76747933333333,480.21,766.6,211.85,151.27,147.56,69.83,4.59273533333333,478.44,632.96,438.33,453.74
2026-01-16 10:00:59,XPQ-01 Main,2026-01-16 10:00:00,961.97,69.31,4.95566166666667,477.21,958.15,261.9,188.67,181.05,69.24,5.27003866666667,477.49,961.28,267.43,188.31,189.25,70.89,4.86747933333333,477.98,966.47,265.8,195.33,180.19,67.81,4.72606866666667,476.16,795.13,572.31,550.49
2026-01-16 10:01:59,XPQ-01 Main,2026-01-16 10:01:00,920.28,69.45,4.95566166666667,477.76,914.51,250.39,178.34,175.02,70.04,5.23670533333333,478.04,927.14,258.08,181.8,182.17,70.78,5.00081266666667,478.25,919.2,253.1,186.23,170.47,67.52,4.62606866666667,476.98,761.57,546.37,527.66
2026-01-16 10:02:59,XPQ-01 Main,2026-01-16 10:02:00,927.68,70.76,4.94232833333333,477.54,919.67,251.72,176.15,179.22,71.32,5.47003866666667,477.65,935.96,260.31,179.55,187.48,72.22,4.734146,477.99,927.42,255.34,185.05,175.09,68.73,4.62606866666667,476.98,767.36,540.75,541.79
2026-01-16 10:03:59,XPQ-01 Main,2026-01-16 10:03:00,972.88,71.75,5.43232833333333,476.86,968.75,264.63,182.87,189.94,72.04,5.903372,477.0,975.73,271.13,184.48,197.53,73.08,5.30081266666667,477.53,974.15,267.8,190.23,187.05,70.11,5.09273533333333,476.04,803.56,557.57,574.53
2026-01-16 10:04:59,XPQ-01 Main,2026-01-16 10:04:00,907.15,73.15,5.14232833333333,477.61,897.42,245.39,166.45,179.41,73.31,5.47003866666667,477.75,912.27,254.04,167.63,189.65,74.93,4.96747933333333,478.54,911.75,251.05,175.93,178.42,71.2,4.99273533333333,476.53,750.47,510.01,547.48
2026-01-16 10:05:59,XPQ-01 Main,2026-01-16 10:05:00,919.79,70.76,5.34566166666667,476.88,917.61,250.61,177.38,176.82,70.6,5.87003866666667,476.82,917.36,254.89,176.04,183.67,72.19,5.10081266666667,477.69,924.41,254.24,182.53,176.32,69.48,5.059402,476.12,759.74,535.95,536.8
2026-01-16 10:06:59,XPQ-01 Main,2026-01-16 10:06:00,891.21,71.24,5.178995,476.32,889.68,242.71,170.76,172.11,70.99,5.57003866666667,476.43,887.02,246.23,168.9,178.92,72.72,5.10081266666667,477.07,896.94,246.3,175.59,172.25,70.03,4.859402,475.44,735.25,515.25,523.27
2026-01-16 10:07:59,XPQ-01 Main,2026-01-16 10:07:00,875.93,72.65,5.03232833333333,476.53,868.35,236.9,162.96,171.71,72.54,5.57003866666667,476.58,876.72,243.54,162.42,181.02,74.43,5.00081266666667,477.47,882.73,242.55,170.67,171.94,70.97,4.52606866666667,475.54,722.99,496.05,524.68
2026-01-16 10:08:59,XPQ-01 Main,2026-01-16 10:08:00,949.72,71.42,5.418995,476.49,946.99,258.54,180.29,185.03,71.62,5.903372,476.72,950.98,264.05,181.06,191.94,72.74,5.234146,477.1,951.18,261.23,186.73,182.47,69.89,5.12606866666667,475.65,783.82,548.09,559.45
2026-01-16 10:09:59,XPQ-01 Main,2026-01-16 10:09:00,893.53,75.54,5.208995,477.06,885.36,241.94,158.13,182.66,75.61,5.77003866666667,477.31,896.49,249.28,158.33,192.14,77.17,4.86747933333333,477.77,898.75,247.14,166.4,182.2,73.84,4.99273533333333,476.11,738.35,482.86,556.99
2026-01-16 10:10:59,XPQ-01 Main,2026-01-16 10:10:00,913.46,71.53,5.56566166666667,476.29,910.77,248.39,173.09,177.47,71.59,6.003372,476.39,913.67,253.67,173.1,184.44,72.92,5.50081266666667,477.17,915.95,251.51,179.02,175.85,70.08,5.19273533333333,475.3,753.57,525.21,537.76
2026-01-16 10:11:59,XPQ-01 Main,2026-01-16 10:11:00,934.31,72.19,5.54232833333333,476.81,933.81,255.09,175.18,184.87,72.59,6.03670533333333,477.01,936.72,260.27,176.91,190.32,73.24,5.50081266666667,477.45,932.41,256.26,180.76,180.82,70.72,5.09273533333333,475.97,771.62,532.84,556.01
2026-01-16 10:12:59,XPQ-01 Main,2026-01-16 10:12:00,907.53,71.59,5.118995,476.84,905.06,247.17,172.0,176.76,71.67,5.53670533333333,477.02,908.28,252.46,172.09,183.59,72.96,5.06747933333333,477.64,909.27,249.94,177.77,174.9,70.13,4.759402,475.88,749.56,521.86,535.25
2026-01-16 10:13:59,XPQ-01 Main,2026-01-16 10:13:00,892.17,71.13,5.478995,477.6,884.96,242.21,167.97,174.06,71.96,5.903372,477.95,902.7,251.25,172.89,181.83,72.47,5.334146,478.12,888.86,244.63,176.86,168.48,68.97,5.19273533333333,476.73,738.08,517.73,524.37
2026-01-16 10:14:59,XPQ-01 Main,2026-01-16 10:14:00,897.42,70.82,5.16566166666667,476.97,897.24,245.14,172.97,173.29,70.78,5.53670533333333,477.08,895.24,248.83,172.12,179.14,72.11,5.10081266666667,477.7,899.77,247.43,177.44,171.8,69.56,4.859402,476.14,741.39,522.53,524.24
2026-01-16 10:15:59,XPQ-01 Main,2026-01-16 10:15:00,897.96,71.96,5.12232833333333,477.22,898.52,245.66,171.47,175.28,71.48,5.33670533333333,477.51,890.45,247.67,167.91,181.53,73.41,5.06747933333333,477.83,904.9,248.87,174.93,176.33,70.99,4.959402,476.31,742.2,514.3,533.14
2026-01-16 10:16:59,XPQ-01 Main,2026-01-16 10:16:00,961.78,71.86,5.288995,476.86,961.01,262.54,181.04,189.64,72.33,5.703372,477.09,965.33,268.27,183.1,195.29,72.95,5.16747933333333,477.52,959.0,263.6,187.16,185.03,70.3,4.99273533333333,475.99,794.4,551.3,569.96
2026-01-16 10:17:59,XPQ-01 Main,2026-01-16 10:17:00,908.37,70.47,5.11232833333333,477.26,901.56,246.55,175.21,172.83,70.23,5.37003866666667,477.49,907.32,252.32,173.9,182.01,72.3,5.10081266666667,477.83,916.23,252.05,182.4,173.35,68.89,4.859402,476.47,750.92,531.52,528.19
2026-01-16 10:18:59,XPQ-01 Main,2026-01-16 10:18:00,875.22,69.02,5.188995,477.99,877.38,240.23,174.6,164.38,68.55,5.53670533333333,478.16,867.37,241.62,171.04,169.66,70.42,5.034146,478.69,880.91,242.73,177.45,165.01,68.1,4.99273533333333,477.12,724.58,523.08,499.05
2026-01-16 10:19:59,XPQ-01 Main,2026-01-16 10:19:00,860.81,68.35,4.908995,477.44,861.54,235.67,172.58,159.88,67.96,5.37003866666667,477.57,854.28,237.63,169.93,165.65,69.8,4.86747933333333,478.04,866.61,238.54,176.11,160.17,67.28,4.49273533333333,476.72,711.84,518.62,485.7
2026-01-16 10:20:59,XPQ-01 Main,2026-01-16 10:20:00,890.75,69.7,5.24232833333333,476.71,885.9,242.0,172.68,168.94,69.93,5.703372,476.94,893.44,248.15,173.93,176.39,71.21,5.034146,477.24,892.9,245.35,179.63,166.47,67.97,4.99273533333333,475.95,735.5,526.24,511.8
2026-01-16 10:21:59,XPQ-01 Main,2026-01-16 10:21:00,896.29,70.4,5.35566166666667,475.77,890.19,242.81,169.29,173.58,71.59,5.63670533333333,476.01,909.72,252.07,175.95,179.99,71.51,5.334146,476.08,888.96,243.78,178.22,165.75,68.1,5.09273533333333,475.22,738.65,523.46,519.32
2026-01-16 10:22:59,XPQ-01 Main,2026-01-16 10:22:00,922.65,70.45,5.05232833333333,475.38,918.65,250.21,175.49,178.02,71.22,5.33670533333333,475.46,930.72,257.75,179.58,184.37,71.63,5.00081266666667,476.0,918.59,251.78,183.22,172.33,68.51,4.82606866666667,474.69,759.74,538.29,534.72
2026-01-16 10:23:59,XPQ-01 Main,2026-01-16 10:23:00,903.45,70.07,5.05232833333333,475.55,904.58,246.38,176.07,171.9,69.86,5.503372,475.63,898.66,249.04,174.09,177.22,71.34,5.034146,476.33,907.1,248.71,179.59,171.22,69.0,4.62606866666667,474.69,744.13,529.75,520.34
2026-01-16 10:24:59,XPQ-01 Main,2026-01-16 10:24:00,892.78,69.29,5.16566166666667,475.18,890.57,242.37,174.04,168.3,69.52,5.47003866666667,475.19,894.37,247.63,174.96,174.55,70.63,5.16747933333333,475.96,893.4,244.81,179.84,165.54,67.72,4.859402,474.39,734.81,528.83,508.39
2026-01-16 10:25:59,XPQ-01 Main,2026-01-16 10:25:00,875.58,69.34,5.14566166666667,475.35,871.04,237.38,169.15,166.12,70.07,5.503372,475.64,883.22,244.53,173.0,172.5,70.61,4.934146,475.66,872.47,239.02,176.46,160.74,67.34,4.99273533333333,474.76,720.93,518.61,499.35
2026-01-16 10:26:59,XPQ-01 Main,2026-01-16 10:26:00,871.06,69.69,5.188995,475.41,870.42,236.98,170.09,164.5,69.52,5.47003866666667,475.56,868.24,240.6,168.65,170.64,71.12,5.30081266666667,476.23,874.54,239.68,174.55,163.73,68.41,4.79273533333333,474.45,717.27,513.29,498.87
2026-01-16 10:27:59,XPQ-01 Main,2026-01-16 10:27:00,876.83,70.39,5.23232833333333,474.54,871.19,236.96,165.72,168.54,71.31,5.67003866666667,474.82,887.64,245.39,170.8,175.16,71.6,5.10081266666667,474.96,871.65,238.39,173.81,162.42,68.28,4.92606866666667,473.85,720.74,510.33,506.13
2026-01-16 10:28:59,XPQ-01 Main,2026-01-16 10:28:00,897.13,70.22,4.798995,474.4,894.43,243.17,171.19,171.67,70.81,5.203372,474.82,903.09,249.7,174.31,177.74,71.4,4.66747933333333,474.9,893.87,244.32,177.83,166.97,68.45,4.52606866666667,473.48,737.19,523.33,516.37
2026-01-16 10:29:59,XPQ-01 Main,2026-01-16 10:29:00,897.63,70.54,4.998995,474.06,894.99,243.22,170.32,172.74,71.21,5.27003866666667,474.41,903.77,249.6,173.67,178.16,71.61,4.834146,474.4,894.12,244.25,176.6,167.37,68.79,4.89273533333333,473.37,737.07,520.59,518.28
2026-01-16 10:30:59,XPQ-01 Main,2026-01-16 10:30:00,874.37,71.95,5.23232833333333,473.95,869.88,236.29,162.82,170.3,72.28,5.503372,474.38,877.76,242.45,164.31,177.41,73.37,5.00081266666667,474.4,875.47,239.05,169.79,167.43,70.22,5.19273533333333,473.06,717.79,496.92,515.14
2026-01-16 10:31:59,XPQ-01 Main,2026-01-16 10:31:00,845.75,69.95,5.22232833333333,474.91,847.66,230.67,165.6,160.12,69.51,5.403372,475.1,838.74,232.08,162.41,165.17,71.3,5.234146,475.49,850.85,232.92,168.15,160.48,69.04,5.02606866666667,474.16,695.68,496.17,485.77
2026-01-16 10:32:59,XPQ-01 Main,2026-01-16 10:32:00,850.51,71.72,5.15232833333333,475.29,849.1,231.25,161.14,165.19,71.58,5.67003866666667,475.48,847.79,234.76,159.63,171.33,73.16,4.734146,475.82,854.64,234.15,165.8,164.47,70.42,5.059402,474.56,700.16,486.58,500.98
2026-01-16 10:33:59,XPQ-01 Main,2026-01-16 10:33:00,862.5,71.44,5.008995,474.72,859.26,233.6,163.34,166.58,71.4,5.43670533333333,474.81,862.14,238.54,162.85,173.57,72.93,4.90081266666667,475.54,866.09,237.05,168.9,165.56,70.0,4.69273533333333,473.8,709.19,495.09,505.71
2026-01-16 10:34:59,XPQ-01 Main,2026-01-16 10:34:00,891.69,71.68,5.23232833333333,474.37,888.36,241.41,167.41,172.99,71.86,5.703372,474.79,893.64,247.17,168.08,180.05,73.1,5.10081266666667,475.04,893.06,244.08,173.8,170.71,70.07,4.89273533333333,473.29,732.66,509.29,523.74
2026-01-16 10:35:59,XPQ-01 Main,2026-01-16 10:35:00,898.46,71.59,5.25232833333333,473.72,897.26,243.68,166.95,176.79,72.7,5.67003866666667,474.23,908.9,250.9,172.7,181.33,72.41,5.30081266666667,474.03,889.21,242.66,173.79,168.65,69.64,4.79273533333333,472.91,737.24,513.45,526.77
2026-01-16 10:36:59,XPQ-01 Main,2026-01-16 10:36:00,907.49,70.04,4.94566166666667,472.55,901.52,244.21,172.0,172.75,70.87,5.303372,472.94,917.7,252.67,176.67,179.68,71.3,5.10081266666667,472.93,903.25,245.94,180.09,166.77,67.95,4.42606866666667,471.79,742.82,528.76,519.2
2026-01-16 10:37:59,XPQ-01 Main,2026-01-16 10:37:00,890.11,70.64,5.098995,472.74,886.72,240.31,167.69,171.55,71.48,5.703372,473.18,898.65,247.55,172.14,177.4,71.76,4.90081266666667,473.09,884.96,241.02,174.84,165.26,68.68,4.69273533333333,471.95,728.88,514.68,514.21
2026-01-16 10:38:59,XPQ-01 Main,2026-01-16 10:38:00,849.89,69.12,5.06566166666667,473.59,849.49,230.47,165.57,159.75,69.43,5.63670533333333,473.93,851.55,235.1,166.82,165.01,70.32,4.90081266666667,474.28,848.63,231.59,170.44,156.34,67.6,4.659402,472.56,697.16,502.84,481.11
2026-01-16 10:39:59,XPQ-01 Main,2026-01-16 10:39:00,892.04,71.26,5.298995,473.14,885.82,240.25,165.62,173.57,72.35,5.63670533333333,473.42,904.6,249.32,171.68,180.16,72.39,5.134146,473.5,885.71,241.52,174.28,166.3,69.04,5.12606866666667,472.51,731.09,511.58,520.04
2026-01-16 10:40:59,XPQ-01 Main,2026-01-16 10:40:00,901.26,70.13,5.43232833333333,472.45,894.04,242.02,169.68,172.16,71.22,5.83670533333333,472.76,914.72,251.87,176.04,179.32,71.36,5.234146,473.02,895.02,243.68,178.83,164.97,67.81,5.22606866666667,471.57,737.57,524.54,516.46
2026-01-16 10:41:59,XPQ-01 Main,2026-01-16 10:41:00,890.08,70.2,5.53232833333333,472.71,882.88,239.26,166.37,171.19,71.71,5.803372,473.06,907.66,249.94,174.83,177.48,71.24,5.434146,473.03,879.69,239.63,175.96,161.68,67.66,5.359402,472.04,728.83,517.15,510.35
2026-01-16 10:42:59,XPQ-01 Main,2026-01-16 10:42:00,889.97,69.9,5.24566166666667,472.45,885.41,239.8,168.46,169.8,70.99,5.703372,472.88,901.67,248.22,174.33,175.54,70.96,5.034146,472.82,882.84,240.31,176.23,162.32,67.75,4.99273533333333,471.66,728.33,519.01,507.66
2026-01-16 10:43:59,XPQ-01 Main,2026-01-16 10:43:00,858.52,72.15,5.918995,473.85,854.87,232.19,158.7,168.97,72.89,6.43670533333333,474.21,865.79,239.04,162.25,175.02,73.34,5.834146,474.26,854.9,233.42,166.01,163.75,70.22,5.49273533333333,473.07,704.65,486.96,507.74
2026-01-16 10:44:59,XPQ-01 Main,2026-01-16 10:44:00,756.6,71.32,5.298995,476.19,757.43,206.64,146.37,144.89,70.35,5.77003866666667,476.57,745.92,207.07,140.88,150.54,73.02,5.30081266666667,476.81,766.45,210.3,148.43,147.9,70.58,4.82606866666667,475.2,624.01,435.69,443.33
2026-01-16 10:45:59,XPQ-01 Main,2026-01-16 10:45:00,744.03,72.7,5.278995,477.67,743.07,203.43,141.96,145.0,71.46,5.57003866666667,478.03,731.88,203.72,135.17,151.68,74.66,5.20081266666667,478.1,757.14,208.4,144.19,149.6,72.0,5.059402,476.89,615.55,421.32,446.28
2026-01-16 10:46:59,XPQ-01 Main,2026-01-16 10:46:00,796.46,73.27,5.31232833333333,477.58,792.7,216.96,147.98,157.85,72.95,5.87003866666667,477.86,793.16,220.7,145.72,165.04,74.96,5.16747933333333,478.04,803.54,221.16,153.32,158.58,71.89,4.89273533333333,476.83,658.83,447.01,481.47
2026-01-16 10:47:59,XPQ-01 Main,2026-01-16 10:47:00,797.78,72.22,5.198995,477.0,793.46,216.87,151.14,155.04,71.6,5.57003866666667,477.18,792.77,220.33,147.52,162.7,74.08,5.16747933333333,477.57,807.12,221.93,156.0,157.15,70.97,4.859402,476.27,659.13,454.66,474.89
2026-01-16 10:48:59,XPQ-01 Main,2026-01-16 10:48:00,828.47,72.57,5.27566166666667,477.09,825.17,225.63,155.25,163.22,72.46,5.603372,477.33,827.42,229.97,153.95,169.69,74.06,5.434146,477.55,832.81,229.0,160.41,162.56,71.18,4.79273533333333,476.4,684.61,469.61,495.47
2026-01-16 10:49:59,XPQ-01 Main,2026-01-16 10:49:00,737.21,74.15,5.45566166666667,479.86,731.64,201.28,132.05,150.65,75.2,5.903372,480.19,748.14,209.13,136.92,156.88,75.34,5.334146,480.19,731.84,202.37,140.24,145.06,71.9,5.12606866666667,479.21,612.77,409.21,452.59
2026-01-16 10:50:59,XPQ-01 Main,2026-01-16 10:50:00,682.23,73.81,5.298995,480.24,677.13,186.42,124.47,138.25,74.32,5.703372,480.6,687.69,192.4,126.35,144.15,75.2,5.16747933333333,480.57,681.87,188.69,130.74,135.28,71.91,5.02606866666667,479.55,567.51,381.57,417.68
2026-01-16 10:51:59,XPQ-01 Main,2026-01-16 10:51:00,698.3,74.26,5.17566166666667,480.52,695.35,191.52,127.64,141.66,74.29,5.903372,480.77,698.97,195.66,127.17,147.58,75.75,4.934146,480.93,700.58,194.02,132.81,140.71,72.72,4.69273533333333,479.86,581.2,387.61,429.95
2026-01-16 10:52:59,XPQ-01 Main,2026-01-16 10:52:00,750.48,74.19,4.978995,479.09,746.1,204.98,134.51,154.25,75.37,5.57003866666667,479.35,761.6,212.47,139.87,159.47,75.18,4.80081266666667,479.3,743.73,205.35,142.16,147.59,72.02,4.559402,478.63,622.8,416.54,461.31
2026-01-16 10:53:59,XPQ-01 Main,2026-01-16 10:53:00,711.24,74.22,5.53232833333333,479.63,703.25,193.45,126.55,145.94,75.55,5.93670533333333,479.87,724.98,202.45,132.68,152.56,75.45,5.36747933333333,479.79,705.48,195.02,135.76,139.49,71.66,5.29273533333333,479.24,590.91,394.99,437.99
2026-01-16 10:54:59,XPQ-01 Main,2026-01-16 10:54:00,1096.85,59.98,7.53232833333333,474.51,1087.83,295.99,230.11,180.59,61.74,8.103372,475.02,1118.34,309.11,241.96,187.44,61.24,7.334146,474.68,1084.38,296.47,240.96,167.01,56.96,7.159402,473.84,901.57,713.03,535.04
2026-01-16 10:55:59,XPQ-01 Main,2026-01-16 10:55:00,897.04,69.8,9.96566166666667,476.82,891.69,243.68,172.81,171.37,70.41,10.903372,477.13,904.37,251.26,176.17,178.36,71.15,7.36747933333333,477.29,895.06,245.95,180.45,166.59,67.83,11.6260686666667,476.05,740.89,529.42,516.32
2026-01-16 10:56:59,XPQ-01 Main,2026-01-16 10:56:00,971.83,75.33,5.05566166666667,475.91,972.63,265.09,174.75,198.96,75.13,5.17003866666667,475.98,967.09,268.23,172.33,205.04,76.55,5.034146,476.71,975.78,267.76,178.9,198.57,74.3,4.959402,475.05,801.08,525.98,602.57
2026-01-16 10:57:59,XPQ-01 Main,2026-01-16 10:57:00,1050.13,78.6,5.26566166666667,475.68,1047.94,285.58,176.86,223.72,78.45,5.77003866666667,476.01,1046.75,290.22,174.36,231.63,79.89,4.96747933333333,476.29,1055.7,289.41,182.72,223.87,77.47,5.059402,474.73,865.2,533.94,679.23
2026-01-16 10:58:59,XPQ-01 Main,2026-01-16 10:58:00,1159.42,76.8,8.13232833333333,473.72,1159.39,314.65,197.19,244.72,77.87,8.57003866666667,473.9,1173.35,323.86,204.56,250.5,77.45,7.76747933333333,474.32,1145.53,312.85,206.43,234.61,75.07,8.059402,472.93,951.36,608.19,729.82
2026-01-16 10:59:59,XPQ-01 Main,2026-01-16 10:59:00,1081.3,77.89,4.818995,474.24,1073.2,291.72,178.09,230.6,79.15,5.33670533333333,474.54,1100.79,304.11,186.88,239.49,78.84,4.66747933333333,474.62,1069.89,292.42,190.93,221.15,75.69,4.459402,473.56,888.26,555.9,691.24
2026-01-16 11:00:59,XPQ-01 Main,2026-01-16 11:00:00,1072.11,77.44,4.88566166666667,474.28,1065.84,289.68,180.63,226.08,78.13,5.37003866666667,474.53,1082.8,299.21,184.8,234.67,78.56,4.70081266666667,474.78,1067.68,291.88,190.75,220.42,75.62,4.59273533333333,473.54,880.76,556.18,681.17
2026-01-16 11:01:59,XPQ-01 Main,2026-01-16 11:01:00,1058.6,77.68,5.33232833333333,474.83,1054.05,286.75,179.99,222.9,77.8,5.803372,475.04,1060.72,293.48,179.6,231.25,78.98,5.30081266666667,475.44,1061.03,290.42,187.59,221.2,76.27,4.89273533333333,474.03,870.65,547.18,675.36
2026-01-16 11:02:59,XPQ-01 Main,2026-01-16 11:02:00,974.89,75.2,5.34566166666667,475.13,967.42,263.41,171.27,199.81,75.93,5.83670533333333,475.37,985.07,272.69,175.47,208.26,76.47,5.06747933333333,475.64,972.17,266.23,181.15,194.56,73.19,5.12606866666667,474.38,802.33,527.9,602.63
2026-01-16 11:03:59,XPQ-01 Main,2026-01-16 11:03:00,996.15,75.9,5.698995,474.87,990.88,269.69,175.69,204.23,75.81,6.103372,475.16,995.48,275.4,174.17,212.98,77.41,5.534146,475.29,1002.08,274.25,182.71,203.94,74.48,5.459402,474.16,819.35,532.57,621.15
2026-01-16 11:04:59,XPQ-01 Main,2026-01-16 11:04:00,997.89,74.33,4.798995,474.44,993.78,270.28,177.75,203.42,75.3,5.203372,474.6,1009.5,278.91,183.23,209.98,75.35,4.60081266666667,474.79,990.37,270.88,186.87,195.83,72.35,4.59273533333333,473.93,820.07,547.86,609.23
2026-01-16 11:05:59,XPQ-01 Main,2026-01-16 11:05:00,956.8,76.78,4.198995,475.46,952.34,259.66,163.91,200.78,77.46,4.63670533333333,475.77,965.01,267.18,167.37,207.69,77.86,4.234146,475.66,953.06,261.15,172.27,195.43,75.01,3.72606866666667,474.97,787.99,503.55,603.9
2026-01-16 11:06:59,XPQ-01 Main,2026-01-16 11:06:00,917.78,74.39,4.45566166666667,475.29,912.24,248.5,164.38,185.95,74.92,4.903372,475.64,924.79,256.1,167.09,193.57,75.7,4.46747933333333,475.71,916.3,250.96,172.62,181.91,72.54,3.9927353333333295,474.51,755.57,504.08,561.43
2026-01-16 11:07:59,XPQ-01 Main,2026-01-16 11:07:00,1008.46,77.47,4.288995,475.09,1003.64,273.27,171.42,212.42,77.82,4.73670533333333,475.32,1013.61,280.53,172.73,220.23,78.69,4.26747933333333,475.53,1008.13,276.07,179.5,209.21,75.89,3.859402,474.41,829.87,523.64,641.86
2026-01-16 11:08:59,XPQ-01 Main,2026-01-16 11:08:00,1396.95,65.71,4.34232833333333,469.35,1389.65,373.63,270.37,237.86,66.05,5.03670533333333,469.73,1406.89,384.91,273.8,248.32,67.18,4.26747933333333,469.96,1394.31,377.14,279.83,232.54,63.91,3.7260686666666705,468.35,1135.68,824.01,718.72
2026-01-16 11:09:59,XPQ-01 Main,2026-01-16 11:09:00,1150.46,74.63,3.97566166666667,472.51,1145.45,310.21,203.19,234.15,75.53,4.33670533333333,472.85,1163.49,320.31,209.28,241.94,75.63,4.06747933333333,472.93,1142.46,311.09,213.25,226.05,72.74,3.52606866666667,471.75,941.61,625.72,702.14
2026-01-16 11:10:59,XPQ-01 Main,2026-01-16 11:10:00,1096.31,75.55,4.35566166666667,472.94,1092.78,296.21,190.76,226.32,76.46,4.93670533333333,473.18,1108.03,305.26,196.46,232.91,76.44,4.30081266666667,473.36,1088.11,296.63,199.95,218.42,73.76,3.8260686666666706,472.27,898.1,587.17,677.64
2026-01-16 11:11:59,XPQ-01 Main,2026-01-16 11:11:00,1013.8,79.38,4.208995,474.88,1010.04,274.88,163.3,220.95,80.42,4.703372,475.0,1028.0,284.33,169.7,227.74,80.19,4.00081266666667,475.35,1003.36,274.71,173.33,212.77,77.53,3.92606866666667,474.3,833.93,506.33,661.46
2026-01-16 11:12:59,XPQ-01 Main,2026-01-16 11:12:00,1055.59,79.17,3.8756616666666703,474.14,1052.53,286.01,171.4,228.78,80.03,4.27003866666667,474.28,1067.14,294.69,176.45,235.24,80.0,4.00081266666667,474.57,1047.09,286.23,180.62,221.44,77.49,3.359402,473.57,866.93,528.47,685.46
2026-01-16 11:13:59,XPQ-01 Main,2026-01-16 11:13:00,1074.56,79.72,4.22232833333333,474.09,1072.93,291.6,172.37,234.93,80.63,4.43670533333333,474.39,1086.05,299.91,177.95,241.19,80.47,4.334146,474.42,1064.7,290.91,181.7,226.92,78.06,3.89273533333333,473.46,882.42,532.01,703.04
2026-01-16 11:14:59,XPQ-01 Main,2026-01-16 11:14:00,1063.84,79.53,4.36566166666667,474.22,1058.65,287.75,170.45,231.6,80.54,4.77003866666667,474.36,1078.58,297.87,176.9,239.18,80.4,4.30081266666667,474.62,1054.28,288.24,181.39,223.53,77.65,4.02606866666667,473.69,873.87,528.74,694.31
2026-01-16 11:15:59,XPQ-01 Main,2026-01-16 11:15:00,1062.39,79.91,4.35232833333333,472.99,1060.54,287.44,171.31,230.6,80.27,4.73670533333333,473.05,1066.0,293.66,172.33,237.3,80.91,4.26747933333333,473.49,1060.61,289.27,178.78,226.92,78.55,4.059402,472.43,870.37,522.43,694.83
2026-01-16 11:16:59,XPQ-01 Main,2026-01-16 11:16:00,1073.48,79.19,4.24232833333333,474.2,1072.9,291.53,176.1,232.12,79.67,4.63670533333333,474.21,1078.35,297.79,178.16,237.88,80.04,4.26747933333333,474.71,1069.17,292.38,183.02,227.02,77.85,3.8260686666666706,473.67,881.7,537.28,697.02
2026-01-16 11:17:59,XPQ-01 Main,2026-01-16 11:17:00,1037.39,77.83,4.12232833333333,474.48,1036.85,282.07,173.49,222.22,78.82,4.603372,474.71,1048.59,289.72,179.26,227.37,78.53,4.20081266666667,474.74,1026.72,280.8,181.84,213.6,76.15,3.559402,473.99,852.59,534.59,663.19
2026-01-16 11:18:59,XPQ-01 Main,2026-01-16 11:18:00,1090.05,78.42,4.34566166666667,473.29,1089.71,295.53,179.25,234.8,79.48,4.77003866666667,473.4,1103.34,304.19,186.07,240.27,79.06,4.434146,473.83,1077.1,293.92,188.48,225.38,76.71,3.8260686666666706,472.65,893.64,553.8,700.45
2026-01-16 11:19:59,XPQ-01 Main,2026-01-16 11:19:00,1104.45,79.34,4.13232833333333,473.25,1101.83,298.79,178.52,239.47,80.17,4.53670533333333,473.25,1115.62,307.47,183.67,246.26,80.16,4.034146,473.77,1095.88,299.09,188.14,232.1,77.68,3.8260686666666706,472.72,905.34,550.33,717.83
2026-01-16 11:20:59,XPQ-01 Main,2026-01-16 11:20:00,1088.15,80.13,4.15566166666667,473.53,1091.23,296.19,175.57,238.23,80.5,4.503372,473.68,1089.48,300.43,176.48,242.36,80.84,4.20081266666667,473.89,1083.76,295.86,180.76,233.4,79.06,3.759402,473.01,892.49,532.8,713.99
2026-01-16 11:21:59,XPQ-01 Main,2026-01-16 11:21:00,1072.85,80.11,4.188995,473.39,1067.38,289.45,172.13,232.38,80.36,4.67003866666667,473.67,1077.2,297.21,172.59,241.02,81.3,4.20081266666667,474.04,1073.97,293.02,180.71,230.18,78.66,3.6927353333333297,472.45,879.69,525.42,703.58
2026-01-16 11:22:59,XPQ-01 Main,2026-01-16 11:22:00,1063.88,78.91,3.84232833333333,473.21,1065.14,288.71,177.01,227.87,78.97,4.13670533333333,473.35,1061.96,292.85,175.6,233.52,79.92,3.7674793333333296,473.92,1064.55,290.42,182.15,225.81,77.83,3.62606866666667,472.35,871.98,534.76,687.2
2026-01-16 11:23:59,XPQ-01 Main,2026-01-16 11:23:00,1039.34,79.72,4.26566166666667,473.38,1033.04,280.2,167.54,224.62,80.16,4.77003866666667,473.45,1046.4,288.52,169.54,233.38,80.9,4.16747933333333,473.92,1038.59,283.5,177.03,221.23,78.08,3.859402,472.77,852.21,514.11,679.23
2026-01-16 11:24:59,XPQ-01 Main,2026-01-16 11:24:00,1041.52,79.29,4.12232833333333,472.8,1038.84,281.39,170.35,223.71,79.56,4.57003866666667,473.15,1044.83,287.95,170.86,230.82,80.38,4.26747933333333,473.42,1040.87,283.6,177.47,220.8,77.94,3.52606866666667,471.83,852.93,518.67,675.33
2026-01-16 11:25:59,XPQ-01 Main,2026-01-16 11:25:00,1055.33,78.58,4.24566166666667,472.64,1056.42,286.06,174.69,226.52,79.19,4.63670533333333,472.62,1060.92,292.05,177.47,231.5,79.36,4.20081266666667,473.24,1048.66,285.84,181.57,220.53,77.2,3.89273533333333,472.04,863.95,533.74,678.55
2026-01-16 11:26:59,XPQ-01 Main,2026-01-16 11:26:00,1077.61,79.01,4.06566166666667,472.51,1074.38,290.95,174.84,232.39,79.91,4.703372,472.74,1089.38,299.86,180.37,239.32,79.86,4.06747933333333,472.96,1069.06,291.17,184.83,224.9,77.26,3.42606866666667,471.84,881.98,540.03,696.61
2026-01-16 11:27:59,XPQ-01 Main,2026-01-16 11:27:00,1068.17,79.98,4.04232833333333,472.49,1068.87,289.39,172.64,231.91,80.21,4.47003866666667,472.71,1068.18,294.04,172.49,237.65,80.93,3.96747933333333,472.99,1067.47,290.74,178.86,228.81,78.79,3.6927353333333297,471.77,874.18,523.99,698.37
2026-01-16 11:28:59,XPQ-01 Main,2026-01-16 11:28:00,1077.27,79.8,4.278995,472.22,1072.15,290.17,172.5,233.17,80.39,4.73670533333333,472.33,1086.43,298.77,175.57,240.84,80.81,4.234146,472.66,1073.24,292.21,181.81,228.18,78.21,3.859402,471.68,881.15,529.88,702.19
2026-01-16 11:29:59,XPQ-01 Main,2026-01-16 11:29:00,1036.78,79.03,4.18566166666667,472.89,1035.57,280.67,172.37,221.18,78.88,4.803372,473.11,1032.35,284.37,169.43,228.12,80.28,4.10081266666667,473.32,1042.42,284.15,177.76,221.19,77.95,3.659402,472.24,849.19,519.56,670.49
2026-01-16 11:30:59,XPQ-01 Main,2026-01-16 11:30:00,937.62,78.1,4.36566166666667,473.66,930.52,252.63,156.58,197.71,78.39,4.73670533333333,473.91,942.89,260.15,157.36,205.84,79.44,4.434146,474.06,939.45,256.48,164.76,195.54,76.47,3.92606866666667,473.0,769.26,478.69,599.09
2026-01-16 11:31:59,XPQ-01 Main,2026-01-16 11:31:00,998.25,74.4,4.488995,472.69,993.16,269.05,178.52,200.76,74.73,4.703372,472.89,1003.45,276.29,179.65,207.66,75.63,4.70081266666667,473.15,998.15,271.98,185.59,197.38,72.85,4.059402,472.03,817.32,543.76,605.8
2026-01-16 11:32:59,XPQ-01 Main,2026-01-16 11:32:00,1018.22,73.71,4.26566166666667,471.22,1013.58,273.75,182.61,203.6,74.44,4.73670533333333,471.38,1027.95,282.12,186.6,210.25,74.79,4.36747933333333,471.64,1013.14,275.23,190.97,197.47,71.88,3.6927353333333297,470.64,831.1,560.18,611.31
2026-01-16 11:33:59,XPQ-01 Main,2026-01-16 11:33:00,1114.35,76.36,4.198995,473.62,1109.62,301.2,192.51,231.14,76.84,4.63670533333333,473.77,1121.8,309.44,194.81,238.93,77.5,4.26747933333333,474.04,1111.64,303.53,201.29,226.46,74.74,3.6927353333333297,473.04,914.17,588.62,696.53
2026-01-16 11:34:59,XPQ-01 Main,2026-01-16 11:34:00,1113.71,76.31,4.198995,474.41,1107.72,301.16,191.9,231.16,76.94,4.503372,474.53,1124.56,310.73,195.65,239.54,77.45,4.26747933333333,474.89,1108.86,303.3,201.89,225.67,74.53,3.8260686666666706,473.81,915.19,589.44,696.37
2026-01-16 11:35:59,XPQ-01 Main,2026-01-16 11:35:00,1080.62,75.85,4.44232833333333,474.8,1072.52,291.82,187.42,222.96,76.55,5.003372,474.97,1092.8,302.24,191.77,231.86,77.06,4.40081266666667,475.3,1076.53,294.67,197.95,217.38,73.94,3.92606866666667,474.14,888.74,577.14,672.2
2026-01-16 11:36:59,XPQ-01 Main,2026-01-16 11:36:00,1130.16,74.72,4.08566166666667,473.56,1123.7,304.92,200.41,228.77,75.22,4.603372,473.78,1140.07,314.55,203.26,237.21,75.94,4.00081266666667,474.09,1126.72,307.58,209.6,223.99,73.02,3.659402,472.81,927.05,613.27,689.97
2026-01-16 11:37:59,XPQ-01 Main,2026-01-16 11:37:00,1095.37,75.7,4.288995,474.35,1089.74,296.27,191.48,224.89,76.14,4.87003866666667,474.39,1103.12,304.68,193.5,233.11,76.95,4.30081266666667,474.8,1093.24,299.05,200.65,220.92,74.02,3.6927353333333297,473.88,900.0,585.63,678.92
2026-01-16 11:38:59,XPQ-01 Main,2026-01-16 11:38:00,1100.9,77.25,4.33232833333333,474.61,1096.36,298.18,187.45,231.35,77.7,4.97003866666667,474.6,1107.99,306.21,189.41,238.75,78.34,4.16747933333333,475.12,1098.36,300.64,195.97,227.11,75.71,3.859402,474.11,905.03,572.83,697.21
2026-01-16 11:39:59,XPQ-01 Main,2026-01-16 11:39:00,1083.74,76.93,4.208995,475.61,1083.43,295.24,187.1,227.41,77.22,4.57003866666667,475.61,1087.03,301.1,187.65,233.46,77.94,4.334146,476.18,1080.77,296.45,193.6,223.82,75.63,3.7260686666666705,475.04,892.79,568.35,684.69
2026-01-16 11:40:59,XPQ-01 Main,2026-01-16 11:40:00,1102.21,76.45,4.23232833333333,476.03,1100.68,300.25,191.77,230.46,76.87,4.57003866666667,476.08,1107.22,306.96,193.44,236.95,77.46,4.36747933333333,476.56,1098.73,301.61,199.16,225.97,75.02,3.759402,475.45,908.81,584.37,693.38
2026-01-16 11:41:59,XPQ-01 Main,2026-01-16 11:41:00,1126.78,77.04,4.008995,476.35,1124.81,307.07,193.95,237.58,77.47,4.33670533333333,476.42,1131.34,313.83,195.66,244.46,78.07,4.16747933333333,476.8,1124.2,308.79,201.85,232.98,75.58,3.52606866666667,475.81,929.69,591.45,715.02
2026-01-16 11:42:59,XPQ-01 Main,2026-01-16 11:42:00,1067.55,76.81,4.03232833333333,476.85,1070.76,292.58,187.46,224.32,76.73,4.33670533333333,476.83,1062.51,295.04,184.9,229.2,77.83,4.06747933333333,477.39,1069.38,294.09,191.38,222.83,75.86,3.6927353333333297,476.34,881.72,563.74,676.35
2026-01-16 11:43:59,XPQ-01 Main,2026-01-16 11:43:00,1074.17,77.13,4.298995,475.64,1075.73,293.22,185.07,226.98,77.5,4.73670533333333,475.66,1076.42,298.13,186.11,232.03,78.01,4.40081266666667,476.14,1070.37,293.6,190.93,222.5,75.89,3.759402,475.12,884.95,562.1,681.5
2026-01-16 11:44:59,XPQ-01 Main,2026-01-16 11:44:00,1065.96,76.37,4.15566166666667,476.6,1066.09,291.16,186.24,223.43,76.81,4.603372,476.75,1069.42,296.89,188.02,229.27,77.32,4.034146,477.13,1062.38,291.93,193.02,218.71,74.98,3.8260686666666706,475.93,879.97,567.29,671.41
2026-01-16 11:45:59,XPQ-01 Main,2026-01-16 11:45:00,1067.5,76.72,4.32232833333333,476.53,1068.39,291.77,186.3,224.03,76.89,4.83670533333333,476.57,1067.09,296.11,185.76,229.65,77.75,4.26747933333333,477.01,1067.02,293.22,191.9,221.05,75.51,3.859402,476.02,881.1,563.96,674.73
2026-01-16 11:46:59,XPQ-01 Main,2026-01-16 11:46:00,1086.84,77.43,3.92232833333333,476.3,1079.08,294.55,185.02,228.77,77.75,4.27003866666667,476.48,1092.54,303.11,186.31,238.61,78.82,4.134146,476.78,1088.88,298.99,195.19,226.22,75.71,3.359402,475.63,896.64,566.51,693.61
2026-01-16 11:47:59,XPQ-01 Main,2026-01-16 11:47:00,1138.37,77.01,4.17566166666667,474.89,1132.04,308.16,193.34,239.54,77.82,4.57003866666667,475.19,1150.52,318.26,198.62,248.24,78.08,4.234146,475.26,1132.55,309.97,204.46,232.75,75.13,3.7260686666666705,474.21,936.39,596.41,720.53
2026-01-16 11:48:59,XPQ-01 Main,2026-01-16 11:48:00,1084.89,79.35,4.26566166666667,475.61,1081.84,294.78,178.99,233.67,79.39,4.73670533333333,475.92,1084.79,300.69,177.62,241.8,80.59,4.20081266666667,476.23,1088.03,298.24,186.16,232.66,78.08,3.859402,474.67,893.72,542.77,708.13
2026-01-16 11:49:59,XPQ-01 Main,2026-01-16 11:49:00,1126.67,77.47,3.97566166666667,475.14,1121.48,305.33,190.38,238.34,78.13,4.27003866666667,475.16,1137.01,314.62,194.23,246.57,78.55,3.934146,475.69,1121.51,307.29,200.43,232.46,75.74,3.7260686666666705,474.55,927.25,585.04,717.37
2026-01-16 11:50:59,XPQ-01 Main,2026-01-16 11:50:00,1133.96,76.16,3.88566166666667,474.99,1133.19,308.41,197.91,236.09,76.64,4.17003866666667,475.29,1138.8,315.2,200.35,242.96,77.15,4.00081266666667,475.56,1129.9,309.32,205.6,230.89,74.68,3.49273533333333,474.11,932.93,603.87,709.94
2026-01-16 11:51:59,XPQ-01 Main,2026-01-16 11:51:00,1120.11,77.0,4.188995,475.07,1119.97,304.82,193.54,235.13,77.21,4.603372,475.29,1120.8,310.27,193.59,241.99,78.09,4.40081266666667,475.71,1119.57,306.61,200.25,231.96,75.69,3.559402,474.23,921.7,587.39,709.08
2026-01-16 11:52:59,XPQ-01 Main,2026-01-16 11:52:00,1147.13,75.82,4.32232833333333,474.33,1143.69,310.92,200.15,237.52,76.47,4.77003866666667,474.46,1155.79,319.26,203.99,244.8,76.82,4.434146,474.77,1141.92,312.29,209.16,231.17,74.15,3.759402,473.75,942.48,613.29,713.49
2026-01-16 11:53:59,XPQ-01 Main,2026-01-16 11:53:00,1177.41,75.86,4.43232833333333,473.15,1177.87,319.34,206.39,243.2,76.25,4.77003866666667,473.35,1180.24,325.33,208.03,249.66,76.83,4.40081266666667,473.72,1174.13,320.26,213.41,238.44,74.51,4.12606866666667,472.39,964.93,627.83,731.3
2026-01-16 11:54:59,XPQ-01 Main,2026-01-16 11:54:00,1173.95,75.26,4.15566166666667,473.02,1169.41,317.03,206.24,240.2,75.87,4.57003866666667,473.2,1183.47,326.04,209.97,248.21,76.35,4.434146,473.48,1168.98,318.79,215.7,234.24,73.56,3.459402,472.4,961.87,631.9,722.66
2026-01-16 11:55:59,XPQ-01 Main,2026-01-16 11:55:00,1077.29,72.56,4.06566166666667,474.86,1072.66,291.85,198.75,213.44,73.18,4.57003866666667,475.13,1085.38,300.33,202.48,221.41,73.8,4.334146,475.43,1073.84,293.91,207.75,207.75,70.71,3.29273533333333,474.01,886.09,608.97,642.6
2026-01-16 11:56:59,XPQ-01 Main,2026-01-16 11:56:00,1079.61,72.45,4.02232833333333,474.79,1075.52,292.74,199.47,213.8,73.12,4.37003866666667,475.14,1087.65,300.81,203.39,221.25,73.62,4.034146,475.13,1075.67,294.32,208.28,207.67,70.61,3.659402,474.11,887.88,611.15,642.72
2026-01-16 11:57:59,XPQ-01 Main,2026-01-16 11:57:00,1113.35,74.18,4.18566166666667,474.88,1110.7,302.33,201.09,225.36,74.61,4.53670533333333,475.07,1118.17,309.25,203.11,232.62,75.33,4.16747933333333,475.29,1111.18,304.2,208.96,220.66,72.61,3.859402,474.28,915.78,613.16,678.64
2026-01-16 11:58:59,XPQ-01 Main,2026-01-16 11:58:00,1103.57,73.35,4.04232833333333,474.31,1100.77,299.26,201.16,221.03,73.96,4.53670533333333,474.55,1110.92,306.92,204.5,227.86,74.42,4.134146,474.75,1099.02,300.48,209.15,215.03,71.68,3.459402,473.64,906.66,614.81,663.92
2026-01-16 11:59:59,XPQ-01 Main,2026-01-16 11:59:00,1110.28,74.22,4.23232833333333,474.39,1105.34,300.56,198.03,225.51,75.14,4.93670533333333,474.63,1123.3,310.37,203.98,232.93,75.23,4.46747933333333,474.81,1102.21,301.4,207.91,217.47,72.28,3.29273533333333,473.74,912.34,609.92,675.91
2026-01-16 12:00:59,XPQ-01 Main,2026-01-16 12:00:00,1094.18,75.77,4.33232833333333,475.16,1091.15,297.2,190.71,227.28,76.6,4.803372,475.44,1104.99,305.82,195.67,233.92,76.7,4.56747933333333,475.54,1086.4,297.54,199.58,219.68,74.01,3.62606866666667,474.5,900.56,585.96,680.87
2026-01-16 12:01:59,XPQ-01 Main,2026-01-16 12:01:00,1106.56,75.77,3.93232833333333,474.33,1102.67,299.79,192.78,229.12,76.52,4.33670533333333,474.56,1116.55,308.48,197.29,236.36,76.77,4.00081266666667,474.75,1100.45,300.88,201.97,222.3,74.02,3.459402,473.67,909.14,592.03,687.79
2026-01-16 12:02:59,XPQ-01 Main,2026-01-16 12:02:00,1183.57,74.52,4.03232833333333,473.05,1175.8,318.93,207.86,241.51,75.79,4.43670533333333,473.36,1203.12,331.42,217.13,250.06,75.51,4.034146,473.31,1171.81,319.48,220.76,230.67,72.25,3.62606866666667,472.46,969.83,645.74,722.25
2026-01-16 12:03:59,XPQ-01 Main,2026-01-16 12:03:00,1060.31,77.58,3.9556616666666704,474.77,1057.64,287.85,179.22,224.95,78.21,4.33670533333333,475.08,1068.1,295.4,182.5,231.83,78.57,4.10081266666667,475.16,1055.18,288.7,187.72,219.13,75.94,3.42606866666667,474.06,871.95,549.45,675.91
2026-01-16 12:04:59,XPQ-01 Main,2026-01-16 12:04:00,1000.82,78.95,4.03232833333333,475.48,996.01,271.43,165.04,214.87,79.31,4.43670533333333,475.76,1005.85,278.62,166.19,222.78,80.15,4.06747933333333,475.93,1000.61,274.22,173.3,211.83,77.4,3.59273533333333,474.76,824.27,504.53,649.48
2026-01-16 12:05:59,XPQ-01 Main,2026-01-16 12:05:00,1011.05,77.91,3.93232833333333,475.71,1006.62,274.61,168.3,216.72,78.98,4.303372,475.87,1024.98,283.82,174.62,223.44,78.79,4.10081266666667,475.93,1001.56,274.68,178.46,208.43,75.96,3.39273533333333,475.33,833.11,521.39,648.59
2026-01-16 12:06:59,XPQ-01 Main,2026-01-16 12:06:00,1000.07,76.62,4.23232833333333,475.53,1000.71,272.77,174.77,209.0,76.71,4.803372,475.8,998.59,276.61,173.88,214.68,77.71,4.36747933333333,475.95,1000.91,274.31,179.86,206.78,75.45,3.52606866666667,474.83,823.7,528.51,630.46
2026-01-16 12:07:59,XPQ-01 Main,2026-01-16 12:07:00,985.24,78.74,4.58566166666667,475.76,980.07,267.25,161.88,211.81,79.45,5.13670533333333,476.01,995.45,275.88,165.72,219.42,79.8,4.50081266666667,476.21,980.22,268.81,171.19,206.48,76.98,4.12606866666667,475.06,811.93,498.79,637.7
2026-01-16 12:08:59,XPQ-01 Main,2026-01-16 12:08:00,1033.2,77.47,3.82232833333333,474.82,1027.95,279.86,172.9,219.68,78.58,4.17003866666667,474.95,1048.11,289.71,179.77,226.79,78.37,4.034146,475.11,1023.54,280.2,183.59,211.14,75.46,3.259402,474.4,849.78,536.27,657.61
2026-01-16 12:09:59,XPQ-01 Main,2026-01-16 12:09:00,1003.87,78.22,4.108995,475.09,1003.51,273.3,167.46,215.38,78.94,4.63670533333333,475.28,1011.57,279.87,171.02,220.29,78.99,4.10081266666667,475.48,996.52,272.93,174.49,208.75,76.72,3.59273533333333,474.52,826.1,512.98,644.42
2026-01-16 12:10:59,XPQ-01 Main,2026-01-16 12:10:00,986.41,78.07,4.198995,475.22,984.01,268.12,164.12,211.41,78.99,4.603372,475.44,997.42,275.98,169.21,217.19,78.88,4.10081266666667,475.5,977.79,267.85,172.65,203.99,76.33,3.89273533333333,474.71,811.96,505.98,632.59
2026-01-16 12:11:59,XPQ-01 Main,2026-01-16 12:11:00,1002.49,76.59,3.96566166666667,475.54,1002.79,273.35,174.59,209.78,76.86,4.33670533333333,475.78,1003.51,277.95,174.97,215.3,77.61,4.034146,475.96,1001.17,274.43,180.35,206.31,75.29,3.52606866666667,474.89,825.73,529.91,631.4
2026-01-16 12:12:59,XPQ-01 Main,2026-01-16 12:12:00,989.31,77.64,4.17566166666667,476.37,986.44,269.24,167.56,209.86,78.15,4.603372,476.53,995.65,276.32,169.67,216.51,78.71,4.034146,476.98,985.84,270.74,175.27,205.44,76.08,3.89273533333333,475.59,816.3,512.5,631.82
2026-01-16 12:13:59,XPQ-01 Main,2026-01-16 12:13:00,1004.76,77.62,3.96566166666667,476.32,996.76,272.27,167.6,213.97,78.72,4.37003866666667,476.69,1020.75,283.13,174.39,222.43,78.7,3.934146,476.53,996.78,273.61,179.37,206.18,75.45,3.59273533333333,475.74,829.01,521.36,642.57
2026-01-16 12:14:59,XPQ-01 Main,2026-01-16 12:14:00,1020.61,77.42,4.13232833333333,474.81,1021.62,278.11,174.35,216.12,77.83,4.63670533333333,474.84,1023.28,282.82,175.53,221.01,78.31,4.00081266666667,475.15,1016.93,278.45,180.17,211.57,76.13,3.759402,474.45,839.37,530.05,648.7
2026-01-16 12:15:59,XPQ-01 Main,2026-01-16 12:15:00,983.13,77.79,4.088995,474.92,984.65,268.13,168.11,208.1,77.79,4.57003866666667,475.09,980.22,271.04,166.28,212.84,78.8,4.10081266666667,475.21,984.51,269.54,172.19,206.31,76.77,3.59273533333333,474.47,808.71,506.58,627.24
2026-01-16 12:16:59,XPQ-01 Main,2026-01-16 12:16:00,992.16,77.74,3.978995,474.65,989.36,269.15,167.06,210.49,78.33,4.303372,474.68,999.42,276.21,169.63,216.6,78.73,3.90081266666667,475.13,987.7,270.35,174.71,205.33,76.16,3.7260686666666705,474.14,815.71,511.4,632.42
2026-01-16 12:17:59,XPQ-01 Main,2026-01-16 12:17:00,1005.42,76.39,4.03232833333333,475.2,1010.72,275.2,178.73,208.95,75.99,4.57003866666667,475.17,995.28,275.43,173.96,213.0,77.45,4.00081266666667,475.8,1010.26,276.87,180.59,209.33,75.72,3.52606866666667,474.64,827.51,533.28,631.28
2026-01-16 12:18:59,XPQ-01 Main,2026-01-16 12:18:00,1119.69,74.3,4.018995,473.21,1114.99,302.27,202.61,223.96,74.16,4.503372,473.33,1117.63,308.12,200.54,233.3,75.83,4.16747933333333,473.88,1126.45,307.36,210.11,223.86,72.91,3.39273533333333,472.43,917.75,613.27,681.12
2026-01-16 12:19:59,XPQ-01 Main,2026-01-16 12:19:00,1123.42,75.4,3.92232833333333,474.58,1115.73,303.61,195.32,232.21,76.53,4.203372,474.66,1140.75,315.12,203.0,240.56,76.43,3.96747933333333,474.86,1113.77,304.79,207.28,222.95,73.24,3.59273533333333,474.21,923.51,605.6,695.72
2026-01-16 12:20:59,XPQ-01 Main,2026-01-16 12:20:00,1136.66,76.71,4.14232833333333,473.92,1134.95,308.27,195.78,237.53,77.17,4.57003866666667,474.09,1142.18,315.26,197.85,244.11,77.69,4.30081266666667,474.38,1132.85,309.52,203.3,232.43,75.27,3.559402,473.28,933.06,596.93,714.07
2026-01-16 12:21:59,XPQ-01 Main,2026-01-16 12:21:00,1138.99,76.1,3.9223283333333296,473.71,1139.5,309.4,198.76,236.42,76.54,4.403372,473.8,1143.45,315.39,200.36,241.89,77.01,4.00081266666667,474.14,1134.03,309.76,205.34,231.04,74.75,3.359402,473.19,934.55,604.46,709.35
2026-01-16 12:22:59,XPQ-01 Main,2026-01-16 12:22:00,1121.04,77.52,4.33232833333333,473.45,1124.55,305.13,192.26,236.48,77.59,4.803372,473.68,1118.08,308.37,190.72,241.14,78.43,4.40081266666667,473.95,1120.48,305.8,196.41,233.53,76.53,3.79273533333333,472.72,919.3,579.39,711.15
2026-01-16 12:23:59,XPQ-01 Main,2026-01-16 12:23:00,1139.93,76.47,3.8656616666666705,473.94,1145.44,311.11,199.97,238.18,76.59,4.17003866666667,473.94,1136.44,313.61,198.79,242.16,77.29,3.8674793333333297,474.45,1137.91,311.03,203.61,234.57,75.52,3.559402,473.43,935.75,602.37,714.91
2026-01-16 12:24:59,XPQ-01 Main,2026-01-16 12:24:00,1127.67,76.72,3.9523283333333294,474.11,1133.16,307.8,196.97,236.32,76.82,4.33670533333333,474.1,1123.87,310.32,195.6,240.45,77.57,3.834146,474.75,1125.97,307.89,200.75,233.02,75.76,3.6927353333333297,473.49,926.01,593.32,709.79
2026-01-16 12:25:59,XPQ-01 Main,2026-01-16 12:25:00,1125.82,77.04,4.23232833333333,473.8,1130.91,307.17,194.97,236.97,77.22,4.73670533333333,474.0,1123.02,309.85,194.33,241.11,77.86,4.26747933333333,474.18,1123.53,306.88,199.07,233.09,76.04,3.6927353333333297,473.24,923.9,588.37,711.16
2026-01-16 12:26:59,XPQ-01 Main,2026-01-16 12:26:00,1175.44,76.6,4.008995,472.98,1167.47,316.6,200.94,244.06,77.2,4.53670533333333,473.01,1185.86,326.44,204.35,253.34,77.84,4.06747933333333,473.27,1172.98,319.96,212.21,238.9,74.76,3.42606866666667,472.67,963.01,617.5,736.31
2026-01-16 12:27:59,XPQ-01 Main,2026-01-16 12:27:00,1138.22,77.36,3.9456616666666706,472.47,1141.18,309.06,195.09,239.45,77.53,4.47003866666667,472.46,1137.06,312.73,194.15,244.26,78.28,3.90081266666667,472.87,1136.41,309.66,199.95,235.77,76.27,3.459402,472.07,931.45,589.19,719.47
2026-01-16 12:28:59,XPQ-01 Main,2026-01-16 12:28:00,1152.78,76.95,3.7656616666666705,471.02,1147.61,309.89,194.75,240.57,77.72,4.27003866666667,471.19,1164.81,319.46,199.41,248.65,78.01,3.60081266666667,471.39,1145.92,311.18,205.3,233.53,75.1,3.42606866666667,470.49,940.53,599.45,722.75
2026-01-16 12:29:59,XPQ-01 Main,2026-01-16 12:29:00,1130.47,75.77,4.05566166666667,472.85,1132.18,306.85,200.72,231.83,75.6,4.503372,472.91,1124.43,309.58,197.41,237.87,76.95,4.10081266666667,473.26,1134.82,309.41,205.19,230.98,74.76,3.559402,472.37,925.84,603.32,700.68
2026-01-16 12:30:59,XPQ-01 Main,2026-01-16 12:30:00,1220.94,76.47,4.188995,472.38,1224.91,331.78,209.01,257.31,77.62,4.67003866666667,472.52,1234.25,339.4,216.43,260.88,76.96,4.10081266666667,472.65,1203.65,327.82,217.31,245.18,74.84,3.79273533333333,471.96,998.99,642.75,763.36
2026-01-16 12:31:59,XPQ-01 Main,2026-01-16 12:31:00,1057.32,76.36,3.788995,473.26,1055.92,286.45,185.7,217.82,76.1,4.17003866666667,473.39,1051.91,289.89,182.09,225.18,77.76,3.90081266666667,473.67,1064.13,290.37,191.03,218.16,75.23,3.29273533333333,472.74,866.7,558.82,661.16
2026-01-16 12:32:59,XPQ-01 Main,2026-01-16 12:32:00,1095.97,76.64,3.9123283333333294,473.24,1094.78,297.01,188.08,229.43,77.34,4.403372,473.46,1104.9,304.48,191.69,235.28,77.53,3.834146,473.59,1088.22,296.87,195.79,222.48,75.07,3.49273533333333,472.66,898.37,575.56,687.19
2026-01-16 12:33:59,XPQ-01 Main,2026-01-16 12:33:00,1134.65,77.05,4.318995,473.33,1133.31,307.57,195.09,237.32,77.25,4.83670533333333,473.69,1135.88,313.14,194.82,244.12,78.16,4.234146,473.62,1134.76,309.54,201.69,234.01,75.75,3.89273533333333,472.69,930.25,591.61,715.46
2026-01-16 12:34:59,XPQ-01 Main,2026-01-16 12:34:00,1117.94,76.94,4.188995,473.77,1118.56,303.79,193.76,233.61,76.97,4.67003866666667,474.09,1115.48,307.83,192.14,240.15,78.08,4.10081266666667,474.15,1119.79,305.76,199.42,231.46,75.76,3.79273533333333,473.06,917.37,585.33,705.22
2026-01-16 12:35:59,XPQ-01 Main,2026-01-16 12:35:00,1093.33,77.13,4.27566166666667,474.17,1096.25,298.0,188.97,230.01,77.27,4.77003866666667,474.48,1091.27,301.38,188.0,235.23,78.12,4.534146,474.52,1092.46,298.56,193.92,226.78,76.0,3.52606866666667,473.52,897.94,570.89,692.03
2026-01-16 12:36:59,XPQ-01 Main,2026-01-16 12:36:00,1114.59,77.28,4.21232833333333,473.87,1118.26,303.77,192.67,234.53,77.27,4.603372,474.18,1110.2,306.43,190.36,239.68,78.31,4.16747933333333,474.25,1115.3,304.61,196.93,232.11,76.25,3.859402,473.18,914.81,579.97,706.32
2026-01-16 12:37:59,XPQ-01 Main,2026-01-16 12:37:00,1146.81,76.39,4.05232833333333,473.21,1147.69,311.46,197.84,240.28,77.2,4.303372,473.28,1155.7,318.26,202.22,244.9,77.11,4.06747933333333,473.39,1137.06,310.27,205.19,231.73,74.87,3.79273533333333,472.96,939.99,605.24,716.9
2026-01-16 12:38:59,XPQ-01 Main,2026-01-16 12:38:00,1151.83,76.08,4.21232833333333,473.54,1154.63,313.56,199.88,241.0,76.97,4.703372,473.95,1161.09,320.2,204.98,245.24,76.73,4.16747933333333,473.72,1139.77,310.99,207.12,231.68,74.55,3.759402,472.94,944.75,611.98,717.92
2026-01-16 12:39:59,XPQ-01 Main,2026-01-16 12:39:00,1149.57,75.54,4.018995,473.14,1150.31,312.19,201.14,238.45,76.44,4.47003866666667,473.54,1159.31,319.36,206.44,243.57,76.29,3.934146,473.25,1139.1,310.57,209.12,229.38,73.9,3.659402,472.64,942.12,616.7,711.4
2026-01-16 12:40:59,XPQ-01 Main,2026-01-16 12:40:00,1141.3,76.04,4.02232833333333,472.88,1141.09,309.51,198.67,237.08,76.65,4.57003866666667,473.16,1147.87,315.96,201.68,242.9,76.94,4.10081266666667,472.99,1134.93,309.34,206.09,230.4,74.53,3.39273533333333,472.49,934.81,606.44,710.39
2026-01-16 12:41:59,XPQ-01 Main,2026-01-16 12:41:00,1109.67,75.77,3.778995,473.56,1117.03,303.21,196.22,230.72,76.18,4.203372,473.63,1110.6,306.23,196.81,232.97,76.39,3.634146,473.98,1101.37,300.75,199.5,224.43,74.74,3.49273533333333,473.06,910.19,592.54,688.12
2026-01-16 12:42:59,XPQ-01 Main,2026-01-16 12:42:00,1131.19,77.62,4.03232833333333,473.4,1133.88,307.75,192.87,239.48,77.88,4.403372,473.79,1131.12,311.9,192.65,244.45,78.54,4.134146,473.69,1128.57,307.88,198.29,235.11,76.44,3.559402,472.73,927.53,583.8,719.04
2026-01-16 12:43:59,XPQ-01 Main,2026-01-16 12:43:00,1156.76,76.03,3.898995,472.95,1164.52,315.75,202.01,242.7,76.87,4.23670533333333,473.06,1162.53,320.08,206.14,244.69,76.48,3.934146,473.27,1143.24,311.76,207.12,233.03,74.75,3.52606866666667,472.51,947.59,615.27,720.42
2026-01-16 12:44:59,XPQ-01 Main,2026-01-16 12:44:00,1076.06,75.22,3.998995,473.44,1077.06,292.23,193.2,219.13,75.01,4.47003866666667,473.66,1070.91,295.35,189.84,225.42,76.49,4.00081266666667,473.94,1080.22,294.8,197.59,218.54,74.18,3.52606866666667,472.71,882.38,580.63,663.09
2026-01-16 12:45:59,XPQ-01 Main,2026-01-16 12:45:00,1156.46,76.75,4.14232833333333,473.34,1161.94,315.42,200.67,243.07,77.12,4.47003866666667,473.62,1156.03,318.57,201.22,246.79,77.5,4.10081266666667,473.49,1151.4,314.12,205.43,237.43,75.62,3.859402,472.9,948.12,607.31,727.29
2026-01-16 12:46:59,XPQ-01 Main,2026-01-16 12:46:00,1158.41,77.94,3.9556616666666704,472.14,1157.8,313.29,195.16,244.56,78.16,4.403372,472.42,1160.05,319.07,194.98,251.41,79.02,4.06747933333333,472.6,1157.38,314.96,202.15,241.2,76.64,3.39273533333333,471.39,947.32,592.29,737.16
2026-01-16 12:47:59,XPQ-01 Main,2026-01-16 12:47:00,1002.7,71.62,3.93232833333333,472.27,999.14,270.56,187.03,195.44,72.25,4.23670533333333,472.53,1010.1,277.78,190.25,202.09,72.81,4.00081266666667,472.57,998.86,271.91,194.62,189.62,69.79,3.559402,471.71,820.24,571.89,587.15
2026-01-16 12:48:59,XPQ-01 Main,2026-01-16 12:48:00,1090.31,72.8,3.9423283333333297,475.9,1093.37,298.55,200.22,221.12,74.13,4.403372,476.24,1103.79,305.73,207.96,223.74,73.25,3.834146,475.88,1073.77,294.49,207.08,208.92,71.02,3.59273533333333,475.57,898.76,615.25,653.78
2026-01-16 12:49:59,XPQ-01 Main,2026-01-16 12:49:00,1096.24,74.22,4.278995,475.58,1094.37,298.49,197.45,222.85,74.85,4.703372,476.09,1103.48,305.67,200.7,229.39,75.26,4.16747933333333,475.75,1090.87,298.87,205.37,216.5,72.55,3.959402,474.89,903.03,603.53,668.74
2026-01-16 12:50:59,XPQ-01 Main,2026-01-16 12:50:00,1096.45,74.47,4.03232833333333,475.23,1093.4,298.02,196.35,223.91,75.19,4.33670533333333,475.69,1105.53,305.96,200.41,230.81,75.51,4.20081266666667,475.37,1090.4,298.56,204.87,216.97,72.71,3.559402,474.61,902.54,601.63,671.69
2026-01-16 12:51:59,XPQ-01 Main,2026-01-16 12:51:00,1162.47,75.14,4.098995,474.86,1164.15,317.21,204.01,242.59,76.53,4.53670533333333,475.29,1179.39,325.98,213.22,246.29,75.6,4.10081266666667,474.8,1143.87,312.99,212.78,229.2,73.29,3.659402,474.49,956.17,630.01,718.08
2026-01-16 12:52:59,XPQ-01 Main,2026-01-16 12:52:00,1058.57,75.64,3.8656616666666705,475.25,1058.6,288.46,188.97,217.58,75.5,4.13670533333333,475.72,1053.89,291.77,186.24,224.28,76.93,3.90081266666667,475.5,1063.23,291.13,194.01,216.66,74.5,3.559402,474.53,871.37,569.22,658.52
2026-01-16 12:53:59,XPQ-01 Main,2026-01-16 12:53:00,1107.59,75.72,3.9423283333333297,476.93,1108.6,303.21,198.19,229.1,75.63,4.27003866666667,477.37,1103.14,306.42,195.64,235.49,76.92,4.00081266666667,477.11,1111.03,305.31,203.13,227.57,74.6,3.559402,476.3,914.94,596.96,692.16
2026-01-16 12:54:59,XPQ-01 Main,2026-01-16 12:54:00,1086.81,76.58,3.84232833333333,476.51,1089.5,297.51,192.05,227.01,76.34,4.33670533333333,476.72,1080.01,299.8,188.29,232.89,77.76,3.8674793333333297,477.04,1090.91,299.67,195.94,226.56,75.64,3.32606866666667,475.78,896.97,576.28,686.46
2026-01-16 12:55:59,XPQ-01 Main,2026-01-16 12:55:00,1161.85,76.75,3.898995,476.11,1162.66,317.4,201.82,244.82,77.16,4.37003866666667,476.44,1164.75,322.95,203.02,250.91,77.74,3.7674793333333296,476.36,1158.14,317.78,209.0,239.41,75.34,3.559402,475.52,958.13,613.84,735.14
2026-01-16 12:56:59,XPQ-01 Main,2026-01-16 12:56:00,1166.99,76.72,4.13232833333333,475.92,1166.54,318.6,199.38,248.23,77.96,4.53670533333333,476.29,1182.93,327.61,207.63,253.25,77.33,4.16747933333333,475.8,1151.51,315.82,209.19,236.2,74.86,3.6927353333333297,475.67,962.03,616.21,737.67
2026-01-16 12:57:59,XPQ-01 Main,2026-01-16 12:57:00,1118.46,76.6,5.05566166666667,476.71,1122.39,306.82,196.03,235.38,76.84,5.403372,477.22,1117.61,310.36,195.67,240.02,77.51,5.16747933333333,476.93,1115.39,306.32,200.78,230.93,75.46,4.59273533333333,475.98,923.5,592.49,706.34
2026-01-16 12:58:59,XPQ-01 Main,2026-01-16 12:58:00,858.82,67.65,4.82232833333333,478.47,858.52,235.62,173.87,158.8,67.44,5.13670533333333,478.78,854.95,238.14,171.78,164.59,69.18,5.034146,478.58,862.99,237.97,177.84,157.66,66.34,4.29273533333333,478.04,711.73,523.49,481.05
2026-01-16 12:59:59,XPQ-01 Main,2026-01-16 12:59:00,1034.59,66.48,4.13232833333333,475.56,1036.1,282.59,208.45,188.13,67.0,4.503372,476.06,1037.77,287.45,210.52,192.9,67.56,4.16747933333333,475.7,1029.9,282.17,213.36,181.94,64.89,3.7260686666666705,474.91,852.2,632.33,562.97
2026-01-16 13:00:59,XPQ-01 Main,2026-01-16 13:00:00,1115.33,76.53,4.288995,474.59,1114.96,303.6,192.83,234.14,77.19,4.83670533333333,474.99,1122.34,310.05,195.86,239.74,77.44,4.30081266666667,474.55,1108.69,303.2,200.43,227.05,74.97,3.7260686666666705,474.23,916.85,589.13,700.94
2026-01-16 13:01:59,XPQ-01 Main,2026-01-16 13:01:00,1068.65,76.8,4.398995,475.07,1064.7,290.24,182.73,225.17,77.65,4.83670533333333,475.57,1079.7,298.6,187.49,232.11,77.79,4.56747933333333,475.01,1061.55,290.54,192.13,217.65,74.97,3.79273533333333,474.64,879.39,562.35,674.93
2026-01-16 13:02:59,XPQ-01 Main,2026-01-16 13:02:00,1012.33,76.58,4.088995,475.55,1013.86,276.53,175.79,212.85,77.1,4.303372,475.93,1016.83,281.56,177.6,217.2,77.41,4.20081266666667,475.68,1006.3,275.76,181.33,206.97,75.22,3.759402,475.03,833.85,534.72,637.02
2026-01-16 13:03:59,XPQ-01 Main,2026-01-16 13:03:00,1044.86,77.44,4.698995,475.0,1044.65,284.6,178.48,221.03,77.8,5.203372,475.32,1047.93,289.81,179.09,225.91,78.36,4.834146,475.15,1041.98,285.25,184.09,216.32,76.16,4.059402,474.53,859.65,541.66,663.26
2026-01-16 13:04:59,XPQ-01 Main,2026-01-16 13:04:00,989.98,75.87,4.15566166666667,475.33,992.34,270.58,175.35,205.43,76.06,4.603372,475.82,988.81,273.71,174.64,209.61,76.83,4.10081266666667,475.41,988.8,270.78,179.35,201.68,74.73,3.759402,474.78,815.06,529.35,616.72
2026-01-16 13:05:59,XPQ-01 Main,2026-01-16 13:05:00,1067.87,74.92,4.13232833333333,473.91,1074.48,292.03,192.51,219.01,75.11,4.47003866666667,474.2,1065.4,293.95,191.41,221.71,75.69,4.334146,474.06,1063.72,290.54,195.11,214.38,73.96,3.59273533333333,473.46,876.53,579.03,655.09
2026-01-16 13:06:59,XPQ-01 Main,2026-01-16 13:06:00,1095.54,74.59,4.52232833333333,473.11,1103.65,299.51,197.12,225.08,75.23,4.83670533333333,473.41,1098.28,302.46,199.28,226.6,75.09,4.46747933333333,473.17,1084.69,295.78,200.41,216.87,73.44,4.259402,472.75,897.75,596.8,668.56
2026-01-16 13:07:59,XPQ-01 Main,2026-01-16 13:07:00,1107.85,74.91,4.25566166666667,473.39,1112.04,301.93,197.48,227.83,75.56,4.73670533333333,473.73,1113.39,306.88,200.12,230.82,75.56,4.234146,473.54,1098.11,299.59,202.29,219.99,73.61,3.79273533333333,472.91,908.39,599.89,678.63
2026-01-16 13:08:59,XPQ-01 Main,2026-01-16 13:08:00,1078.31,76.01,4.55232833333333,474.22,1082.18,294.31,189.83,224.57,76.37,4.97003866666667,474.39,1079.01,297.84,190.18,228.63,76.88,4.66747933333333,474.36,1073.75,293.56,194.69,219.22,74.77,4.02606866666667,473.9,885.7,574.7,672.41
2026-01-16 13:09:59,XPQ-01 Main,2026-01-16 13:09:00,1073.2,76.56,3.898995,474.58,1075.99,293.0,185.28,226.67,77.43,4.23670533333333,475.02,1081.21,298.69,189.64,230.28,77.19,3.96747933333333,474.53,1062.41,290.51,191.71,217.81,75.06,3.49273533333333,474.19,882.2,566.63,674.76
2026-01-16 13:10:59,XPQ-01 Main,2026-01-16 13:10:00,992.85,76.84,4.15566166666667,475.11,999.62,272.37,174.44,208.58,76.71,4.43670533333333,475.35,985.94,272.7,170.94,211.06,77.71,4.00081266666667,475.28,992.99,271.93,175.98,206.43,76.1,4.02606866666667,474.69,817.01,521.36,626.07
2026-01-16 13:11:59,XPQ-01 Main,2026-01-16 13:11:00,917.49,70.06,4.06566166666667,477.08,921.17,252.14,178.57,177.76,70.55,4.53670533333333,477.54,918.85,255.22,179.65,180.85,70.94,4.00081266666667,477.08,912.46,250.8,182.15,172.18,68.69,3.659402,476.61,758.16,540.37,530.78
2026-01-16 13:12:59,XPQ-01 Main,2026-01-16 13:12:00,851.11,69.21,4.15566166666667,477.92,858.09,235.35,169.7,162.61,69.19,4.603372,478.46,845.2,235.16,167.53,164.66,70.1,4.16747933333333,477.81,850.03,234.01,170.51,159.72,68.36,3.6927353333333297,477.5,704.52,507.74,486.98
2026-01-16 13:13:59,XPQ-01 Main,2026-01-16 13:13:00,896.11,67.05,4.33232833333333,476.84,899.33,246.1,181.52,165.74,67.43,4.67003866666667,477.34,896.0,248.71,182.01,169.1,68.06,4.434146,476.73,893.0,245.31,184.85,160.97,65.67,3.89273533333333,476.45,740.11,548.38,495.81
2026-01-16 13:14:59,XPQ-01 Main,2026-01-16 13:14:00,846.42,67.6,4.27566166666667,477.45,857.55,234.89,174.0,157.24,67.05,4.57003866666667,477.9,833.32,231.66,168.41,158.05,68.43,4.40081266666667,477.48,848.38,233.37,172.17,156.72,67.32,3.859402,476.98,699.92,514.58,472.02
2026-01-16 13:15:59,XPQ-01 Main,2026-01-16 13:15:00,963.21,67.33,4.22232833333333,475.5,970.16,264.65,194.61,178.85,67.67,4.503372,475.79,961.48,266.11,194.35,180.47,68.04,4.434146,475.54,958.0,262.54,196.13,173.57,66.27,3.7260686666666705,475.16,793.29,585.09,532.89
2026-01-16 13:16:59,XPQ-01 Main,2026-01-16 13:16:00,946.83,68.28,4.22232833333333,476.12,955.62,260.98,190.61,177.74,68.2,4.43670533333333,476.52,939.43,260.43,187.71,179.46,69.11,4.30081266666667,476.21,945.44,259.37,190.9,174.81,67.53,3.92606866666667,475.62,780.79,569.22,532.01
2026-01-16 13:17:59,XPQ-01 Main,2026-01-16 13:17:00,891.61,64.55,4.18566166666667,475.2,904.05,246.44,188.48,158.14,64.27,4.703372,475.66,880.49,243.65,184.31,158.71,65.25,4.20081266666667,475.26,890.28,243.73,186.86,156.12,64.12,3.659402,474.69,733.82,559.65,472.97
2026-01-16 13:18:59,XPQ-01 Main,2026-01-16 13:18:00,859.03,60.34,4.85232833333333,475.28,869.71,237.14,189.31,142.33,60.09,5.203372,475.77,849.75,235.17,185.52,143.23,61.11,4.834146,475.31,857.64,234.82,187.83,140.22,59.82,4.52606866666667,474.76,707.13,562.66,425.78
2026-01-16 13:19:59,XPQ-01 Main,2026-01-16 13:19:00,878.52,59.4,4.63232833333333,475.24,890.07,242.66,195.0,144.11,59.43,4.803372,475.72,871.28,241.12,192.52,144.44,60.01,4.80081266666667,475.31,874.2,239.33,193.47,140.5,58.76,4.29273533333333,474.68,723.11,580.99,429.04
2026-01-16 13:20:59,XPQ-01 Main,2026-01-16 13:20:00,936.66,65.11,4.74566166666667,474.41,943.85,256.92,193.36,168.04,65.6,5.203372,474.84,935.87,258.45,193.83,169.13,65.75,4.834146,474.37,930.26,254.28,194.51,161.9,63.97,4.19273533333333,474.03,769.66,581.71,499.07
2026-01-16 13:21:59,XPQ-01 Main,2026-01-16 13:21:00,737.28,67.73,5.22232833333333,477.91,742.11,203.53,149.64,137.36,67.62,5.403372,478.37,732.47,203.77,147.41,139.47,68.73,5.30081266666667,477.81,737.26,202.99,150.54,135.23,66.83,4.959402,477.55,610.29,447.58,412.06
2026-01-16 13:22:59,XPQ-01 Main,2026-01-16 13:22:00,745.19,67.88,5.088995,476.86,750.28,205.31,150.37,139.13,67.91,5.37003866666667,477.23,740.82,205.61,148.7,140.99,68.81,5.134146,476.77,744.46,204.55,151.46,136.38,66.91,4.759402,476.57,615.47,450.53,416.5
2026-01-16 13:23:59,XPQ-01 Main,2026-01-16 13:23:00,759.0,68.37,5.27566166666667,476.9,762.87,208.77,152.56,142.03,68.14,5.503372,477.35,753.41,209.16,149.63,144.4,69.44,5.10081266666667,476.82,760.72,209.01,153.43,140.52,67.54,5.22606866666667,476.53,626.93,455.61,426.95
2026-01-16 13:24:59,XPQ-01 Main,2026-01-16 13:24:00,762.01,68.46,5.26566166666667,477.83,766.94,210.28,153.94,142.7,67.98,5.503372,478.27,753.94,209.72,149.95,145.72,69.69,5.16747933333333,477.78,765.15,210.64,154.8,142.38,67.7,5.12606866666667,477.45,630.64,458.69,430.8
2026-01-16 13:25:59,XPQ-01 Main,2026-01-16 13:25:00,746.53,68.01,5.308995,477.73,753.97,206.73,151.3,140.15,67.95,5.57003866666667,478.12,740.55,205.89,148.81,140.89,68.75,5.36747933333333,477.58,745.07,205.09,151.02,137.47,67.31,4.99273533333333,477.49,617.7,451.13,418.51
2026-01-16 13:26:59,XPQ-01 Main,2026-01-16 13:26:00,927.22,68.59,5.35566166666667,475.59,931.84,254.24,184.21,174.88,68.85,5.77003866666667,475.93,925.29,256.17,183.74,177.48,69.47,5.40081266666667,475.63,924.53,253.39,186.58,170.44,67.45,4.89273533333333,475.21,763.8,554.53,522.8
2026-01-16 13:27:59,XPQ-01 Main,2026-01-16 13:27:00,960.62,70.05,4.67566166666667,474.97,960.68,261.77,185.29,184.48,70.55,5.17003866666667,475.3,964.01,266.52,186.83,188.87,71.1,4.60081266666667,474.98,957.17,262.0,190.31,178.98,68.51,4.259402,474.62,790.29,562.43,552.33
2026-01-16 13:28:59,XPQ-01 Main,2026-01-16 13:28:00,916.12,68.41,4.988995,475.65,918.55,250.67,182.26,171.83,68.6,5.43670533333333,475.96,914.65,253.21,181.6,175.62,69.52,5.034146,475.63,915.16,250.86,185.66,168.05,67.11,4.49273533333333,475.35,754.75,549.52,515.5
2026-01-16 13:29:59,XPQ-01 Main,2026-01-16 13:29:00,963.87,69.7,4.93232833333333,475.65,968.73,264.28,188.77,184.32,69.86,5.303372,475.94,961.16,266.16,187.81,187.31,70.61,5.034146,475.8,961.72,263.64,191.29,180.41,68.61,4.459402,475.22,794.09,567.88,552.03
2026-01-16 13:30:59,XPQ-01 Main,2026-01-16 13:30:00,982.71,70.61,5.04232833333333,475.54,985.75,268.85,189.71,190.25,70.81,5.57003866666667,475.8,981.23,271.65,189.28,194.3,71.63,4.934146,475.71,981.14,268.91,193.37,186.36,69.39,4.62606866666667,475.1,809.41,572.37,570.91
2026-01-16 13:31:59,XPQ-01 Main,2026-01-16 13:31:00,810.85,63.7,5.008995,477.3,817.09,223.75,171.92,142.45,63.8,5.37003866666667,477.66,806.72,224.14,170.55,144.25,64.58,5.00081266666667,477.31,808.73,222.43,172.78,139.11,62.71,4.659402,476.92,670.32,515.24,425.81
2026-01-16 13:32:59,XPQ-01 Main,2026-01-16 13:32:00,913.23,66.94,4.788995,476.15,920.56,251.41,186.65,168.07,66.92,5.103372,476.35,906.66,251.29,184.46,170.19,67.81,4.80081266666667,476.3,912.47,250.43,187.56,165.24,66.1,4.459402,475.79,753.13,558.67,503.5
2026-01-16 13:33:59,XPQ-01 Main,2026-01-16 13:33:00,907.59,69.13,5.03232833333333,475.77,915.29,249.73,180.63,172.11,68.98,5.47003866666667,476.12,900.09,249.38,177.62,173.97,69.97,4.86747933333333,476.0,907.4,248.79,180.94,169.83,68.44,4.759402,475.21,747.89,539.19,515.9
2026-01-16 13:34:59,XPQ-01 Main,2026-01-16 13:34:00,872.82,68.84,4.998995,476.96,882.43,241.42,174.91,165.34,68.7,5.37003866666667,477.24,864.74,240.1,171.73,166.24,69.55,4.934146,477.08,871.3,239.51,174.35,162.86,68.26,4.69273533333333,476.56,721.03,520.98,494.44
2026-01-16 13:35:59,XPQ-01 Main,2026-01-16 13:35:00,824.51,70.64,5.06566166666667,477.95,833.71,228.63,160.88,162.02,70.96,5.53670533333333,478.32,821.24,228.48,160.19,162.17,71.14,4.834146,477.92,818.58,225.44,161.11,157.09,69.81,4.82606866666667,477.6,682.54,482.18,481.28
2026-01-16 13:36:59,XPQ-01 Main,2026-01-16 13:36:00,835.26,71.02,5.04566166666667,478.22,843.31,231.37,163.11,163.74,70.85,5.33670533333333,478.62,827.82,230.47,159.97,165.23,71.85,5.10081266666667,478.22,834.66,230.0,163.14,161.57,70.37,4.69273533333333,477.83,691.84,486.22,490.54
2026-01-16 13:37:59,XPQ-01 Main,2026-01-16 13:37:00,841.72,71.59,5.06566166666667,478.33,848.33,232.84,162.89,165.96,71.37,5.43670533333333,478.8,833.85,232.2,159.57,168.21,72.55,5.034146,478.26,842.97,232.3,163.62,164.26,70.85,4.72606866666667,477.94,697.34,486.08,498.44
2026-01-16 13:38:59,XPQ-01 Main,2026-01-16 13:38:00,865.5,71.62,4.898995,477.82,870.17,238.63,164.9,172.13,72.21,5.303372,478.23,867.06,241.11,166.31,174.18,72.33,4.734146,477.66,859.27,236.57,167.89,166.09,70.33,4.659402,477.57,716.31,499.09,512.41
2026-01-16 13:39:59,XPQ-01 Main,2026-01-16 13:39:00,839.84,71.88,4.818995,477.52,849.12,232.6,163.04,165.42,71.22,5.203372,478.0,826.72,229.89,157.1,167.01,72.84,4.734146,477.57,843.68,232.1,161.7,165.75,71.58,4.52606866666667,477.0,694.58,481.84,498.17
2026-01-16 13:40:59,XPQ-01 Main,2026-01-16 13:40:00,861.64,69.51,5.198995,477.37,872.25,238.81,172.33,164.81,69.12,5.53670533333333,477.85,850.41,236.46,167.79,165.96,70.32,5.30081266666667,477.53,862.27,237.14,171.19,163.64,69.1,4.759402,476.74,712.4,511.31,494.4
2026-01-16 13:41:59,XPQ-01 Main,2026-01-16 13:41:00,880.28,69.08,5.05566166666667,477.06,887.33,242.8,175.86,167.1,68.88,5.47003866666667,477.33,872.6,242.35,172.61,169.34,70.03,4.86747933333333,477.18,880.9,242.2,176.54,165.19,68.32,4.82606866666667,476.66,727.34,525.01,501.63
2026-01-16 13:42:59,XPQ-01 Main,2026-01-16 13:42:00,872.84,68.56,5.26566166666667,475.93,883.02,241.13,175.77,164.68,68.37,5.67003866666667,476.38,863.64,239.29,172.28,165.61,69.3,5.30081266666667,475.9,871.86,239.06,175.03,162.33,68.0,4.82606866666667,475.5,719.48,523.08,492.62
2026-01-16 13:43:59,XPQ-01 Main,2026-01-16 13:43:00,837.23,69.16,5.008995,475.7,846.72,231.1,166.89,159.35,69.06,5.43670533333333,476.17,829.51,229.74,163.85,160.07,69.88,4.934146,475.67,835.46,228.96,166.41,156.65,68.54,4.659402,475.27,689.81,497.15,476.07
2026-01-16 13:44:59,XPQ-01 Main,2026-01-16 13:44:00,869.14,69.54,5.088995,475.27,878.05,239.42,171.89,166.24,69.52,5.47003866666667,475.62,862.65,238.66,169.42,167.27,70.26,5.06747933333333,475.27,866.71,237.36,171.86,163.08,68.83,4.72606866666667,474.91,715.44,513.16,496.59
2026-01-16 13:45:59,XPQ-01 Main,2026-01-16 13:45:00,759.62,73.63,5.41232833333333,476.91,767.12,209.91,142.06,154.12,73.53,5.93670533333333,477.41,752.87,209.06,139.39,155.04,74.36,5.06747933333333,476.87,758.87,208.48,142.08,151.72,72.99,5.22606866666667,476.45,627.45,423.53,460.87
2026-01-16 13:46:59,XPQ-01 Main,2026-01-16 13:46:00,738.66,74.09,5.06566166666667,477.21,745.61,204.15,137.3,150.6,73.9,5.503372,477.61,731.69,203.27,134.15,151.86,74.95,5.10081266666667,477.18,738.68,203.11,137.56,148.83,73.43,4.59273533333333,476.84,610.52,409.01,451.29
2026-01-16 13:47:59,XPQ-01 Main,2026-01-16 13:47:00,767.62,72.37,4.95566166666667,476.62,775.8,212.15,146.82,152.77,72.1,5.27003866666667,477.1,759.29,210.71,143.29,153.78,73.16,4.80081266666667,476.59,767.78,210.81,146.38,151.17,71.84,4.79273533333333,476.16,633.67,436.48,457.72
2026-01-16 13:48:59,XPQ-01 Main,2026-01-16 13:48:00,733.16,73.22,5.07566166666667,477.19,738.92,202.34,138.31,147.07,72.85,5.47003866666667,477.67,725.49,201.54,134.47,148.97,74.23,5.10081266666667,477.1,735.06,202.07,138.66,146.29,72.58,4.659402,476.8,605.95,411.44,442.33
2026-01-16 13:49:59,XPQ-01 Main,2026-01-16 13:49:00,751.4,73.44,5.188995,475.96,757.68,206.91,140.44,151.02,73.23,5.83670533333333,476.34,744.15,206.18,137.35,152.59,74.32,4.96747933333333,475.94,752.36,206.33,140.87,149.43,72.76,4.759402,475.59,619.42,418.66,453.03
2026-01-16 13:50:59,XPQ-01 Main,2026-01-16 13:50:00,768.66,74.01,5.27566166666667,475.31,769.22,209.8,140.83,155.13,74.04,5.703372,475.69,766.72,212.12,139.46,159.1,75.2,5.00081266666667,475.23,770.03,210.89,144.25,153.11,72.78,5.12606866666667,475.0,632.81,424.54,467.34
2026-01-16 13:51:59,XPQ-01 Main,2026-01-16 13:51:00,745.34,73.14,5.06566166666667,476.06,749.65,204.78,139.64,149.17,73.0,5.33670533333333,476.54,740.08,205.12,137.11,151.51,74.15,5.10081266666667,475.98,746.3,204.67,140.93,147.36,72.27,4.759402,475.65,614.57,417.68,448.05
2026-01-16 13:52:59,XPQ-01 Main,2026-01-16 13:52:00,768.81,74.75,4.96566166666667,475.61,765.17,208.86,137.38,156.88,75.23,5.47003866666667,476.12,773.19,214.07,138.73,162.44,76.04,4.634146,475.45,768.06,210.43,143.63,153.31,72.98,4.79273533333333,475.27,633.36,419.74,472.62
2026-01-16 13:53:59,XPQ-01 Main,2026-01-16 13:53:00,710.13,74.13,5.18566166666667,476.43,711.41,194.45,131.3,142.78,73.61,5.803372,476.9,703.02,195.03,127.27,146.98,75.6,4.86747933333333,476.44,715.97,196.51,133.58,143.52,73.2,4.89273533333333,475.95,585.99,392.15,433.27
2026-01-16 13:54:59,XPQ-01 Main,2026-01-16 13:54:00,783.87,74.48,5.06566166666667,475.97,782.65,213.73,141.62,159.87,74.85,5.67003866666667,476.29,786.4,217.86,142.26,164.46,75.63,4.90081266666667,475.95,782.55,214.65,146.58,156.3,72.94,4.62606866666667,475.67,646.24,430.45,480.64
2026-01-16 13:55:59,XPQ-01 Main,2026-01-16 13:55:00,712.35,72.45,5.185661666666671,476.46,713.46,195.11,134.29,140.39,72.26,5.93670533333333,477.02,708.42,196.5,131.97,144.14,73.76,4.76747933333333,476.27,715.15,196.26,136.99,139.4,71.32,4.859402,476.1,587.86,403.25,423.94
2026-01-16 13:56:59,XPQ-01 Main,2026-01-16 13:56:00,763.81,74.0,4.988995,476.71,764.69,209.14,139.89,155.07,74.25,5.503372,477.14,764.24,212.11,139.61,158.77,75.1,4.734146,476.71,762.5,209.42,143.6,151.86,72.66,4.72606866666667,476.27,630.68,423.1,465.69
2026-01-16 13:57:59,XPQ-01 Main,2026-01-16 13:57:00,719.6,74.06,4.898995,476.92,720.7,197.2,131.6,146.45,74.38,5.37003866666667,477.38,720.0,199.93,131.59,149.82,75.13,4.834146,476.9,718.11,197.3,135.31,143.18,72.68,4.49273533333333,476.48,594.43,398.5,439.45
2026-01-16 13:58:59,XPQ-01 Main,2026-01-16 13:58:00,703.9,74.25,5.13232833333333,476.68,706.02,193.1,128.21,143.89,74.66,5.63670533333333,477.08,704.37,195.45,128.5,146.73,75.23,5.034146,476.63,701.32,192.62,131.71,140.15,72.87,4.72606866666667,476.34,581.18,388.42,430.77
2026-01-16 13:59:59,XPQ-01 Main,2026-01-16 13:59:00,1093.0,59.52,5.05232833333333,470.08,1095.13,295.22,235.24,175.46,59.79,5.603372,470.57,1093.39,299.37,235.99,181.01,60.86,4.86747933333333,470.23,1090.48,295.33,239.63,170.29,57.93,4.69273533333333,469.43,889.92,710.86,526.75
2026-01-16 14:00:59,XPQ-01 Main,2026-01-16 14:00:00,749.48,74.89,4.85232833333333,476.45,749.43,204.83,134.64,153.77,75.24,5.403372,476.79,751.29,208.39,134.93,157.84,76.01,4.76747933333333,476.5,747.74,205.3,139.04,150.39,73.43,4.39273533333333,476.06,618.52,408.62,462.0
2026-01-16 14:01:59,XPQ-01 Main,2026-01-16 14:01:00,703.01,74.99,4.74232833333333,476.69,707.32,193.53,127.81,144.95,75.01,5.27003866666667,477.05,699.01,193.89,126.01,146.99,75.92,4.534146,476.47,702.71,193.02,129.54,142.65,74.03,4.42606866666667,476.55,580.44,383.35,434.59
2026-01-16 14:02:59,XPQ-01 Main,2026-01-16 14:02:00,709.45,69.28,4.988995,476.4,715.42,195.54,142.09,133.73,68.54,5.403372,476.98,698.68,193.85,137.0,136.15,70.49,4.86747933333333,476.39,714.27,195.97,141.87,134.55,68.81,4.69273533333333,475.82,585.37,420.97,404.43
2026-01-16 14:03:59,XPQ-01 Main,2026-01-16 14:03:00,771.34,69.65,4.67566166666667,475.24,778.32,212.18,152.8,146.73,69.26,5.003372,475.45,763.02,211.05,148.85,148.57,70.64,4.60081266666667,475.31,772.69,211.67,152.77,145.82,69.05,4.42606866666667,474.96,634.9,454.42,441.13
2026-01-16 14:04:59,XPQ-01 Main,2026-01-16 14:04:00,833.75,75.52,4.28566166666667,475.49,837.57,228.6,148.9,172.95,75.78,4.57003866666667,476.05,832.75,230.47,148.41,175.58,76.37,4.234146,475.22,830.94,227.59,151.78,169.01,74.4,4.059402,475.2,686.66,449.09,517.55
2026-01-16 14:05:59,XPQ-01 Main,2026-01-16 14:05:00,845.48,73.85,4.108995,474.63,851.53,231.87,156.74,170.63,73.64,4.503372,474.82,838.51,231.6,153.32,172.49,74.74,4.134146,474.64,846.41,231.58,157.33,168.85,73.16,3.6927353333333297,474.44,695.05,467.39,511.97
2026-01-16 14:06:59,XPQ-01 Main,2026-01-16 14:06:00,826.83,75.53,4.04566166666667,474.13,829.44,225.6,146.4,171.46,76.05,4.503372,474.49,829.23,228.89,147.57,174.43,76.34,4.10081266666667,474.18,821.8,224.54,150.36,166.33,74.18,3.52606866666667,473.74,679.02,444.32,512.21
2026-01-16 14:07:59,XPQ-01 Main,2026-01-16 14:07:00,825.64,73.05,4.15566166666667,473.95,834.24,226.77,156.02,164.1,72.47,4.57003866666667,474.18,813.74,224.52,150.56,165.53,73.98,4.06747933333333,474.09,828.94,226.45,155.0,164.11,72.7,3.8260686666666706,473.59,677.75,461.58,493.74
2026-01-16 14:08:59,XPQ-01 Main,2026-01-16 14:08:00,888.47,76.2,4.208995,473.41,899.55,244.26,156.18,187.52,76.84,4.77003866666667,473.7,888.16,244.78,157.51,186.81,76.45,3.96747933333333,473.51,877.69,239.47,157.29,180.11,75.32,3.89273533333333,473.01,728.5,470.98,554.45
2026-01-16 14:09:59,XPQ-01 Main,2026-01-16 14:09:00,674.03,68.3,4.598995,475.01,678.93,185.12,134.02,127.21,68.85,5.003372,475.49,674.1,186.34,134.58,128.18,68.97,4.734146,474.75,669.06,183.09,135.3,122.43,67.1,4.059402,474.78,554.56,403.9,377.82
2026-01-16 14:10:59,XPQ-01 Main,2026-01-16 14:10:00,720.43,65.98,4.33232833333333,474.28,731.98,199.23,149.63,131.26,65.94,4.83670533333333,474.63,712.68,196.72,146.84,130.42,66.41,4.26747933333333,474.19,716.63,195.85,147.61,128.27,65.59,3.89273533333333,474.03,591.79,444.08,389.94
2026-01-16 14:11:59,XPQ-01 Main,2026-01-16 14:11:00,788.96,73.58,4.308995,474.14,792.89,215.77,145.16,159.0,73.85,4.77003866666667,474.68,788.05,217.5,144.68,161.23,74.43,4.434146,473.96,785.93,214.66,147.48,155.1,72.47,3.7260686666666705,473.79,647.93,437.32,475.33
2026-01-16 14:12:59,XPQ-01 Main,2026-01-16 14:12:00,584.43,73.61,4.698995,476.1,583.77,159.5,108.53,116.41,73.14,4.97003866666667,476.7,579.78,160.73,105.64,120.62,75.23,4.834146,475.95,589.74,161.71,111.22,116.95,72.46,4.29273533333333,475.64,481.93,325.39,353.98
2026-01-16 14:13:59,XPQ-01 Main,2026-01-16 14:13:00,570.36,72.08,4.64566166666667,476.14,577.75,157.86,110.74,111.53,70.96,5.03670533333333,476.62,557.38,154.5,104.51,111.88,73.08,4.734146,476.03,575.96,157.97,108.36,113.07,72.2,4.159402,475.76,470.34,323.61,336.47
2026-01-16 14:14:59,XPQ-01 Main,2026-01-16 14:14:00,623.7,73.41,4.698995,475.6,627.17,171.2,115.74,125.38,73.48,5.17003866666667,476.02,621.19,171.93,114.36,127.15,74.35,4.66747933333333,475.4,622.75,170.64,117.18,123.03,72.41,4.259402,475.37,513.78,347.28,375.56
2026-01-16 14:15:59,XPQ-01 Main,2026-01-16 14:15:00,621.04,76.95,4.898995,476.48,624.12,170.74,109.31,130.79,76.73,5.33670533333333,477.01,615.99,170.79,106.61,132.99,78.02,4.76747933333333,476.12,623.02,171.0,110.71,129.8,76.08,4.59273533333333,476.32,512.53,326.63,393.58
2026-01-16 14:16:59,XPQ-01 Main,2026-01-16 14:16:00,628.87,73.58,4.44232833333333,476.51,633.39,173.19,119.24,125.05,72.37,4.87003866666667,476.91,615.7,170.79,112.38,127.75,75.08,4.40081266666667,476.42,637.52,175.03,118.66,127.86,73.3,4.059402,476.19,519.0,350.28,380.66
2026-01-16 14:17:59,XPQ-01 Main,2026-01-16 14:17:00,719.16,72.42,4.988995,475.91,726.4,198.42,137.98,141.97,71.71,5.47003866666667,476.44,707.36,195.96,132.49,143.65,73.51,4.80081266666667,475.71,723.72,198.39,137.2,142.5,72.04,4.69273533333333,475.57,592.77,407.66,428.12
2026-01-16 14:18:59,XPQ-01 Main,2026-01-16 14:18:00,668.3,75.13,5.21232833333333,477.3,672.99,184.36,121.6,137.64,74.94,5.703372,477.74,663.46,184.31,118.82,138.98,76.01,5.00081266666667,477.13,668.45,183.81,122.07,136.05,74.43,4.92606866666667,477.03,552.48,362.5,412.67
2026-01-16 14:19:59,XPQ-01 Main,2026-01-16 14:19:00,698.74,70.45,4.53232833333333,477.42,705.85,193.43,137.25,135.78,70.33,4.93670533333333,478.02,692.05,192.36,134.7,136.87,71.27,4.56747933333333,477.22,698.32,191.99,137.34,133.72,69.76,4.09273533333333,477.02,577.78,409.29,406.37
2026-01-16 14:20:59,XPQ-01 Main,2026-01-16 14:20:00,613.47,75.31,4.53232833333333,479.32,616.96,169.66,113.67,125.43,74.1,4.93670533333333,479.71,600.88,167.68,106.82,128.47,76.89,4.534146,479.3,622.57,171.93,113.51,128.44,74.93,4.12606866666667,478.95,509.27,334.0,382.34
2026-01-16 14:21:59,XPQ-01 Main,2026-01-16 14:21:00,685.72,76.9,5.23232833333333,478.75,688.35,189.12,120.61,144.7,76.82,5.603372,479.23,682.69,190.26,118.43,147.44,77.96,5.034146,478.59,686.13,189.23,122.75,143.18,75.92,5.059402,478.41,568.61,361.79,435.32
2026-01-16 14:22:59,XPQ-01 Main,2026-01-16 14:22:00,709.21,77.43,4.96566166666667,478.57,709.62,194.9,123.2,150.25,77.32,5.07003866666667,479.03,706.57,196.82,121.0,154.14,78.66,5.00081266666667,478.4,711.44,196.15,126.37,149.15,76.3,4.82606866666667,478.27,587.86,370.57,453.53
2026-01-16 14:23:59,XPQ-01 Main,2026-01-16 14:23:00,725.55,76.66,4.688995,478.76,724.27,199.01,127.0,152.4,76.82,5.203372,479.33,726.24,202.41,126.32,157.07,77.93,4.60081266666667,478.56,726.14,200.24,131.52,150.18,75.23,4.259402,478.38,601.66,384.85,459.65
2026-01-16 14:24:59,XPQ-01 Main,2026-01-16 14:24:00,883.55,73.68,4.72232833333333,476.75,882.36,241.4,161.13,179.28,74.37,5.07003866666667,477.13,889.16,246.72,163.62,184.06,74.74,4.70081266666667,476.65,879.12,241.5,167.54,173.52,71.94,4.39273533333333,476.48,729.63,492.3,536.86
2026-01-16 14:25:59,XPQ-01 Main,2026-01-16 14:25:00,928.55,78.93,4.34566166666667,477.04,930.23,254.74,154.31,202.04,79.47,4.83670533333333,477.54,932.08,258.75,155.68,205.78,79.75,4.36747933333333,476.75,923.33,253.76,159.89,196.5,77.57,3.8260686666666706,476.84,767.25,469.88,604.33
2026-01-16 14:26:59,XPQ-01 Main,2026-01-16 14:26:00,989.89,79.12,4.46566166666667,476.16,992.79,271.3,163.97,215.48,79.58,5.03670533333333,476.62,991.67,274.84,164.77,219.37,79.96,4.46747933333333,475.97,985.22,270.28,169.53,210.07,77.82,3.89273533333333,475.9,816.42,498.27,644.92
2026-01-16 14:27:59,XPQ-01 Main,2026-01-16 14:27:00,958.52,79.48,5.26566166666667,476.82,960.96,262.96,159.95,208.41,79.33,5.73670533333333,477.25,952.68,264.37,156.38,212.86,80.59,5.00081266666667,476.64,961.9,264.27,163.5,207.26,78.51,5.059402,476.57,791.61,479.82,628.53
2026-01-16 14:28:59,XPQ-01 Main,2026-01-16 14:28:00,1020.67,78.8,4.988995,476.11,1023.84,279.73,169.94,221.86,79.39,5.43670533333333,476.44,1024.66,283.88,171.78,225.64,79.57,5.06747933333333,475.99,1013.52,278.1,175.82,215.29,77.45,4.459402,475.91,841.72,517.54,662.79
2026-01-16 14:29:59,XPQ-01 Main,2026-01-16 14:29:00,931.56,77.3,4.888995,476.56,935.51,255.79,163.02,196.89,77.02,5.13670533333333,476.87,923.69,256.2,158.61,200.68,78.45,4.80081266666667,476.5,935.49,256.93,165.5,196.1,76.42,4.72606866666667,476.33,768.93,487.13,593.67
2026-01-16 14:30:59,XPQ-01 Main,2026-01-16 14:30:00,1001.27,78.4,4.73232833333333,476.08,1007.27,275.22,170.21,215.86,78.52,5.203372,476.59,997.12,276.31,168.46,218.73,79.23,4.634146,475.91,999.43,274.11,173.33,212.11,77.43,4.359402,475.76,825.65,511.99,646.71
2026-01-16 14:31:59,XPQ-01 Main,2026-01-16 14:31:00,984.26,78.16,4.85566166666667,475.81,991.56,270.79,168.18,211.87,78.32,5.203372,476.03,980.25,271.3,166.59,213.68,78.87,4.86747933333333,475.6,980.97,269.06,170.48,207.66,77.29,4.49273533333333,475.8,811.15,505.24,633.21
2026-01-16 14:32:59,XPQ-01 Main,2026-01-16 14:32:00,977.23,79.67,5.05566166666667,476.21,984.09,268.85,160.95,214.67,80.01,5.47003866666667,476.62,976.63,270.76,160.67,216.58,80.31,5.00081266666667,476.18,970.96,266.42,164.2,209.27,78.67,4.69273533333333,475.82,806.03,485.81,640.53
2026-01-16 14:33:59,XPQ-01 Main,2026-01-16 14:33:00,926.07,80.32,4.96566166666667,476.46,930.69,254.4,151.98,203.8,80.16,5.403372,476.65,919.29,254.87,148.11,206.84,81.31,4.96747933333333,476.42,928.22,254.95,154.52,202.39,79.48,4.52606866666667,476.3,764.22,454.6,613.04
2026-01-16 14:34:59,XPQ-01 Main,2026-01-16 14:34:00,936.84,78.89,5.088995,476.9,940.94,257.4,157.59,202.77,78.96,5.403372,477.44,933.48,259.28,155.67,206.3,79.82,5.134146,476.94,936.08,257.15,160.93,199.89,77.89,4.72606866666667,476.31,773.83,474.19,608.97
2026-01-16 14:35:59,XPQ-01 Main,2026-01-16 14:35:00,922.54,78.18,4.96566166666667,476.9,925.06,253.01,157.45,197.64,78.22,5.33670533333333,477.26,920.23,255.55,155.44,201.66,79.2,4.86747933333333,477.05,922.32,253.47,161.08,195.1,77.11,4.69273533333333,476.4,762.03,473.97,594.4
2026-01-16 14:36:59,XPQ-01 Main,2026-01-16 14:36:00,954.36,78.78,5.008995,476.37,959.39,262.3,161.18,206.29,78.8,5.57003866666667,476.66,950.34,263.39,158.68,208.9,79.63,4.80081266666667,476.16,953.34,261.74,163.5,203.22,77.91,4.659402,476.28,787.43,483.36,618.42
2026-01-16 14:37:59,XPQ-01 Main,2026-01-16 14:37:00,931.01,78.29,5.288995,476.68,934.52,255.7,158.14,200.22,78.48,5.503372,477.39,929.53,257.98,157.07,203.66,79.18,5.234146,476.41,928.99,255.0,161.73,196.56,77.22,5.12606866666667,476.25,768.69,476.94,600.44
2026-01-16 14:38:59,XPQ-01 Main,2026-01-16 14:38:00,980.44,79.26,4.87566166666667,476.32,984.23,269.08,163.26,213.38,79.42,5.33670533333333,476.66,978.98,271.32,161.9,216.5,80.08,4.734146,476.11,978.12,268.49,166.63,209.59,78.28,4.559402,476.18,808.88,491.79,639.47
2026-01-16 14:39:59,XPQ-01 Main,2026-01-16 14:39:00,942.4,79.34,5.41232833333333,476.46,942.13,257.61,157.58,203.54,79.07,5.87003866666667,476.94,936.76,259.79,153.53,209.44,80.65,5.30081266666667,476.29,948.31,260.31,161.76,203.64,78.3,5.059402,476.15,777.71,472.87,616.62
2026-01-16 14:40:59,XPQ-01 Main,2026-01-16 14:40:00,970.08,80.53,5.178995,476.61,974.75,266.5,156.93,214.89,80.76,5.53670533333333,476.99,969.17,268.92,156.04,217.93,81.31,5.034146,476.67,966.33,265.4,160.65,210.68,79.52,4.959402,476.18,800.82,473.63,643.49
2026-01-16 14:41:59,XPQ-01 Main,2026-01-16 14:41:00,944.97,79.05,4.72232833333333,477.7,951.23,260.8,159.39,206.25,79.12,5.07003866666667,478.03,941.07,261.57,157.26,208.13,79.79,4.534146,477.49,942.61,259.49,161.23,202.57,78.24,4.559402,477.57,781.86,477.88,616.95
2026-01-16 14:42:59,XPQ-01 Main,2026-01-16 14:42:00,957.79,77.76,4.63232833333333,477.29,969.05,265.38,166.43,206.69,77.89,5.13670533333333,477.62,951.59,264.34,164.37,206.79,78.28,4.634146,477.23,952.74,262.05,166.7,201.97,77.12,4.12606866666667,477.02,791.78,497.51,615.44
2026-01-16 14:43:59,XPQ-01 Main,2026-01-16 14:43:00,1027.59,74.84,4.41232833333333,476.54,1034.79,282.99,185.83,212.99,75.35,4.803372,477.06,1028.52,285.31,186.76,214.72,75.45,4.40081266666667,476.36,1019.46,279.86,188.86,205.98,73.71,4.02606866666667,476.19,848.16,561.44,633.69
2026-01-16 14:44:59,XPQ-01 Main,2026-01-16 14:44:00,1096.32,77.19,4.28566166666667,476.67,1104.61,302.18,191.02,233.95,77.46,4.67003866666667,477.1,1093.36,303.32,190.29,235.99,77.85,4.16747933333333,476.51,1091.01,299.65,193.75,228.38,76.25,4.02606866666667,476.42,905.15,575.06,698.31
2026-01-16 14:45:59,XPQ-01 Main,2026-01-16 14:45:00,1062.1,77.67,3.988995,476.51,1063.35,290.58,183.24,225.42,77.6,4.47003866666667,476.57,1057.84,293.35,180.17,230.89,78.84,3.96747933333333,476.66,1065.11,292.66,188.08,223.87,76.57,3.52606866666667,476.28,876.59,551.49,680.18
2026-01-16 14:46:59,XPQ-01 Main,2026-01-16 14:46:00,1087.75,75.91,4.14232833333333,476.24,1093.51,298.89,194.53,226.78,75.9,4.57003866666667,476.55,1082.03,299.8,191.61,230.05,76.84,4.234146,476.03,1087.72,298.55,197.2,223.64,75.0,3.62606866666667,476.13,897.25,583.33,680.46
2026-01-16 14:47:59,XPQ-01 Main,2026-01-16 14:47:00,1052.88,77.8,4.03232833333333,477.89,1060.45,290.87,182.29,226.43,77.89,4.47003866666667,478.32,1047.58,291.32,180.12,228.65,78.55,4.034146,477.65,1050.6,289.3,184.54,222.38,76.95,3.59273533333333,477.7,871.5,546.95,677.45
2026-01-16 14:48:59,XPQ-01 Main,2026-01-16 14:48:00,1087.95,77.03,4.01232833333333,477.48,1097.63,300.78,191.21,232.12,77.19,4.47003866666667,477.8,1082.32,300.69,189.37,233.6,77.69,3.934146,477.29,1083.9,298.27,193.04,227.23,76.21,3.62606866666667,477.33,899.74,573.62,692.95
2026-01-16 14:49:59,XPQ-01 Main,2026-01-16 14:49:00,1042.42,77.92,3.8656616666666705,477.6,1046.69,286.95,178.7,224.32,78.22,4.303372,478.08,1041.07,289.35,178.1,227.99,78.8,3.7674793333333296,477.31,1039.5,286.03,183.41,219.46,76.73,3.52606866666667,477.41,862.33,540.21,671.77
2026-01-16 14:50:59,XPQ-01 Main,2026-01-16 14:50:00,1061.65,78.98,4.03232833333333,477.96,1069.17,293.17,179.98,231.4,78.94,4.47003866666667,478.29,1054.47,293.36,176.56,234.14,79.84,4.00081266666667,477.94,1061.32,292.34,182.34,228.53,78.17,3.62606866666667,477.65,878.87,538.87,694.07
2026-01-16 14:51:59,XPQ-01 Main,2026-01-16 14:51:00,1088.99,79.74,3.96566166666667,478.19,1090.97,299.44,180.07,238.82,79.85,4.37003866666667,478.75,1086.91,302.53,178.24,243.71,80.72,4.134146,477.95,1089.09,300.0,185.0,235.62,78.65,3.39273533333333,477.89,901.97,543.32,718.15
2026-01-16 14:52:59,XPQ-01 Main,2026-01-16 14:52:00,1067.19,79.83,4.03232833333333,478.33,1068.8,293.47,176.04,234.49,79.97,4.53670533333333,478.59,1065.23,296.37,174.39,239.15,80.8,3.8674793333333297,478.02,1067.53,294.33,181.18,231.21,78.71,3.6927353333333297,478.37,884.16,531.61,704.86
2026-01-16 14:53:59,XPQ-01 Main,2026-01-16 14:53:00,1046.02,79.3,4.398995,478.67,1052.05,288.93,174.76,229.91,79.61,4.93670533333333,479.02,1044.6,291.03,174.21,232.71,80.05,4.46747933333333,478.62,1041.4,287.28,178.91,224.7,78.23,3.79273533333333,478.39,867.24,527.87,687.32
2026-01-16 14:54:59,XPQ-01 Main,2026-01-16 14:54:00,1056.44,79.36,3.7556616666666702,478.23,1061.88,291.3,176.7,231.23,79.46,4.13670533333333,478.49,1053.25,293.18,174.5,234.53,80.23,3.734146,478.27,1054.2,290.59,180.26,227.68,78.4,3.39273533333333,477.92,875.06,531.47,693.44
2026-01-16 14:55:59,XPQ-01 Main,2026-01-16 14:55:00,1056.1,78.12,4.14566166666667,478.09,1059.08,290.47,181.08,226.82,78.15,4.63670533333333,478.48,1052.32,292.9,178.7,231.62,79.17,4.00081266666667,478.1,1056.9,291.16,185.46,224.17,77.05,3.79273533333333,477.68,874.53,545.25,682.61
2026-01-16 14:56:59,XPQ-01 Main,2026-01-16 14:56:00,1042.03,79.22,4.208995,477.68,1047.39,287.19,174.28,228.09,79.46,4.73670533333333,477.99,1040.09,289.02,173.34,230.94,79.98,4.134146,477.41,1038.59,285.94,177.91,223.34,78.22,3.759402,477.65,862.15,525.53,682.37
2026-01-16 14:57:59,XPQ-01 Main,2026-01-16 14:57:00,1063.97,77.1,4.07566166666667,477.29,1068.08,292.39,186.16,225.32,77.09,4.67003866666667,477.69,1059.64,294.5,183.46,229.67,78.13,4.10081266666667,477.4,1064.2,292.68,189.8,222.52,76.08,3.459402,476.78,879.56,559.42,677.52
2026-01-16 14:58:59,XPQ-01 Main,2026-01-16 14:58:00,1018.13,74.92,4.288995,477.86,1022.89,280.42,186.31,209.5,74.73,4.803372,478.36,1011.27,281.39,182.61,213.85,76.05,4.434146,477.87,1020.24,280.87,188.97,207.81,73.99,3.62606866666667,477.35,842.67,557.89,631.15
2026-01-16 14:59:59,XPQ-01 Main,2026-01-16 14:59:00,975.52,73.4,3.998995,478.37,984.52,270.32,182.92,198.85,73.6,4.47003866666667,478.61,971.21,270.26,181.33,199.57,74.01,4.134146,478.15,970.82,267.69,183.69,193.83,72.58,3.39273533333333,478.36,808.27,547.93,592.25
2026-01-16 15:00:59,XPQ-01 Main,2026-01-16 15:00:00,957.21,73.43,3.908995,478.85,964.85,265.27,179.01,195.4,73.74,4.43670533333333,479.33,954.15,265.83,178.29,196.76,74.1,3.80081266666667,478.47,952.62,262.8,180.8,190.02,72.45,3.49273533333333,478.76,793.91,538.1,582.18
2026-01-16 15:01:59,XPQ-01 Main,2026-01-16 15:01:00,980.49,74.08,3.94566166666667,478.18,987.94,271.19,181.89,200.83,74.12,4.47003866666667,478.63,974.45,271.12,179.45,202.75,74.88,3.96747933333333,477.86,979.08,269.74,183.24,197.17,73.25,3.39273533333333,478.04,812.05,544.58,600.75
2026-01-16 15:02:59,XPQ-01 Main,2026-01-16 15:02:00,1034.11,74.76,4.32232833333333,477.9,1041.08,285.45,190.38,212.75,74.53,4.67003866666667,478.25,1025.06,285.12,185.93,215.91,75.77,4.36747933333333,477.85,1036.18,285.38,191.92,211.0,73.98,3.92606866666667,477.59,855.95,568.24,639.66
2026-01-16 15:03:59,XPQ-01 Main,2026-01-16 15:03:00,1048.9,72.61,4.33232833333333,477.82,1059.66,290.56,198.24,212.07,73.05,4.83670533333333,478.32,1046.8,291.17,198.15,212.56,73.15,4.40081266666667,477.69,1040.23,286.35,199.72,205.01,71.63,3.759402,477.47,868.08,596.11,629.63
2026-01-16 15:04:59,XPQ-01 Main,2026-01-16 15:04:00,1089.59,74.59,3.65566166666667,477.28,1095.27,300.05,199.34,224.15,74.73,4.23670533333333,477.6,1085.48,301.41,197.5,227.21,75.47,3.834146,477.04,1088.02,299.28,202.19,219.73,73.59,2.89273533333333,477.2,900.74,599.04,671.09
2026-01-16 15:05:59,XPQ-01 Main,2026-01-16 15:05:00,1090.72,73.89,3.82232833333333,477.58,1096.88,300.59,202.34,222.36,73.97,4.303372,477.98,1085.85,301.84,200.12,225.79,74.84,3.7674793333333296,477.49,1089.44,299.81,205.38,218.41,72.85,3.39273533333333,477.29,902.24,607.84,666.56
2026-01-16 15:06:59,XPQ-01 Main,2026-01-16 15:06:00,1100.49,75.67,3.698995,477.71,1109.86,304.39,197.83,230.95,75.95,3.97003866666667,478.19,1096.76,304.83,196.84,232.55,76.33,3.80081266666667,477.34,1094.83,301.33,200.05,225.01,74.73,3.32606866666667,477.59,910.55,594.72,688.51
2026-01-16 15:07:59,XPQ-01 Main,2026-01-16 15:07:00,1052.01,74.51,3.8556616666666703,478.04,1060.96,291.04,192.48,218.19,74.99,4.23670533333333,478.4,1051.27,292.47,192.9,219.58,75.13,3.934146,477.9,1043.8,287.55,195.28,211.09,73.41,3.39273533333333,477.83,871.06,580.65,648.86
2026-01-16 15:08:59,XPQ-01 Main,2026-01-16 15:08:00,1083.27,73.79,3.91232833333333,478.14,1087.67,298.48,201.49,220.12,73.76,4.23670533333333,478.67,1077.69,299.95,198.8,224.59,74.88,4.06747933333333,477.94,1084.44,298.69,204.95,217.18,72.73,3.42606866666667,477.8,897.11,605.25,661.89
2026-01-16 15:09:59,XPQ-01 Main,2026-01-16 15:09:00,1140.08,76.69,3.7656616666666705,477.99,1150.31,315.48,200.5,243.21,77.16,4.07003866666667,478.41,1139.16,316.94,200.96,244.4,77.24,3.8674793333333297,477.89,1130.78,311.44,203.42,235.52,75.68,3.359402,477.65,943.87,604.88,723.12
2026-01-16 15:10:59,XPQ-01 Main,2026-01-16 15:10:00,1222.82,79.46,3.998995,477.93,1231.37,337.64,202.37,270.04,80.02,4.33670533333333,478.26,1225.05,340.75,204.27,272.44,80.01,3.934146,477.88,1212.05,333.87,207.42,261.46,78.34,3.7260686666666705,477.65,1012.26,614.06,803.94
2026-01-16 15:11:59,XPQ-01 Main,2026-01-16 15:11:00,1260.9,79.63,4.04566166666667,477.24,1263.44,345.98,207.69,276.58,79.97,4.503372,477.52,1262.15,350.5,207.67,282.1,80.53,3.934146,477.13,1257.11,345.8,214.56,270.87,78.39,3.6927353333333297,477.06,1042.28,629.91,829.55
2026-01-16 15:12:59,XPQ-01 Main,2026-01-16 15:12:00,1263.33,79.55,3.8556616666666703,477.04,1269.75,347.47,209.17,277.19,79.82,4.33670533333333,477.42,1261.39,350.3,208.53,281.27,80.33,3.80081266666667,477.04,1258.84,346.06,214.39,271.58,78.49,3.42606866666667,476.65,1043.83,632.09,830.04
2026-01-16 15:13:59,XPQ-01 Main,2026-01-16 15:13:00,1279.43,78.78,3.82232833333333,477.87,1285.9,352.52,214.48,279.57,79.34,4.07003866666667,478.1,1282.98,356.79,216.46,283.07,79.44,3.80081266666667,477.87,1269.41,349.68,220.56,270.96,77.56,3.59273533333333,477.65,1059.0,651.49,833.59
2026-01-16 15:14:59,XPQ-01 Main,2026-01-16 15:14:00,1283.23,79.62,3.93232833333333,477.51,1293.96,354.63,212.22,283.89,80.09,4.33670533333333,477.78,1282.38,356.21,213.05,285.36,80.13,4.06747933333333,477.26,1273.36,350.49,216.32,275.43,78.64,3.39273533333333,477.5,1061.34,641.58,844.68
2026-01-16 15:15:59,XPQ-01 Main,2026-01-16 15:15:00,1233.82,79.08,3.8656616666666705,475.18,1237.32,337.42,205.34,267.36,79.31,4.27003866666667,475.6,1232.76,340.91,204.3,272.43,80.0,3.96747933333333,475.01,1231.39,337.17,211.17,262.5,77.92,3.359402,474.95,1015.5,620.82,802.29
2026-01-16 15:16:59,XPQ-01 Main,2026-01-16 15:16:00,1226.23,78.92,3.85232833333333,475.59,1227.02,334.79,205.46,264.24,78.94,4.303372,475.93,1223.36,338.65,202.71,270.99,80.08,4.06747933333333,475.56,1228.3,336.67,211.65,261.62,77.74,3.19273533333333,475.29,1010.11,619.82,796.84
2026-01-16 15:17:59,XPQ-01 Main,2026-01-16 15:17:00,1256.33,79.53,3.978995,475.36,1254.68,342.28,205.6,273.48,79.93,4.57003866666667,475.67,1260.43,348.6,206.37,280.68,80.57,4.00081266666667,475.17,1253.87,343.53,214.38,268.06,78.1,3.359402,475.24,1034.42,626.36,822.23
2026-01-16 15:18:59,XPQ-01 Main,2026-01-16 15:18:00,1234.61,78.71,3.688995,475.52,1233.54,336.6,204.67,266.86,79.35,4.03670533333333,475.95,1241.94,343.74,207.66,273.65,79.66,3.7674793333333296,475.4,1228.34,336.55,214.11,259.49,77.13,3.259402,475.22,1016.9,626.44,800.0
2026-01-16 15:19:59,XPQ-01 Main,2026-01-16 15:19:00,1207.58,79.22,3.97566166666667,475.87,1213.87,331.41,198.93,264.89,79.96,4.503372,476.06,1213.35,335.97,202.35,267.83,79.79,3.8674793333333297,475.81,1195.51,327.98,205.42,255.36,77.92,3.559402,475.75,995.35,606.71,788.08
2026-01-16 15:20:59,XPQ-01 Main,2026-01-16 15:20:00,1212.85,78.47,3.908995,475.98,1212.97,331.38,202.94,261.64,79.02,4.53670533333333,476.39,1218.18,337.4,205.06,267.72,79.39,3.8674793333333297,475.74,1207.38,331.15,211.06,254.77,77.01,3.32606866666667,475.81,999.93,619.06,784.13
2026-01-16 15:21:59,XPQ-01 Main,2026-01-16 15:21:00,1216.49,78.11,3.7556616666666702,476.24,1213.76,331.61,205.16,260.17,78.52,4.23670533333333,476.68,1221.34,338.65,206.31,268.13,79.25,3.7674793333333296,476.24,1214.38,333.22,214.36,255.01,76.55,3.259402,475.78,1003.48,625.83,783.31
2026-01-16 15:22:59,XPQ-01 Main,2026-01-16 15:22:00,1226.6,79.72,3.808995,472.28,1232.88,333.98,201.26,266.32,79.78,4.33670533333333,472.62,1221.64,335.9,198.59,270.54,80.61,3.80081266666667,472.35,1225.28,333.5,205.33,262.58,78.77,3.29273533333333,471.87,1003.37,605.18,799.44
2026-01-16 15:23:59,XPQ-01 Main,2026-01-16 15:23:00,1237.43,79.11,3.8756616666666703,474.91,1238.74,337.56,205.44,267.53,79.31,4.47003866666667,475.38,1237.16,342.02,204.51,273.89,80.13,3.8674793333333297,474.81,1236.4,338.31,212.01,263.38,77.9,3.29273533333333,474.55,1017.89,621.96,804.8
2026-01-16 15:24:59,XPQ-01 Main,2026-01-16 15:24:00,1217.97,78.1,3.6123283333333296,475.71,1217.79,332.34,206.94,259.64,78.2,4.103372,476.26,1216.83,337.1,205.28,266.85,79.26,3.80081266666667,475.72,1219.29,334.13,213.7,256.6,76.84,2.92606866666667,475.16,1003.57,625.92,783.09
2026-01-16 15:25:59,XPQ-01 Main,2026-01-16 15:25:00,1199.19,79.4,3.7223283333333295,475.93,1205.42,329.15,195.93,264.1,80.31,4.07003866666667,476.28,1207.73,334.55,201.03,267.05,79.89,3.7674793333333296,475.86,1184.41,324.87,203.19,253.27,78.0,3.32606866666667,475.66,988.57,600.16,784.43
2026-01-16 15:26:59,XPQ-01 Main,2026-01-16 15:26:00,1216.39,77.88,3.53232833333333,476.44,1215.64,332.16,207.07,259.51,78.17,3.97003866666667,476.67,1218.75,338.03,206.99,266.46,78.97,3.56747933333333,476.58,1214.78,333.62,214.76,255.02,76.49,3.059402,476.06,1003.81,628.82,780.99
2026-01-16 15:27:59,XPQ-01 Main,2026-01-16 15:27:00,1147.17,76.68,3.6656616666666704,476.55,1149.26,313.98,200.12,241.77,77.03,4.13670533333333,476.75,1149.2,318.9,200.57,246.88,77.62,3.90081266666667,476.86,1143.05,314.0,206.05,236.53,75.4,2.959402,476.03,946.89,606.74,725.18
2026-01-16 15:28:59,XPQ-01 Main,2026-01-16 15:28:00,1089.66,75.44,3.698995,477.73,1100.79,301.73,195.95,229.43,76.04,4.23670533333333,477.89,1089.81,302.9,197.33,229.53,75.83,3.66747933333333,477.67,1078.39,297.02,198.13,220.96,74.45,3.19273533333333,477.64,901.65,591.41,679.92
2026-01-16 15:29:59,XPQ-01 Main,2026-01-16 15:29:00,1081.01,74.96,3.688995,477.76,1090.43,298.99,196.57,225.13,75.33,4.37003866666667,478.19,1078.73,299.93,196.45,226.43,75.53,3.734146,477.56,1073.86,295.62,198.59,218.59,74.02,2.959402,477.54,894.54,591.62,670.15
2026-01-16 15:30:59,XPQ-01 Main,2026-01-16 15:30:00,1067.31,74.29,3.57566166666667,478.03,1075.64,294.9,196.05,220.15,74.68,3.9367053333333297,478.22,1065.94,296.59,195.95,221.85,74.95,3.734146,478.15,1060.35,292.2,198.74,213.86,73.25,3.059402,477.71,883.69,590.74,655.86
2026-01-16 15:31:59,XPQ-01 Main,2026-01-16 15:31:00,1113.94,75.28,3.808995,478.11,1123.18,308.14,201.67,232.94,75.6,4.23670533333333,478.33,1111.23,309.12,201.01,234.44,75.92,4.06747933333333,478.0,1107.42,305.2,204.0,226.67,74.33,3.12606866666667,478.0,922.46,606.67,694.05
2026-01-16 15:32:59,XPQ-01 Main,2026-01-16 15:32:00,1145.0,75.97,3.708995,478.04,1154.18,316.45,204.47,241.48,76.32,4.23670533333333,478.25,1143.26,318.11,204.22,243.34,76.6,3.90081266666667,478.15,1137.56,313.48,207.27,234.98,74.99,2.99273533333333,477.72,948.04,615.96,719.8
2026-01-16 15:33:59,XPQ-01 Main,2026-01-16 15:33:00,1139.33,75.6,3.73232833333333,478.13,1149.25,315.36,203.46,240.62,76.36,4.37003866666667,478.65,1142.34,317.93,206.46,241.52,76.01,3.834146,477.94,1126.42,310.27,207.17,230.78,74.41,2.99273533333333,477.82,943.55,617.08,712.92
2026-01-16 15:34:59,XPQ-01 Main,2026-01-16 15:34:00,1098.23,74.7,3.63232833333333,478.33,1107.29,303.86,200.3,228.4,75.18,4.07003866666667,478.65,1097.56,305.57,200.82,229.89,75.31,3.7008126666666703,478.31,1089.85,300.44,203.31,221.12,73.61,3.12606866666667,478.03,909.87,604.43,679.42
2026-01-16 15:35:59,XPQ-01 Main,2026-01-16 15:35:00,1123.73,75.24,3.708995,478.37,1134.22,311.46,203.38,235.63,75.7,4.17003866666667,478.71,1121.97,312.23,203.66,236.32,75.75,3.60081266666667,478.07,1115.0,307.4,205.63,228.07,74.27,3.359402,478.34,931.09,612.67,700.03
2026-01-16 15:36:59,XPQ-01 Main,2026-01-16 15:36:00,1139.21,76.2,3.898995,478.73,1144.37,314.2,203.64,239.25,76.15,4.403372,478.96,1133.71,315.95,200.44,243.47,77.2,3.80081266666667,478.87,1139.54,314.46,207.01,236.39,75.23,3.49273533333333,478.36,944.61,611.09,719.12
2026-01-16 15:37:59,XPQ-01 Main,2026-01-16 15:37:00,1109.14,76.47,3.7756616666666702,479.11,1116.25,306.87,197.1,234.68,76.58,4.17003866666667,479.68,1104.33,308.07,195.12,237.73,77.3,4.06747933333333,479.01,1106.83,305.46,200.03,230.47,75.52,3.09273533333333,478.64,920.4,592.24,702.89
2026-01-16 15:38:59,XPQ-01 Main,2026-01-16 15:38:00,1084.41,76.93,3.74232833333333,476.22,1096.18,299.58,189.33,232.08,77.49,4.07003866666667,476.46,1083.43,300.17,190.48,231.97,77.28,3.90081266666667,476.04,1073.62,294.71,191.42,223.9,76.01,3.259402,476.15,894.46,571.23,687.95
2026-01-16 15:39:59,XPQ-01 Main,2026-01-16 15:39:00,1113.73,77.75,3.798995,476.2,1122.64,306.61,191.32,239.53,78.14,4.33670533333333,476.37,1112.36,308.31,191.36,241.23,78.34,4.00081266666667,476.31,1106.18,303.69,194.56,233.02,76.76,3.059402,475.93,918.61,577.24,713.77
2026-01-16 15:40:59,XPQ-01 Main,2026-01-16 15:40:00,1076.66,75.84,3.88566166666667,476.91,1085.74,297.22,192.53,226.16,76.15,4.33670533333333,477.33,1073.0,297.76,191.73,227.73,76.5,3.90081266666667,476.63,1071.23,294.37,194.99,220.34,74.89,3.42606866666667,476.76,889.35,579.25,674.23
2026-01-16 15:41:59,XPQ-01 Main,2026-01-16 15:41:00,997.63,74.77,3.76566166666667,477.57,1006.87,275.92,183.73,205.77,74.59,4.23670533333333,477.83,988.45,274.69,179.61,207.2,75.56,3.66747933333333,477.47,997.58,274.6,183.86,203.27,74.16,3.39273533333333,477.41,825.2,547.21,616.24
2026-01-16 15:42:59,XPQ-01 Main,2026-01-16 15:42:00,1085.95,69.72,3.54566166666667,475.91,1096.51,299.47,213.0,210.16,70.23,3.903372,476.18,1085.03,300.44,213.51,210.46,70.2,3.56747933333333,475.75,1076.3,295.24,214.13,202.53,68.72,3.159402,475.8,895.15,640.64,623.16
2026-01-16 15:43:59,XPQ-01 Main,2026-01-16 15:43:00,1162.26,71.06,3.74566166666667,475.25,1172.39,319.71,223.56,228.32,71.45,4.203372,475.47,1160.22,320.82,223.29,229.17,71.62,3.80081266666667,475.16,1154.16,316.2,224.89,221.16,70.12,3.22606866666667,475.13,956.73,671.74,678.65
2026-01-16 15:44:59,XPQ-01 Main,2026-01-16 15:44:00,1267.05,75.23,3.57566166666667,474.32,1274.72,346.73,225.47,263.32,75.96,4.07003866666667,474.45,1272.11,351.2,228.84,265.97,75.8,3.56747933333333,474.47,1254.32,343.04,230.94,253.46,73.92,3.09273533333333,474.05,1040.97,685.25,782.74
2026-01-16 15:45:59,XPQ-01 Main,2026-01-16 15:45:00,1261.78,74.87,3.8656616666666705,474.58,1266.66,344.92,226.63,259.84,75.36,4.303372,474.77,1263.97,349.0,228.03,263.8,75.65,3.96747933333333,474.49,1254.7,343.28,232.17,252.33,73.59,3.32606866666667,474.5,1037.2,686.83,775.97
2026-01-16 15:46:59,XPQ-01 Main,2026-01-16 15:46:00,1345.72,73.1,3.6323283333333296,473.5,1352.0,367.31,246.68,271.35,73.99,4.07003866666667,473.79,1353.69,372.99,251.88,274.38,73.67,3.90081266666667,473.4,1331.48,363.39,253.13,259.84,71.63,2.92606866666667,473.31,1103.69,751.69,805.58
2026-01-16 15:47:59,XPQ-01 Main,2026-01-16 15:47:00,1214.36,67.71,3.57566166666667,474.98,1220.62,332.45,242.0,227.37,68.47,3.8700386666666704,475.15,1218.61,336.94,245.13,229.82,68.4,3.634146,475.18,1203.87,329.66,246.24,217.9,66.27,3.22606866666667,474.6,999.05,733.37,675.08
2026-01-16 15:48:59,XPQ-01 Main,2026-01-16 15:48:00,1355.98,73.86,3.88566166666667,474.17,1360.62,369.95,246.59,275.77,74.54,4.303372,474.19,1362.56,375.97,250.06,279.79,74.56,4.06747933333333,474.37,1344.76,367.75,253.14,266.18,72.46,3.29273533333333,473.96,1113.68,749.8,821.73
2026-01-16 15:49:59,XPQ-01 Main,2026-01-16 15:49:00,1262.01,70.62,3.52232833333333,475.25,1265.62,344.98,241.81,245.54,71.25,4.003372,475.65,1266.91,350.6,244.53,250.06,71.5,3.634146,475.37,1253.5,343.29,248.0,237.2,69.12,2.92606866666667,474.73,1038.86,734.35,732.8
2026-01-16 15:50:59,XPQ-01 Main,2026-01-16 15:50:00,1272.24,70.9,3.63232833333333,475.13,1277.87,348.37,242.62,249.61,71.71,4.103372,475.34,1278.88,353.53,246.64,252.63,71.55,3.7674793333333296,475.05,1259.98,345.11,248.03,239.25,69.43,3.02606866666667,475.0,1047.02,737.29,741.5
2026-01-16 15:51:59,XPQ-01 Main,2026-01-16 15:51:00,1225.54,69.29,3.64566166666667,475.79,1226.08,334.5,240.89,232.16,69.4,4.13670533333333,475.91,1223.94,338.97,240.14,239.12,70.56,3.634146,476.01,1226.61,336.49,246.88,228.37,67.91,3.159402,475.43,1009.96,727.91,699.65
2026-01-16 15:52:59,XPQ-01 Main,2026-01-16 15:52:00,1306.08,72.97,3.7756616666666702,474.72,1310.98,357.04,240.34,264.07,73.96,4.17003866666667,474.9,1315.73,363.42,246.28,267.35,73.57,3.934146,474.68,1291.53,353.47,247.55,252.25,71.37,3.22606866666667,474.57,1073.94,734.16,783.67
2026-01-16 15:53:59,XPQ-01 Main,2026-01-16 15:53:00,1399.45,74.79,3.82232833333333,474.06,1394.74,378.91,250.29,284.2,75.05,4.47003866666667,474.17,1403.02,387.36,250.98,294.48,76.11,3.7674793333333296,474.54,1400.6,382.85,260.62,280.2,73.22,3.22606866666667,473.46,1149.11,761.89,858.87
2026-01-16 15:54:59,XPQ-01 Main,2026-01-16 15:54:00,1353.02,73.85,3.8456616666666705,474.56,1352.3,368.08,245.19,274.35,74.56,4.27003866666667,474.76,1361.67,376.09,249.63,281.24,74.79,3.8674793333333297,474.63,1345.08,367.99,254.48,265.5,72.19,3.39273533333333,474.28,1112.16,749.29,821.09
2026-01-16 15:55:59,XPQ-01 Main,2026-01-16 15:55:00,1281.49,72.61,3.7556616666666702,475.43,1284.36,349.97,240.44,254.38,72.69,4.37003866666667,475.44,1278.05,353.78,238.89,260.66,73.72,3.834146,475.88,1282.08,351.53,245.92,251.05,71.44,3.059402,474.98,1055.28,725.26,766.09
2026-01-16 15:56:59,XPQ-01 Main,2026-01-16 15:56:00,1238.08,70.36,3.588995,475.76,1243.35,339.07,239.0,240.25,70.9,4.13670533333333,476.08,1241.11,343.97,241.03,244.31,71.19,3.66747933333333,476.15,1229.79,337.2,243.96,232.61,69.01,2.959402,475.04,1020.24,723.98,717.17
2026-01-16 15:57:59,XPQ-01 Main,2026-01-16 15:57:00,1163.54,73.46,3.63232833333333,477.11,1166.44,319.29,215.0,235.7,73.88,4.13670533333333,477.68,1165.27,323.75,216.09,240.6,74.4,3.56747933333333,477.06,1158.91,318.5,220.6,229.59,72.11,3.19273533333333,476.59,961.54,651.7,705.89
2026-01-16 15:58:59,XPQ-01 Main,2026-01-16 15:58:00,1434.92,64.8,3.8123283333333298,473.28,1440.0,390.61,291.59,251.51,65.31,4.23670533333333,473.35,1436.81,395.93,293.92,256.02,65.68,3.96747933333333,473.69,1427.96,389.74,296.24,242.93,63.41,3.22606866666667,472.8,1176.28,881.74,750.47
2026-01-16 15:59:59,XPQ-01 Main,2026-01-16 15:59:00,1435.87,75.95,3.64566166666667,474.21,1438.37,390.92,251.28,298.96,76.55,4.13670533333333,474.59,1443.17,398.75,254.88,305.49,76.78,3.634146,474.64,1426.09,389.72,259.78,290.29,74.52,3.159402,473.39,1179.39,765.93,894.74
2026-01-16 16:00:59,XPQ-01 Main,2026-01-16 16:00:00,1227.32,75.25,3.66566166666667,477.31,1232.45,337.47,220.19,255.51,75.75,4.303372,477.59,1229.6,341.59,221.93,259.23,75.96,3.634146,477.31,1219.92,335.62,225.31,248.14,74.03,3.059402,477.04,1014.68,667.43,762.88
2026-01-16 16:01:59,XPQ-01 Main,2026-01-16 16:01:00,1171.78,72.44,3.678995,477.26,1178.1,322.59,220.48,234.92,72.92,4.13670533333333,477.59,1173.06,325.85,221.69,237.92,73.16,3.7674793333333296,477.21,1164.19,320.22,224.5,227.86,71.23,3.12606866666667,476.98,968.66,666.66,700.7
2026-01-16 16:02:59,XPQ-01 Main,2026-01-16 16:02:00,1195.44,72.99,3.718995,476.99,1203.54,329.33,221.69,243.21,73.91,4.17003866666667,477.42,1201.69,333.71,226.35,244.89,73.43,3.66747933333333,476.97,1181.1,324.61,226.42,232.38,71.62,3.32606866666667,476.56,987.65,674.46,720.48
2026-01-16 16:03:59,XPQ-01 Main,2026-01-16 16:03:00,1224.72,74.71,3.84232833333333,477.83,1226.97,336.12,222.58,251.79,74.92,4.27003866666667,477.94,1224.59,340.65,222.28,257.63,75.71,3.934146,478.13,1222.6,336.84,228.18,247.29,73.49,3.32606866666667,477.41,1013.62,673.04,756.71
2026-01-16 16:04:59,XPQ-01 Main,2026-01-16 16:04:00,1092.71,74.51,3.8656616666666705,478.69,1098.19,301.42,199.57,225.38,74.87,4.33670533333333,479.1,1092.45,304.61,199.9,228.94,75.33,3.80081266666667,478.94,1087.48,299.96,203.8,219.86,73.34,3.459402,478.04,905.99,603.27,674.19
2026-01-16 16:05:59,XPQ-01 Main,2026-01-16 16:05:00,1100.93,73.98,4.14232833333333,478.68,1111.46,305.03,203.06,227.53,74.61,4.53670533333333,478.94,1102.1,307.23,205.05,228.31,74.4,4.20081266666667,478.97,1089.24,300.53,205.58,219.08,72.92,3.6927353333333297,478.15,912.79,613.7,674.93
2026-01-16 16:06:59,XPQ-01 Main,2026-01-16 16:06:00,1027.15,70.69,3.618995,476.89,1029.89,281.7,198.42,199.68,70.93,4.03670533333333,477.39,1026.21,285.04,198.3,204.4,71.77,3.7674793333333296,477.0,1025.34,281.69,202.86,195.39,69.37,3.059402,476.28,848.42,599.58,599.46
2026-01-16 16:07:59,XPQ-01 Main,2026-01-16 16:07:00,1037.78,70.34,4.098995,476.13,1040.09,284.04,200.93,200.68,70.67,4.43670533333333,476.5,1038.15,287.82,201.62,205.42,71.37,4.26747933333333,476.25,1035.1,283.99,205.52,195.82,68.98,3.59273533333333,475.64,855.85,608.07,601.92
2026-01-16 16:08:59,XPQ-01 Main,2026-01-16 16:08:00,1043.78,71.62,4.03232833333333,476.53,1049.2,286.74,198.54,206.51,72.09,4.503372,476.8,1044.5,289.79,199.64,209.42,72.38,4.16747933333333,476.68,1037.64,285.0,202.14,200.3,70.39,3.42606866666667,476.12,861.52,600.32,616.23
2026-01-16 16:09:59,XPQ-01 Main,2026-01-16 16:09:00,1115.21,73.68,3.9556616666666704,476.37,1115.56,304.8,205.16,225.15,73.92,4.403372,476.83,1115.59,309.49,205.4,231.48,74.8,3.96747933333333,476.49,1114.49,305.87,211.18,221.08,72.31,3.49273533333333,475.79,920.17,621.73,677.71
2026-01-16 16:10:59,XPQ-01 Main,2026-01-16 16:10:00,1045.32,74.21,4.05566166666667,477.16,1051.57,287.79,191.02,215.03,74.76,4.503372,477.46,1046.78,290.78,192.69,217.54,74.86,3.96747933333333,477.22,1037.6,285.34,194.82,208.1,73.0,3.6927353333333297,476.78,863.92,578.52,640.66
2026-01-16 16:11:59,XPQ-01 Main,2026-01-16 16:11:00,1088.59,73.15,3.9423283333333297,477.5,1092.18,299.13,201.61,220.32,73.77,4.43670533333333,477.94,1093.27,304.0,204.24,224.32,73.94,3.96747933333333,477.58,1080.31,297.21,206.91,212.96,71.72,3.42606866666667,476.96,900.34,612.76,657.6
2026-01-16 16:12:59,XPQ-01 Main,2026-01-16 16:12:00,1080.53,72.87,4.02232833333333,477.45,1085.13,297.15,201.48,218.15,73.46,4.43670533333333,477.85,1083.85,301.34,203.6,221.48,73.62,4.10081266666667,477.57,1072.61,295.09,206.03,210.87,71.53,3.52606866666667,476.93,893.58,611.11,650.5
2026-01-16 16:13:59,XPQ-01 Main,2026-01-16 16:13:00,1127.86,74.53,4.03232833333333,477.03,1130.08,309.15,203.8,232.06,75.14,4.53670533333333,477.37,1133.21,314.78,206.38,236.56,75.35,4.10081266666667,477.19,1120.29,307.98,209.79,224.81,73.11,3.459402,476.53,931.91,619.97,693.42
2026-01-16 16:14:59,XPQ-01 Main,2026-01-16 16:14:00,1105.09,74.76,4.118995,476.25,1107.04,302.37,197.77,228.35,75.59,4.67003866666667,476.6,1113.11,308.67,202.09,232.68,75.5,4.10081266666667,476.37,1095.11,300.56,204.56,219.78,73.2,3.59273533333333,475.77,911.6,604.42,680.82
2026-01-16 16:15:59,XPQ-01 Main,2026-01-16 16:15:00,1121.28,74.44,4.008995,475.94,1120.77,305.89,201.66,229.79,75.16,4.53670533333333,476.29,1129.23,312.98,205.45,235.53,75.36,4.20081266666667,476.12,1113.83,305.49,209.23,222.23,72.81,3.29273533333333,475.4,924.36,616.34,687.55
2026-01-16 16:16:59,XPQ-01 Main,2026-01-16 16:16:00,1234.25,69.71,4.15566166666667,473.96,1228.76,333.95,235.9,235.27,70.62,4.83670533333333,474.32,1247.35,344.26,242.06,242.98,70.84,4.16747933333333,474.14,1226.63,335.07,245.77,225.91,67.67,3.459402,473.41,1013.27,723.73,704.16
2026-01-16 16:17:59,XPQ-01 Main,2026-01-16 16:17:00,1142.21,71.83,3.998995,475.79,1142.16,311.61,213.81,226.38,72.7,4.33670533333333,476.17,1151.5,319.07,218.68,231.86,72.75,4.034146,475.98,1132.97,310.63,221.57,217.43,70.04,3.6260686666666704,475.21,941.32,654.06,675.67
2026-01-16 16:18:59,XPQ-01 Main,2026-01-16 16:18:00,1177.44,73.69,3.6756616666666706,475.08,1175.86,320.23,214.25,237.73,74.28,3.97003866666667,475.4,1184.15,327.69,217.35,244.75,74.77,3.80081266666667,475.42,1172.33,320.99,222.62,231.07,72.01,3.259402,474.43,968.91,654.22,713.55
2026-01-16 16:19:59,XPQ-01 Main,2026-01-16 16:19:00,1231.11,71.81,3.6656616666666704,474.7,1229.66,334.67,229.59,243.26,72.73,4.203372,475.05,1242.83,343.63,235.56,249.63,72.73,3.66747933333333,474.98,1220.83,333.97,238.48,233.57,69.97,3.12606866666667,474.07,1012.27,703.63,726.46
2026-01-16 16:20:59,XPQ-01 Main,2026-01-16 16:20:00,1344.28,72.62,4.03232833333333,473.24,1337.56,362.84,244.68,267.57,73.8,4.603372,473.6,1363.73,375.96,254.1,276.57,73.64,4.20081266666667,473.59,1331.55,363.15,257.78,255.63,70.41,3.29273533333333,472.54,1101.95,756.57,799.77
2026-01-16 16:21:59,XPQ-01 Main,2026-01-16 16:21:00,1378.63,74.41,3.808995,473.09,1375.02,372.92,244.42,281.36,75.49,4.303372,473.39,1396.35,384.73,252.88,289.04,75.26,3.9008126666666705,473.38,1364.54,372.09,256.14,269.41,72.47,3.22606866666667,472.49,1129.74,753.44,839.82
2026-01-16 16:22:59,XPQ-01 Main,2026-01-16 16:22:00,1377.44,74.29,3.9423283333333297,473.54,1374.62,373.21,245.54,280.49,75.24,4.503372,473.81,1392.8,384.07,252.65,288.23,75.2,3.8674793333333297,473.8,1364.9,372.55,256.68,269.72,72.44,3.459402,473.0,1129.83,754.87,838.43
2026-01-16 16:23:59,XPQ-01 Main,2026-01-16 16:23:00,1250.16,69.77,4.13232833333333,474.35,1251.56,340.39,240.78,240.25,70.63,4.37003866666667,474.68,1260.05,348.1,246.0,245.24,70.6,4.26747933333333,474.6,1238.88,338.67,247.9,230.44,68.08,3.759402,473.75,1027.16,734.68,715.93
2026-01-16 16:24:59,XPQ-01 Main,2026-01-16 16:24:00,1367.23,73.89,4.23232833333333,473.89,1367.28,371.48,246.66,277.34,74.72,4.43670533333333,474.21,1379.55,380.74,252.39,283.64,74.71,4.50081266666667,474.16,1354.87,370.06,255.66,267.08,72.24,3.759402,473.3,1122.28,754.71,828.06
2026-01-16 16:25:59,XPQ-01 Main,2026-01-16 16:25:00,1227.36,71.39,4.188995,475.03,1228.18,334.54,231.0,241.56,72.27,4.53670533333333,475.33,1238.37,342.55,236.35,246.66,72.2,4.26747933333333,475.26,1215.52,332.8,238.56,231.8,69.69,3.759402,474.52,1009.89,705.9,720.02
2026-01-16 16:26:59,XPQ-01 Main,2026-01-16 16:26:00,1222.26,72.75,4.278995,475.1,1225.43,333.83,226.35,244.86,73.43,4.703372,475.47,1229.18,340.11,229.81,249.48,73.55,4.50081266666667,475.32,1212.18,331.89,232.68,236.31,71.25,3.62606866666667,474.5,1005.82,688.85,730.65
2026-01-16 16:27:59,XPQ-01 Main,2026-01-16 16:27:00,1264.39,73.1,4.408995,474.97,1264.57,344.35,232.4,253.83,73.76,4.903372,475.26,1271.95,351.84,236.05,260.09,74.05,4.20081266666667,475.27,1256.65,344.02,240.34,245.8,71.5,4.12606866666667,474.39,1040.21,708.79,759.72
2026-01-16 16:28:59,XPQ-01 Main,2026-01-16 16:28:00,1276.27,72.0,4.13232833333333,475.43,1277.92,348.42,236.79,255.29,73.32,4.63670533333333,475.8,1292.62,357.86,246.11,259.69,72.58,4.20081266666667,475.58,1258.26,344.73,245.72,241.55,70.1,3.559402,474.89,1051.02,728.61,756.53
2026-01-16 16:29:59,XPQ-01 Main,2026-01-16 16:29:00,1255.64,74.81,4.08566166666667,475.41,1255.66,342.2,223.86,258.53,75.6,4.43670533333333,475.76,1265.05,350.32,228.69,264.98,75.7,4.00081266666667,475.74,1246.21,341.46,232.8,249.64,73.13,3.8260686666666706,474.74,1033.99,685.36,773.15
2026-01-16 16:30:59,XPQ-01 Main,2026-01-16 16:30:00,1239.58,72.69,4.13232833333333,475.72,1237.69,337.58,227.93,248.09,73.64,4.503372,476.19,1252.26,347.06,234.32,254.9,73.62,4.234146,475.97,1228.8,336.79,237.61,238.23,70.8,3.659402,474.98,1021.43,699.86,741.22
2026-01-16 16:31:59,XPQ-01 Main,2026-01-16 16:31:00,1290.99,73.49,4.478995,475.32,1293.9,352.61,235.43,261.84,74.36,4.93670533333333,475.61,1301.4,360.24,240.95,266.59,74.19,4.46747933333333,475.59,1277.67,350.03,242.98,251.52,71.92,4.02606866666667,474.76,1062.88,719.35,779.95
2026-01-16 16:32:59,XPQ-01 Main,2026-01-16 16:32:00,1245.77,73.33,4.74566166666667,475.43,1245.29,339.48,228.0,250.84,74.0,5.07003866666667,475.93,1253.59,347.19,231.91,257.51,74.31,4.90081266666667,475.62,1238.44,339.22,236.29,243.02,71.7,4.259402,474.75,1025.9,696.21,751.36
2026-01-16 16:33:59,XPQ-01 Main,2026-01-16 16:33:00,1250.98,71.02,4.088995,475.6,1251.99,341.26,238.02,244.34,71.63,4.53670533333333,475.78,1257.38,348.32,241.45,250.34,71.98,4.034146,476.09,1243.58,340.97,245.21,236.67,69.45,3.6927353333333297,474.95,1030.55,724.68,731.35
2026-01-16 16:34:59,XPQ-01 Main,2026-01-16 16:34:00,1228.4,73.09,4.078995,476.36,1228.35,335.57,227.01,246.5,73.56,4.53670533333333,476.7,1233.07,342.0,229.17,253.07,74.12,3.96747933333333,476.5,1223.79,335.98,234.33,240.2,71.58,3.72606866666667,475.88,1013.55,690.52,739.77
2026-01-16 16:35:59,XPQ-01 Main,2026-01-16 16:35:00,1242.12,73.74,4.398995,475.86,1238.42,337.93,226.2,250.41,74.21,4.77003866666667,476.25,1248.32,345.95,228.67,258.77,74.93,4.36747933333333,476.04,1239.63,339.94,235.31,244.73,72.09,4.059402,475.28,1023.81,690.18,753.92
2026-01-16 16:36:59,XPQ-01 Main,2026-01-16 16:36:00,1211.75,71.24,3.8656616666666705,476.33,1212.87,331.17,230.49,237.66,71.79,4.003372,476.55,1216.8,337.55,233.28,243.49,72.21,3.96747933333333,476.7,1205.57,331.03,237.12,230.66,69.73,3.62606866666667,475.73,999.74,700.88,711.81
2026-01-16 16:37:59,XPQ-01 Main,2026-01-16 16:37:00,1176.33,71.15,4.36566166666667,475.94,1173.91,320.28,222.56,229.8,71.83,4.63670533333333,476.13,1184.62,328.33,226.5,236.67,72.25,4.66747933333333,476.28,1170.46,321.15,231.07,222.49,69.36,3.79273533333333,475.42,969.75,680.13,688.96
2026-01-16 16:38:59,XPQ-01 Main,2026-01-16 16:38:00,1104.64,74.22,4.27566166666667,477.93,1103.81,302.53,199.86,226.93,75.05,4.603372,478.14,1113.89,309.91,204.54,232.53,75.08,4.30081266666667,478.1,1096.2,302.0,207.66,218.82,72.54,3.92606866666667,477.54,914.45,612.06,678.29
2026-01-16 16:39:59,XPQ-01 Main,2026-01-16 16:39:00,956.77,68.85,5.398995,479.0,957.17,262.91,187.97,183.42,69.84,5.903372,479.31,964.85,269.15,192.74,187.52,69.73,5.30081266666667,479.21,948.28,261.76,194.29,175.21,66.97,4.99273533333333,478.46,793.81,575.01,546.16
2026-01-16 16:40:59,XPQ-01 Main,2026-01-16 16:40:00,943.41,75.66,5.15232833333333,479.54,938.62,258.19,166.47,196.51,76.3,5.603372,480.1,951.23,265.67,169.46,204.0,76.92,5.134146,479.53,940.37,259.76,175.24,191.42,73.76,4.72606866666667,478.98,783.62,511.17,591.93
2026-01-16 16:41:59,XPQ-01 Main,2026-01-16 16:41:00,988.33,74.34,5.598995,479.24,984.48,270.63,178.18,202.91,75.14,5.87003866666667,479.74,997.53,278.4,182.32,209.54,75.44,5.534146,479.28,983.0,271.39,186.8,196.29,72.44,5.39273533333333,478.69,820.42,547.31,608.74
2026-01-16 16:42:59,XPQ-01 Main,2026-01-16 16:42:00,1012.72,73.63,5.25566166666667,479.22,1010.66,277.9,184.77,206.68,74.55,5.47003866666667,479.56,1023.5,285.47,189.71,212.18,74.55,5.30081266666667,479.15,1004.01,277.27,192.67,198.62,71.78,4.99273533333333,478.96,840.64,567.14,617.47
2026-01-16 16:43:59,XPQ-01 Main,2026-01-16 16:43:00,954.04,75.73,5.07566166666667,479.72,944.75,259.98,167.93,198.0,76.26,5.47003866666667,480.05,962.56,268.81,170.53,207.42,77.24,5.16747933333333,479.72,954.79,263.97,178.24,194.16,73.67,4.59273533333333,479.4,792.76,516.7,599.58
2026-01-16 16:44:59,XPQ-01 Main,2026-01-16 16:44:00,1050.37,73.31,4.598995,479.12,1046.31,287.59,192.58,212.95,74.17,5.003372,479.49,1061.01,295.93,197.36,219.66,74.39,4.634146,479.08,1043.8,288.19,201.4,205.28,71.38,4.159402,478.78,871.71,591.35,637.89
2026-01-16 16:45:59,XPQ-01 Main,2026-01-16 16:45:00,1022.4,73.25,4.35566166666667,479.56,1016.39,279.46,187.91,206.17,73.91,4.87003866666667,480.08,1031.61,288.24,191.58,214.35,74.56,4.334146,479.8,1019.21,281.57,197.33,200.49,71.27,3.859402,478.79,849.27,576.81,621.01
2026-01-16 16:46:59,XPQ-01 Main,2026-01-16 16:46:00,1135.48,74.3,4.41232833333333,478.25,1133.75,310.86,205.02,233.44,75.13,4.77003866666667,478.52,1145.55,319.06,209.93,239.73,75.22,4.50081266666667,478.56,1127.13,310.69,213.61,225.35,72.56,3.959402,477.66,940.62,628.56,698.52
2026-01-16 16:47:59,XPQ-01 Main,2026-01-16 16:47:00,1103.76,75.24,4.088995,478.72,1099.57,301.77,196.89,228.46,75.75,4.47003866666667,478.92,1110.3,309.52,199.27,236.54,76.48,4.034146,479.03,1101.43,303.96,206.02,223.29,73.49,3.759402,478.22,915.24,602.19,688.29
2026-01-16 16:48:59,XPQ-01 Main,2026-01-16 16:48:00,1071.22,76.02,4.308995,479.05,1063.18,292.0,188.59,222.7,76.31,4.67003866666667,479.56,1076.64,300.51,189.7,232.82,77.52,4.30081266666667,479.33,1073.84,296.37,198.57,219.94,74.22,3.959402,478.27,888.88,576.86,675.46
2026-01-16 16:49:59,XPQ-01 Main,2026-01-16 16:49:00,1033.38,70.29,4.22232833333333,478.38,1034.26,283.71,198.48,202.3,71.38,4.603372,478.53,1043.59,290.63,204.18,205.79,70.99,4.16747933333333,478.6,1022.28,281.93,204.65,192.49,68.51,3.89273533333333,478.01,856.27,607.31,600.58
2026-01-16 16:50:59,XPQ-01 Main,2026-01-16 16:50:00,974.1,70.73,4.91232833333333,479.8,979.7,269.49,188.22,192.73,71.54,5.43670533333333,479.92,978.78,273.43,191.41,194.59,71.29,4.80081266666667,480.13,963.82,266.61,191.88,184.69,69.35,4.49273533333333,479.36,809.53,571.51,572.01
2026-01-16 16:51:59,XPQ-01 Main,2026-01-16 16:51:00,921.03,73.02,5.198995,480.14,918.0,252.76,172.54,184.28,73.0,5.603372,480.44,919.83,257.17,171.34,191.4,74.51,4.96747933333333,480.3,925.25,256.03,178.57,182.97,71.56,5.02606866666667,479.67,765.96,522.46,558.65
2026-01-16 16:52:59,XPQ-01 Main,2026-01-16 16:52:00,958.02,74.78,5.088995,481.04,954.98,263.5,173.47,197.81,75.18,5.43670533333333,481.43,961.66,269.34,174.8,204.5,76.01,4.934146,481.06,957.43,265.39,180.74,193.83,73.14,4.89273533333333,480.62,798.23,529.02,596.14
2026-01-16 16:53:59,XPQ-01 Main,2026-01-16 16:53:00,978.14,73.28,4.908995,480.06,972.17,267.64,180.61,196.84,73.68,5.27003866666667,480.49,983.47,274.98,182.54,205.02,74.69,4.80081266666667,480.23,978.78,270.73,189.03,193.17,71.47,4.659402,479.46,813.34,552.18,595.03
2026-01-16 16:54:59,XPQ-01 Main,2026-01-16 16:54:00,951.38,71.79,5.08566166666667,479.12,948.67,260.64,179.02,188.77,72.56,5.53670533333333,479.54,959.16,267.67,182.84,194.56,72.87,4.834146,479.31,946.3,261.23,186.46,182.47,69.94,4.89273533333333,478.5,789.54,548.32,565.8
2026-01-16 16:55:59,XPQ-01 Main,2026-01-16 16:55:00,944.75,71.53,4.91232833333333,480.16,941.75,259.3,179.54,186.31,72.01,5.27003866666667,480.68,949.3,265.56,181.64,193.04,72.83,4.70081266666667,480.37,943.21,260.89,186.77,181.9,69.77,4.759402,479.43,785.74,547.95,561.25
2026-01-16 16:56:59,XPQ-01 Main,2026-01-16 16:56:00,937.31,71.92,4.688995,480.45,939.23,258.76,178.53,186.87,72.31,5.003372,481.02,938.74,262.78,179.4,191.35,72.95,4.56747933333333,480.63,933.96,258.46,183.21,182.17,70.51,4.49273533333333,479.69,780.0,541.14,560.38
2026-01-16 16:57:59,XPQ-01 Main,2026-01-16 16:57:00,947.76,70.98,4.94232833333333,480.18,944.68,260.25,181.41,185.88,71.57,5.13670533333333,480.68,953.63,266.64,184.0,191.59,72.13,4.80081266666667,480.15,944.98,261.41,187.91,180.4,69.26,4.89273533333333,479.72,788.29,553.31,557.87
2026-01-16 16:58:59,XPQ-01 Main,2026-01-16 16:58:00,942.6,70.87,5.008995,480.02,947.72,260.89,182.09,186.86,71.62,5.403372,480.23,946.4,264.47,184.82,188.97,71.49,4.90081266666667,480.17,933.69,258.34,185.66,179.39,69.49,4.72606866666667,479.64,783.71,552.57,555.22
2026-01-16 16:59:59,XPQ-01 Main,2026-01-16 16:59:00,921.45,71.84,5.108995,479.91,920.84,253.31,175.44,182.54,72.1,5.503372,480.36,922.44,257.96,175.94,188.37,73.08,5.20081266666667,480.29,921.06,254.67,181.02,179.11,70.34,4.62606866666667,479.09,765.95,532.41,550.03
2026-01-16 17:00:59,XPQ-01 Main,2026-01-16 17:00:00,941.16,70.1,5.05566166666667,479.97,940.03,258.71,182.66,182.71,70.72,5.503372,480.35,946.49,264.61,185.47,188.05,71.2,5.134146,480.21,936.98,259.13,188.81,176.97,68.38,4.52606866666667,479.35,782.45,556.94,547.72
2026-01-16 17:01:59,XPQ-01 Main,2026-01-16 17:01:00,918.17,68.47,4.818995,480.09,914.24,251.73,182.28,173.36,68.92,5.103372,480.44,922.88,258.0,184.36,179.92,69.84,4.86747933333333,480.24,917.4,253.8,188.99,168.98,66.65,4.49273533333333,479.6,763.53,555.63,522.26
2026-01-16 17:02:59,XPQ-01 Main,2026-01-16 17:02:00,926.6,69.26,4.788995,479.7,921.36,253.45,181.97,176.04,69.53,5.27003866666667,480.07,930.45,259.95,183.3,183.7,70.79,4.734146,479.91,927.99,256.51,189.21,172.85,67.45,4.359402,479.12,769.91,554.48,532.6
2026-01-16 17:03:59,XPQ-01 Main,2026-01-16 17:03:00,895.61,70.03,4.86566166666667,480.92,892.0,245.91,175.22,172.39,70.13,5.203372,481.27,896.93,251.3,175.35,179.62,71.55,4.86747933333333,481.29,897.9,248.83,181.4,170.07,68.39,4.52606866666667,480.18,746.04,531.98,522.08
2026-01-16 17:04:59,XPQ-01 Main,2026-01-16 17:04:00,933.43,70.1,5.288995,480.46,926.85,255.46,180.38,180.54,70.74,5.603372,481.02,941.53,263.46,183.86,188.39,71.57,5.16747933333333,480.49,931.91,257.9,188.93,175.22,68.0,5.09273533333333,479.87,776.82,553.17,544.15
2026-01-16 17:05:59,XPQ-01 Main,2026-01-16 17:05:00,945.66,69.99,4.93232833333333,480.42,939.92,259.02,183.52,182.65,70.54,5.203372,480.86,952.65,266.51,186.47,190.18,71.4,5.00081266666667,480.49,944.4,261.39,191.46,177.62,68.01,4.59273533333333,479.9,786.93,561.45,550.46
2026-01-16 17:06:59,XPQ-01 Main,2026-01-16 17:06:00,917.09,71.11,5.188995,480.88,913.82,251.99,175.22,180.61,71.77,5.57003866666667,481.33,923.9,258.79,178.35,186.93,72.35,5.26747933333333,481.07,913.55,253.1,182.5,174.98,69.21,4.72606866666667,480.24,763.88,536.07,542.52
2026-01-16 17:07:59,XPQ-01 Main,2026-01-16 17:07:00,928.16,70.44,4.97566166666667,480.92,921.23,254.02,178.9,180.19,70.96,5.57003866666667,481.37,935.54,262.12,181.77,188.43,71.97,4.90081266666667,481.21,927.7,257.03,187.42,175.68,68.39,4.459402,480.17,773.17,548.09,544.3
2026-01-16 17:08:59,XPQ-01 Main,2026-01-16 17:08:00,934.61,73.65,5.408995,480.75,927.86,255.81,171.75,189.11,74.03,5.97003866666667,481.21,940.21,263.28,173.39,197.62,75.17,5.26747933333333,480.89,935.74,259.18,180.35,185.82,71.76,4.99273533333333,480.15,778.27,525.49,572.55
2026-01-16 17:09:59,XPQ-01 Main,2026-01-16 17:09:00,979.62,73.05,4.86566166666667,480.54,972.84,268.23,179.58,198.79,74.2,5.33670533333333,481.04,994.62,278.28,186.46,206.05,74.15,4.834146,480.47,971.4,268.92,189.69,190.1,70.79,4.42606866666667,480.12,815.43,555.73,594.94
2026-01-16 17:10:59,XPQ-01 Main,2026-01-16 17:10:00,1000.38,71.09,4.27566166666667,479.96,994.49,273.6,190.45,196.2,71.75,4.57003866666667,480.43,1009.51,282.36,194.53,204.28,72.42,4.20081266666667,480.37,997.15,275.72,199.25,190.4,69.09,4.059402,479.07,831.68,584.23,590.88
2026-01-16 17:11:59,XPQ-01 Main,2026-01-16 17:11:00,974.98,71.07,4.698995,480.27,966.2,266.16,184.81,191.07,71.88,4.903372,480.73,986.22,275.83,189.65,199.88,72.54,4.76747933333333,480.32,972.5,269.1,195.14,184.93,68.79,4.42606866666667,479.76,811.09,569.6,575.89
2026-01-16 17:12:59,XPQ-01 Main,2026-01-16 17:12:00,1030.9,72.59,4.37566166666667,479.81,1025.36,282.09,190.5,207.49,73.66,4.83670533333333,480.23,1044.87,292.04,197.11,214.81,73.68,4.36747933333333,480.03,1022.46,282.66,200.49,198.86,70.42,3.92606866666667,479.15,856.79,588.1,621.17
2026-01-16 17:13:59,XPQ-01 Main,2026-01-16 17:13:00,1083.65,73.39,4.37566166666667,478.88,1078.1,296.04,198.26,219.58,74.22,5.003372,479.26,1095.35,305.51,203.51,227.38,74.51,4.36747933333333,479.11,1077.5,297.33,207.94,212.18,71.42,3.759402,478.27,898.88,609.71,659.14
2026-01-16 17:14:59,XPQ-01 Main,2026-01-16 17:14:00,1070.51,74.66,4.45566166666667,479.84,1064.05,292.79,192.34,220.23,75.32,4.97003866666667,480.22,1080.21,301.86,196.06,228.64,75.91,4.534146,480.01,1067.26,295.11,202.14,214.35,72.75,3.859402,479.3,889.76,590.53,663.22
2026-01-16 17:15:59,XPQ-01 Main,2026-01-16 17:15:00,1073.72,73.93,4.28566166666667,480.12,1065.9,293.58,194.93,218.84,74.67,4.803372,480.75,1084.89,303.38,199.5,227.88,75.24,4.20081266666667,480.11,1070.37,295.98,205.46,212.46,71.89,3.859402,479.5,892.95,599.89,659.18
2026-01-16 17:16:59,XPQ-01 Main,2026-01-16 17:16:00,1047.71,72.32,4.03232833333333,479.91,1039.83,286.15,195.01,208.91,73.1,4.57003866666667,480.38,1059.92,296.32,199.96,217.86,73.67,3.90081266666667,480.13,1043.39,288.48,205.36,202.42,70.2,3.62606866666667,479.21,870.94,600.33,629.2
2026-01-16 17:17:59,XPQ-01 Main,2026-01-16 17:17:00,1029.97,73.3,4.33232833333333,480.41,1024.65,282.21,191.68,206.78,73.34,4.67003866666667,480.77,1031.22,288.57,191.13,215.63,74.83,4.40081266666667,480.71,1034.05,286.27,199.24,205.13,71.73,3.92606866666667,479.74,857.05,582.05,627.54
2026-01-16 17:18:59,XPQ-01 Main,2026-01-16 17:18:00,1038.92,71.79,4.218995,480.38,1035.54,285.22,197.93,205.12,71.96,4.47003866666667,480.87,1040.33,291.16,198.39,213.02,73.18,4.36747933333333,480.63,1040.89,288.06,204.96,202.15,70.22,3.8260686666666706,479.64,864.44,601.28,620.29
2026-01-16 17:19:59,XPQ-01 Main,2026-01-16 17:19:00,1092.79,71.87,4.378995,479.59,1088.27,299.22,206.04,216.6,72.45,4.87003866666667,480.11,1100.35,307.51,209.51,224.69,73.14,4.334146,479.91,1089.75,301.08,214.91,210.75,70.02,3.92606866666667,478.76,907.8,630.46,652.04
2026-01-16 17:20:59,XPQ-01 Main,2026-01-16 17:20:00,1099.57,74.69,4.108995,476.98,1091.53,298.49,198.18,223.01,74.75,4.47003866666667,477.29,1101.91,306.12,197.91,233.39,76.27,4.26747933333333,477.29,1105.28,303.84,207.3,221.72,73.05,3.59273533333333,476.37,908.46,603.38,678.12
2026-01-16 17:21:59,XPQ-01 Main,2026-01-16 17:21:00,1069.16,74.53,4.34232833333333,477.32,1063.18,290.95,192.23,218.08,75.02,4.83670533333333,477.57,1076.08,299.12,194.73,226.6,75.84,4.334146,477.61,1068.23,293.91,201.47,213.5,72.73,3.859402,476.8,883.97,588.43,658.19
2026-01-16 17:22:59,XPQ-01 Main,2026-01-16 17:22:00,1067.26,73.06,4.46566166666667,476.91,1067.56,291.94,197.0,215.1,73.74,4.83670533333333,477.22,1073.28,298.08,200.38,220.31,73.98,4.56747933333333,477.11,1060.94,291.59,203.75,208.18,71.47,3.9927353333333295,476.39,881.62,601.12,643.59
2026-01-16 17:23:59,XPQ-01 Main,2026-01-16 17:23:00,1080.75,74.85,4.408995,477.77,1077.33,295.11,193.99,221.89,75.29,4.77003866666667,478.05,1086.24,302.22,195.83,229.24,76.03,4.50081266666667,478.0,1078.67,297.03,202.05,217.21,73.22,3.959402,477.25,894.37,591.88,668.35
2026-01-16 17:24:59,XPQ-01 Main,2026-01-16 17:24:00,1097.2,74.54,4.35566166666667,477.28,1098.03,300.43,198.27,225.13,75.04,4.77003866666667,477.49,1101.46,306.14,200.22,230.46,75.49,4.234146,477.59,1092.13,300.48,204.77,219.25,73.08,4.059402,476.78,907.06,603.26,674.84
2026-01-16 17:25:59,XPQ-01 Main,2026-01-16 17:25:00,1099.93,75.07,4.45566166666667,477.26,1097.92,300.42,196.75,226.43,75.48,4.87003866666667,477.52,1104.62,307.0,198.34,233.28,76.19,4.56747933333333,477.53,1097.27,301.85,204.33,221.69,73.53,3.92606866666667,476.74,909.28,599.41,681.39
2026-01-16 17:26:59,XPQ-01 Main,2026-01-16 17:26:00,1105.92,74.9,4.53232833333333,476.94,1102.92,301.62,198.48,226.22,75.17,4.903372,477.22,1109.47,308.13,199.01,233.81,76.15,4.66747933333333,477.16,1105.35,303.85,206.11,222.62,73.38,4.02606866666667,476.43,913.6,603.61,682.65
2026-01-16 17:27:59,XPQ-01 Main,2026-01-16 17:27:00,1129.76,75.56,4.75566166666667,476.62,1125.78,307.63,199.92,232.9,75.88,5.203372,476.91,1134.47,314.91,200.95,241.3,76.84,4.80081266666667,476.89,1129.04,310.15,208.52,229.15,73.96,4.259402,476.06,932.69,609.39,703.36
2026-01-16 17:28:59,XPQ-01 Main,2026-01-16 17:28:00,1118.4,74.56,4.288995,476.43,1112.27,303.74,200.73,227.47,74.98,4.73670533333333,476.72,1125.22,312.3,202.95,236.63,75.91,4.40081266666667,476.84,1117.7,306.91,210.28,223.29,72.8,3.7260686666666705,475.74,922.95,613.97,687.39
2026-01-16 17:29:59,XPQ-01 Main,2026-01-16 17:29:00,1111.92,75.19,4.33232833333333,477.18,1108.87,303.35,198.34,229.0,75.59,4.403372,477.5,1116.82,310.41,199.92,236.36,76.35,4.434146,477.48,1110.08,305.28,206.19,224.37,73.63,4.159402,476.56,919.03,604.45,689.73
2026-01-16 17:30:59,XPQ-01 Main,2026-01-16 17:30:00,1096.62,74.56,4.53232833333333,476.9,1093.47,298.98,197.72,223.81,74.94,4.93670533333333,477.21,1101.81,306.04,199.15,231.0,75.74,4.60081266666667,477.18,1094.57,300.85,205.33,219.31,73.0,4.059402,476.33,905.86,602.19,674.12
2026-01-16 17:31:59,XPQ-01 Main,2026-01-16 17:31:00,1083.7,75.03,4.61232833333333,476.99,1081.75,295.78,193.94,222.84,75.43,5.13670533333333,477.25,1088.21,302.33,195.41,229.73,76.17,4.66747933333333,477.33,1081.13,297.24,201.36,218.25,73.5,4.02606866666667,476.4,895.35,590.71,670.82
2026-01-16 17:32:59,XPQ-01 Main,2026-01-16 17:32:00,1113.44,74.64,4.42232833333333,476.77,1106.04,302.33,199.41,226.88,75.11,4.83670533333333,477.12,1121.79,311.52,202.01,236.37,76.02,4.60081266666667,477.04,1112.5,305.66,209.39,222.3,72.79,3.8260686666666706,476.15,919.51,610.81,685.55
2026-01-16 17:33:59,XPQ-01 Main,2026-01-16 17:33:00,1074.07,73.29,4.508995,477.34,1069.34,292.7,197.52,215.61,73.73,4.903372,477.79,1080.38,300.41,199.79,223.69,74.58,4.434146,477.54,1072.48,294.94,205.87,210.86,71.55,4.19273533333333,476.67,888.04,603.18,650.16
2026-01-16 17:34:59,XPQ-01 Main,2026-01-16 17:34:00,1100.21,75.85,4.53232833333333,477.1,1100.4,301.11,192.44,231.18,76.86,5.003372,477.37,1111.73,308.77,198.35,236.28,76.59,4.36747933333333,477.16,1088.5,299.33,200.79,221.56,74.1,4.22606866666667,476.76,909.21,591.59,689.03
2026-01-16 17:35:59,XPQ-01 Main,2026-01-16 17:35:00,1113.32,74.83,4.408995,476.86,1110.41,303.67,198.1,229.76,75.74,5.003372,477.25,1125.37,312.51,203.51,236.25,75.76,4.46747933333333,476.99,1104.19,303.41,207.12,221.26,73.0,3.759402,476.34,919.6,608.73,687.26
2026-01-16 17:36:59,XPQ-01 Main,2026-01-16 17:36:00,1130.61,76.34,4.24232833333333,476.66,1125.89,307.79,196.41,236.68,76.95,4.703372,477.1,1139.03,316.18,199.68,244.78,77.49,4.234146,476.76,1126.91,309.5,206.07,230.67,74.58,3.79273533333333,476.13,933.47,602.17,712.13
2026-01-16 17:37:59,XPQ-01 Main,2026-01-16 17:37:00,1105.33,75.02,4.54232833333333,477.09,1098.14,300.38,195.63,227.53,75.83,5.07003866666667,477.46,1118.65,310.87,200.69,236.09,76.19,4.60081266666667,477.35,1099.19,302.2,206.14,220.5,73.05,3.959402,476.47,913.45,602.45,684.13
2026-01-16 17:38:59,XPQ-01 Main,2026-01-16 17:38:00,1088.16,76.21,4.33232833333333,477.23,1079.72,295.36,188.36,227.16,76.98,4.63670533333333,477.51,1101.37,306.15,193.14,236.54,77.46,4.334146,477.57,1083.4,298.01,199.67,220.87,74.18,4.02606866666667,476.61,899.52,581.17,684.57
2026-01-16 17:39:59,XPQ-01 Main,2026-01-16 17:39:00,1081.45,74.32,4.23232833333333,476.24,1074.63,293.42,193.39,220.19,75.13,4.83670533333333,476.64,1092.8,303.18,198.4,228.77,75.55,4.034146,476.51,1076.92,295.51,204.08,213.46,72.28,3.8260686666666706,475.58,892.12,595.87,662.42
2026-01-16 17:40:59,XPQ-01 Main,2026-01-16 17:40:00,1020.34,72.55,4.26566166666667,477.4,1013.4,277.47,189.95,201.54,72.77,4.63670533333333,478.0,1024.61,284.98,190.89,210.69,74.11,4.30081266666667,477.53,1023.01,281.29,198.51,198.76,70.76,3.859402,476.68,843.73,579.35,610.99
2026-01-16 17:41:59,XPQ-01 Main,2026-01-16 17:41:00,1032.51,72.48,4.13232833333333,477.57,1024.56,280.52,192.24,203.89,72.76,4.703372,477.91,1038.17,288.81,193.71,213.44,74.05,4.16747933333333,477.88,1034.79,284.78,201.38,200.92,70.63,3.52606866666667,476.92,854.11,587.33,618.25
2026-01-16 17:42:59,XPQ-01 Main,2026-01-16 17:42:00,1055.91,72.41,4.298995,477.9,1048.96,287.46,195.33,210.59,73.32,4.77003866666667,478.26,1068.92,297.51,201.04,218.67,73.61,4.46747933333333,478.1,1049.85,289.12,205.4,203.07,70.31,3.659402,477.34,874.09,601.78,632.33
2026-01-16 17:43:59,XPQ-01 Main,2026-01-16 17:43:00,1009.44,72.5,4.178995,478.39,1004.35,275.52,189.3,199.95,72.62,4.603372,478.7,1010.71,281.56,189.16,208.26,74.02,4.234146,478.59,1013.26,279.36,196.91,197.76,70.86,3.6927353333333297,477.9,836.45,575.37,605.97
2026-01-16 17:44:59,XPQ-01 Main,2026-01-16 17:44:00,1028.41,72.19,4.07566166666667,477.63,1018.47,278.8,191.26,202.59,72.71,4.503372,477.87,1037.59,288.7,194.56,212.74,73.79,4.00081266666667,478.07,1029.17,283.33,202.04,198.39,70.06,3.7260686666666705,476.94,850.83,587.86,613.72
2026-01-16 17:45:59,XPQ-01 Main,2026-01-16 17:45:00,1041.99,71.08,4.07566166666667,477.98,1036.43,283.9,198.7,202.67,71.41,4.47003866666667,478.25,1046.65,291.47,200.38,211.14,72.54,4.16747933333333,478.46,1042.9,287.31,206.98,199.03,69.31,3.59273533333333,477.23,862.68,606.06,612.84
2026-01-16 17:46:59,XPQ-01 Main,2026-01-16 17:46:00,1033.23,71.08,4.098995,478.35,1028.93,282.21,196.69,202.17,71.68,4.57003866666667,478.68,1040.01,289.74,200.0,209.33,72.3,4.034146,478.59,1030.73,284.14,204.68,196.47,69.25,3.6927353333333297,477.78,856.09,601.38,607.97
2026-01-16 17:47:59,XPQ-01 Main,2026-01-16 17:47:00,1029.77,72.13,4.23232833333333,478.46,1027.56,281.89,193.97,204.16,72.5,4.503372,478.8,1033.72,288.06,195.25,210.57,73.33,4.434146,478.71,1028.02,283.46,200.52,199.73,70.57,3.759402,477.88,853.41,589.73,614.46
2026-01-16 17:48:59,XPQ-01 Main,2026-01-16 17:48:00,1044.26,72.5,4.478995,478.27,1042.31,285.8,195.24,208.03,72.92,5.03670533333333,478.54,1049.19,292.25,196.87,214.44,73.66,4.534146,478.56,1041.27,287.03,202.02,203.29,70.93,3.859402,477.7,865.07,594.14,625.75
2026-01-16 17:49:59,XPQ-01 Main,2026-01-16 17:49:00,1016.57,72.44,4.208995,478.06,1013.68,277.82,190.82,201.58,72.62,4.67003866666667,478.4,1018.26,283.56,190.89,208.78,73.8,4.234146,478.37,1017.78,280.4,197.55,198.68,70.91,3.72606866666667,477.42,841.77,579.27,609.04
2026-01-16 17:50:59,XPQ-01 Main,2026-01-16 17:50:00,1010.57,71.34,4.48566166666667,478.32,1010.69,277.18,191.99,199.41,72.04,4.97003866666667,478.6,1017.23,283.36,195.26,204.49,72.33,4.60081266666667,478.55,1003.79,276.72,198.36,192.65,69.67,3.89273533333333,477.8,837.26,585.6,596.55
2026-01-16 17:51:59,XPQ-01 Main,2026-01-16 17:51:00,1013.38,71.12,4.02232833333333,478.0,1014.99,278.24,193.56,199.47,71.77,4.403372,478.23,1017.73,283.2,196.22,203.57,72.0,3.934146,478.12,1007.42,277.57,198.86,192.78,69.6,3.72606866666667,477.65,839.01,588.64,595.82
2026-01-16 17:52:59,XPQ-01 Main,2026-01-16 17:52:00,1010.28,70.58,4.02232833333333,478.11,1008.49,276.51,194.19,196.59,71.14,4.57003866666667,478.27,1015.11,282.52,196.78,202.51,71.72,4.034146,478.27,1007.25,277.62,201.05,190.99,68.87,3.459402,477.79,836.65,592.02,590.09
2026-01-16 17:53:59,XPQ-01 Main,2026-01-16 17:53:00,1031.28,70.85,4.42232833333333,477.92,1028.94,281.85,197.11,201.28,71.45,4.67003866666667,477.99,1037.29,288.68,200.11,207.62,72.0,4.46747933333333,478.35,1027.61,283.17,204.5,195.54,69.11,4.12606866666667,477.42,853.71,601.72,604.45
2026-01-16 17:54:59,XPQ-01 Main,2026-01-16 17:54:00,1023.49,70.07,4.308995,477.88,1018.19,278.92,199.38,194.9,69.9,4.703372,478.1,1021.79,284.39,197.92,203.91,71.76,4.26747933333333,478.25,1030.51,283.86,206.48,194.44,68.56,3.959402,477.29,847.17,603.78,593.25
2026-01-16 17:55:59,XPQ-01 Main,2026-01-16 17:55:00,1023.53,71.11,4.27566166666667,478.08,1021.32,279.76,197.03,198.52,70.98,4.803372,478.11,1020.9,284.28,195.38,206.13,72.58,4.26747933333333,478.68,1028.36,283.5,202.9,197.65,69.78,3.759402,477.45,847.54,595.31,602.3
2026-01-16 17:56:59,XPQ-01 Main,2026-01-16 17:56:00,1035.59,70.9,3.798995,478.12,1030.1,282.25,198.59,199.61,70.89,4.13670533333333,478.5,1037.16,288.98,198.01,208.67,72.54,3.90081266666667,478.6,1039.53,286.39,206.33,198.22,69.28,3.359402,477.26,857.63,602.92,606.5
2026-01-16 17:57:59,XPQ-01 Main,2026-01-16 17:57:00,1057.81,70.71,3.91232833333333,478.02,1052.88,288.56,202.98,204.9,71.04,4.13670533333333,478.31,1061.9,295.63,204.7,213.05,72.11,4.00081266666667,478.3,1058.63,291.66,210.95,200.93,68.97,3.59273533333333,477.46,875.85,618.63,618.88
2026-01-16 17:58:59,XPQ-01 Main,2026-01-16 17:58:00,1038.17,70.36,3.978995,478.04,1036.42,284.03,198.82,202.36,71.33,4.17003866666667,478.42,1048.21,291.92,204.36,208.0,71.33,4.06747933333333,478.36,1029.88,283.7,206.79,194.01,68.42,3.6927353333333297,477.36,859.65,609.97,604.36
2026-01-16 17:59:59,XPQ-01 Main,2026-01-16 17:59:00,1011.68,71.04,4.07566166666667,478.11,1011.69,277.38,192.84,199.07,71.83,4.403372,478.33,1018.28,283.43,196.65,203.85,71.97,4.334146,478.24,1005.07,276.99,199.37,191.81,69.33,3.49273533333333,477.74,837.81,588.86,594.74
2026-01-16 18:00:59,XPQ-01 Main,2026-01-16 18:00:00,1044.34,70.04,3.93232833333333,477.88,1036.08,283.85,200.41,201.13,70.86,4.403372,478.02,1056.01,293.84,205.46,209.66,71.42,3.8674793333333297,478.19,1040.92,286.78,210.51,194.43,67.85,3.52606866666667,477.43,864.47,616.37,605.22
2026-01-16 18:01:59,XPQ-01 Main,2026-01-16 18:01:00,1074.28,71.75,3.92232833333333,478.09,1069.31,293.11,203.3,211.14,72.04,4.33670533333333,478.24,1078.15,300.11,204.43,219.3,73.15,3.96747933333333,478.37,1075.4,296.41,211.22,207.45,70.07,3.459402,477.67,889.63,618.96,637.9
2026-01-16 18:02:59,XPQ-01 Main,2026-01-16 18:02:00,1042.8,71.84,3.9423283333333297,477.98,1038.64,284.71,197.32,204.9,72.03,4.27003866666667,478.33,1044.59,290.75,197.79,212.8,73.25,3.7008126666666703,478.14,1045.16,287.88,204.73,202.01,70.24,3.859402,477.47,863.34,599.84,619.7
2026-01-16 18:03:59,XPQ-01 Main,2026-01-16 18:03:00,1067.42,71.76,3.9423283333333297,478.01,1058.16,289.91,200.46,209.22,72.21,4.403372,478.1,1075.99,299.51,203.24,219.15,73.32,3.8674793333333297,478.42,1068.1,294.39,210.71,205.11,69.75,3.559402,477.51,883.81,614.4,633.48
2026-01-16 18:04:59,XPQ-01 Main,2026-01-16 18:04:00,1050.04,71.41,4.04232833333333,478.02,1040.87,285.38,196.62,206.53,72.43,4.63670533333333,478.45,1064.53,296.33,203.26,215.32,72.72,4.00081266666667,478.09,1044.73,287.75,207.9,198.62,69.08,3.49273533333333,477.53,869.46,607.78,620.46
2026-01-16 18:05:59,XPQ-01 Main,2026-01-16 18:05:00,1040.72,71.57,4.14232833333333,477.91,1032.51,282.82,195.22,204.21,72.28,4.603372,478.26,1051.71,292.86,199.68,213.28,73.0,4.20081266666667,478.32,1037.95,285.84,205.56,198.33,69.43,3.62606866666667,477.14,861.52,600.46,615.82
2026-01-16 18:06:59,XPQ-01 Main,2026-01-16 18:06:00,1031.34,71.67,3.97566166666667,478.13,1023.17,280.41,192.92,203.26,72.53,4.603372,478.4,1043.82,290.72,198.27,211.94,73.03,3.834146,478.5,1027.03,283.02,203.55,196.43,69.44,3.49273533333333,477.49,854.15,594.74,611.63
2026-01-16 18:07:59,XPQ-01 Main,2026-01-16 18:07:00,1014.79,72.37,3.8756616666666703,478.77,1008.61,276.96,190.26,201.07,72.64,4.33670533333333,479.15,1018.44,283.93,191.33,209.61,73.86,3.8674793333333297,478.86,1017.33,280.66,198.54,197.94,70.6,3.42606866666667,478.3,841.55,580.13,608.62
2026-01-16 18:08:59,XPQ-01 Main,2026-01-16 18:08:00,1069.87,71.35,4.01232833333333,477.8,1061.52,290.68,201.56,209.31,72.03,4.47003866666667,478.09,1080.67,300.82,206.02,218.65,72.78,3.934146,478.23,1067.42,293.94,212.16,203.51,69.23,3.62606866666667,477.07,885.45,619.74,631.46
2026-01-16 18:09:59,XPQ-01 Main,2026-01-16 18:09:00,1053.19,72.64,4.418995,478.01,1049.75,287.72,196.73,209.62,72.92,4.903372,478.3,1055.6,293.84,197.74,217.18,73.94,4.30081266666667,478.24,1054.22,290.44,204.09,206.06,71.05,4.059402,477.49,871.99,598.56,632.86
2026-01-16 18:10:59,XPQ-01 Main,2026-01-16 18:10:00,1078.07,71.39,3.96566166666667,477.68,1069.53,292.74,204.11,209.59,71.64,4.303372,477.97,1084.07,301.76,205.69,219.89,73.03,3.934146,478.23,1080.62,297.49,213.81,206.71,69.51,3.659402,476.83,891.99,623.61,636.18
2026-01-16 18:11:59,XPQ-01 Main,2026-01-16 18:11:00,1039.52,70.98,3.998995,478.33,1036.23,284.09,198.49,203.09,71.51,4.47003866666667,478.38,1045.57,291.21,201.21,209.78,72.17,4.00081266666667,478.74,1036.76,285.97,205.98,197.69,69.24,3.52606866666667,477.88,861.27,605.68,610.55
2026-01-16 18:12:59,XPQ-01 Main,2026-01-16 18:12:00,985.51,74.49,4.04566166666667,479.7,981.98,270.09,179.81,201.2,74.56,4.33670533333333,479.89,985.98,275.38,179.17,208.57,75.86,4.00081266666667,479.95,988.56,273.37,186.4,199.35,73.04,3.79273533333333,479.27,818.84,545.37,609.12
2026-01-16 18:13:59,XPQ-01 Main,2026-01-16 18:13:00,946.85,73.05,3.7756616666666702,479.98,943.74,259.64,177.94,189.03,72.81,4.17003866666667,480.12,943.28,263.67,175.45,196.64,74.62,3.90081266666667,480.36,953.53,263.85,183.79,189.08,71.71,3.259402,479.45,787.16,537.18,574.75
2026-01-16 18:14:59,XPQ-01 Main,2026-01-16 18:14:00,963.94,72.45,4.14232833333333,480.12,959.0,264.05,181.55,190.91,72.46,4.43670533333333,480.6,963.84,269.55,180.9,199.18,74.03,4.00081266666667,480.27,968.97,268.02,188.76,189.54,70.86,3.9927353333333295,479.49,801.62,551.2,579.63
2026-01-16 18:15:59,XPQ-01 Main,2026-01-16 18:15:00,865.57,75.64,4.14232833333333,481.93,860.56,237.79,156.4,178.84,75.27,4.43670533333333,482.15,862.08,241.93,153.22,186.88,77.33,4.30081266666667,482.18,874.06,242.79,162.29,180.19,74.31,3.6927353333333297,481.45,722.51,471.91,545.91
2026-01-16 18:16:59,XPQ-01 Main,2026-01-16 18:16:00,887.62,75.14,4.37566166666667,481.12,882.84,243.57,159.53,183.72,75.51,5.003372,481.5,891.56,249.84,160.82,190.97,76.49,4.234146,481.3,888.45,246.29,167.1,180.64,73.41,3.89273533333333,480.55,739.7,487.45,555.33
2026-01-16 18:17:59,XPQ-01 Main,2026-01-16 18:17:00,852.11,76.14,3.9556616666666704,480.49,846.42,233.23,151.07,177.1,76.08,4.503372,480.79,851.93,238.35,149.58,185.05,77.77,3.8674793333333297,480.63,857.98,237.58,158.01,176.89,74.58,3.49273533333333,480.04,709.17,458.66,539.04
2026-01-16 18:18:59,XPQ-01 Main,2026-01-16 18:18:00,871.22,75.03,4.198995,480.3,862.55,237.39,157.31,177.4,74.82,4.53670533333333,480.42,871.21,243.76,155.56,187.27,76.92,4.26747933333333,480.83,879.9,243.64,165.5,178.59,73.35,3.79273533333333,479.65,724.79,478.37,543.26
2026-01-16 18:19:59,XPQ-01 Main,2026-01-16 18:19:00,867.52,76.5,3.898995,480.57,862.4,237.58,153.09,180.91,76.34,4.27003866666667,480.79,866.53,242.54,150.92,188.83,78.12,4.00081266666667,480.92,873.61,242.0,159.77,181.37,75.04,3.42606866666667,480.01,722.11,463.78,551.11
2026-01-16 18:20:59,XPQ-01 Main,2026-01-16 18:20:00,872.04,75.16,4.27566166666667,480.45,865.13,238.25,156.07,179.66,75.49,4.87003866666667,480.63,876.92,245.39,157.26,187.65,76.64,4.234146,480.84,874.06,242.08,164.29,177.31,73.35,3.7260686666666705,479.89,725.72,477.63,544.62
2026-01-16 18:21:59,XPQ-01 Main,2026-01-16 18:21:00,853.36,75.5,4.25566166666667,480.31,846.31,233.04,151.66,176.67,75.88,4.57003866666667,480.6,858.43,240.16,153.14,184.79,77.0,4.36747933333333,480.61,855.33,236.76,160.06,174.2,73.64,3.8260686666666706,479.72,709.96,464.86,535.66
2026-01-16 18:22:59,XPQ-01 Main,2026-01-16 18:22:00,837.83,76.51,3.9556616666666704,480.59,831.17,228.96,147.35,174.99,76.49,4.37003866666667,480.72,838.85,234.79,146.28,183.18,78.14,4.034146,480.99,843.48,233.7,154.68,174.89,74.91,3.459402,480.06,697.45,448.32,533.06
2026-01-16 18:23:59,XPQ-01 Main,2026-01-16 18:23:00,855.97,76.28,3.8756616666666703,480.49,847.23,233.33,150.87,177.85,76.26,4.47003866666667,480.62,858.14,240.14,150.02,187.08,78.02,3.934146,480.9,862.53,238.92,159.02,177.96,74.57,3.22606866666667,479.95,712.39,459.92,542.89
2026-01-16 18:24:59,XPQ-01 Main,2026-01-16 18:24:00,832.27,76.51,4.108995,480.63,823.07,226.71,146.18,172.92,76.37,4.63670533333333,480.86,833.51,233.39,144.72,182.53,78.36,4.26747933333333,481.1,840.23,232.76,154.3,173.88,74.8,3.42606866666667,479.92,692.87,445.2,529.33
2026-01-16 18:25:59,XPQ-01 Main,2026-01-16 18:25:00,848.42,76.95,4.05566166666667,480.87,839.55,231.46,146.99,178.59,77.21,4.67003866666667,481.05,853.44,238.97,147.68,187.53,78.56,4.034146,481.12,852.28,236.24,155.87,177.14,75.07,3.459402,480.42,706.68,450.54,543.26
2026-01-16 18:26:59,XPQ-01 Main,2026-01-16 18:26:00,847.95,76.9,4.33232833333333,480.81,837.26,230.77,146.93,177.67,77.06,4.83670533333333,481.05,853.27,238.96,147.25,187.61,78.66,4.50081266666667,481.15,853.33,236.48,156.37,177.12,74.97,3.659402,480.23,706.21,450.55,542.4
2026-01-16 18:27:59,XPQ-01 Main,2026-01-16 18:27:00,855.13,76.78,4.218995,480.95,846.34,233.37,148.93,179.27,76.92,4.603372,481.21,859.45,240.74,148.89,188.29,78.44,4.434146,481.22,859.6,238.27,157.42,178.43,74.99,3.62606866666667,480.41,712.38,455.24,545.99
2026-01-16 18:28:59,XPQ-01 Main,2026-01-16 18:28:00,824.0,77.94,4.06566166666667,481.89,812.24,224.38,139.96,174.95,78.09,4.57003866666667,482.22,829.83,232.96,140.15,185.48,79.78,4.10081266666667,482.24,829.94,230.47,149.87,174.91,75.94,3.52606866666667,481.22,687.81,429.98,535.34
2026-01-16 18:29:59,XPQ-01 Main,2026-01-16 18:29:00,826.69,79.41,4.44566166666667,481.96,816.31,225.55,136.13,179.4,79.66,5.003372,482.18,833.24,233.88,136.58,188.88,81.03,4.634146,482.26,830.51,230.71,145.49,178.58,77.53,3.6927353333333297,481.44,690.14,418.2,546.85
2026-01-16 18:30:59,XPQ-01 Main,2026-01-16 18:30:00,821.29,78.31,4.21232833333333,481.5,810.94,223.86,138.48,175.42,78.49,4.73670533333333,481.73,826.0,231.62,138.54,184.96,80.04,4.334146,481.77,826.91,229.49,147.76,174.98,76.4,3.559402,480.99,684.98,424.78,535.36
2026-01-16 18:31:59,XPQ-01 Main,2026-01-16 18:31:00,793.07,80.31,4.25566166666667,482.51,779.32,215.54,128.12,173.04,80.37,4.903372,482.67,798.27,224.33,127.34,184.1,82.24,4.234146,482.9,801.6,222.97,138.35,174.32,78.33,3.62606866666667,481.97,662.83,393.81,531.45
2026-01-16 18:32:59,XPQ-01 Main,2026-01-16 18:32:00,811.79,79.09,4.14232833333333,481.27,798.28,220.19,134.52,174.14,79.14,4.57003866666667,481.49,816.93,229.04,134.01,185.42,81.05,4.06747933333333,481.71,820.17,227.51,144.84,175.25,77.08,3.79273533333333,480.62,676.75,413.37,534.8
2026-01-16 18:33:59,XPQ-01 Main,2026-01-16 18:33:00,786.04,79.07,4.18566166666667,482.37,775.89,214.53,131.62,168.73,78.85,4.47003866666667,482.62,787.54,221.29,129.34,178.59,80.99,4.26747933333333,482.74,794.69,220.93,139.83,170.72,77.36,3.8260686666666706,481.74,656.75,400.78,518.03
2026-01-16 18:34:59,XPQ-01 Main,2026-01-16 18:34:00,824.22,78.1,4.43232833333333,481.65,810.65,223.81,139.4,174.52,78.13,4.97003866666667,481.88,829.61,232.75,138.89,185.73,80.08,4.40081266666667,482.04,832.41,231.09,149.62,175.43,76.09,3.92606866666667,481.05,687.65,427.91,535.68
2026-01-16 18:35:59,XPQ-01 Main,2026-01-16 18:35:00,836.98,78.87,3.9523283333333294,481.69,825.81,228.1,137.88,181.35,79.6,4.47003866666667,482.08,848.25,237.98,141.52,191.08,80.36,3.96747933333333,481.86,836.88,232.28,149.01,177.88,76.66,3.42606866666667,481.13,698.36,428.41,550.31
2026-01-16 18:36:59,XPQ-01 Main,2026-01-16 18:36:00,799.94,77.18,4.15566166666667,481.76,786.72,217.17,138.4,167.05,77.0,4.67003866666667,481.84,802.94,225.34,136.99,178.23,79.29,4.134146,482.31,810.16,225.02,147.95,168.98,75.24,3.659402,481.12,667.53,423.33,514.25
2026-01-16 18:37:59,XPQ-01 Main,2026-01-16 18:37:00,804.86,79.36,4.17566166666667,482.0,792.69,219.02,131.55,174.69,79.88,4.73670533333333,482.35,814.58,228.74,133.8,185.01,81.03,4.00081266666667,482.34,807.33,224.23,142.49,172.82,77.16,3.79273533333333,481.31,671.99,407.84,532.51
2026-01-16 18:38:59,XPQ-01 Main,2026-01-16 18:38:00,793.54,76.41,3.84232833333333,481.24,782.54,215.82,140.22,163.78,75.96,4.13670533333333,481.38,792.91,222.28,137.25,174.2,78.55,3.90081266666667,481.72,805.17,223.37,148.28,166.74,74.73,3.49273533333333,480.63,661.47,425.75,504.72
2026-01-16 18:39:59,XPQ-01 Main,2026-01-16 18:39:00,787.05,76.12,4.098995,481.93,776.92,214.64,139.73,162.68,75.86,4.603372,482.17,787.84,221.16,137.76,172.47,78.13,4.034146,482.28,796.4,221.21,147.7,164.31,74.37,3.659402,481.35,657.01,425.19,499.46
2026-01-16 18:40:59,XPQ-01 Main,2026-01-16 18:40:00,834.65,78.09,4.14232833333333,481.59,829.82,229.07,142.78,178.91,78.16,4.83670533333333,481.73,835.66,234.37,141.97,186.0,79.49,4.234146,481.97,838.47,232.79,149.36,178.02,76.61,3.359402,481.08,696.24,434.1,542.93
2026-01-16 18:41:59,XPQ-01 Main,2026-01-16 18:41:00,788.87,80.32,3.9423283333333297,482.4,783.97,216.82,129.08,173.74,80.27,4.603372,482.58,788.98,221.63,127.27,180.64,81.75,3.70081266666667,482.68,793.64,220.69,135.17,173.87,78.95,3.52606866666667,481.93,659.14,391.52,528.25
2026-01-16 18:42:59,XPQ-01 Main,2026-01-16 18:42:00,782.76,78.99,4.04232833333333,482.48,775.27,214.5,131.17,169.3,79.05,4.67003866666667,482.65,784.89,220.47,130.26,177.43,80.61,4.00081266666667,482.67,788.13,219.2,138.82,169.16,77.3,3.459402,482.13,654.17,400.25,515.88
2026-01-16 18:43:59,XPQ-01 Main,2026-01-16 18:43:00,766.72,79.87,4.178995,482.54,759.23,210.0,126.88,166.84,79.6,4.803372,482.66,766.4,215.37,123.9,174.79,81.58,4.06747933333333,482.91,774.52,215.46,133.37,168.61,78.43,3.659402,482.05,640.83,384.15,510.25
2026-01-16 18:44:59,XPQ-01 Main,2026-01-16 18:44:00,777.61,79.07,4.23232833333333,482.76,768.71,212.75,130.24,167.5,78.94,4.87003866666667,482.95,779.1,219.04,128.41,176.58,80.88,4.10081266666667,483.06,785.03,218.45,138.11,168.83,77.4,3.7260686666666705,482.26,650.23,396.76,512.91
2026-01-16 18:45:59,XPQ-01 Main,2026-01-16 18:45:00,781.0,78.88,4.26566166666667,482.67,770.1,213.09,131.1,167.68,78.78,5.003372,482.98,783.81,220.38,129.59,177.66,80.79,4.234146,483.0,789.1,219.5,139.72,168.98,77.07,3.559402,482.04,652.97,400.42,514.32
2026-01-16 18:46:59,XPQ-01 Main,2026-01-16 18:46:00,790.66,79.32,4.198995,482.83,785.83,217.54,132.5,172.03,79.22,4.67003866666667,483.12,790.68,222.35,130.55,178.9,80.78,4.134146,483.08,795.47,221.34,138.39,172.22,77.95,3.79273533333333,482.29,661.24,401.43,523.15
2026-01-16 18:47:59,XPQ-01 Main,2026-01-16 18:47:00,779.41,79.69,4.14566166666667,482.42,772.25,213.56,128.45,170.13,79.81,4.703372,482.68,782.41,219.86,127.95,178.2,81.23,4.10081266666667,482.75,783.59,217.86,136.1,169.83,78.03,3.62606866666667,481.81,651.28,392.51,518.16
2026-01-16 18:48:59,XPQ-01 Main,2026-01-16 18:48:00,769.12,78.84,4.598995,482.53,757.91,209.58,129.89,164.13,78.42,5.23670533333333,482.84,768.36,216.06,126.65,174.64,80.95,4.60081266666667,483.02,781.09,217.19,137.98,167.39,77.17,3.959402,481.74,642.83,394.51,506.16
2026-01-16 18:49:59,XPQ-01 Main,2026-01-16 18:49:00,802.83,80.57,4.798995,482.75,798.25,220.99,130.29,178.05,80.7,5.47003866666667,483.15,804.35,226.15,129.63,184.97,81.89,4.634146,482.89,805.89,224.16,136.93,177.07,79.11,4.29273533333333,482.2,671.3,396.85,540.08
2026-01-16 18:50:59,XPQ-01 Main,2026-01-16 18:50:00,793.44,78.97,4.03232833333333,482.75,783.27,216.74,133.24,170.59,78.81,4.37003866666667,482.96,795.48,223.68,131.33,180.29,80.83,4.134146,483.12,801.57,223.04,141.42,172.14,77.27,3.59273533333333,482.17,663.46,405.99,523.02
2026-01-16 18:51:59,XPQ-01 Main,2026-01-16 18:51:00,796.59,79.25,4.008995,482.68,790.71,218.77,132.49,173.84,79.54,4.603372,482.88,800.92,225.17,133.01,181.08,80.59,4.00081266666667,483.06,798.13,222.07,139.79,172.08,77.62,3.42606866666667,482.1,666.0,405.29,527.01
2026-01-16 18:52:59,XPQ-01 Main,2026-01-16 18:52:00,784.27,79.75,4.208995,482.47,774.11,214.07,128.54,170.31,79.82,4.703372,482.65,788.34,221.54,127.93,180.14,81.53,4.234146,482.86,790.36,219.81,137.65,171.0,77.9,3.6927353333333297,481.89,655.41,394.12,521.46
2026-01-16 18:53:59,XPQ-01 Main,2026-01-16 18:53:00,775.37,79.7,4.13232833333333,482.59,762.87,211.06,127.26,168.02,79.72,4.53670533333333,482.88,780.05,219.27,126.36,178.5,81.62,4.16747933333333,482.88,783.18,217.82,136.79,169.19,77.76,3.6927353333333297,482.01,648.15,390.41,515.71
2026-01-16 18:54:59,XPQ-01 Main,2026-01-16 18:54:00,787.11,79.15,4.31232833333333,482.39,776.73,214.82,131.0,169.82,79.18,4.97003866666667,482.55,790.26,221.98,130.12,179.51,80.97,4.20081266666667,482.67,794.35,220.89,139.91,170.58,77.32,3.759402,481.97,657.69,401.03,519.91
2026-01-16 18:55:59,XPQ-01 Main,2026-01-16 18:55:00,864.01,77.36,4.06566166666667,481.3,852.19,235.12,147.05,183.09,77.97,4.53670533333333,481.54,874.41,245.12,150.16,193.27,78.97,4.10081266666667,481.63,865.43,240.08,158.26,180.2,75.14,3.559402,480.72,720.32,455.46,556.56
2026-01-16 18:56:59,XPQ-01 Main,2026-01-16 18:56:00,887.69,77.91,4.18566166666667,481.08,876.21,241.69,150.17,188.89,78.28,4.803372,481.35,895.54,250.89,151.64,199.29,79.58,4.10081266666667,481.31,891.32,247.14,160.83,187.31,75.87,3.659402,480.59,739.73,462.64,575.49
2026-01-16 18:57:59,XPQ-01 Main,2026-01-16 18:57:00,1025.05,75.42,3.8756616666666703,479.43,1016.96,279.42,179.98,213.46,76.45,4.23670533333333,479.7,1040.55,290.64,186.56,222.03,76.56,3.934146,479.87,1017.65,281.21,191.3,205.79,73.24,3.459402,478.73,851.27,557.84,641.28
2026-01-16 18:58:59,XPQ-01 Main,2026-01-16 18:58:00,1131.91,78.69,3.888995,478.47,1117.13,306.28,186.4,242.82,79.32,4.503372,478.63,1146.28,319.5,190.65,255.67,80.16,3.80081266666667,478.97,1132.33,312.34,200.6,238.99,76.59,3.359402,477.8,938.12,577.65,737.48
2026-01-16 18:59:59,XPQ-01 Main,2026-01-16 18:59:00,1132.56,78.43,3.998995,478.72,1119.5,307.07,187.77,242.5,79.07,4.63670533333333,478.92,1146.44,319.76,192.16,254.84,79.85,4.034146,479.26,1131.73,312.32,201.48,238.29,76.36,3.32606866666667,477.98,939.15,581.4,735.63
2026-01-16 19:00:59,XPQ-01 Main,2026-01-16 19:00:00,1141.44,78.49,3.9423283333333297,478.69,1128.77,309.6,188.92,244.87,79.18,4.63670533333333,478.9,1156.18,322.46,193.73,257.0,79.85,3.96747933333333,479.22,1139.37,314.4,202.63,240.14,76.43,3.22606866666667,477.95,946.47,585.28,742.02
2026-01-16 19:01:59,XPQ-01 Main,2026-01-16 19:01:00,1139.62,79.57,3.93232833333333,478.7,1128.49,309.48,184.21,248.55,80.34,4.43670533333333,478.78,1154.93,322.07,189.54,259.85,80.79,4.00081266666667,479.3,1135.46,313.43,197.69,242.97,77.57,3.359402,478.03,944.98,571.44,751.36
2026-01-16 19:02:59,XPQ-01 Main,2026-01-16 19:02:00,1169.54,78.69,3.83232833333333,478.39,1154.11,316.36,193.92,249.55,78.96,4.27003866666667,478.67,1178.64,328.56,195.41,263.77,80.35,4.00081266666667,478.91,1175.89,324.21,207.66,248.63,76.75,3.22606866666667,477.58,969.14,596.99,761.95
2026-01-16 19:03:59,XPQ-01 Main,2026-01-16 19:03:00,1152.39,79.1,3.798995,478.24,1138.29,311.93,187.13,249.21,79.97,4.33670533333333,478.43,1170.03,325.98,193.53,261.89,80.42,3.934146,478.74,1148.85,316.73,202.3,243.38,76.9,3.12606866666667,477.54,954.64,582.96,754.47
2026-01-16 19:04:59,XPQ-01 Main,2026-01-16 19:04:00,1141.18,79.64,3.898995,478.21,1130.02,309.66,182.27,250.2,80.83,4.503372,478.21,1162.27,323.66,191.09,260.95,80.68,3.734146,478.68,1131.24,311.98,197.32,241.36,77.42,3.459402,477.73,945.3,570.67,752.51
2026-01-16 19:05:59,XPQ-01 Main,2026-01-16 19:05:00,1157.16,78.67,3.7756616666666702,478.58,1144.94,313.95,190.95,248.58,79.3,4.33670533333333,478.71,1170.56,326.36,195.34,260.85,80.04,3.834146,479.13,1155.98,318.96,204.68,244.28,76.65,3.159402,477.89,959.26,590.96,753.72
2026-01-16 19:06:59,XPQ-01 Main,2026-01-16 19:06:00,1192.03,79.53,3.8756616666666703,477.33,1182.31,323.31,192.81,258.98,80.21,4.33670533333333,477.42,1205.68,335.28,197.54,270.17,80.72,3.934146,477.95,1188.1,327.01,206.0,253.84,77.65,3.359402,476.64,985.6,596.36,782.99
2026-01-16 19:07:59,XPQ-01 Main,2026-01-16 19:07:00,1201.1,79.74,3.818995,478.35,1193.78,327.15,194.2,263.12,80.46,4.33670533333333,478.44,1213.63,338.2,199.11,272.97,80.79,3.90081266666667,478.95,1195.89,329.86,206.41,256.96,77.96,3.22606866666667,477.67,995.2,599.71,793.06
2026-01-16 19:08:59,XPQ-01 Main,2026-01-16 19:08:00,1213.31,79.53,4.04232833333333,478.7,1203.85,330.09,198.2,263.34,79.9,4.53670533333333,478.79,1221.66,340.75,200.14,275.05,80.86,4.20081266666667,479.4,1214.41,335.21,210.3,260.65,77.83,3.39273533333333,477.92,1006.05,608.64,799.04
2026-01-16 19:09:59,XPQ-01 Main,2026-01-16 19:09:00,1178.19,79.85,4.018995,478.6,1167.03,319.96,190.34,256.81,80.34,4.73670533333333,478.64,1188.85,331.46,193.4,268.66,81.16,3.934146,479.25,1178.68,325.32,203.07,253.52,78.05,3.39273533333333,477.93,976.74,586.8,778.99
2026-01-16 19:10:59,XPQ-01 Main,2026-01-16 19:10:00,1189.55,79.22,3.898995,478.42,1179.99,323.41,194.15,258.03,79.91,4.203372,478.54,1203.11,335.33,199.04,269.04,80.39,4.00081266666667,479.01,1185.56,327.03,206.96,252.63,77.36,3.49273533333333,477.7,985.77,600.15,779.7
2026-01-16 19:11:59,XPQ-01 Main,2026-01-16 19:11:00,1077.05,67.81,4.018995,478.09,1069.93,293.09,213.4,200.02,68.39,4.303372,478.26,1085.78,302.43,217.44,208.83,69.27,4.20081266666667,478.67,1075.44,296.41,222.87,194.69,65.79,3.559402,477.36,891.93,653.71,603.53
2026-01-16 19:12:59,XPQ-01 Main,2026-01-16 19:12:00,1000.28,71.75,4.14232833333333,479.53,991.67,272.47,188.5,196.19,72.11,4.703372,479.62,1006.71,281.2,190.76,205.86,73.35,4.30081266666667,480.07,1002.45,277.16,198.38,193.24,69.78,3.42606866666667,478.88,830.84,577.64,595.29
2026-01-16 19:13:59,XPQ-01 Main,2026-01-16 19:13:00,1010.23,71.67,3.97566166666667,479.18,1004.78,275.91,189.63,200.02,72.57,4.37003866666667,479.43,1020.97,285.04,195.14,207.37,72.82,4.134146,479.67,1004.93,277.56,199.09,193.0,69.6,3.42606866666667,478.46,838.51,583.87,600.39
2026-01-16 19:14:59,XPQ-01 Main,2026-01-16 19:14:00,1016.8,72.67,4.04232833333333,479.28,1009.39,277.23,189.2,202.06,73.0,4.47003866666667,479.56,1022.66,285.59,191.11,211.49,74.2,4.20081266666667,479.78,1018.36,281.31,198.46,199.12,70.83,3.459402,478.5,844.12,578.77,612.66
2026-01-16 19:15:59,XPQ-01 Main,2026-01-16 19:15:00,1020.39,73.23,3.908995,479.09,1013.09,278.06,187.48,204.91,73.78,4.303372,479.2,1028.79,287.16,190.83,213.92,74.62,4.10081266666667,479.72,1019.28,281.55,197.3,200.58,71.29,3.32606866666667,478.36,846.78,575.61,619.41
2026-01-16 19:16:59,XPQ-01 Main,2026-01-16 19:16:00,1042.81,73.95,3.878995,479.16,1034.11,283.84,189.54,210.85,74.37,4.23670533333333,479.31,1050.32,293.28,192.14,220.95,75.46,4.00081266666667,479.84,1044.01,288.39,199.87,207.54,72.03,3.39273533333333,478.32,865.5,581.55,639.34
2026-01-16 19:17:59,XPQ-01 Main,2026-01-16 19:17:00,1047.46,73.99,4.05566166666667,479.23,1037.21,284.79,188.44,213.25,74.93,4.63670533333333,479.41,1062.56,296.68,194.85,223.07,75.31,4.16747933333333,479.8,1042.6,288.03,200.55,206.46,71.73,3.359402,478.47,869.51,583.84,642.77
2026-01-16 19:18:59,XPQ-01 Main,2026-01-16 19:18:00,1053.77,74.63,3.998995,479.05,1046.91,287.47,187.21,217.83,75.84,4.503372,479.29,1070.29,298.64,195.35,225.72,75.61,4.16747933333333,479.42,1044.11,288.31,198.58,208.62,72.43,3.32606866666667,478.44,874.42,581.13,652.17
2026-01-16 19:19:59,XPQ-01 Main,2026-01-16 19:19:00,1063.79,74.09,3.74232833333333,479.33,1054.89,289.83,191.06,217.63,75.15,4.17003866666667,479.53,1079.46,301.35,198.36,226.69,75.26,3.66747933333333,479.7,1057.02,292.08,202.92,209.63,71.85,3.39273533333333,478.77,883.26,592.35,653.95
2026-01-16 19:20:59,XPQ-01 Main,2026-01-16 19:20:00,1069.45,75.43,3.718995,479.11,1056.91,290.25,186.09,222.27,76.67,4.203372,479.47,1089.37,304.08,194.94,232.97,76.69,3.634146,479.48,1062.07,293.24,200.45,213.63,72.92,3.32606866666667,478.39,887.57,581.49,668.86
2026-01-16 19:21:59,XPQ-01 Main,2026-01-16 19:21:00,1060.49,75.14,3.8556616666666703,479.52,1046.81,287.76,186.97,218.21,75.94,4.403372,479.8,1074.74,300.17,192.53,229.91,76.67,3.834146,479.82,1059.92,292.93,200.49,212.99,72.81,3.32606866666667,478.93,880.86,579.99,661.11
2026-01-16 19:22:59,XPQ-01 Main,2026-01-16 19:22:00,1099.61,75.48,3.8756616666666703,479.43,1084.08,297.82,192.63,227.14,76.27,4.503372,479.56,1115.63,311.56,198.6,240.04,77.05,3.90081266666667,479.95,1099.13,303.82,207.11,222.09,73.13,3.22606866666667,478.78,913.2,598.34,689.28
2026-01-16 19:23:59,XPQ-01 Main,2026-01-16 19:23:00,1087.93,75.77,3.65232833333333,479.74,1073.07,294.99,188.99,226.22,76.74,4.103372,480.03,1105.91,309.15,196.22,238.6,77.24,3.8674793333333297,480.23,1084.8,299.94,203.89,219.9,73.33,2.99273533333333,478.94,904.08,589.1,684.72
2026-01-16 19:24:59,XPQ-01 Main,2026-01-16 19:24:00,1072.75,75.54,3.898995,480.01,1061.23,292.04,187.21,224.01,76.73,4.43670533333333,480.26,1091.62,305.15,195.64,234.24,76.76,3.8674793333333297,480.27,1065.4,294.77,201.07,215.47,73.11,3.39273533333333,479.49,891.97,583.92,673.72
2026-01-16 19:25:59,XPQ-01 Main,2026-01-16 19:25:00,1048.69,75.74,3.808995,480.24,1036.0,285.18,183.73,217.75,76.43,4.43670533333333,480.42,1060.98,296.76,188.33,229.26,77.27,3.934146,480.62,1049.1,290.44,196.79,213.44,73.52,3.059402,479.69,872.38,568.85,660.45
2026-01-16 19:26:59,XPQ-01 Main,2026-01-16 19:26:00,1083.57,76.57,3.718995,479.85,1065.48,292.8,186.15,225.92,77.18,4.17003866666667,479.79,1098.84,307.2,190.74,240.3,78.33,3.8674793333333297,480.65,1086.4,300.68,201.43,223.06,74.22,3.12606866666667,479.12,900.68,578.32,689.28
2026-01-16 19:27:59,XPQ-01 Main,2026-01-16 19:27:00,1091.8,77.26,4.01232833333333,479.62,1075.3,295.43,183.21,231.73,78.45,4.43670533333333,479.5,1114.08,311.19,192.12,244.56,78.64,4.134146,480.29,1086.03,300.48,199.66,224.28,74.69,3.459402,479.09,907.1,574.98,700.57
2026-01-16 19:28:59,XPQ-01 Main,2026-01-16 19:28:00,1086.62,76.72,3.8756616666666703,479.73,1071.06,294.39,187.39,226.95,77.11,4.503372,479.86,1096.6,306.48,190.06,240.48,78.46,3.80081266666667,480.3,1092.2,302.08,201.16,225.28,74.59,3.32606866666667,479.03,902.95,578.61,692.7
2026-01-16 19:29:59,XPQ-01 Main,2026-01-16 19:29:00,1087.31,76.64,3.9556616666666704,480.2,1071.9,294.84,188.44,226.84,76.94,4.503372,480.15,1096.48,306.71,190.35,240.42,78.4,3.96747933333333,480.9,1093.53,302.86,201.73,225.81,74.58,3.39273533333333,479.54,904.4,580.52,693.07
2026-01-16 19:30:59,XPQ-01 Main,2026-01-16 19:30:00,1448.84,65.59,3.878995,474.51,1435.95,390.3,286.55,254.3,66.38,4.57003866666667,474.63,1465.44,405.14,294.89,267.27,67.16,3.96747933333333,475.13,1445.12,395.4,301.16,245.85,63.24,3.09273533333333,473.75,1190.84,882.6,767.42
2026-01-16 19:31:59,XPQ-01 Main,2026-01-16 19:31:00,1198.13,74.0,3.6756616666666706,478.17,1182.71,323.87,216.19,240.84,74.42,4.17003866666667,478.04,1209.42,336.89,219.72,254.72,75.72,3.7008126666666703,478.97,1202.27,331.63,230.31,238.0,71.86,3.159402,477.51,992.39,666.22,733.57
2026-01-16 19:32:59,XPQ-01 Main,2026-01-16 19:32:00,1004.51,73.68,3.88566166666667,481.15,992.57,273.74,183.22,203.06,74.24,4.37003866666667,481.39,1014.5,284.32,186.98,214.07,75.32,4.034146,481.52,1006.48,279.13,195.07,199.34,71.47,3.259402,480.53,837.19,565.27,616.48
2026-01-16 19:33:59,XPQ-01 Main,2026-01-16 19:33:00,918.34,75.76,3.8756616666666703,480.8,904.2,249.0,162.57,188.29,75.69,4.53670533333333,480.94,922.37,258.48,162.09,200.86,77.82,3.80081266666667,481.57,928.44,257.34,173.59,189.74,73.78,3.29273533333333,479.9,764.82,498.25,578.89
2026-01-16 19:34:59,XPQ-01 Main,2026-01-16 19:34:00,1092.23,77.99,3.9523283333333294,479.13,1077.95,295.78,183.78,231.48,78.32,4.43670533333333,479.18,1101.59,307.58,185.69,244.53,79.64,4.034146,479.92,1097.17,303.13,196.8,230.13,76.0,3.39273533333333,478.3,906.48,566.27,706.13
2026-01-16 19:35:59,XPQ-01 Main,2026-01-16 19:35:00,935.17,75.73,3.778995,481.46,925.53,255.3,166.64,193.04,75.7,4.47003866666667,481.71,937.16,262.96,166.03,203.68,77.51,3.7674793333333296,482.06,942.82,261.63,175.97,193.43,73.97,3.09273533333333,480.61,779.88,508.65,590.16
2026-01-16 19:36:59,XPQ-01 Main,2026-01-16 19:36:00,1147.22,76.22,3.8556616666666703,478.98,1140.38,312.9,198.56,241.36,77.23,4.303372,479.05,1162.39,324.38,205.67,250.17,77.25,3.934146,479.64,1138.9,314.56,210.71,233.17,74.19,3.32606866666667,478.27,951.83,614.94,724.7
2026-01-16 19:37:59,XPQ-01 Main,2026-01-16 19:37:00,1125.02,75.85,3.898995,479.0,1118.39,306.89,197.65,234.47,76.46,4.37003866666667,478.94,1134.3,316.46,201.39,243.43,77.05,4.034146,479.65,1122.36,310.08,208.17,229.35,74.05,3.29273533333333,478.42,933.43,607.21,707.25
2026-01-16 19:38:59,XPQ-01 Main,2026-01-16 19:38:00,1156.15,75.54,4.098995,479.26,1143.48,313.88,204.88,237.46,75.71,4.603372,479.44,1162.28,324.66,205.92,250.51,77.25,4.06747933333333,479.99,1162.7,321.24,217.11,236.51,73.67,3.62606866666667,478.35,959.78,627.91,724.49
2026-01-16 19:39:59,XPQ-01 Main,2026-01-16 19:39:00,1161.84,76.25,3.84566166666667,479.07,1151.68,315.97,201.51,242.84,76.96,4.37003866666667,479.21,1175.34,328.18,206.58,253.68,77.54,3.8674793333333297,479.86,1158.51,319.99,214.15,237.34,74.25,3.29273533333333,478.16,964.14,622.23,733.86
2026-01-16 19:40:59,XPQ-01 Main,2026-01-16 19:40:00,1147.61,75.86,3.84232833333333,478.84,1137.8,312.13,200.69,238.12,76.47,4.203372,479.08,1158.96,323.41,204.98,249.0,77.2,3.80081266666667,479.45,1146.09,316.33,212.9,233.51,73.9,3.52606866666667,478.0,951.87,618.56,720.63
2026-01-16 19:41:59,XPQ-01 Main,2026-01-16 19:41:00,1154.34,74.54,3.8656616666666705,479.16,1147.62,315.1,208.67,235.54,74.85,4.403372,479.36,1159.42,323.66,210.43,245.32,75.9,3.8674793333333297,479.67,1155.97,319.3,218.47,232.39,72.86,3.32606866666667,478.45,958.06,637.57,713.25
2026-01-16 19:42:59,XPQ-01 Main,2026-01-16 19:42:00,1138.55,73.88,3.8123283333333298,479.33,1131.28,310.58,206.24,231.61,74.68,4.13670533333333,479.5,1150.45,321.38,211.88,241.12,75.12,3.9008126666666705,480.05,1133.92,313.33,217.83,224.97,71.84,3.39273533333333,478.43,945.3,635.95,697.7
2026-01-16 19:43:59,XPQ-01 Main,2026-01-16 19:43:00,1143.13,74.1,3.908995,479.04,1133.76,311.05,208.46,230.64,74.19,4.27003866666667,479.07,1146.69,320.08,209.03,242.1,75.69,4.034146,479.81,1148.93,317.39,218.7,229.6,72.41,3.42606866666667,478.25,948.52,636.19,702.35
2026-01-16 19:44:59,XPQ-01 Main,2026-01-16 19:44:00,1048.37,77.11,4.05232833333333,480.63,1036.51,285.4,178.27,222.42,78.03,4.803372,480.83,1063.74,297.93,184.65,233.49,78.44,4.034146,481.24,1044.86,289.48,191.83,216.56,74.86,3.32606866666667,479.82,872.81,554.75,672.47
2026-01-16 19:45:59,XPQ-01 Main,2026-01-16 19:45:00,1043.43,77.08,3.84232833333333,477.15,1033.41,282.4,178.15,218.74,77.54,4.303372,477.28,1051.97,292.55,180.79,229.34,78.53,3.90081266666667,477.92,1044.9,287.44,189.42,215.84,75.16,3.32606866666667,476.25,862.39,548.36,663.92
2026-01-16 19:46:59,XPQ-01 Main,2026-01-16 19:46:00,993.1,75.28,3.9423283333333297,477.51,978.86,267.78,174.95,202.34,75.65,4.47003866666667,477.7,1002.11,278.84,177.53,214.71,77.07,3.80081266666667,478.13,998.33,274.8,187.28,200.75,73.12,3.559402,476.7,821.42,539.76,617.81
2026-01-16 19:47:59,XPQ-01 Main,2026-01-16 19:47:00,1130.92,79.29,4.12232833333333,477.12,1119.32,305.81,185.24,242.9,79.52,4.53670533333333,477.03,1138.03,316.37,186.16,254.97,80.76,4.10081266666667,477.97,1135.41,312.46,196.82,241.96,77.58,3.72606866666667,476.35,934.64,568.22,739.84
2026-01-16 19:48:59,XPQ-01 Main,2026-01-16 19:48:00,806.1,72.23,4.098995,480.0,795.67,218.9,150.19,158.85,72.66,4.53670533333333,480.17,812.98,227.3,152.61,168.12,74.04,4.16747933333333,480.43,809.65,224.03,159.76,156.58,69.99,3.59273533333333,479.4,670.22,462.57,483.54
2026-01-16 19:49:59,XPQ-01 Main,2026-01-16 19:49:00,800.54,70.26,4.308995,479.72,792.87,217.87,155.23,152.62,70.11,4.87003866666667,479.81,801.34,224.02,154.74,161.39,72.18,4.434146,480.44,807.41,223.31,162.47,152.74,68.5,3.62606866666667,478.91,665.19,472.44,466.75
2026-01-16 19:50:59,XPQ-01 Main,2026-01-16 19:50:00,811.24,71.88,4.57566166666667,480.55,802.25,220.87,153.44,158.57,71.86,5.23670533333333,480.86,814.06,228.01,153.55,167.86,73.78,4.70081266666667,481.15,817.4,226.37,161.51,158.31,70.0,3.79273533333333,479.64,675.25,468.51,484.74
2026-01-16 19:51:59,XPQ-01 Main,2026-01-16 19:51:00,798.31,71.53,4.25566166666667,480.43,783.63,215.75,149.48,155.15,72.01,4.73670533333333,480.68,808.26,226.25,152.74,166.16,73.62,4.40081266666667,480.92,803.02,222.35,160.84,153.08,68.94,3.62606866666667,479.68,664.35,463.07,474.39
2026-01-16 19:52:59,XPQ-01 Main,2026-01-16 19:52:00,903.43,78.6,4.378995,479.52,888.68,244.09,148.42,193.55,79.35,5.07003866666667,479.52,917.37,256.29,152.88,205.19,80.19,4.26747933333333,480.22,904.24,250.04,161.54,190.41,76.26,3.79273533333333,478.82,750.43,462.84,589.15
2026-01-16 19:53:59,XPQ-01 Main,2026-01-16 19:53:00,863.65,74.99,4.54566166666667,479.68,852.76,234.32,154.64,175.44,75.02,5.103372,479.69,867.25,242.36,154.69,185.85,76.86,4.46747933333333,480.36,870.95,240.91,164.13,175.77,73.09,4.059402,478.99,717.59,473.46,537.06
2026-01-16 19:54:59,XPQ-01 Main,2026-01-16 19:54:00,1521.9,60.29,9.008995,470.84,1501.73,404.9,300.58,233.1,61.28,9.603372,471.03,1541.32,423.02,311.58,246.1,61.98,8.234146,471.6,1522.66,413.34,315.58,222.42,57.61,9.19273533333333,469.91,1241.26,927.73,701.62
2026-01-16 19:55:59,XPQ-01 Main,2026-01-16 19:55:00,1089.84,74.41,4.42232833333333,476.82,1081.17,295.28,195.63,220.68,74.83,4.93670533333333,476.83,1097.19,304.8,198.31,230.76,75.84,4.434146,477.55,1091.16,300.05,206.14,217.39,72.56,3.89273533333333,476.1,900.13,600.07,668.83
2026-01-16 19:56:59,XPQ-01 Main,2026-01-16 19:56:00,1093.15,74.08,4.308995,477.01,1084.37,296.14,196.61,221.15,74.74,4.77003866666667,477.09,1104.45,307.11,201.42,231.14,75.39,4.36747933333333,477.94,1090.62,299.97,207.71,216.22,72.12,3.79273533333333,476.0,903.22,605.74,668.51
2026-01-16 19:57:59,XPQ-01 Main,2026-01-16 19:57:00,1131.59,73.9,4.07566166666667,476.92,1120.78,306.04,204.73,227.02,74.26,4.73670533333333,476.95,1140.2,316.96,207.55,238.7,75.46,4.134146,477.83,1133.8,311.82,216.27,224.3,71.99,3.359402,475.98,934.81,628.54,690.02
2026-01-16 19:58:59,XPQ-01 Main,2026-01-16 19:58:00,1135.88,75.91,4.36566166666667,476.96,1122.74,306.74,195.13,236.33,77.11,5.13670533333333,477.07,1156.89,321.52,204.33,247.75,77.15,4.334146,477.62,1128.02,310.2,210.27,227.77,73.48,3.6260686666666704,476.18,938.46,609.74,711.85
2026-01-16 19:59:59,XPQ-01 Main,2026-01-16 19:59:00,1004.85,71.28,4.898995,477.97,993.72,272.08,188.14,196.22,72.18,5.303372,478.11,1018.75,283.74,194.4,205.89,72.71,5.00081266666667,478.65,1002.07,276.14,199.73,190.08,68.94,4.39273533333333,477.16,831.96,582.27,592.19
2026-01-16 20:00:59,XPQ-01 Main,2026-01-16 20:00:00,1033.35,70.8,4.57566166666667,477.52,1025.5,280.43,195.1,201.07,71.77,5.003372,477.58,1046.4,291.21,201.64,209.61,72.07,4.60081266666667,478.33,1028.16,283.1,205.96,193.97,68.56,4.12606866666667,476.66,854.74,602.69,604.65
2026-01-16 20:01:59,XPQ-01 Main,2026-01-16 20:01:00,1045.53,70.83,4.478995,477.16,1039.46,284.07,199.16,202.43,71.28,5.03670533333333,477.19,1051.93,292.48,202.19,210.99,72.2,4.46747933333333,477.91,1045.19,287.58,207.93,198.3,69.01,3.92606866666667,476.36,864.12,609.28,611.72
2026-01-16 20:02:59,XPQ-01 Main,2026-01-16 20:02:00,1082.91,73.05,4.63232833333333,476.92,1076.01,293.93,196.66,217.77,74.22,4.93670533333333,477.1,1099.39,305.58,204.89,226.09,74.1,4.734146,477.64,1073.32,295.1,208.1,208.85,70.84,4.22606866666667,476.03,894.61,609.65,652.71
2026-01-16 20:03:59,XPQ-01 Main,2026-01-16 20:03:00,1075.22,73.62,4.55232833333333,477.43,1071.75,293.04,197.49,216.29,73.85,5.03670533333333,477.43,1077.45,299.72,198.39,224.27,74.9,4.50081266666667,478.23,1076.45,296.39,205.14,213.48,72.11,4.12606866666667,476.64,889.15,601.01,654.04
2026-01-16 20:04:59,XPQ-01 Main,2026-01-16 20:04:00,1090.79,74.01,4.32232833333333,477.22,1080.45,295.36,195.92,220.51,74.76,4.803372,477.36,1103.92,306.98,201.21,230.94,75.4,4.16747933333333,477.9,1088.01,299.35,207.89,214.89,71.87,3.9927353333333295,476.41,901.69,605.02,666.34
2026-01-16 20:05:59,XPQ-01 Main,2026-01-16 20:05:00,1085.54,73.42,4.37566166666667,477.57,1079.27,295.21,198.1,218.68,74.11,4.87003866666667,477.61,1095.81,304.93,202.76,227.09,74.59,4.36747933333333,478.32,1081.54,297.85,207.83,212.9,71.56,3.89273533333333,476.79,897.99,608.69,658.67
2026-01-16 20:06:59,XPQ-01 Main,2026-01-16 20:06:00,1098.1,73.84,4.96566166666667,477.24,1090.55,298.11,197.99,222.1,74.65,5.43670533333333,477.35,1110.57,308.84,203.69,231.4,75.06,4.96747933333333,477.93,1093.19,300.8,209.14,215.72,71.8,4.49273533333333,476.43,907.75,610.82,669.22
2026-01-16 20:07:59,XPQ-01 Main,2026-01-16 20:07:00,1107.99,75.2,4.398995,477.43,1101.2,301.09,196.32,227.81,75.75,4.903372,477.5,1116.39,310.61,200.01,237.22,76.45,4.36747933333333,478.22,1106.39,304.59,206.58,223.27,73.4,3.92606866666667,476.58,916.29,602.91,688.3
2026-01-16 20:08:59,XPQ-01 Main,2026-01-16 20:08:00,1080.32,71.93,4.25566166666667,477.26,1077.81,294.61,203.15,213.03,72.37,4.57003866666667,477.36,1085.33,301.87,205.72,220.1,73.06,4.334146,478.02,1077.81,296.58,210.45,208.46,70.37,3.859402,476.4,893.06,619.32,641.59
2026-01-16 20:09:59,XPQ-01 Main,2026-01-16 20:09:00,1057.52,71.45,4.598995,477.28,1050.66,287.29,196.94,208.67,72.72,5.103372,477.34,1074.25,298.68,205.57,216.28,72.48,4.634146,477.87,1047.64,288.31,208.0,199.1,69.15,4.059402,476.61,874.28,610.52,624.05
2026-01-16 20:10:59,XPQ-01 Main,2026-01-16 20:10:00,1031.52,71.0,4.55232833333333,477.86,1025.37,280.68,196.48,200.04,71.34,5.07003866666667,478.04,1036.63,288.68,198.74,208.92,72.45,4.60081266666667,478.53,1032.57,284.44,205.13,196.7,69.21,3.9927353333333295,477.0,853.8,600.35,605.66
2026-01-16 20:11:59,XPQ-01 Main,2026-01-16 20:11:00,1036.49,71.05,4.42232833333333,477.89,1029.27,281.78,195.23,202.37,71.97,4.83670533333333,478.12,1049.82,292.39,201.37,210.61,72.28,4.50081266666667,478.55,1030.37,283.83,205.35,195.29,68.91,3.92606866666667,477.0,858.0,601.95,608.27
2026-01-16 20:12:59,XPQ-01 Main,2026-01-16 20:12:00,1031.23,69.4,4.608995,477.54,1018.73,278.69,197.21,196.37,70.56,5.23670533333333,477.75,1049.09,291.97,205.55,206.43,70.86,4.70081266666667,478.2,1025.86,282.38,210.02,188.4,66.77,3.89273533333333,476.68,853.04,612.79,591.2
2026-01-16 20:13:59,XPQ-01 Main,2026-01-16 20:13:00,1027.14,70.59,4.32232833333333,477.9,1016.81,278.44,192.88,200.23,72.02,4.47003866666667,478.09,1047.76,291.72,202.65,208.93,71.78,4.534146,478.42,1016.86,280.14,205.25,190.26,67.98,3.959402,477.18,850.3,600.78,599.43
2026-01-16 20:14:59,XPQ-01 Main,2026-01-16 20:14:00,1008.71,69.58,4.588995,477.65,997.56,272.98,192.32,193.29,70.89,5.03670533333333,477.71,1027.31,285.85,201.23,202.36,70.91,4.56747933333333,478.26,1001.26,275.76,204.64,184.42,66.95,4.159402,476.97,834.59,598.2,580.08
2026-01-16 20:15:59,XPQ-01 Main,2026-01-16 20:15:00,938.51,67.36,4.62232833333333,478.23,926.29,253.73,183.87,174.61,68.86,5.03670533333333,478.38,958.35,267.09,193.58,183.4,68.78,4.66747933333333,478.94,930.9,256.64,196.01,165.21,64.45,4.159402,477.37,777.47,573.46,523.23
2026-01-16 20:16:59,XPQ-01 Main,2026-01-16 20:16:00,965.46,68.3,4.608995,477.91,948.98,259.85,186.87,180.09,69.39,5.003372,478.2,983.99,274.06,194.8,191.62,70.13,4.60081266666667,478.49,963.4,265.35,200.58,173.33,65.38,4.22606866666667,477.03,799.25,582.26,545.03
2026-01-16 20:17:59,XPQ-01 Main,2026-01-16 20:17:00,898.25,71.66,5.18566166666667,479.31,887.07,243.57,169.63,174.47,71.7,5.77003866666667,479.51,902.37,252.07,170.45,185.31,73.6,5.06747933333333,480.0,905.3,250.12,179.21,174.07,69.67,4.72606866666667,478.44,745.76,519.29,533.85
2026-01-16 20:18:59,XPQ-01 Main,2026-01-16 20:18:00,918.75,72.03,5.608995,479.0,909.31,249.46,172.44,179.94,72.2,6.13670533333333,479.2,923.31,257.8,173.62,189.93,73.81,5.40081266666667,479.77,923.65,255.03,181.74,178.55,70.08,5.29273533333333,478.05,762.29,527.8,548.42
2026-01-16 20:19:59,XPQ-01 Main,2026-01-16 20:19:00,908.61,73.93,5.25566166666667,479.15,899.31,246.8,164.94,183.18,74.31,5.703372,479.33,915.54,255.68,167.25,192.76,75.53,5.06747933333333,479.9,910.98,251.63,174.51,180.8,71.95,4.99273533333333,478.23,754.11,506.7,556.74
2026-01-16 20:20:59,XPQ-01 Main,2026-01-16 20:20:00,904.51,71.48,5.47566166666667,479.18,895.79,245.9,169.41,177.36,72.31,6.103372,479.36,916.43,255.91,174.59,186.08,72.93,5.30081266666667,479.84,901.31,248.96,179.52,172.13,69.21,5.02606866666667,478.33,750.76,523.52,535.58
2026-01-16 20:21:59,XPQ-01 Main,2026-01-16 20:21:00,885.54,70.0,5.37566166666667,479.61,874.55,240.35,168.02,171.27,71.39,6.03670533333333,479.81,903.28,252.4,176.56,179.94,71.38,5.234146,480.13,878.8,242.95,179.6,163.1,67.23,4.859402,478.88,735.7,524.17,514.31
2026-01-16 20:22:59,XPQ-01 Main,2026-01-16 20:22:00,892.78,70.7,5.698995,479.7,878.39,241.45,167.13,173.87,72.09,6.13670533333333,480.03,912.01,254.94,176.05,184.14,72.28,5.634146,480.2,887.95,245.46,180.44,166.1,67.73,5.32606866666667,478.85,741.86,523.62,524.11
2026-01-16 20:23:59,XPQ-01 Main,2026-01-16 20:23:00,872.63,69.25,5.185661666666671,480.38,856.65,235.86,167.66,165.45,70.24,5.73670533333333,480.7,888.01,248.54,174.38,176.78,71.19,5.06747933333333,480.79,873.23,241.74,180.72,160.12,66.32,4.759402,479.65,726.14,522.75,502.34
2026-01-16 20:24:59,XPQ-01 Main,2026-01-16 20:24:00,923.02,70.13,5.43232833333333,479.62,914.38,251.16,176.54,178.48,71.1,5.903372,479.65,935.77,261.53,182.63,186.68,71.48,5.26747933333333,480.41,918.9,254.15,186.61,172.14,67.81,5.12606866666667,478.81,766.84,545.78,537.31
2026-01-16 20:25:59,XPQ-01 Main,2026-01-16 20:25:00,921.22,69.23,5.25232833333333,480.24,913.53,251.32,178.6,176.48,70.29,5.67003866666667,480.32,934.19,261.39,185.16,184.15,70.52,5.16747933333333,480.89,915.93,253.61,188.34,169.39,66.87,4.92606866666667,479.51,766.32,552.1,530.03
2026-01-16 20:26:59,XPQ-01 Main,2026-01-16 20:26:00,914.26,69.94,5.88566166666667,480.01,905.01,248.85,176.39,174.96,70.42,6.47003866666667,480.15,922.28,257.97,179.73,184.37,71.61,5.86747933333333,480.67,915.5,253.34,186.11,171.6,67.79,5.32606866666667,479.2,760.16,542.23,530.93
2026-01-16 20:27:59,XPQ-01 Main,2026-01-16 20:27:00,907.47,69.19,5.64232833333333,480.14,896.53,246.58,177.01,171.31,69.54,6.103372,480.35,914.32,255.85,179.88,181.49,71.03,5.534146,480.81,911.55,252.28,187.07,168.86,67.0,5.29273533333333,479.26,754.72,543.96,521.66
2026-01-16 20:28:59,XPQ-01 Main,2026-01-16 20:28:00,905.26,69.9,5.37566166666667,479.74,892.39,245.25,173.22,173.25,70.72,5.83670533333333,479.94,917.74,256.59,178.81,183.66,71.65,5.26747933333333,480.4,905.66,250.45,185.06,168.49,67.32,5.02606866666667,478.89,752.29,537.1,525.4
2026-01-16 20:29:59,XPQ-01 Main,2026-01-16 20:29:00,936.24,70.75,5.178995,479.67,926.35,254.47,180.31,179.3,70.51,5.53670533333333,479.63,936.49,261.73,179.45,190.1,72.72,5.134146,480.49,945.88,261.66,189.08,180.31,69.01,4.859402,478.89,777.86,548.84,549.71
2026-01-16 20:30:59,XPQ-01 Main,2026-01-16 20:30:00,918.07,70.43,5.85566166666667,479.74,906.12,249.06,173.4,178.12,71.65,6.43670533333333,479.96,934.67,261.28,181.29,187.73,71.93,5.734146,480.33,913.42,252.59,185.69,170.85,67.71,5.39273533333333,478.94,762.94,540.39,536.7
2026-01-16 20:31:59,XPQ-01 Main,2026-01-16 20:31:00,895.88,69.9,5.54232833333333,479.92,884.07,242.99,171.78,171.3,70.61,6.203372,480.02,907.22,253.75,176.76,181.46,71.63,5.434146,480.7,896.34,248.01,182.95,167.17,67.46,4.99273533333333,479.04,744.76,531.49,519.93
2026-01-16 20:32:59,XPQ-01 Main,2026-01-16 20:32:00,896.42,69.87,5.288995,479.81,888.98,244.29,174.46,170.75,69.95,5.73670533333333,479.84,898.54,251.22,175.17,179.46,71.56,5.234146,480.59,901.75,249.49,182.24,169.55,68.11,4.89273533333333,479.01,745.01,531.88,519.76
2026-01-16 20:33:59,XPQ-01 Main,2026-01-16 20:33:00,904.59,69.34,5.698995,479.87,897.29,246.53,176.56,171.9,69.76,6.23670533333333,479.78,910.54,254.63,179.46,180.21,70.86,5.434146,480.8,905.94,250.75,184.98,168.72,67.39,5.42606866666667,479.03,751.9,541.0,520.83
2026-01-16 20:34:59,XPQ-01 Main,2026-01-16 20:34:00,916.16,71.08,5.16566166666667,480.02,905.39,248.8,175.84,175.82,70.71,5.67003866666667,480.05,915.94,256.31,174.4,187.27,73.18,5.16747933333333,481.01,927.13,256.62,184.7,177.79,69.35,4.659402,478.99,761.73,534.94,540.88
2026-01-16 20:35:59,XPQ-01 Main,2026-01-16 20:35:00,937.4,69.05,5.32232833333333,479.64,930.48,255.64,184.75,176.4,69.06,5.67003866666667,479.7,938.4,262.25,185.19,185.49,70.77,5.26747933333333,480.36,943.31,260.89,192.68,175.45,67.33,5.02606866666667,478.86,778.78,562.62,537.35
2026-01-16 20:36:59,XPQ-01 Main,2026-01-16 20:36:00,809.66,71.44,5.798995,481.13,799.17,220.2,154.32,156.51,71.21,6.33670533333333,481.2,810.76,227.35,153.56,166.62,73.53,5.634146,481.95,819.05,227.2,162.73,157.68,69.59,5.42606866666667,480.23,674.75,470.6,480.81
2026-01-16 20:37:59,XPQ-01 Main,2026-01-16 20:37:00,796.85,70.39,5.398995,481.22,787.41,217.06,154.89,151.72,69.98,5.903372,481.33,795.7,223.13,153.4,161.68,72.54,5.16747933333333,481.92,807.44,224.01,162.64,153.56,68.65,5.12606866666667,480.41,664.19,470.93,466.96
2026-01-16 20:38:59,XPQ-01 Main,2026-01-16 20:38:00,795.92,70.94,5.608995,481.09,790.19,217.76,151.77,155.69,71.61,6.203372,481.23,803.0,225.13,155.2,162.58,72.33,5.40081266666667,481.79,794.57,220.37,159.61,151.7,68.89,5.22606866666667,480.25,663.26,466.59,469.97
2026-01-16 20:39:59,XPQ-01 Main,2026-01-16 20:39:00,811.03,71.47,5.94232833333333,480.95,795.98,219.3,151.07,158.67,72.42,6.37003866666667,480.97,825.64,231.35,157.01,169.36,73.33,5.834146,481.63,811.48,225.04,163.43,154.25,68.64,5.62606866666667,480.24,675.69,471.51,482.29
2026-01-16 20:40:59,XPQ-01 Main,2026-01-16 20:40:00,773.53,73.11,6.15232833333333,482.12,757.92,209.28,143.32,152.09,72.78,6.57003866666667,482.12,776.36,218.1,142.41,164.61,75.63,6.00081266666667,482.9,786.3,218.61,153.7,154.7,70.94,5.89273533333333,481.34,645.99,439.43,471.4
2026-01-16 20:41:59,XPQ-01 Main,2026-01-16 20:41:00,676.37,78.01,5.488995,483.53,664.74,184.13,113.81,144.14,78.48,5.83670533333333,483.7,684.9,192.99,115.83,153.54,79.83,5.40081266666667,484.17,679.47,189.39,123.54,143.15,75.7,5.22606866666667,482.7,566.5,353.19,440.83
2026-01-16 20:42:59,XPQ-01 Main,2026-01-16 20:42:00,654.67,75.72,5.76566166666667,483.44,639.83,177.19,114.24,134.99,76.33,6.303372,483.42,665.76,187.51,117.42,145.42,77.8,5.434146,484.12,658.43,183.56,125.16,133.73,73.01,5.559402,482.79,548.25,356.82,414.14
2026-01-16 20:43:59,XPQ-01 Main,2026-01-16 20:43:00,657.19,76.95,5.36566166666667,483.41,643.16,178.1,111.88,137.89,77.65,5.93670533333333,483.59,668.48,188.34,115.32,148.23,78.93,5.06747933333333,484.08,659.93,183.89,122.95,136.35,74.27,5.09273533333333,482.57,550.33,350.15,422.47
2026-01-16 20:44:59,XPQ-01 Main,2026-01-16 20:44:00,708.69,76.4,5.588995,483.47,693.04,191.94,121.75,147.56,77.13,6.37003866666667,483.65,721.54,203.31,125.72,158.94,78.43,5.334146,484.15,711.5,198.28,133.98,145.84,73.64,5.059402,482.6,593.52,381.45,452.35
2026-01-16 20:45:59,XPQ-01 Main,2026-01-16 20:45:00,712.33,76.8,5.97566166666667,483.2,695.53,192.49,121.88,148.59,77.32,6.53670533333333,483.31,723.86,203.85,124.85,160.57,78.94,5.76747933333333,484.0,717.59,199.9,134.04,148.09,74.14,5.62606866666667,482.31,596.24,380.77,457.25
2026-01-16 20:46:59,XPQ-01 Main,2026-01-16 20:46:00,781.25,75.53,6.41232833333333,482.17,766.41,211.66,136.32,161.65,76.45,7.103372,482.05,795.95,223.56,141.61,172.25,77.25,6.06747933333333,482.94,781.39,217.32,148.42,158.07,72.9,6.059402,481.53,652.53,426.35,491.97
2026-01-16 20:47:59,XPQ-01 Main,2026-01-16 20:47:00,745.75,77.04,6.05566166666667,482.61,733.05,202.6,127.06,157.34,77.8,6.63670533333333,482.72,757.47,213.07,131.07,167.49,78.75,5.70081266666667,483.4,746.72,207.77,138.29,154.71,74.56,5.82606866666667,481.72,623.44,396.43,479.54
2026-01-16 20:48:59,XPQ-01 Main,2026-01-16 20:48:00,797.87,76.26,5.73232833333333,482.28,782.49,216.19,137.67,166.51,77.07,6.303372,482.25,811.32,227.92,142.42,177.82,78.05,5.534146,482.93,799.81,222.44,150.25,163.7,73.67,5.359402,481.64,666.56,430.34,508.03
2026-01-16 20:49:59,XPQ-01 Main,2026-01-16 20:49:00,790.26,77.83,5.62232833333333,482.25,778.62,215.04,133.07,168.4,78.46,6.37003866666667,482.18,800.82,225.02,136.36,178.37,79.44,5.26747933333333,483.06,791.34,220.09,143.85,166.12,75.59,5.22606866666667,481.52,660.15,413.28,512.88
2026-01-16 20:50:59,XPQ-01 Main,2026-01-16 20:50:00,755.33,75.37,6.32232833333333,482.58,746.03,206.24,133.82,156.53,76.01,6.83670533333333,482.62,763.66,214.72,137.11,164.94,76.9,5.934146,483.26,756.31,210.45,143.15,153.82,73.21,6.19273533333333,481.87,631.4,414.08,475.3
2026-01-16 20:51:59,XPQ-01 Main,2026-01-16 20:51:00,717.01,76.34,5.64566166666667,483.77,700.9,194.23,125.66,147.82,76.19,6.23670533333333,483.73,721.87,203.44,125.32,159.94,78.72,5.36747933333333,484.49,728.27,203.18,136.18,150.36,74.12,5.32606866666667,483.1,600.85,387.15,458.13
2026-01-16 20:52:59,XPQ-01 Main,2026-01-16 20:52:00,1825.35,51.06,5.84232833333333,467.6,1821.72,487.5,413.6,256.09,52.64,6.37003866666667,467.5,1851.71,504.75,430.39,261.41,51.91,5.734146,468.78,1802.62,486.2,424.49,236.16,48.62,5.42606866666667,466.52,1478.45,1268.48,753.67
2026-01-16 20:53:59,XPQ-01 Main,2026-01-16 20:53:00,827.91,74.19,6.198995,481.06,818.5,225.51,148.98,168.74,74.96,6.77003866666667,481.02,838.64,235.06,153.37,177.27,75.62,6.10081266666667,481.82,826.58,229.32,158.96,164.84,71.98,5.72606866666667,480.33,689.89,461.31,510.85
2026-01-16 20:54:59,XPQ-01 Main,2026-01-16 20:54:00,852.04,75.21,6.46566166666667,481.73,839.74,231.64,151.63,174.76,75.53,6.97003866666667,481.7,859.8,241.36,153.72,185.46,76.99,6.434146,482.57,856.58,237.97,162.2,173.73,73.09,5.99273533333333,480.9,710.97,467.55,533.95
2026-01-16 20:55:59,XPQ-01 Main,2026-01-16 20:55:00,859.61,75.77,5.82232833333333,481.52,845.79,233.19,151.09,177.16,76.09,6.403372,481.5,868.16,243.63,153.18,188.45,77.6,5.66747933333333,482.42,864.87,240.17,162.2,176.52,73.64,5.39273533333333,480.63,716.98,466.47,542.13
2026-01-16 20:56:59,XPQ-01 Main,2026-01-16 20:56:00,876.44,76.01,6.46566166666667,480.87,864.4,238.0,153.67,181.24,76.27,7.03670533333333,480.86,883.41,247.58,155.39,192.25,77.77,6.134146,481.76,881.51,244.45,164.28,180.62,73.98,6.22606866666667,479.98,730.03,473.34,554.11
2026-01-16 20:57:59,XPQ-01 Main,2026-01-16 20:57:00,847.47,75.1,5.44232833333333,481.56,839.39,231.43,150.52,175.51,75.91,5.903372,481.52,858.0,240.81,155.14,183.74,76.41,5.20081266666667,482.48,845.03,234.67,160.32,171.11,72.97,5.22606866666667,480.67,706.91,465.98,530.35
2026-01-16 20:58:59,XPQ-01 Main,2026-01-16 20:58:00,854.62,76.06,5.685661666666671,481.27,844.18,232.64,148.9,178.47,76.79,6.103372,481.26,865.79,242.83,153.19,187.84,77.5,5.40081266666667,482.13,853.89,236.99,159.49,174.93,73.9,5.559402,480.41,712.45,461.57,541.24
2026-01-16 20:59:59,XPQ-01 Main,2026-01-16 20:59:00,875.26,76.1,5.698995,480.82,865.88,238.34,152.45,182.87,76.81,6.27003866666667,480.76,885.83,248.25,156.67,191.95,77.47,5.60081266666667,481.8,874.09,242.39,162.78,179.2,74.02,5.22606866666667,479.89,728.97,471.91,554.02
2026-01-16 21:00:59,XPQ-01 Main,2026-01-16 21:00:00,871.29,76.02,6.508995,481.29,858.0,236.38,152.91,179.8,76.18,6.93670533333333,481.25,878.18,246.38,154.09,191.44,77.9,6.46747933333333,482.32,877.69,243.62,163.7,180.04,73.99,6.12606866666667,480.32,726.38,470.7,551.28
2026-01-16 21:01:59,XPQ-01 Main,2026-01-16 21:01:00,879.6,77.93,6.018995,481.86,866.67,239.1,148.7,186.79,78.24,6.503372,481.8,888.29,249.45,150.37,197.85,79.62,5.86747933333333,482.77,883.84,245.63,159.61,186.22,75.93,5.69273533333333,481.01,734.18,458.68,570.86
2026-01-16 21:02:59,XPQ-01 Main,2026-01-16 21:02:00,914.22,77.95,6.13232833333333,481.07,900.67,248.09,153.31,194.78,78.58,6.73670533333333,481.04,926.12,259.65,157.36,206.24,79.5,5.834146,481.96,915.88,254.1,165.69,192.32,75.76,5.82606866666667,480.2,761.83,476.37,593.35
2026-01-16 21:03:59,XPQ-01 Main,2026-01-16 21:03:00,938.34,78.56,6.188995,480.88,922.38,253.97,152.31,202.97,79.98,6.87003866666667,480.91,961.59,269.52,162.08,215.04,79.86,5.80081266666667,481.77,931.06,258.18,168.17,195.69,75.84,5.89273533333333,479.97,781.67,482.56,613.7
2026-01-16 21:04:59,XPQ-01 Main,2026-01-16 21:04:00,945.94,78.45,5.58566166666667,481.38,927.92,255.77,154.58,203.51,79.63,6.33670533333333,481.43,967.8,271.53,162.79,216.54,79.93,5.234146,482.24,942.09,261.5,170.42,197.98,75.79,5.19273533333333,480.47,788.8,487.79,618.03
2026-01-16 21:05:59,XPQ-01 Main,2026-01-16 21:05:00,920.37,79.65,5.718995,481.59,904.08,249.25,148.63,199.62,80.21,6.203372,481.59,933.26,261.99,152.08,212.8,81.36,5.50081266666667,482.56,923.78,256.55,162.33,198.3,77.38,5.459402,480.62,767.8,463.05,610.71
2026-01-16 21:06:59,XPQ-01 Main,2026-01-16 21:06:00,918.17,79.07,6.06566166666667,481.48,900.52,248.27,148.42,198.67,80.11,6.603372,481.47,937.49,263.06,155.25,211.76,80.65,5.90081266666667,482.34,916.49,254.47,163.88,194.4,76.46,5.69273533333333,480.63,765.8,467.56,604.82
2026-01-16 21:07:59,XPQ-01 Main,2026-01-16 21:07:00,925.92,79.44,5.47566166666667,481.43,910.04,250.9,149.33,201.29,80.31,6.103372,481.51,942.66,264.49,154.88,213.62,80.96,5.434146,482.22,925.05,256.78,163.46,197.64,77.06,4.89273533333333,480.55,772.17,467.67,612.55
2026-01-16 21:08:59,XPQ-01 Main,2026-01-16 21:08:00,933.77,79.58,5.398995,481.34,919.07,253.33,148.85,204.52,80.85,6.07003866666667,481.37,954.81,267.84,157.28,216.21,80.87,5.20081266666667,482.16,927.41,257.42,163.99,198.13,77.03,4.92606866666667,480.5,778.59,470.13,618.86
2026-01-16 21:09:59,XPQ-01 Main,2026-01-16 21:09:00,853.05,80.31,5.78566166666667,482.88,838.99,232.01,135.05,188.41,81.28,6.33670533333333,482.92,869.09,244.56,140.81,199.62,81.72,5.534146,483.68,851.07,236.97,148.36,184.52,77.93,5.49273533333333,482.03,713.54,424.23,572.55
2026-01-16 21:10:59,XPQ-01 Main,2026-01-16 21:10:00,790.99,79.24,6.208995,482.32,776.09,214.33,129.27,170.45,79.68,6.87003866666667,482.3,801.54,225.31,131.55,182.16,81.07,5.90081266666667,483.2,795.34,221.22,141.01,170.1,76.99,5.859402,481.46,660.86,401.83,522.7
2026-01-16 21:11:59,XPQ-01 Main,2026-01-16 21:11:00,836.56,80.84,5.898995,483.05,821.61,227.19,133.15,183.82,80.99,6.43670533333333,482.96,843.87,237.6,133.46,196.17,82.68,5.60081266666667,484.07,844.2,235.21,144.55,185.28,78.84,5.659402,482.13,699.99,411.16,565.28
2026-01-16 21:12:59,XPQ-01 Main,2026-01-16 21:12:00,832.8,80.64,5.65566166666667,482.93,821.07,227.07,132.86,183.78,81.04,6.303372,482.76,841.52,236.74,134.58,193.99,82.16,5.40081266666667,483.74,835.82,232.84,143.32,182.91,78.71,5.259402,482.28,696.66,410.76,560.68
2026-01-16 21:13:59,XPQ-01 Main,2026-01-16 21:13:00,870.71,81.3,6.66566166666667,482.56,857.59,236.88,135.91,193.66,81.85,7.37003866666667,482.32,881.68,247.93,138.72,204.95,82.81,6.300812666666671,483.59,872.86,243.01,148.04,192.21,79.23,6.32606866666667,481.76,727.82,422.66,590.82
2026-01-16 21:14:59,XPQ-01 Main,2026-01-16 21:14:00,834.07,78.92,6.02232833333333,482.4,819.79,226.49,136.73,180.35,79.69,6.503372,482.42,847.78,238.31,141.22,191.44,80.47,5.76747933333333,483.19,834.64,232.18,149.03,177.57,76.6,5.79273533333333,481.61,696.98,426.97,549.36
2026-01-16 21:15:59,XPQ-01 Main,2026-01-16 21:15:00,836.97,78.56,6.388995,482.59,824.0,227.63,139.28,179.82,79.06,6.83670533333333,482.48,847.27,238.31,142.22,190.85,80.18,6.26747933333333,483.6,839.64,233.73,150.54,178.42,76.43,6.059402,481.7,699.66,432.04,549.08
2026-01-16 21:17:59,XPQ-01 Main,2026-01-16 21:17:00,844.73,79.58,6.04566166666667,481.99,832.25,229.69,137.43,183.63,80.06,6.43670533333333,481.94,854.45,239.99,139.99,194.4,81.15,5.70081266666667,482.86,847.47,235.57,148.57,182.28,77.51,5.99273533333333,481.16,705.26,425.99,560.31
2026-01-16 21:18:59,XPQ-01 Main,2026-01-16 21:18:00,975.55,79.0,5.498995,481.2,963.89,265.51,159.6,211.9,79.88,6.03670533333333,481.19,990.61,277.87,165.59,222.76,80.26,5.334146,482.2,972.15,269.78,172.41,207.23,76.87,5.12606866666667,480.2,813.16,497.61,641.9
2026-01-16 21:19:59,XPQ-01 Main,2026-01-16 21:19:00,929.93,76.88,5.018995,481.06,916.89,252.57,159.2,195.88,77.6,5.43670533333333,481.02,942.53,264.21,164.0,207.0,78.38,4.834146,481.92,930.37,258.13,171.51,192.54,74.67,4.79273533333333,480.25,774.91,494.71,595.42
2026-01-16 21:20:59,XPQ-01 Main,2026-01-16 21:20:00,937.46,78.21,5.208995,480.96,928.36,255.57,156.84,201.71,78.94,5.87003866666667,480.7,948.82,265.9,161.41,211.1,79.44,4.934146,482.02,935.2,259.54,167.72,197.72,76.26,4.82606866666667,480.17,781.01,485.97,610.53
2026-01-16 21:21:59,XPQ-01 Main,2026-01-16 21:21:00,968.8,78.71,4.92232833333333,481.44,958.17,264.16,158.99,210.78,79.83,5.47003866666667,481.32,986.41,276.68,166.69,220.52,79.77,4.734146,482.29,961.81,267.11,171.77,204.09,76.51,4.559402,480.72,807.94,497.45,635.39
2026-01-16 21:22:59,XPQ-01 Main,2026-01-16 21:22:00,962.91,78.74,4.66566166666667,481.8,949.66,261.84,159.26,207.68,79.35,5.23670533333333,481.6,975.52,273.95,163.31,219.35,80.21,4.634146,482.93,963.56,267.84,171.76,205.09,76.67,4.12606866666667,480.87,803.63,494.33,632.12
2026-01-16 21:23:59,XPQ-01 Main,2026-01-16 21:23:00,968.33,78.25,4.65566166666667,481.14,951.68,262.14,159.92,207.55,79.21,5.103372,481.24,986.43,276.7,166.77,220.53,79.76,4.50081266666667,482.11,966.88,268.23,174.95,203.2,75.78,4.359402,480.08,807.07,501.63,631.27
2026-01-16 21:24:59,XPQ-01 Main,2026-01-16 21:24:00,962.38,78.54,4.65566166666667,481.64,947.6,261.24,158.29,207.73,79.54,5.23670533333333,481.66,980.07,275.21,165.23,219.93,79.95,4.46747933333333,482.7,959.46,266.49,172.82,202.89,76.13,4.259402,480.58,802.94,496.34,630.55
2026-01-16 21:25:59,XPQ-01 Main,2026-01-16 21:25:00,981.06,79.09,5.06566166666667,481.1,969.21,267.0,159.56,214.0,80.17,5.47003866666667,481.11,998.49,279.95,167.02,224.7,80.26,5.034146,481.97,975.49,270.65,173.16,207.91,76.84,4.69273533333333,480.23,817.6,499.75,646.61
2026-01-16 21:26:59,XPQ-01 Main,2026-01-16 21:26:00,986.05,80.34,4.47566166666667,480.54,970.42,266.99,156.57,216.13,80.98,4.97003866666667,480.56,999.85,280.05,160.74,229.1,81.86,4.36747933333333,481.45,987.86,273.74,170.6,213.96,78.19,4.09273533333333,479.6,820.78,487.91,659.2
2026-01-16 21:27:59,XPQ-01 Main,2026-01-16 21:27:00,970.44,79.27,4.46566166666667,481.25,956.13,263.49,156.44,211.49,80.4,5.003372,481.39,989.66,277.64,164.22,223.24,80.55,4.234146,482.09,965.53,267.88,171.17,205.64,76.86,4.159402,480.26,809.0,491.83,640.36
2026-01-16 21:28:59,XPQ-01 Main,2026-01-16 21:28:00,986.31,79.58,4.51232833333333,481.26,974.71,268.55,158.29,216.58,80.73,5.003372,481.31,1005.17,281.99,166.36,227.32,80.7,4.434146,482.21,979.04,271.69,172.28,209.96,77.3,4.09273533333333,480.26,822.23,496.94,653.85
2026-01-16 21:29:59,XPQ-01 Main,2026-01-16 21:29:00,979.43,79.22,4.718995,480.86,963.06,265.02,158.28,212.35,80.18,5.303372,480.71,998.26,279.82,165.04,225.22,80.66,4.50081266666667,482.01,976.96,271.01,173.27,207.92,76.82,4.359402,479.87,815.84,496.58,645.49
2026-01-16 21:30:59,XPQ-01 Main,2026-01-16 21:30:00,967.92,79.71,4.41232833333333,481.19,951.13,261.98,153.8,211.86,80.92,4.903372,480.94,989.99,277.57,162.29,224.7,81.07,4.30081266666667,482.21,962.66,267.27,169.92,205.94,77.13,4.02606866666667,480.42,806.82,486.02,642.5
2026-01-16 21:31:59,XPQ-01 Main,2026-01-16 21:31:00,971.19,79.21,4.54232833333333,481.43,954.06,262.91,157.39,210.37,80.07,5.03670533333333,481.34,988.81,277.48,163.44,223.78,80.76,4.434146,482.48,970.7,269.54,172.54,206.87,76.8,4.159402,480.46,809.93,493.37,641.02
2026-01-16 21:32:59,XPQ-01 Main,2026-01-16 21:32:00,962.57,79.81,4.608995,481.46,947.9,261.29,154.87,210.16,80.5,5.103372,481.48,976.41,274.01,159.58,222.61,81.28,4.50081266666667,482.38,963.4,267.47,168.42,207.51,77.64,4.22606866666667,480.51,802.77,482.86,640.28
2026-01-16 21:33:59,XPQ-01 Main,2026-01-16 21:33:00,967.47,79.76,4.52232833333333,482.0,949.14,261.83,154.48,211.16,80.71,5.103372,481.91,986.68,277.24,161.0,225.24,81.35,4.50081266666667,483.09,966.59,268.72,170.71,207.47,77.22,3.959402,481.0,807.79,486.2,643.87
2026-01-16 21:34:59,XPQ-01 Main,2026-01-16 21:34:00,944.94,78.52,4.088995,482.15,926.84,255.71,155.92,202.55,79.24,4.503372,481.98,961.06,270.13,160.98,216.33,80.23,4.134146,483.34,946.92,263.38,170.72,200.22,76.09,3.62606866666667,481.13,789.22,487.62,619.1
2026-01-16 21:35:59,XPQ-01 Main,2026-01-16 21:35:00,892.06,77.4,4.618995,482.27,871.14,240.51,148.41,188.86,78.63,5.03670533333333,482.09,914.28,256.94,156.73,203.1,79.17,4.434146,483.23,890.75,247.81,165.34,184.06,74.39,4.39273533333333,481.49,745.26,470.48,576.02
2026-01-16 21:36:59,XPQ-01 Main,2026-01-16 21:36:00,886.14,74.18,4.53232833333333,482.38,868.53,239.89,158.63,179.77,74.98,5.27003866666667,482.52,901.22,253.44,164.49,192.72,76.06,4.334146,483.27,888.66,247.12,172.74,176.64,71.49,3.9927353333333295,481.34,740.46,495.86,549.12
2026-01-16 21:37:59,XPQ-01 Main,2026-01-16 21:37:00,865.0,76.23,4.36566166666667,482.59,842.91,232.97,147.89,179.73,77.22,4.803372,482.75,884.06,248.67,154.57,194.63,78.31,4.26747933333333,483.35,868.04,241.49,164.55,176.66,73.17,4.02606866666667,481.67,723.13,467.01,551.01
2026-01-16 21:38:59,XPQ-01 Main,2026-01-16 21:38:00,914.37,79.0,4.46566166666667,482.03,897.59,247.72,149.41,197.35,79.73,5.33670533333333,482.06,929.01,261.02,154.1,210.46,80.68,4.40081266666667,482.94,916.53,254.76,163.67,195.02,76.6,3.659402,481.1,763.5,467.19,602.82
2026-01-16 21:39:59,XPQ-01 Main,2026-01-16 21:39:00,867.86,75.55,4.22232833333333,482.1,852.92,235.37,152.88,178.87,76.02,4.83670533333333,481.93,878.48,246.83,156.05,190.83,77.41,4.20081266666667,483.15,872.2,242.56,165.06,177.45,73.22,3.62606866666667,481.23,724.76,473.98,547.15
2026-01-16 21:40:59,XPQ-01 Main,2026-01-16 21:40:00,883.3,75.21,4.45232833333333,481.9,869.53,239.92,156.04,182.09,75.93,4.93670533333333,481.97,895.87,251.66,161.04,193.38,76.84,4.50081266666667,482.82,884.51,245.76,168.28,179.01,72.86,3.92606866666667,480.9,737.34,485.36,554.48
2026-01-16 21:41:59,XPQ-01 Main,2026-01-16 21:41:00,955.89,77.02,4.698995,480.63,934.72,257.18,159.33,201.37,78.42,5.103372,480.6,981.91,275.08,169.43,215.55,78.62,4.66747933333333,481.61,951.05,263.61,176.98,194.8,74.01,4.32606866666667,479.67,795.88,505.74,611.73
2026-01-16 21:42:59,XPQ-01 Main,2026-01-16 21:42:00,913.08,74.99,4.618995,481.98,897.86,247.74,160.92,188.44,76.06,5.07003866666667,481.89,930.7,261.43,168.13,199.86,76.52,4.80081266666667,482.96,910.69,253.16,174.58,183.17,72.39,3.9927353333333295,481.08,762.34,503.63,571.47
2026-01-16 21:43:59,XPQ-01 Main,2026-01-16 21:43:00,921.9,75.55,4.31232833333333,481.51,903.99,249.17,160.03,191.0,76.66,4.703372,481.49,941.26,264.21,167.88,203.99,77.21,4.334146,482.54,920.46,255.59,175.44,186.0,72.77,3.89273533333333,480.51,768.97,503.34,580.99
2026-01-16 21:44:59,XPQ-01 Main,2026-01-16 21:44:00,902.73,76.04,4.518995,481.51,892.91,246.06,157.56,188.72,76.76,5.07003866666667,481.47,913.58,256.48,162.15,198.38,77.43,4.26747933333333,482.63,901.7,250.4,168.52,185.04,73.93,4.22606866666667,480.44,752.94,488.24,572.14
2026-01-16 21:45:59,XPQ-01 Main,2026-01-16 21:45:00,907.85,79.0,4.55232833333333,481.8,891.14,245.73,148.48,195.57,79.65,4.903372,481.6,921.59,258.78,152.49,208.6,80.73,4.46747933333333,482.87,910.83,253.17,162.41,193.75,76.64,4.29273533333333,480.93,757.68,463.38,597.91
2026-01-16 21:46:59,XPQ-01 Main,2026-01-16 21:46:00,931.5,77.2,4.41232833333333,481.12,913.89,251.62,157.2,196.25,78.05,5.07003866666667,481.0,948.37,266.0,163.26,209.27,78.85,4.334146,482.27,932.23,258.7,171.74,192.98,74.7,3.8260686666666706,480.07,776.32,492.2,598.5
2026-01-16 21:47:59,XPQ-01 Main,2026-01-16 21:47:00,955.34,80.23,4.888995,481.12,934.78,257.46,150.24,208.8,81.17,5.47003866666667,480.94,975.35,273.43,156.74,223.69,81.9,4.934146,482.07,955.9,265.32,167.02,205.7,77.63,4.259402,480.34,796.22,473.99,638.19
2026-01-16 21:48:59,XPQ-01 Main,2026-01-16 21:48:00,932.85,79.45,4.14232833333333,481.21,914.64,251.92,151.53,200.99,79.85,4.67003866666667,480.99,944.66,264.91,154.05,214.96,81.28,3.96747933333333,482.26,939.26,260.76,165.35,201.04,77.23,3.79273533333333,480.38,777.6,470.93,616.98
2026-01-16 21:49:59,XPQ-01 Main,2026-01-16 21:49:00,987.54,77.89,4.36566166666667,481.43,970.74,267.61,163.98,211.26,78.99,4.93670533333333,481.37,1007.59,282.66,171.99,224.1,79.33,4.234146,482.29,984.29,273.3,179.62,205.78,75.34,3.92606866666667,480.62,823.57,515.6,641.14
2026-01-16 21:50:59,XPQ-01 Main,2026-01-16 21:50:00,924.78,78.2,4.43232833333333,481.33,911.11,250.98,154.68,197.35,78.71,5.003372,481.11,935.53,262.45,157.83,209.16,79.82,4.30081266666667,482.45,927.69,257.62,166.99,195.69,76.07,3.9927353333333295,480.44,771.05,479.5,602.2
2026-01-16 21:51:59,XPQ-01 Main,2026-01-16 21:51:00,925.49,76.57,4.34232833333333,481.48,909.49,250.63,157.92,194.5,77.63,4.803372,481.27,943.79,264.83,165.28,206.53,78.08,4.30081266666667,482.56,923.19,256.44,172.28,189.62,74.01,3.92606866666667,480.59,771.9,495.49,590.66
2026-01-16 21:52:59,XPQ-01 Main,2026-01-16 21:52:00,944.19,77.45,4.44566166666667,481.41,924.26,254.69,157.98,199.37,78.38,4.903372,481.21,962.93,270.14,164.61,213.67,79.22,4.334146,482.44,945.38,262.56,174.2,196.14,74.77,4.09273533333333,480.57,787.39,496.79,609.17
2026-01-16 21:53:59,XPQ-01 Main,2026-01-16 21:53:00,931.78,76.76,4.43232833333333,480.92,911.13,250.77,157.91,194.57,77.65,5.03670533333333,480.74,950.46,266.43,164.42,208.92,78.58,4.36747933333333,482.04,933.74,259.05,173.9,191.58,74.04,3.89273533333333,479.98,776.25,496.23,595.07
2026-01-16 21:54:59,XPQ-01 Main,2026-01-16 21:54:00,916.53,77.1,4.32232833333333,481.32,898.02,247.43,155.11,192.42,77.86,4.83670533333333,481.17,932.37,261.53,160.45,206.02,78.9,4.234146,482.33,919.21,255.22,169.95,190.02,74.54,3.89273533333333,480.47,764.18,485.51,588.46
2026-01-16 21:55:59,XPQ-01 Main,2026-01-16 21:55:00,886.34,76.37,4.32232833333333,481.54,870.25,239.88,153.63,183.76,76.72,4.87003866666667,481.54,895.89,251.51,156.21,196.55,78.29,4.40081266666667,482.57,892.89,247.94,166.25,183.43,74.09,3.6927353333333297,480.51,739.33,476.09,563.75
2026-01-16 21:56:59,XPQ-01 Main,2026-01-16 21:56:00,908.94,75.17,4.318995,481.85,885.83,244.42,157.79,186.4,76.32,4.903372,481.92,930.7,261.38,166.14,201.58,77.17,4.26747933333333,482.71,910.29,252.91,175.34,182.09,72.03,3.79273533333333,480.93,758.71,499.28,570.07
2026-01-16 21:57:59,XPQ-01 Main,2026-01-16 21:57:00,947.88,76.98,4.17566166666667,481.19,925.35,254.89,158.97,198.96,78.12,4.53670533333333,481.25,970.32,272.22,167.38,214.32,78.81,4.10081266666667,482.2,947.98,263.03,176.8,194.5,74.0,3.89273533333333,480.12,790.13,503.15,607.78
2026-01-16 21:58:59,XPQ-01 Main,2026-01-16 21:58:00,975.79,79.36,4.15232833333333,480.89,957.36,263.55,156.85,211.45,80.32,4.73670533333333,480.75,995.22,278.9,163.57,225.1,80.9,4.10081266666667,481.87,974.78,270.41,172.66,207.55,76.88,3.62606866666667,480.06,812.87,493.08,644.11
2026-01-16 21:59:59,XPQ-01 Main,2026-01-16 21:59:00,956.56,79.02,4.27566166666667,481.5,940.92,259.36,156.29,206.66,79.76,5.003372,481.37,971.34,272.56,161.24,219.42,80.58,4.234146,482.47,957.42,265.91,170.34,203.81,76.73,3.59273533333333,480.64,797.83,487.88,629.89
2026-01-16 22:00:59,XPQ-01 Main,2026-01-16 22:00:00,949.91,78.8,4.508995,481.59,932.58,257.1,153.86,205.7,80.08,5.27003866666667,481.46,972.12,272.84,162.64,218.71,80.25,4.30081266666667,482.58,945.03,262.52,170.22,199.61,76.09,3.959402,480.72,792.46,486.72,624.02
2026-01-16 22:01:59,XPQ-01 Main,2026-01-16 22:01:00,959.56,77.09,4.308995,481.98,938.5,259.05,161.02,202.63,78.29,5.13670533333333,482.12,981.96,275.86,169.76,217.18,78.79,4.06747933333333,482.78,958.21,266.26,178.36,197.41,74.2,3.72606866666667,481.06,801.17,509.15,617.21
2026-01-16 22:02:59,XPQ-01 Main,2026-01-16 22:02:00,957.55,77.84,4.36566166666667,481.99,936.48,258.38,157.59,204.47,79.2,4.97003866666667,481.87,982.61,276.03,167.39,218.97,79.45,4.16747933333333,483.02,953.55,265.11,175.56,198.21,74.86,3.959402,481.09,799.52,500.54,621.65
2026-01-16 22:03:59,XPQ-01 Main,2026-01-16 22:03:00,950.65,79.18,4.208995,481.76,932.55,257.21,153.89,205.89,80.1,4.803372,481.62,968.72,271.95,160.1,219.51,80.79,4.234146,482.69,950.67,264.19,169.45,202.27,76.66,3.59273533333333,480.97,793.35,483.43,627.67
2026-01-16 22:04:59,XPQ-01 Main,2026-01-16 22:04:00,970.65,77.86,4.288995,481.38,949.18,261.64,160.1,206.73,79.06,4.73670533333333,481.46,994.24,278.96,168.98,221.62,79.52,4.234146,482.23,968.53,268.83,177.7,201.49,75.0,3.89273533333333,480.45,809.43,506.78,629.85
2026-01-16 22:05:59,XPQ-01 Main,2026-01-16 22:05:00,957.04,78.32,4.26566166666667,481.68,939.32,259.12,157.9,205.11,79.24,4.903372,481.71,975.13,273.7,164.42,218.43,79.89,4.00081266666667,482.46,956.66,265.72,173.01,201.17,75.82,3.89273533333333,480.87,798.55,495.34,624.71
2026-01-16 22:06:59,XPQ-01 Main,2026-01-16 22:06:00,946.36,78.53,4.22232833333333,481.77,927.14,255.76,153.87,204.18,79.86,4.73670533333333,481.64,970.53,272.42,163.29,217.72,80.0,4.134146,482.65,941.42,261.62,170.65,197.89,75.73,3.79273533333333,481.02,789.8,487.81,619.79
2026-01-16 22:07:59,XPQ-01 Main,2026-01-16 22:07:00,921.5,78.19,4.47566166666667,481.82,904.64,249.65,150.22,199.07,79.82,5.003372,481.98,946.9,265.91,161.31,211.23,79.48,4.534146,482.58,912.97,253.59,166.81,190.75,75.28,3.89273533333333,480.92,769.15,478.34,601.06
2026-01-16 22:08:59,XPQ-01 Main,2026-01-16 22:08:00,933.91,78.39,4.21232833333333,481.66,919.22,253.55,153.76,200.99,79.42,4.63670533333333,481.74,952.25,267.31,160.8,212.69,79.77,4.10081266666667,482.47,930.26,258.35,167.79,196.05,75.97,3.89273533333333,480.77,779.21,482.34,609.73
2026-01-16 22:09:59,XPQ-01 Main,2026-01-16 22:09:00,961.16,78.99,4.188995,482.1,946.07,261.09,157.11,208.26,79.83,4.67003866666667,482.23,977.52,274.8,162.97,220.7,80.44,4.034146,483.12,959.89,266.8,171.14,204.56,76.7,3.859402,480.96,802.69,491.23,633.53
2026-01-16 22:10:59,XPQ-01 Main,2026-01-16 22:10:00,944.82,79.42,4.26566166666667,482.03,929.57,256.46,151.99,206.44,80.53,4.57003866666667,481.8,964.28,270.87,159.54,218.45,80.76,4.36747933333333,483.1,940.61,261.59,166.71,201.11,76.99,3.859402,481.19,788.92,478.24,626.01
2026-01-16 22:11:59,XPQ-01 Main,2026-01-16 22:11:00,951.35,78.37,4.15566166666667,481.82,935.52,257.93,157.11,204.63,79.33,4.67003866666667,481.6,969.24,272.21,163.86,217.18,79.83,4.16747933333333,483.0,949.27,263.88,171.63,200.29,75.93,3.62606866666667,480.84,794.02,492.6,622.1
2026-01-16 22:12:59,XPQ-01 Main,2026-01-16 22:12:00,934.86,78.24,4.298995,482.47,922.03,254.78,154.71,202.33,79.44,4.87003866666667,482.56,953.42,268.07,162.71,212.99,79.47,4.134146,483.25,929.15,258.47,168.41,195.86,75.82,3.89273533333333,481.62,781.32,485.83,611.19
2026-01-16 22:13:59,XPQ-01 Main,2026-01-16 22:13:00,914.88,78.58,4.26566166666667,481.81,897.93,247.73,149.36,197.34,79.74,4.77003866666667,481.91,934.62,262.49,157.12,210.03,80.07,4.06747933333333,482.66,912.1,253.37,164.75,192.29,75.94,3.959402,480.86,763.59,471.23,599.65
2026-01-16 22:14:59,XPQ-01 Main,2026-01-16 22:14:00,924.8,78.33,4.288995,482.44,909.11,251.15,153.71,198.37,79.05,4.903372,482.49,939.32,264.11,158.61,210.71,79.89,4.40081266666667,483.28,925.96,257.59,167.0,195.52,76.04,3.559402,481.56,772.85,479.32,604.59
2026-01-16 22:15:59,XPQ-01 Main,2026-01-16 22:15:00,957.35,78.32,4.22232833333333,482.24,940.37,259.63,157.6,206.34,79.48,4.63670533333333,482.09,978.35,274.91,165.77,219.08,79.74,4.30081266666667,483.18,953.33,265.2,173.09,200.7,75.73,3.72606866666667,481.44,799.74,496.46,626.12
2026-01-16 22:16:59,XPQ-01 Main,2026-01-16 22:16:00,946.45,78.32,4.32232833333333,481.86,929.62,256.52,155.13,203.98,79.6,5.003372,481.95,967.98,271.85,164.11,216.63,79.71,3.96747933333333,482.67,941.76,261.64,170.98,197.8,75.65,3.9927353333333295,480.96,790.02,490.22,618.42
2026-01-16 22:17:59,XPQ-01 Main,2026-01-16 22:17:00,911.37,78.82,4.08566166666667,482.35,897.13,247.62,151.03,196.1,79.23,4.703372,482.14,921.38,259.05,153.66,208.27,80.47,4.10081266666667,483.52,915.6,254.79,163.15,195.45,76.77,3.459402,481.39,761.47,467.85,599.82
2026-01-16 22:18:59,XPQ-01 Main,2026-01-16 22:18:00,941.42,79.36,4.185661666666671,482.37,926.01,255.71,152.25,205.26,80.32,4.803372,482.36,958.23,269.43,158.72,217.64,80.8,4.10081266666667,483.34,940.02,261.5,166.9,201.14,76.96,3.659402,481.41,786.64,477.88,624.04
2026-01-16 22:19:59,XPQ-01 Main,2026-01-16 22:19:00,969.43,78.65,4.26566166666667,481.8,951.29,262.41,157.72,209.69,79.92,4.803372,481.64,992.45,278.61,166.96,222.96,80.04,4.20081266666667,482.74,964.54,268.08,174.18,203.58,75.98,3.79273533333333,481.02,809.1,498.86,636.22
2026-01-16 22:20:59,XPQ-01 Main,2026-01-16 22:20:00,912.26,79.05,4.23232833333333,482.32,901.13,248.77,150.68,197.88,79.56,4.63670533333333,482.09,921.98,259.14,153.66,208.45,80.49,4.16747933333333,483.38,913.67,254.25,161.77,195.9,77.11,3.89273533333333,481.5,762.17,466.11,602.24
2026-01-16 22:21:59,XPQ-01 Main,2026-01-16 22:21:00,993.6,79.05,4.54232833333333,482.15,976.32,269.45,160.7,216.21,80.26,5.07003866666667,482.13,1015.91,285.53,169.57,229.58,80.44,4.30081266666667,483.18,988.56,274.89,177.14,210.18,76.47,4.259402,481.13,829.87,507.4,655.98
2026-01-16 22:22:59,XPQ-01 Main,2026-01-16 22:22:00,993.06,78.93,4.298995,481.88,977.32,269.71,161.19,216.01,80.14,4.77003866666667,481.97,1014.56,284.92,169.98,228.4,80.22,4.20081266666667,482.68,987.3,274.32,176.86,209.59,76.43,3.92606866666667,481.0,828.95,508.03,654.01
2026-01-16 22:23:59,XPQ-01 Main,2026-01-16 22:23:00,952.91,79.94,4.57566166666667,482.18,940.5,259.6,152.41,210.0,80.93,5.23670533333333,482.08,969.92,272.57,158.96,220.95,81.18,4.56747933333333,483.18,948.3,263.74,165.84,204.88,77.73,3.92606866666667,481.28,795.91,477.21,635.83
2026-01-16 22:24:59,XPQ-01 Main,2026-01-16 22:24:00,927.4,79.39,4.04232833333333,482.48,916.66,253.15,152.56,201.96,79.79,4.703372,482.25,935.71,263.08,154.73,212.36,80.82,3.9008126666666705,483.52,929.82,258.83,163.24,200.46,77.54,3.52606866666667,481.66,775.06,470.53,614.77
2026-01-16 22:25:59,XPQ-01 Main,2026-01-16 22:25:00,957.14,79.18,4.25232833333333,482.35,940.94,259.74,155.48,207.97,80.09,4.803372,482.14,975.45,274.23,161.85,220.67,80.64,4.06747933333333,483.49,955.01,265.77,170.1,203.97,76.8,3.89273533333333,481.42,799.74,487.43,632.61
2026-01-16 22:26:59,XPQ-01 Main,2026-01-16 22:26:00,831.16,80.82,4.24566166666667,480.9,814.8,224.41,128.94,183.44,81.81,4.803372,481.01,848.54,237.83,134.88,195.72,82.34,4.20081266666667,481.69,830.13,230.16,143.06,180.2,78.32,3.7260686666666705,479.99,692.39,406.88,559.36
2026-01-16 22:27:59,XPQ-01 Main,2026-01-16 22:27:00,802.57,80.95,4.07566166666667,481.41,788.64,217.38,125.07,177.41,81.73,4.503372,481.57,815.97,229.02,129.39,188.56,82.45,3.96747933333333,482.3,803.12,222.88,137.45,175.14,78.67,3.759402,480.36,669.28,391.92,541.1
2026-01-16 22:28:59,XPQ-01 Main,2026-01-16 22:28:00,887.5,77.94,4.378995,480.08,871.71,239.68,147.15,188.74,78.86,4.87003866666667,480.19,904.02,252.93,153.19,200.87,79.51,4.26747933333333,480.86,886.76,245.45,160.99,185.01,75.44,3.9927353333333295,479.2,738.06,461.33,574.62
2026-01-16 22:29:59,XPQ-01 Main,2026-01-16 22:29:00,914.95,77.14,4.198995,480.01,897.75,246.73,152.96,192.93,78.36,4.93670533333333,480.15,935.66,261.84,161.23,205.7,78.71,4.034146,480.93,911.45,252.22,168.54,187.45,74.36,3.62606866666667,478.95,760.79,482.72,586.09
2026-01-16 22:30:59,XPQ-01 Main,2026-01-16 22:30:00,915.54,77.16,3.9556616666666704,479.97,897.25,246.66,152.68,193.13,78.45,4.43670533333333,480.19,937.09,262.16,161.47,206.23,78.74,3.834146,480.71,912.29,252.41,168.75,187.35,74.3,3.59273533333333,479.03,761.23,482.89,586.72
2026-01-16 22:31:59,XPQ-01 Main,2026-01-16 22:31:00,973.16,79.29,3.96566166666667,479.67,953.96,262.08,155.74,210.32,80.36,4.703372,479.9,994.51,278.06,163.48,224.35,80.82,3.834146,480.41,971.01,268.47,172.16,205.66,76.68,3.359402,478.69,808.61,491.38,640.33
2026-01-16 22:32:59,XPQ-01 Main,2026-01-16 22:32:00,944.07,79.27,3.808995,480.02,926.33,254.7,151.91,204.22,80.24,4.43670533333333,479.92,962.89,269.21,158.45,217.12,80.78,3.56747933333333,480.74,943.0,261.11,166.95,200.09,76.78,3.42606866666667,479.42,785.02,477.31,621.43
2026-01-16 22:33:59,XPQ-01 Main,2026-01-16 22:33:00,941.3,79.19,3.97566166666667,479.57,925.87,254.34,152.12,203.58,80.11,4.53670533333333,479.68,958.01,267.7,158.23,215.73,80.64,3.834146,480.26,940.02,259.92,166.26,199.45,76.81,3.559402,478.77,781.97,476.61,618.76
2026-01-16 22:34:59,XPQ-01 Main,2026-01-16 22:34:00,953.39,80.04,3.72232833333333,480.02,936.11,257.33,150.62,208.59,81.07,4.53670533333333,479.83,973.39,272.15,157.68,221.43,81.46,3.634146,480.83,950.67,263.28,165.93,203.98,77.57,2.99273533333333,479.4,792.76,474.23,634.0
2026-01-16 22:35:59,XPQ-01 Main,2026-01-16 22:35:00,963.5,79.95,3.8756616666666703,479.59,945.15,259.68,151.25,210.84,81.25,4.37003866666667,479.69,987.1,275.82,160.44,224.0,81.3,4.00081266666667,480.24,958.25,264.97,167.83,204.48,77.3,3.259402,478.83,800.46,479.52,639.32
2026-01-16 22:36:59,XPQ-01 Main,2026-01-16 22:36:00,973.56,81.5,3.8756616666666703,480.25,958.62,263.66,149.82,216.77,82.26,4.47003866666667,480.23,989.4,276.84,154.81,229.01,82.85,3.7674793333333296,481.05,972.66,269.41,163.59,213.6,79.39,3.39273533333333,479.48,809.91,468.22,659.39
2026-01-16 22:37:59,XPQ-01 Main,2026-01-16 22:37:00,980.35,80.88,3.7123283333333297,479.96,966.75,265.77,152.39,217.48,81.9,4.17003866666667,480.01,998.27,279.17,159.35,229.04,82.09,3.66747933333333,480.71,976.01,270.13,166.65,212.17,78.64,3.29273533333333,479.18,815.07,478.39,658.69
2026-01-16 22:38:59,XPQ-01 Main,2026-01-16 22:38:00,985.93,80.57,3.808995,479.86,972.23,267.02,154.11,217.63,81.61,4.47003866666667,479.58,1005.57,281.15,161.36,229.56,81.81,3.56747933333333,480.94,980.0,271.36,168.74,212.28,78.28,3.39273533333333,479.05,819.53,484.21,659.47
2026-01-16 22:39:59,XPQ-01 Main,2026-01-16 22:39:00,943.27,79.9,3.62232833333333,480.57,928.06,255.22,150.04,206.25,80.87,4.03670533333333,480.46,961.46,269.37,156.5,218.51,81.3,3.534146,481.75,940.28,260.64,164.48,201.96,77.54,3.29273533333333,479.48,785.23,471.02,626.72
2026-01-16 22:40:59,XPQ-01 Main,2026-01-16 22:40:00,935.0,79.32,3.7656616666666705,480.69,918.38,252.89,149.87,203.45,80.51,4.503372,480.74,956.0,267.72,157.97,215.72,80.68,3.534146,481.39,930.63,257.95,165.1,197.81,76.77,3.259402,479.94,778.56,472.94,616.97
2026-01-16 22:41:59,XPQ-01 Main,2026-01-16 22:41:00,927.82,79.53,3.8656616666666705,480.72,912.77,251.23,148.62,202.51,80.62,4.303372,480.5,947.04,265.21,155.89,213.99,80.83,3.7674793333333296,481.65,923.65,256.17,162.74,197.22,77.13,3.52606866666667,480.0,772.62,467.26,613.72
2026-01-16 22:42:59,XPQ-01 Main,2026-01-16 22:42:00,955.46,80.84,3.64566166666667,480.31,941.72,258.82,149.12,211.29,81.7,4.17003866666667,480.21,971.64,272.1,154.81,223.15,82.16,3.60081266666667,481.52,953.02,264.03,162.79,207.4,78.66,3.159402,479.19,794.95,466.72,641.84
2026-01-16 22:43:59,XPQ-01 Main,2026-01-16 22:43:00,915.93,79.26,3.96566166666667,480.95,900.1,247.78,147.59,198.78,80.29,4.63670533333333,480.72,935.13,262.08,154.48,210.97,80.68,3.7674793333333296,482.03,912.55,253.23,161.9,194.26,76.82,3.49273533333333,480.09,763.09,463.97,604.01
2026-01-16 22:44:59,XPQ-01 Main,2026-01-16 22:44:00,925.64,80.1,3.7323283333333297,480.74,910.93,250.76,146.69,203.19,81.08,4.203372,480.76,942.92,264.17,153.26,214.96,81.42,3.60081266666667,481.62,923.06,255.9,160.61,198.83,77.79,3.39273533333333,479.85,770.84,460.56,616.98
2026-01-16 22:45:59,XPQ-01 Main,2026-01-16 22:45:00,796.75,75.85,3.9523283333333294,480.78,783.41,215.72,137.99,165.52,76.81,4.63670533333333,480.84,810.79,227.15,143.65,175.68,77.41,3.96747933333333,481.56,796.05,220.67,149.81,161.51,73.32,3.259402,479.93,663.55,431.45,502.71
2026-01-16 22:46:59,XPQ-01 Main,2026-01-16 22:46:00,800.44,75.74,3.93232833333333,481.48,785.1,216.54,138.13,166.4,76.94,4.503372,481.67,818.32,229.62,145.29,176.92,77.28,3.96747933333333,482.2,797.89,221.46,151.01,161.31,73.0,3.32606866666667,480.57,667.61,434.42,504.63
2026-01-16 22:47:59,XPQ-01 Main,2026-01-16 22:47:00,796.1,76.54,3.978995,480.9,781.05,215.11,136.12,166.48,77.42,4.57003866666667,480.92,810.4,227.1,141.4,177.57,78.23,3.96747933333333,481.72,796.86,220.98,148.55,163.29,73.97,3.39273533333333,480.07,663.19,426.07,507.34
2026-01-16 22:48:59,XPQ-01 Main,2026-01-16 22:48:00,819.67,76.1,4.098995,480.88,804.57,221.66,139.85,171.75,77.55,4.63670533333333,481.05,839.96,235.34,148.57,182.37,77.53,3.9008126666666705,481.52,814.48,225.79,153.62,165.17,73.23,3.759402,480.06,682.8,442.04,519.3
2026-01-16 22:49:59,XPQ-01 Main,2026-01-16 22:49:00,845.72,76.05,3.82232833333333,480.75,831.12,228.75,145.4,176.5,77.18,4.37003866666667,480.65,863.0,241.77,152.34,187.44,77.6,3.66747933333333,481.74,843.03,233.77,158.73,171.44,73.38,3.42606866666667,479.86,704.3,456.47,535.38
2026-01-16 22:50:59,XPQ-01 Main,2026-01-16 22:50:00,855.69,77.11,4.008995,480.67,838.47,230.78,142.75,181.16,78.54,4.73670533333333,480.81,878.17,246.05,151.9,193.24,78.62,3.934146,481.56,850.45,235.68,158.05,174.77,74.17,3.359402,479.64,712.51,452.71,549.17
2026-01-16 22:51:59,XPQ-01 Main,2026-01-16 22:51:00,881.64,78.36,3.698995,480.8,866.02,238.44,143.75,190.14,79.77,4.33670533333333,480.89,903.9,253.3,152.77,201.49,79.69,3.60081266666667,481.69,874.99,242.57,158.59,183.29,75.62,3.159402,479.82,734.31,455.11,574.92
2026-01-16 22:52:59,XPQ-01 Main,2026-01-16 22:52:00,889.73,78.06,3.9123283333333294,480.75,873.58,240.47,146.14,190.96,79.41,4.53670533333333,480.57,911.68,255.33,154.91,202.58,79.44,3.7008126666666703,481.68,883.93,245.16,161.1,184.49,75.32,3.49273533333333,479.99,740.96,462.15,578.03
2026-01-16 22:53:59,XPQ-01 Main,2026-01-16 22:53:00,896.58,79.14,4.05566166666667,479.28,881.01,241.64,146.04,192.39,79.65,4.703372,479.13,908.21,253.74,149.22,205.01,80.85,3.8674793333333297,480.46,900.51,248.96,159.04,191.49,76.93,3.59273533333333,478.24,744.35,454.3,588.9
2026-01-16 22:54:59,XPQ-01 Main,2026-01-16 22:54:00,916.54,79.13,3.7223283333333295,480.28,900.33,247.61,146.63,199.5,80.58,4.303372,480.26,940.41,263.18,156.36,211.51,80.41,3.60081266666667,481.17,908.87,251.75,162.49,192.3,76.39,3.259402,479.39,762.54,465.49,603.32
2026-01-16 22:55:59,XPQ-01 Main,2026-01-16 22:55:00,897.99,78.99,3.84232833333333,480.36,886.05,243.84,146.84,194.19,79.76,4.503372,480.39,911.07,254.94,151.41,204.56,80.38,3.634146,481.04,896.86,248.43,158.77,190.65,76.84,3.39273533333333,479.65,747.21,457.02,589.4
2026-01-16 22:56:59,XPQ-01 Main,2026-01-16 22:56:00,944.31,79.73,3.96566166666667,480.26,929.06,255.57,149.52,207.24,81.1,4.503372,480.19,967.02,270.51,158.92,218.98,80.95,3.90081266666667,481.02,936.85,259.52,165.12,200.18,77.14,3.49273533333333,479.57,785.61,473.55,626.41
2026-01-16 22:57:59,XPQ-01 Main,2026-01-16 22:57:00,967.56,80.65,3.988995,479.8,952.86,261.9,149.35,215.02,82.13,4.603372,480.03,992.68,277.56,159.87,226.73,81.73,4.00081266666667,480.5,957.14,264.73,165.29,206.68,78.1,3.359402,478.88,804.19,474.51,648.43
2026-01-16 22:58:59,XPQ-01 Main,2026-01-16 22:58:00,936.91,80.28,4.308995,479.22,922.52,253.16,146.99,205.96,81.4,5.103372,479.22,956.43,267.08,154.38,217.44,81.54,4.10081266666667,480.09,931.76,257.51,161.25,200.42,77.91,3.7260686666666705,478.35,777.76,462.62,623.82
2026-01-16 22:59:59,XPQ-01 Main,2026-01-16 22:59:00,938.8,79.81,3.93232833333333,479.13,924.76,253.74,148.63,205.52,81.03,4.37003866666667,479.02,958.98,267.67,156.72,216.58,81.01,3.8674793333333297,479.99,932.65,257.76,163.01,199.24,77.4,3.559402,478.38,779.17,468.36,621.34
2026-01-16 23:00:59,XPQ-01 Main,2026-01-16 23:00:00,801.02,81.0,3.618995,480.86,781.52,215.19,124.16,175.64,81.66,4.13670533333333,480.75,815.98,228.61,127.79,189.31,82.88,3.60081266666667,481.76,805.55,223.43,138.32,175.11,78.47,3.12606866666667,480.06,667.23,390.28,540.06
2026-01-16 23:01:59,XPQ-01 Main,2026-01-16 23:01:00,841.74,80.68,3.918995,480.52,830.7,228.64,130.12,187.75,82.19,4.43670533333333,480.56,862.57,241.49,139.32,197.11,81.66,4.034146,481.31,831.94,230.53,143.61,180.18,78.2,3.29273533333333,479.7,700.66,413.06,565.03
2026-01-16 23:02:59,XPQ-01 Main,2026-01-16 23:02:00,803.88,79.81,4.07566166666667,480.04,790.66,217.3,128.1,175.25,80.73,4.73670533333333,480.02,818.65,229.05,133.32,185.81,81.25,4.06747933333333,481.06,802.34,222.12,140.39,171.84,77.44,3.42606866666667,479.06,668.47,401.81,532.9
2026-01-16 23:03:59,XPQ-01 Main,2026-01-16 23:03:00,719.6,86.4,3.998995,482.14,705.67,194.77,95.32,169.72,87.19,4.63670533333333,482.02,733.94,206.23,98.91,180.73,87.72,3.934146,483.17,719.19,200.0,107.55,168.49,84.29,3.42606866666667,481.22,601.0,301.79,518.94
2026-01-16 23:04:59,XPQ-01 Main,2026-01-16 23:04:00,734.66,86.29,3.9556616666666704,482.52,718.4,198.51,97.57,172.79,87.08,4.403372,482.37,750.25,210.89,101.16,184.82,87.72,4.034146,483.4,735.33,204.68,110.71,171.94,84.08,3.42606866666667,481.8,614.08,309.44,529.55
2026-01-16 23:05:59,XPQ-01 Main,2026-01-16 23:05:00,738.1,85.79,3.9556616666666704,482.45,725.95,200.53,98.84,174.3,86.99,4.603372,482.3,756.39,212.62,105.21,184.37,86.85,3.7674793333333296,483.43,731.96,203.71,111.9,170.01,83.53,3.49273533333333,481.62,616.86,315.94,528.68
2026-01-16 23:06:59,XPQ-01 Main,2026-01-16 23:06:00,745.18,86.53,4.188995,482.25,726.89,200.77,97.31,175.39,87.44,4.77003866666667,482.34,763.34,214.52,101.83,188.51,87.98,3.96747933333333,483.05,745.3,207.23,111.81,174.19,84.16,3.8260686666666706,481.35,622.52,310.95,538.09
2026-01-16 23:07:59,XPQ-01 Main,2026-01-16 23:07:00,792.54,86.45,3.988995,481.75,775.77,214.03,103.59,187.18,87.49,4.703372,481.6,812.39,227.98,109.36,199.86,87.72,3.8674793333333297,482.6,789.45,219.39,118.53,184.44,84.12,3.39273533333333,481.03,661.39,331.49,571.48
2026-01-16 23:08:59,XPQ-01 Main,2026-01-16 23:08:00,791.58,86.73,4.05566166666667,481.51,780.92,215.31,102.33,189.24,87.96,4.57003866666667,481.3,810.96,227.47,109.65,198.84,87.57,3.96747933333333,482.45,782.85,217.48,115.62,183.84,84.65,3.62606866666667,480.8,660.26,327.61,571.93
2026-01-16 23:09:59,XPQ-01 Main,2026-01-16 23:09:00,842.16,81.63,4.08566166666667,479.86,833.92,229.1,127.47,190.15,83.06,4.67003866666667,479.69,861.3,240.81,136.12,198.33,82.45,3.934146,480.87,831.27,230.13,139.92,182.52,79.36,3.659402,479.04,700.04,403.51,570.99
2026-01-16 23:10:59,XPQ-01 Main,2026-01-16 23:10:00,926.65,82.91,3.73232833333333,479.26,913.35,250.69,136.35,210.2,83.9,4.17003866666667,479.06,944.22,263.57,142.44,221.42,84.1,3.60081266666667,480.1,922.39,255.04,150.29,205.69,80.74,3.42606866666667,478.61,769.29,429.08,637.32
2026-01-16 23:11:59,XPQ-01 Main,2026-01-16 23:11:00,943.41,79.2,4.06566166666667,479.03,928.65,254.77,151.91,204.34,80.25,4.803372,478.81,961.7,268.3,158.79,215.87,80.55,3.834146,479.89,939.86,259.77,166.23,199.2,76.78,3.559402,478.41,782.84,476.93,619.42
2026-01-16 23:12:59,XPQ-01 Main,2026-01-16 23:12:00,921.18,86.22,3.9556616666666704,480.45,907.16,249.67,123.75,216.61,86.83,4.67003866666667,480.51,934.5,261.57,126.6,228.63,87.48,3.734146,481.15,921.89,255.4,137.01,215.24,84.36,3.459402,479.68,766.64,387.37,660.49
2026-01-16 23:13:59,XPQ-01 Main,2026-01-16 23:13:00,1028.72,86.94,3.97566166666667,479.74,1015.3,278.84,134.41,244.04,87.59,4.53670533333333,479.62,1044.06,291.87,138.27,256.68,88.04,4.00081266666667,480.75,1026.79,284.15,148.75,242.01,85.19,3.39273533333333,478.85,854.87,421.43,742.73
2026-01-16 23:14:59,XPQ-01 Main,2026-01-16 23:14:00,1063.13,86.09,3.9423283333333297,479.45,1049.88,288.21,142.6,250.15,86.88,4.37003866666667,479.32,1080.36,301.77,147.95,262.82,87.14,3.934146,480.38,1059.17,292.96,157.7,246.78,84.27,3.52606866666667,478.65,882.95,448.25,759.76
2026-01-16 23:15:59,XPQ-01 Main,2026-01-16 23:15:00,1145.49,83.77,4.26566166666667,477.67,1126.28,308.03,162.82,261.23,84.87,5.03670533333333,477.55,1170.7,325.82,171.7,276.62,84.96,4.00081266666667,478.63,1139.49,313.99,181.96,255.65,81.47,3.759402,476.83,947.84,516.48,793.51
2026-01-16 23:16:59,XPQ-01 Main,2026-01-16 23:16:00,1138.12,84.84,3.9556616666666704,478.22,1123.96,307.6,159.99,262.63,85.4,4.503372,477.92,1152.54,321.15,163.64,276.07,86.02,4.10081266666667,479.39,1137.86,314.03,174.64,260.75,83.09,3.259402,477.34,942.77,498.27,799.45
2026-01-16 23:17:59,XPQ-01 Main,2026-01-16 23:17:00,1137.83,83.45,3.888995,478.15,1120.57,306.74,164.31,258.89,84.43,4.503372,478.03,1160.05,323.22,172.01,273.43,84.64,3.90081266666667,479.17,1132.87,312.48,182.06,253.89,81.27,3.259402,477.24,942.43,518.37,786.22
2026-01-16 23:18:59,XPQ-01 Main,2026-01-16 23:18:00,1172.0,84.4,3.8656616666666705,477.84,1156.24,316.44,163.44,270.82,85.62,4.503372,477.78,1198.63,333.63,173.83,284.65,85.35,3.7674793333333296,478.63,1161.12,320.03,181.94,263.01,82.24,3.32606866666667,477.09,970.1,519.21,818.49
2026-01-16 23:19:59,XPQ-01 Main,2026-01-16 23:19:00,1140.06,85.07,4.03232833333333,478.46,1124.26,307.98,156.65,265.0,86.08,4.67003866666667,478.29,1163.28,324.24,164.66,279.01,86.12,3.96747933333333,479.41,1132.65,312.66,174.26,259.49,83.02,3.459402,477.67,944.89,495.57,803.5
2026-01-16 23:20:59,XPQ-01 Main,2026-01-16 23:20:00,1110.81,85.29,4.098995,478.97,1100.36,301.63,154.99,258.64,85.78,4.73670533333333,478.68,1122.39,313.23,157.79,270.11,86.35,4.06747933333333,480.15,1109.67,306.73,167.47,256.72,83.76,3.49273533333333,478.09,921.59,480.25,785.48
2026-01-16 23:21:59,XPQ-01 Main,2026-01-16 23:21:00,1132.07,84.77,3.7323283333333297,478.51,1119.57,306.62,157.88,262.72,85.71,4.203372,478.19,1152.44,321.27,165.21,275.15,85.73,3.80081266666667,479.66,1124.19,310.47,173.69,257.13,82.87,3.19273533333333,477.7,938.36,496.78,795.01
2026-01-16 23:22:59,XPQ-01 Main,2026-01-16 23:22:00,1160.11,84.12,3.8756616666666703,478.27,1143.44,313.15,163.18,267.09,85.33,4.503372,478.23,1186.66,330.67,173.42,281.49,85.14,3.834146,479.18,1150.24,317.32,182.05,259.79,81.89,3.29273533333333,477.41,961.14,518.64,808.37
2026-01-16 23:23:59,XPQ-01 Main,2026-01-16 23:23:00,1079.34,84.67,4.05566166666667,478.88,1063.07,291.54,151.34,248.97,85.45,4.503372,478.73,1097.58,306.14,156.71,262.76,85.89,4.06747933333333,479.72,1077.37,297.65,167.34,245.79,82.66,3.59273533333333,478.19,895.34,475.39,757.52
2026-01-16 23:24:59,XPQ-01 Main,2026-01-16 23:24:00,1021.94,82.9,3.8556616666666703,479.33,1008.12,276.62,151.81,230.87,83.56,4.37003866666667,479.32,1036.34,289.54,155.95,243.33,84.19,3.90081266666667,480.38,1021.37,282.36,165.68,228.45,80.95,3.29273533333333,478.29,848.52,473.43,702.65
2026-01-16 23:25:59,XPQ-01 Main,2026-01-16 23:25:00,1088.44,85.19,3.978995,479.66,1079.9,296.54,152.57,253.92,85.72,4.43670533333333,479.57,1099.38,307.27,155.7,264.47,86.17,3.834146,480.67,1086.03,300.5,164.43,251.27,83.68,3.659402,478.73,904.32,472.7,769.66
2026-01-16 23:26:59,XPQ-01 Main,2026-01-16 23:26:00,1070.13,83.08,3.84232833333333,479.31,1054.44,289.37,155.82,243.61,84.24,4.37003866666667,479.33,1093.77,305.53,164.63,256.96,84.2,3.7674793333333296,480.27,1062.17,293.61,172.99,237.27,80.81,3.39273533333333,478.33,888.51,493.44,737.85
2026-01-16 23:27:59,XPQ-01 Main,2026-01-16 23:27:00,1008.75,84.96,3.798995,480.39,998.58,274.7,141.82,235.14,85.63,4.403372,480.13,1022.72,286.13,145.92,245.56,85.97,3.734146,481.3,1004.95,278.57,154.09,231.7,83.27,3.259402,479.73,839.4,441.83,712.4
2026-01-16 23:28:59,XPQ-01 Main,2026-01-16 23:28:00,974.16,83.6,3.93232833333333,480.41,960.1,264.23,140.72,223.66,84.65,4.63670533333333,480.32,993.84,278.05,147.74,235.53,84.71,3.80081266666667,481.13,968.55,268.39,155.65,218.54,81.45,3.359402,479.78,810.68,444.12,677.74
2026-01-16 23:29:59,XPQ-01 Main,2026-01-16 23:29:00,826.43,82.76,4.208995,481.43,814.82,224.71,124.3,187.0,83.28,4.83670533333333,481.54,836.42,234.63,126.67,197.29,84.15,4.20081266666667,482.18,828.04,229.85,135.17,185.71,80.85,3.59273533333333,480.57,689.19,386.14,570.01
2026-01-16 23:30:59,XPQ-01 Main,2026-01-16 23:30:00,892.07,80.61,4.25232833333333,480.74,882.4,242.91,140.0,198.24,81.68,4.63670533333333,480.77,908.62,254.56,146.63,207.57,81.68,4.234146,481.69,885.19,245.4,152.09,192.52,78.47,3.89273533333333,479.76,742.87,438.72,598.33
2026-01-16 23:31:59,XPQ-01 Main,2026-01-16 23:31:00,822.58,81.85,3.798995,481.48,810.72,223.48,127.05,183.82,82.26,4.37003866666667,481.43,831.65,233.36,128.87,194.35,83.34,3.7674793333333296,482.49,825.37,229.21,137.67,183.14,79.93,3.259402,480.53,686.05,393.6,561.31
2026-01-16 23:32:59,XPQ-01 Main,2026-01-16 23:32:00,766.79,86.14,4.56566166666667,483.24,752.4,208.27,103.25,180.35,86.78,5.07003866666667,483.52,779.88,219.67,105.96,192.02,87.56,4.434146,484.02,768.09,213.93,115.66,179.7,84.09,4.19273533333333,482.2,641.87,324.86,552.08
2026-01-16 23:33:59,XPQ-01 Main,2026-01-16 23:33:00,851.85,86.3,4.21232833333333,482.12,834.98,230.44,114.71,199.68,86.71,4.803372,482.02,864.26,242.83,115.9,212.8,87.82,3.96747933333333,483.2,856.32,238.15,127.68,200.72,84.38,3.859402,481.16,711.42,358.29,613.2
2026-01-16 23:34:59,XPQ-01 Main,2026-01-16 23:34:00,850.76,85.15,4.36566166666667,482.35,840.0,232.12,119.27,199.12,85.79,4.93670533333333,482.36,862.52,242.33,122.45,209.14,86.3,4.234146,483.08,849.76,236.38,130.51,196.93,83.36,3.92606866666667,481.62,710.84,372.23,605.19
2026-01-16 23:35:59,XPQ-01 Main,2026-01-16 23:35:00,862.27,82.98,4.198995,481.57,847.7,233.82,126.51,196.42,84.07,4.803372,481.66,881.05,247.23,133.07,208.08,84.25,4.06747933333333,482.37,858.07,238.26,140.91,192.0,80.62,3.7260686666666705,480.69,719.31,400.48,596.5
2026-01-16 23:36:59,XPQ-01 Main,2026-01-16 23:36:00,793.2,82.76,3.96566166666667,481.95,782.63,216.01,119.26,180.05,83.37,4.403372,481.93,803.77,225.71,122.07,189.69,84.09,4.00081266666667,482.84,793.21,220.47,129.85,178.14,80.81,3.49273533333333,481.08,662.19,371.18,547.87
2026-01-16 23:37:59,XPQ-01 Main,2026-01-16 23:37:00,742.33,79.39,3.92232833333333,482.29,729.42,201.6,119.58,162.22,80.49,4.47003866666667,482.27,757.72,212.79,125.26,171.93,80.82,3.8674793333333297,482.88,739.86,205.78,131.62,158.02,76.84,3.42606866666667,481.73,620.18,376.45,492.17
2026-01-16 23:38:59,XPQ-01 Main,2026-01-16 23:38:00,742.87,79.45,4.008995,482.95,732.56,202.71,120.18,163.13,80.51,4.703372,483.07,756.79,212.91,125.65,171.87,80.73,3.934146,483.6,739.26,205.84,131.07,158.68,77.1,3.39273533333333,482.17,621.46,376.9,493.69
2026-01-16 23:39:59,XPQ-01 Main,2026-01-16 23:39:00,740.07,79.03,3.988995,482.73,724.54,200.42,120.67,159.86,79.81,4.57003866666667,482.85,753.6,211.9,124.8,171.04,80.78,3.96747933333333,483.36,742.06,206.53,132.89,157.81,76.49,3.42606866666667,481.99,618.85,378.36,488.72
2026-01-16 23:40:59,XPQ-01 Main,2026-01-16 23:40:00,677.06,77.84,4.22232833333333,482.42,661.66,182.85,113.21,143.5,78.51,4.77003866666667,482.42,688.71,193.54,116.29,154.37,79.87,4.034146,483.17,680.81,189.41,124.85,142.22,75.15,3.859402,481.68,565.8,354.36,440.09
2026-01-16 23:41:59,XPQ-01 Main,2026-01-16 23:41:00,714.06,72.65,3.898995,481.94,703.21,194.12,133.22,141.14,72.72,4.37003866666667,481.9,718.59,201.75,134.07,150.51,74.67,3.96747933333333,482.76,720.38,200.23,141.76,141.13,70.55,3.359402,481.16,596.09,409.04,432.77
2026-01-16 23:42:59,XPQ-01 Main,2026-01-16 23:42:00,790.31,72.7,4.108995,481.69,774.95,213.84,145.31,156.49,73.28,4.53670533333333,481.92,801.57,225.02,149.27,167.91,74.74,4.06747933333333,482.44,794.4,220.58,157.14,154.43,70.09,3.7260686666666705,480.72,659.43,451.72,478.82
2026-01-16 23:43:59,XPQ-01 Main,2026-01-16 23:43:00,736.46,79.37,4.708995,483.01,722.65,199.94,120.72,159.0,79.64,5.37003866666667,483.15,744.44,209.52,121.87,169.91,81.26,4.434146,483.79,742.3,206.71,131.23,159.41,77.21,4.32606866666667,482.1,616.18,373.82,488.32
2026-01-16 23:44:59,XPQ-01 Main,2026-01-16 23:44:00,715.32,78.36,4.408995,483.27,701.87,194.29,119.82,152.62,78.66,4.903372,483.36,723.18,203.64,121.1,163.13,80.29,4.40081266666667,484.06,720.91,200.87,130.07,152.74,76.13,3.92606866666667,482.38,598.81,371.0,468.49
2026-01-16 23:45:59,XPQ-01 Main,2026-01-16 23:45:00,721.68,76.37,4.62232833333333,483.45,706.8,195.84,124.25,151.08,77.24,5.103372,483.64,735.09,206.99,128.89,161.79,78.21,4.56747933333333,483.98,723.15,201.54,136.22,148.3,73.65,4.19273533333333,482.72,604.37,389.36,461.16
2026-01-16 23:46:59,XPQ-01 Main,2026-01-16 23:46:00,679.79,76.36,4.47566166666667,484.09,669.33,185.66,120.0,141.42,76.25,5.003372,484.16,682.26,192.38,119.34,150.65,78.38,4.36747933333333,484.74,687.78,191.98,127.97,142.74,74.46,4.059402,483.37,570.01,367.32,434.8
2026-01-16 23:47:59,XPQ-01 Main,2026-01-16 23:47:00,643.14,78.89,4.36566166666667,484.6,632.45,175.57,106.1,139.74,79.65,4.83670533333333,484.52,653.49,184.45,109.37,148.24,80.47,4.36747933333333,485.4,643.46,179.85,115.62,137.56,76.55,3.89273533333333,483.89,539.87,331.09,425.54
2026-01-16 23:48:59,XPQ-01 Main,2026-01-16 23:48:00,621.14,78.93,4.57566166666667,484.29,613.6,170.23,103.11,135.19,79.51,5.07003866666667,484.27,628.07,177.18,105.2,142.2,80.39,4.434146,485.05,621.75,173.64,110.89,133.4,76.9,4.22606866666667,483.55,521.06,319.2,410.79
2026-01-16 23:49:59,XPQ-01 Main,2026-01-16 23:49:00,646.63,80.75,4.708995,484.06,637.09,176.69,102.58,143.04,81.26,5.403372,484.09,654.92,184.65,104.45,151.49,82.33,4.634146,484.73,647.88,180.84,111.47,141.98,78.65,4.09273533333333,483.35,542.19,318.49,436.51
2026-01-16 23:50:59,XPQ-01 Main,2026-01-16 23:50:00,637.57,80.83,4.67566166666667,484.21,626.41,173.78,100.63,141.31,81.46,5.47003866666667,484.33,647.26,182.59,103.04,150.18,82.46,4.434146,484.9,639.03,178.4,110.2,139.98,78.57,4.12606866666667,483.42,534.77,313.86,431.47
2026-01-16 23:51:59,XPQ-01 Main,2026-01-16 23:51:00,694.65,75.82,4.198995,483.49,682.86,189.17,121.49,144.6,76.56,4.73670533333333,483.62,705.47,198.7,125.17,153.85,77.57,4.36747933333333,484.16,695.63,193.91,131.73,142.03,73.32,3.49273533333333,482.7,581.78,378.38,440.48
2026-01-16 23:52:59,XPQ-01 Main,2026-01-16 23:52:00,1072.58,57.93,4.25566166666667,477.24,1059.9,289.89,232.11,171.22,59.36,4.603372,477.48,1092.35,303.63,242.75,179.88,59.54,4.40081266666667,477.7,1065.49,293.17,243.86,160.19,54.9,3.759402,476.55,886.69,718.72,511.29
2026-01-16 23:53:59,XPQ-01 Main,2026-01-16 23:53:00,799.01,71.74,4.12232833333333,482.05,790.88,218.56,149.66,159.0,72.82,4.603372,482.34,810.99,227.7,155.37,166.35,73.08,4.16747933333333,482.48,795.15,220.92,159.15,153.11,69.33,3.59273533333333,481.35,667.18,464.18,478.46
2026-01-16 23:54:59,XPQ-01 Main,2026-01-16 23:54:00,834.6,77.45,4.34232833333333,482.04,823.32,227.33,142.24,177.08,77.96,4.83670533333333,482.13,844.52,237.2,144.99,186.98,79.03,4.234146,482.84,835.95,232.35,152.58,174.95,75.37,3.959402,481.14,696.87,439.8,539.02
2026-01-16 23:55:59,XPQ-01 Main,2026-01-16 23:55:00,892.86,78.34,3.998995,481.53,883.04,243.53,149.54,191.91,78.88,4.47003866666667,481.55,902.76,253.28,152.48,201.48,79.74,4.06747933333333,482.4,892.8,247.92,159.82,189.32,76.41,3.459402,480.64,744.74,461.84,582.71
2026-01-16 23:56:59,XPQ-01 Main,2026-01-16 23:56:00,893.18,77.62,4.23232833333333,481.69,882.52,243.55,150.38,191.15,78.59,4.63670533333333,481.74,908.4,254.88,156.22,200.68,78.91,4.334146,482.41,888.61,246.83,162.2,185.86,75.34,3.72606866666667,480.93,745.26,468.8,577.7
2026-01-16 23:57:59,XPQ-01 Main,2026-01-16 23:57:00,870.7,77.27,4.088995,482.1,859.71,237.42,148.11,185.23,78.1,4.603372,482.19,883.77,248.24,152.9,194.96,78.69,4.00081266666667,482.87,868.62,241.45,159.54,180.98,75.01,3.659402,481.22,727.11,460.55,561.17
2026-01-16 23:58:59,XPQ-01 Main,2026-01-16 23:58:00,883.46,78.23,3.82232833333333,481.92,875.24,241.77,147.68,190.65,79.06,4.403372,482.22,895.11,251.28,152.32,199.28,79.45,3.7674793333333296,482.4,880.04,244.44,158.14,185.96,76.18,3.29273533333333,481.16,737.5,458.14,575.89
2026-01-16 23:59:59,XPQ-01 Main,2026-01-16 23:59:00,922.23,79.17,4.07566166666667,482.06,910.97,251.51,151.4,200.55,79.81,4.37003866666667,482.05,934.59,262.48,155.14,211.0,80.57,4.134146,482.93,921.12,256.09,162.89,197.38,77.13,3.72606866666667,481.21,770.08,469.43,608.93
